chrom	chromStart	chromEnd	strand	gene_name	log2BaseMean	meanLog10FpkmGrp1_kidney	meanLog10FpkmGrp2_liver	meanVstCountGrp1_kidney	meanVstCountGrp2_liver	baseMean	log2FoldChange	lfcSE	stat	pvalue	padj	cRank	cRank_rerank
chr18	3337248	3339248	-	Crem	10.7757380199429	3.03332738711851	3.45511395064585	9.99103948206533	11.3349159875336	1753.15522109378	-1.38866934973681	0.159036819130246	-8.7317475118736	2.5076753770752e-18	1.24462581980548e-17	279	218
chr18	3381487	3383487	+	Cul2	8.87003835303854	2.61894253693104	2.79850945006647	8.74630763862671	9.27212081527023	467.894140990578	-0.602485561361953	0.177093476019226	-3.40207654683193	0.000668759036464917	0.00118199271561241	813	748
chr18	3470129	3472129	+	G430049J08Rik	5.44123431058775	1.68993257046678	1.69308061416599	6.58949810936895	6.6002269074904	43.4484953281582	-0.0486324274379748	0.263282460791717	-0.184715788859357	0.853451961564472	0.871366570329469	1191	1187
chr18	3506456	3508456	+	Bambi	9.99037225675581	3.06317572350025	3.05219155281717	10.0840829984753	10.0486862810472	1017.18914548277	0.0540264305979477	0.150427083459114	0.359153613535504	0.719480175677872	0.754864446612849	1187	1182
chr18	4164331	4166331	+	Lyzl1	4.88110054958225	1.58338635660823	1.45399408632745	6.41917323701235	6.23751905466595	29.4684760638636	0.438490889907609	0.317957486469246	1.37908654008064	0.167868073313672	0.20786922316642	982	939
chr18	4352515	4354515	-	Map3k8	8.01767610107492	2.55793531433982	2.33516972039731	8.57236691610042	7.97686301695148	259.155841168758	0.70470166733726	0.197237511776338	3.57285823062082	0.00035310594852297	0.000644709960065963	739	659
chr18	4374091	4376091	+	Mtpap	7.73553343337607	2.34773355243104	2.41343871236051	8.00291570214074	8.17617613047631	213.121662794257	-0.236240436502682	0.160025824005469	-1.47626445900762	0.139872911267355	0.176620415473628	1058	1031
chr18	4633428	4635428	+	Jcad	8.49086047757773	2.60890497959919	2.60614820347924	8.71601432989184	8.70851500266245	359.75239406989	0.00241314738570895	0.156737960800768	0.0153960621497197	0.987716205004688	0.989343414568122	1214	1214
chr18	4919039	4921039	+	Svil	8.91363670922336	2.5954761043244	2.83822927225068	8.67749008956014	9.3911642315241	482.249759718016	-0.823843480767804	0.157500094164932	-5.23074913152171	1.68824487039144e-07	4.07322571903968e-07	635	550
chr18	5333939	5335939	-	Zfp438	10.3087915542989	3.03139739005221	3.2484756545269	9.98375869135746	10.6700630659019	1268.3977906752	-0.738147730286522	0.14694235224569	-5.02338310912791	5.07691290033816e-07	1.17815383336092e-06	705	621
chr18	5590359	5592359	+	Zeb1	8.64907901365973	2.55344723763387	2.73086903762556	8.56027580670865	9.07165841748623	401.450698574889	-0.605555192189634	0.179498471069865	-3.37359526563286	0.000741933684586319	0.00130186343500283	810	744
chr18	6135598	6137598	-	Arhgap12	10.5984305967813	3.13617194390154	3.32344849007374	10.3126316634738	10.9103762935894	1550.40627197404	-0.646876253573989	0.150262504522	-4.30497452196586	1.67004954755516e-05	3.45959156699671e-05	782	712
chr18	6241674	6243674	-	Kif5b	7.09835865267922	2.16058034754917	2.21759009534425	7.54087750503212	7.67706451330978	137.031014950681	-0.202070796444853	0.180709266412175	-1.11820937828365	0.263477579820914	0.311965664130702	1079	1054
chr18	6331089	6333089	+	Rpl27-ps3	4.65599457327308	1.57957737098525	1.31154035691948	6.40965583692559	6.04948083986839	25.211229520845	0.874095919377507	0.319440623023628	2.73633300331014	0.00621281199406153	0.00987552860755402	765	688
chr18	6515608	6517608	-	Epc1	10.1179781769763	2.973508467395	3.19343993338368	9.80480597460978	10.4941833720403	1111.25806715982	-0.717682258114073	0.144450407831798	-4.96836436038145	6.75200042289358e-07	1.55206663785229e-06	725	646
chr18	6602132	6604132	+	4921524L21Rik	4.42747616389562	1.47447346709958	1.26347076131993	6.26371256860882	6.00340538247504	21.518060806272	0.715167641543345	0.379682931311735	1.88359176187502	0.0596202170446507	0.0804641331035463	901	851
chr18	6763704	6765704	+	Rab18	11.0158573282733	3.08099412016048	3.53751934458713	10.1409951052641	11.6023759825292	2070.63468120719	-1.48049739157786	0.163753684953481	-9.04100199026631	1.55242205673045e-19	8.78021033015921e-19	228	168
chr18	7004280	7006280	-	Mkx	7.45979979192941	2.50175642610875	1.90468936791587	8.41492360634994	6.98668104524579	176.044920628762	1.98072202357671	0.180651824913603	10.9643067515316	5.67336687758382e-28	6.69787778945818e-27	103	62
chr18	7297401	7299401	-	Armc4	5.56863888117968	1.87200242599138	1.53353213904775	6.91827161090017	6.34342080333241	47.4599567657901	1.10529275618457	0.250209641055585	4.4174666952143	9.98644521669596e-06	2.09732597297103e-05	579	494
chr18	7626363	7628363	-	Mpp7	10.5806838909802	3.04712006002325	3.36370042610474	10.0350642868981	11.039436427424	1531.451423361	-1.02230782865895	0.171751650493727	-5.95224456778242	2.64489734922651e-09	7.46216978343257e-09	489	412
chr18	7867331	7869331	+	Wac	9.80174995428356	2.91449664794685	3.06836780606973	9.62363750975346	10.1001807600756	892.525732673407	-0.511887667810939	0.171930149695747	-2.97730019264679	0.00290799123296377	0.00479798824868921	866	810
chr18	8692576	8694576	+	Gm5819	7.4705209729089	2.24923922477124	2.34489928227872	7.75712870812024	7.99630853897424	177.358046279987	-0.30737377963588	0.18340911756093	-1.67589149178349	0.093759448574143	0.122724961750439	1017	981
chr18	9211355	9213355	+	Fzd8	8.93884780564846	2.92476825440167	2.39817617053814	9.65590876002997	8.13620536407406	490.751138925635	1.78121443196128	0.18125510135512	9.8271133813303	8.60498932539112e-23	6.53979188729725e-22	160	112
chr18	9282309	9284309	-	Gjd4	4.45260171310762	1.49242680539354	1.30642064152626	6.28073432972671	6.04021835101191	21.8960952885022	0.610959657251897	0.331542403216026	1.84277984150886	0.0653611612000103	0.0875321277744631	908	858
chr18	9449650	9451650	-	Ccny	10.471354432322	3.07044874300511	3.30445507076295	10.1070101942505	10.8487441217765	1419.68429925307	-0.755555293736244	0.150940471413663	-5.00565081492021	5.56736025319214e-07	1.2821799370988e-06	690	604
chr18	9618978	9620978	-	Cetn1	4.27092435681078	1.40916927950598	1.26009393940503	6.17625384993694	5.99180123801217	19.3052904766437	0.592835533658595	0.385435912870564	1.5380910648502	0.124026350393692	0.159256644222523	947	905
chr18	9706147	9708147	+	Colec12	7.19561658572169	2.41445311274125	1.84536891545351	8.1805511679009	6.8665824790551	146.587328345579	1.93133535840249	0.196220583838134	9.84267460948787	7.37243507977654e-23	5.63828997296118e-22	159	111
chr18	9726170	9728170	-	Gm17430	4.88893682889841	1.59982736270189	1.45507897268936	6.44278323021191	6.2314807911282	29.6289753323507	0.521789387166403	0.298631999293062	1.74726549198214	0.0805912959784961	0.106186492838401	922	875
chr18	9956679	9958679	+	Thoc1	9.52855005874317	2.77541056018555	3.02999872684168	9.20189674312301	9.97939617443954	738.549116366459	-0.84473859525162	0.132666360595409	-6.36739103613317	1.92270547624849e-10	5.85967383237635e-10	619	530
chr18	10044619	10046619	-	Usp14	4.85036089324356	1.44094049532496	1.58976109644431	6.21005213271406	6.42931017578956	28.8472300972246	-0.53219447956473	0.297675207293757	-1.78783609291163	0.0738024558904543	0.0979735658982451	916	867
chr18	10181292	10183292	-	Rock1	10.5748466431196	3.04822256656718	3.3620969317768	10.036629440637	11.0345310700408	1525.26757937047	-1.05175554417032	0.151343623123976	-6.9494539806858	3.66702716173984e-12	1.27040029306998e-11	469	392
chr18	10323676	10325676	+	Greb1l	7.81386971647156	2.60443277455255	2.02115606501579	8.7029668559979	7.22963900186315	225.013806655471	1.93125743705702	0.177229001616099	10.8969605394515	1.19171877320745e-27	1.35432712917781e-26	107	67
chr18	10609852	10611852	-	Esco1	9.43483873951815	2.73876355202637	3.0030055160816	9.09402495726606	9.89574821039557	692.100981043402	-0.875740310521431	0.154470385033641	-5.66930878259097	1.43374765783523e-08	3.77367348902085e-08	599	512
chr18	10616295	10618295	+	Snrpd1	8.04297355440706	2.34065400975743	2.57423109608313	7.98585675320109	8.61769535559731	263.740177543473	-0.777549832658629	0.163795522397545	-4.74707624040817	2.06378175377218e-06	4.5794865193193e-06	666	579
chr18	10706271	10708271	-	Abhd3	8.19271235003657	2.54173271061807	2.49459651078582	8.52668950862468	8.39510949794725	292.585071337933	0.165131852321488	0.152590086588864	1.08219253303405	0.279166985711559	0.327039551662096	1101	1081
chr18	10724047	10726047	+	Mib1	9.48908943338892	2.78976721324418	2.9966531314507	9.24687638166252	9.87601642028838	718.622070093693	-0.671454444531449	0.16825384632269	-3.99072270385832	6.58722616848631e-05	0.000127752265085795	767	691
chr18	11051009	11053009	+	Gata6	8.18566011788429	2.55199009371079	2.47851450502383	8.5550040189315	8.3512614252719	291.158336748426	0.250484800377874	0.15218847329204	1.64588549289939	0.0997873362519027	0.129638248805891	1049	1018
chr18	11837719	11839719	+	Cables1	7.13885920066047	2.39931700775595	1.83688774963583	8.1380556002483	6.85199212447157	140.932369637913	1.88052406141884	0.182585499234487	10.2994162696555	7.08901538843392e-25	6.48138549799672e-24	133	88
chr18	12121037	12123037	-	Tmem241	8.66981200504052	2.52415624780092	2.76692856813949	8.47747983257233	9.17661389568674	407.261606707497	-0.804804701590877	0.147002731372812	-5.47476019033839	4.38104492169801e-08	1.1006922778481e-07	647	564
chr18	12127349	12129349	+	Riok3	9.45851049855946	2.63321202303128	3.06223887466216	8.78565699572946	10.0804511690608	703.550659324357	-1.42974188173928	0.14514218733738	-9.85062928957983	6.81161401083822e-23	5.24235609948055e-22	256	194
chr18	12167216	12169216	+	3110002H16Rik	10.3988842298443	2.75778258562574	3.39105414940683	9.14923501921019	11.1278341324722	1350.13151456762	-2.11573033783331	0.140794972327275	-15.0270304604013	4.88414903783366e-51	4.24223230714695e-49	62	28
chr18	12235900	12237900	-	Npc1	10.1679308778452	2.91735555875571	3.2479504430259	9.63091222164501	10.6679850873993	1150.40878119777	-1.1043331495132	0.126209886201935	-8.74997341924762	2.13403007476747e-18	1.07675542361711e-17	432	355
chr18	12305220	12307220	-	Ankrd29	6.92187405042674	2.31445752930006	1.82440999293071	7.91951685639855	6.83008097046363	121.252783013682	1.62561993079577	0.201891742309185	8.0519386885385	8.14927308328205e-16	3.51401279052162e-15	282	222
chr18	12332318	12334318	+	Lama3	6.40632045915102	2.14729550383958	1.71322908129494	7.5079771118404	6.63552209899889	84.8192875130904	1.40118315822664	0.215110639443189	6.51377896441376	7.32833122079675e-11	2.30264877635371e-10	387	312
chr18	12598425	12600425	+	Ttc39c	4.78088141283715	1.61344756767943	1.2898972233972	6.47484227324445	6.03667400847162	27.4908843598925	1.11036432152592	0.362245580464575	3.06522530958664	0.00217506074187616	0.00363306849192501	728	650
chr18	12739823	12741823	+	Cabyr	8.64033738494937	2.66249294717572	2.63411524789554	8.87145875274495	8.78986989184558	399.025568968447	0.0818177342503458	0.182101779315558	0.449296731519391	0.653217615281018	0.693117469617555	1169	1158
chr18	12941341	12943341	-	Osbpl1a	9.07397366920819	2.5683133373566	2.92711859164198	8.60090774936178	9.66111939723814	538.93731491504	-1.19329534069089	0.143679190304957	-8.30527606787133	9.9587624644546e-17	4.56975666293464e-16	383	310
chr18	12970751	12972751	+	Impact	7.04466357414732	2.1301422119165	2.20375421927009	7.47201047202276	7.64804568032627	132.024656183658	-0.254346046793504	0.209046465895199	-1.21669622925371	0.22371981427735	0.268817484349069	1046	1015
chr18	13005489	13007489	+	Hrh4	5.28428487486569	1.66551089469493	1.637316108802	6.5470614732507	6.5016750743769	38.9698068237765	0.0824095654989529	0.258003037527045	0.319413159972251	0.749413232869326	0.7828921745439	1168	1157
chr18	13972233	13974233	-	Zfp521	8.29105931202204	2.73810723672149	2.18669336924037	9.09218502559484	7.60739483359303	313.225815592523	1.79597921659677	0.186940478678635	9.60722487334699	7.45306162320243e-22	5.26914124058963e-21	172	122
chr18	14423367	14425367	+	Gm5160	4.61280020763222	1.56562655405867	1.29444310148777	6.39062944369718	6.02938690140483	24.4675918044041	0.971982869883559	0.334532843300029	2.90549310583483	0.00366674926734748	0.00595266376232352	749	669
chr18	14682414	14684414	-	Ss18	9.57823849325574	2.83210300843552	3.01548150753274	9.3728280756656	9.93458803756576	764.428890252658	-0.606153810514483	0.156492207365911	-3.87338015558289	0.000107336200246279	0.000204578086989773	809	743
chr18	14704650	14706650	+	Psma8	4.8657221446628	1.57542850689585	1.47488453152027	6.40500667606795	6.25720081336979	29.1560251453448	0.338710730128894	0.29386577654895	1.15260352568641	0.249073155444721	0.295774372090606	1024	990
chr18	14781744	14783744	+	Taf4b	9.79254724826618	2.88048255258886	3.08363132756286	9.52116282378151	10.1480207272115	886.850582646594	-0.661290995457972	0.184232767906688	-3.58943201566027	0.000331399241450109	0.000606899815667669	775	702
chr18	15150946	15152946	-	Kctd1	6.61309158644971	2.25414405589222	1.59488964571477	7.7713323045748	6.43447189512352	97.8901359359211	2.26459559625078	0.234802585684224	9.64467912332252	5.17728559772703e-22	3.7251948442817e-21	169	119
chr18	15403184	15405184	-	Aqp4	5.49335330055591	1.82890412550908	1.53737113819391	6.84223974994667	6.34681101665471	45.0468181428283	1.05112870492316	0.271210487309833	3.87569343409032	0.000106321477773852	0.000202962193050242	637	553
chr18	15759657	15761657	-	Chst9	6.73797949021533	2.29332590481223	1.63851530974043	7.86661644071712	6.50459775237902	106.741656127465	2.17354962418539	0.222603634921497	9.7642144296157	1.60349858299583e-22	1.203613751187e-21	162	113
chr18	15831293	15833293	+	Gm10036	4.99757262681104	1.71506379923524	1.29073711618723	6.63126655996857	6.04885430624462	31.9462044087281	1.26066382519145	0.316044110476412	3.98888567577196	6.63844035473693e-05	0.000128540501136307	628	542
chr18	16808746	16810746	-	Cdh2	8.54816429055011	2.79427650573081	2.3135099239172	9.26062512260374	7.92073952807051	374.329332063674	1.5958052625689	0.19986725966865	7.98432552292209	1.41292712980207e-15	6.04971616140603e-15	284	226
chr18	20001851	20003851	-	Dsc3	6.05334750355674	2.0498655356747	1.5914968755896	7.28856979544554	6.42851382811114	66.4108704739375	1.57075677531919	0.230418435158506	6.8169752747373	9.29772587620983e-12	3.12321399598651e-11	362	288
chr18	20059054	20061054	-	Dsc2	7.53898773772037	2.27931731012706	2.36013100805286	7.8290894826102	8.03664369948975	185.977945606863	-0.271093320347066	0.170645806796267	-1.58863159568124	0.112143590588917	0.144916690920428	1041	1009
chr18	20114371	20116371	-	Dsc1	5.1551005706231	1.69762559246717	1.4880738826505	6.60699713842913	6.27856150403883	35.6319756104514	0.706467675228818	0.296144152310023	2.38555335203526	0.0170534485887485	0.0251968329087706	823	759
chr18	20245839	20247839	+	Dsg1c	5.00942340035282	1.56461969945682	1.56867836487413	6.38966092296026	6.39705702501462	32.2097018283358	-0.0191614162388063	0.287304400599432	-0.066693779137486	0.946825486816026	0.953885494588474	1207	1206
chr18	20309310	20311310	+	Dsg1a	5.27692861151133	1.75624842080856	1.47663901608637	6.70656438279798	6.27023126784729	38.7716065613746	0.944537949643658	0.297938594541798	3.17024369097353	0.00152311140555769	0.00258673668876837	716	635
chr18	20375228	20377228	+	Dsg1b	4.80066947559075	1.68236219139858	1.161120998067	6.57778068795677	5.90032055962656	27.8705482169889	1.63991847712884	0.355377585221593	4.61458050626991	3.93890074807453e-06	8.59910827586827e-06	557	473
chr18	20434674	20436674	+	Dsg4	4.4313916427773	1.38730828103807	1.41031364895448	6.13936063186306	6.17373881748093	21.5765402117754	-0.157968037251609	0.336372464671915	-0.469622379482472	0.638624832725982	0.679411895533503	1143	1130
chr18	20508803	20510803	+	Dsg3	4.80133931041566	1.60672482199195	1.37910457027193	6.45471730468899	6.12938527027856	27.8834913531349	0.791212411500462	0.308564401321205	2.56417269170606	0.0103422072862103	0.0158589206305571	793	727
chr18	20556573	20558573	+	Dsg2	7.53847773963549	2.34832390618029	2.27729570436289	8.01189420711261	7.82635567519461	185.912213327522	0.269507517488481	0.209632431584269	1.28561938365984	0.198575928496836	0.242290611985307	1042	1010
chr18	20663749	20665749	+	Ttr	6.76786646130237	1.69028520090394	2.2845366934717	6.58886793918714	7.84872719419708	108.975987092773	-2.02857689812265	0.228763432065723	-8.86757503069739	7.47560041424051e-19	3.88475645457969e-18	234	173
chr18	20682463	20684463	-	Gm10269	4.83015107651539	1.61316205573959	1.36862439769235	6.46782710045932	6.12302667259982	28.4459444511945	0.754777382242541	0.328274362358363	2.29922731955102	0.0214920344566644	0.031017602617871	842	781
chr18	20745904	20747904	-	B4galt6	8.05856291152297	2.66822184798874	2.13096588143447	8.88714412639906	7.47042759774169	266.60553300516	1.80758976298564	0.163518529441366	11.0543420929785	2.0886251328456e-28	2.64559183493776e-27	121	80
chr18	20895593	20897593	-	Trappc8	7.47124291145323	2.18374637088533	2.39625846694662	7.59635676170848	8.12948086393024	177.446820170588	-0.694898899401125	0.165551749299257	-4.19747240571285	2.69910532466093e-05	5.40710391233558e-05	749	669
chr18	20943124	20945124	+	Rnf125	6.61162606633845	1.85445743345568	2.17309800667572	6.88538571997212	7.57244523208975	97.7907475560635	-1.0861760389796	0.203137861149275	-5.3469896396193	8.94291330881665e-08	2.20579768428419e-07	493	415
chr18	20999840	21001840	+	Rnf138	10.1865229896879	3.0074836290516	3.20019288046583	9.91103667889318	10.5160423962634	1165.33011923643	-0.625020699326745	0.170422472940752	-3.66747817081632	0.000244954455294952	0.000454061917132106	796	732
chr18	21070843	21072843	+	Mep1b	4.87216670071308	1.63605440449985	1.37848426674989	6.49876441249404	6.1365312320081	29.2865571914896	0.777772737671479	0.304768271273701	2.55201348362471	0.0107102373773757	0.0163819479885395	795	730
chr18	21299638	21301638	-	Garem1	11.4854790694865	3.35071620124906	3.62024282726434	10.9984321074905	11.872226225769	2867.30382782026	-0.87513424293821	0.165753190444153	-5.27974297564466	1.29365225602326e-07	3.16515320588387e-07	601	514
chr18	21654218	21656218	-	Klhl14	6.69108460043892	2.32004936272728	1.30512467338055	7.93607991243947	6.05835633769355	103.327796558367	3.20690368908241	0.276126721072941	11.6138839320635	3.50333029750652e-31	5.91673561356657e-30	72	36
chr18	22170896	22172896	-	Ccdc178	4.88104281488336	1.63133097902868	1.39123871823833	6.49256025788168	6.15146035536304	29.4672967990145	0.837203260173358	0.312832916187952	2.67619939223518	0.00744623305890494	0.0117136085376823	773	699
chr18	22343382	22345382	+	Asxl3	8.79291696102874	2.94057097726973	2.08550416934706	9.703040888838	7.37158045474045	443.538940426302	2.82698768878548	0.177467872356209	15.9295744703088	3.95036255304599e-57	5.33737873833769e-55	17	10
chr18	23041153	23043153	-	Nol4	8.19068927229956	2.78556926172545	1.62136297874095	9.23389728013446	6.47670708801409	292.17506957208	3.89455708834422	0.209297154586461	18.6077880324712	2.77853926592933e-77	6.75740749474013e-75	5	3
chr18	23413634	23415634	+	Dtna	6.48493169316155	2.22484428575968	1.4953597513023	7.6987380662501	6.29901658361389	89.5692544897484	2.47154649988177	0.261907499632751	9.43671526530318	3.84648504417616e-21	2.55591574520121e-20	183	132
chr18	23750832	23752832	+	Mapre2	8.52921628187139	2.63685126415542	2.59846279505711	8.79647733963452	8.68692867890902	369.445125113728	0.124127926361978	0.163374703065092	0.759774457325399	0.447389413392894	0.499564303660017	1127	1113
chr18	23953191	23955191	+	Zfp397	9.06837821675668	2.80409530871695	2.75660708161397	9.2881901076064	9.14621795410303	536.851109839729	0.163262177552847	0.150594724047831	1.08411618391752	0.27831328800872	0.326386940394563	1102	1082
chr18	23988131	23990131	+	Zfp35	7.7167540995427	2.38937232460313	2.36092803590165	8.11262191961761	8.03791387497749	210.365469105305	0.0962571948735813	0.163987185095565	0.586979981499693	0.557217151441322	0.60594368137546	1151	1141
chr18	24020310	24022310	-	Zfp24	9.85021114370401	2.97364981773524	3.04867163526483	9.80550788515627	10.0388423040921	923.0155505357	-0.253053120394387	0.170460737604019	-1.48452437758559	0.137669860861934	0.174555048812036	1047	1016
chr18	24121453	24123453	-	Ino80c	9.84943120399029	2.77981358996451	3.16796953924667	9.21558549122167	10.4135727154383	922.516691174432	-1.28816342792284	0.148808823906881	-8.65649895014911	4.8647553240231e-18	2.34743748968734e-17	330	262
chr18	24203843	24205843	+	Galnt1	8.93431761670455	2.63393095199446	2.82204093822933	8.78904592400037	9.3425485610141	489.212554223205	-0.625866126328247	0.171695243961396	-3.64521527730241	0.000267168061293268	0.000493733073757771	795	730
chr18	24469360	24471360	+	2700062C07Rik	7.0886238607642	2.26795530541943	2.08507606109574	7.80251052767978	7.36624706767148	136.109491057715	0.623451377910927	0.186997990087209	3.33400042225145	0.000856065278150161	0.00148287090916039	797	733
chr18	24529704	24531704	-	Rprd1a	9.66872241475066	2.91751843417276	3.00465666409717	9.63169464677083	9.90047686531778	813.908279902301	-0.288486848107499	0.130822333573903	-2.20518041703124	0.0274414368007364	0.0388913603143304	1027	993
chr18	24602460	24604460	+	Elp2	9.61966096457869	2.98977959215336	2.89541584826055	9.85581399755245	9.56375304282749	786.695196585804	0.339433192781672	0.157819394748589	2.15076982979436	0.0314943715531656	0.0441720366881768	993	955
chr18	24603317	24605317	-	Slc39a6	9.53529937859142	2.96062542107498	2.87523122136272	9.76563974724471	9.50222007338276	742.012344681199	0.308436663239591	0.156799157541687	1.96708112514947	0.0491738588967204	0.0673371761468603	1016	980
chr18	24652190	24654190	+	Mocos	8.28258294565011	2.40214368800132	2.64335831717033	8.14553064035781	8.81856475333317	311.390893903852	-0.839244493914345	0.185616301676035	-4.52139432978855	6.14336252296476e-06	1.31058400489915e-05	621	533
chr18	24707944	24709944	+	Fhod3	8.18216316130528	2.68914470793403	2.20342352445081	8.95031913848874	7.64109919802524	290.45345106075	1.65265286383975	0.178020649269203	9.28348969978535	1.64016698462543e-20	1.01757298637986e-19	196	147
chr18	24708848	24710848	-	Gm9955	8.24597871206705	2.71769344090302	2.19155519992244	9.03374989159935	7.6132448258783	303.589632147512	1.78894857729447	0.180431277089302	9.91484739316595	3.58804353491146e-23	2.81487802480795e-22	155	108
chr18	25167498	25169498	+	AW554918	10.3629154470392	3.14593733581387	3.19049330525806	10.3448055307056	10.4849000717931	1316.88664114466	-0.126354502383198	0.158610899579461	-0.796631900570598	0.425664844770329	0.478823729177354	1124	1108
chr18	25168507	25170507	-	Tpgs2	10.2696894256655	3.10540302873642	3.17294857284422	10.2171436596408	10.4291956629668	1234.48143553243	-0.199865528944335	0.161472046631651	-1.23777169555711	0.215800726307809	0.260331034911007	1080	1056
chr18	25753657	25755657	-	Celf4	7.52244585491678	2.55124626673454	1.76987468017605	8.55332723688717	6.72758657146416	183.857708533049	2.6467194981224	0.19116119802161	13.8454849912753	1.35463348574663e-43	6.33551661026116e-42	26	13
chr18	30271246	30273246	+	Pik3c3	8.0689648478518	2.47706125992102	2.47331768750526	8.3534771783329	8.33808106309741	268.534724766449	0.0437216693775058	0.195346190146782	0.223816340337396	0.822900214739536	0.844116078723302	1195	1192
chr18	31316790	31318790	-	Rit2	5.30945706713065	1.84202900171133	1.30126019745595	6.86196404804499	6.05066271448458	39.6557198578164	1.7120298389969	0.293952287919354	5.82417592703546	5.73950922093266e-09	1.58259483280139e-08	441	361
chr18	31446915	31448915	-	Syt4	5.35006361650627	1.82575258116055	1.39142081428086	6.83429239323265	6.15547006181266	40.7877385944485	1.51143767495297	0.304248913714618	4.96776687383896	6.77283144127396e-07	1.55391755331871e-06	530	447
chr18	31608011	31610011	+	B930094E09Rik	8.9858680005913	2.6484242956111	2.83951993106625	8.83064044889803	9.39502117293233	507.009159495308	-0.634771494535753	0.165659687924193	-3.83178009381636	0.000127219429225439	0.00024133982205637	789	722
chr18	31609402	31611402	-	Slc25a46	9.04811932032959	2.69508249560023	2.83814252561098	8.96663747843411	9.39085560800095	529.365117111026	-0.469685827457022	0.170141928612743	-2.76055309403519	0.00577035777606854	0.00920833996810937	891	838
chr18	31632870	31634870	+	Sap130	10.7959236829148	3.18444094327235	3.39082565017825	10.466617522187	11.1268838654316	1777.85713682371	-0.667337729996279	0.155805819520795	-4.28313738247248	1.84276310472868e-05	3.78513502592919e-05	769	695
chr18	31758323	31760323	+	Ammecr1l	10.0296884592637	3.02222315190388	3.11170739631409	9.95643474740106	10.2355645271006	1045.2906685384	-0.276734587395721	0.154863448669836	-1.78695870311987	0.073944163428508	0.0980546376543792	1036	1004
chr18	31787658	31789658	+	Polr2d	9.19896789034582	2.72785986585321	2.89616224025525	9.06211369854104	9.56632027642871	587.712955187708	-0.546524712621257	0.154394366599305	-3.53979698002606	0.000400434948210421	0.000727845884938523	844	783
chr18	31802556	31804556	+	Wdr33	9.18103217045175	2.76221146865205	2.86298176061615	9.16312523975202	9.46532820097083	580.451682607846	-0.327718488371843	0.145746467155688	-2.2485518501232	0.0245410227519378	0.0351909005499485	1002	969
chr18	31819913	31821913	-	Gm6665	5.63230181544915	1.81812344005322	1.65796922467903	6.81751035329652	6.54594869437397	49.6011551830856	0.52766076709325	0.272094056719313	1.93925870140403	0.0524698449528462	0.0712886385057664	895	845
chr18	31911403	31913403	-	Sft2d3	6.72400808950631	2.13189538796478	2.02163834055251	7.47217766373688	7.22601194110946	105.712933865628	0.358081167306481	0.179700679824682	1.99265338147763	0.046299415487772	0.0637600104565467	980	936
chr18	31929824	31931824	+	Lims2	6.7449170710634	2.22228036511782	1.87820222357732	7.68758144837587	6.93562516193857	107.256187764554	1.12968228968456	0.198681914493183	5.68588385392935	1.30137822077891e-08	3.44765994873019e-08	459	382
chr18	31949136	31951136	-	Gpr17	5.57506062601366	1.87962713480162	1.50545963379018	6.93576993729875	6.30726709383154	47.6716820730336	1.2003007275329	0.267123470144267	4.49343042333437	7.00849266315193e-06	1.48991732139733e-05	572	488
chr18	32036461	32038461	-	Myo7b	6.69011654555815	2.29601645273959	1.52876216443123	7.87355557021904	6.34089388998528	103.258486397056	2.6018568113758	0.241209042409111	10.7867299890144	3.97689093213175e-27	4.31776729774304e-26	112	69
chr18	32066240	32068240	+	Iws1	9.64102173859848	2.79267850054324	3.06723890831113	9.25384740347183	10.0965989072878	798.429789521943	-0.924771914242686	0.160181153977682	-5.77328787612265	7.77394563775009e-09	2.10537146893187e-08	560	478
chr18	32139070	32141070	-	Proc	6.79988820619049	2.09857579530687	2.08564491886222	7.39683390869781	7.3792683166503	111.42183773776	-0.000332831301643022	0.229822804074915	-0.00144820834025909	0.998844497328389	0.998844497328389	1216	1216
chr18	32161588	32163588	+	Map3k2	9.9317303205292	2.90868901461265	3.14240466539301	9.60524354280363	10.3325233278206	976.671995778424	-0.769659190764067	0.144932926391391	-5.31045090944761	1.09354337932411e-07	2.68094505898813e-07	675	584
chr18	32238799	32240799	+	Ercc3	8.08209735609548	2.39980131246233	2.55826987937989	8.14041908326392	8.57168999082019	270.990291465811	-0.513228578556925	0.152603306705608	-3.36315503010043	0.000770570767612046	0.00134435301781384	862	804
chr18	32375716	32377716	+	Bin1	8.54290163735571	2.72249756409615	2.47937865557647	9.04520850514098	8.36224169820516	372.966343524192	0.750846207140978	0.197166036681978	3.80819242389128	0.000139986325668704	0.000264733082446569	694	609
chr18	32472089	32474089	-	Gm35060	5.13887476713194	1.73006590933093	1.42416085001928	6.65783827663555	6.19467544600359	35.2334725715163	1.01452995210464	0.290006827477812	3.49829678469297	0.000468239767916895	0.000843525270795472	675	584
chr18	32559534	32561534	-	Gypc	8.93272299699991	2.35861856908705	2.93342386467896	8.03053181579973	9.68243077206477	488.672123303053	-1.95474628836604	0.173798295220181	-11.2472120965837	2.39028209974444e-29	3.50190726902318e-28	84	45
chr18	32813882	32815882	+	Tslp	5.25876487049015	1.80916242161812	1.35787807612718	6.79899036849914	6.1113734525621	38.2865264014189	1.54521565249783	0.29467699482849	5.24376072654465	1.57336212373961e-07	3.81121934602887e-07	501	424
chr18	32835724	32837724	+	Wdr36	8.02667770452081	2.49001743378141	2.44658806735947	8.38228850772464	8.26581224798895	260.777882515847	0.125431568775024	0.158424022822608	0.791745888914038	0.428508859349778	0.481577424186072	1125	1110
chr18	32937540	32939540	+	Camk4	6.84253080473277	2.35252843109084	1.54492373013932	8.0152618477485	6.36234353278496	114.764354545456	2.63318603793858	0.214570669213954	12.2718824878761	1.28236736789046e-34	2.78456914170501e-33	56	24
chr18	33462662	33464662	+	Gm10549	9.19456261073808	2.99217530069199	2.52276251533509	9.86231509962103	8.47449180452033	585.921106586456	1.55871482388075	0.16049660429586	9.71182431378676	2.6848795809406e-22	1.96675516290589e-21	196	147
chr18	33463529	33465529	-	Nrep	9.0804657209378	2.9527072145667	2.50615593790315	9.74017098256486	8.42797202057405	541.367969265091	1.48456459732904	0.154436575438894	9.61277853455405	7.06171678829354e-22	5.02166527167541e-21	226	167
chr18	34006706	34008706	-	Epb41l4a	7.79033403315019	2.65200613986652	1.70391182081594	8.83995751040177	6.61215413621608	221.372780637148	3.2010189388634	0.191945950343897	16.6766682658756	1.93726587319241e-62	3.36530757400281e-60	8	5
chr18	34219423	34221423	+	Apc	9.14899757263322	2.69909999896464	2.89228927464937	8.97627212416829	9.55471095527207	567.704974347609	-0.648806446889108	0.139415229299084	-4.6537702527264	3.25919942206136e-06	7.16670252663041e-06	780	708
chr18	34329346	34331346	+	Srp19	9.21374360174112	2.63974406826743	2.95634819548047	8.80380626696922	9.75107674256695	593.763089125665	-1.05946536246613	0.134945571060692	-7.85105694198464	4.12545587085154e-15	1.7239018346926e-14	460	383
chr18	34372915	34374915	-	Reep5	8.96793484153207	2.59165120269751	2.86151103861967	8.66625905224017	9.46307888950532	500.745882002827	-0.933530272276469	0.168983519120338	-5.52438650311027	3.30638887593116e-08	8.42886556212221e-08	555	471
chr18	34407922	34409922	+	Pkd2l2	2.22304725804529	0.574719894860196	0.915348380339294	5.41306197176714	5.654923060045	4.66878533914728	-1.3060638052236	0.720918489163723	-1.81166640175737	0.0700377580563025	0.0933836774084033	912	861
chr18	34506323	34508323	-	Fam13b	9.46704029433169	2.70680851143149	3.03349660403884	8.99858018961808	9.99122344167359	707.722656091311	-1.10602048238884	0.147029366470725	-7.52244608636775	5.37607890885799e-14	2.06876960543396e-13	429	353
chr18	34540812	34542812	+	Wnt8a	5.80458852723067	1.84502519458424	1.75576364587406	6.86717326135953	6.70546300250534	55.8927218354402	0.277449303803478	0.236902113533756	1.17115588233848	0.241536124979121	0.288514664022211	1034	1002
chr18	34578615	34580615	-	Nme5	5.75587346203025	1.95889547106461	1.50924646544216	7.09466103762456	6.30489490471115	54.0369170396956	1.5133622696285	0.247617480022542	6.1116940108216	9.857906218632e-10	2.86091025342638e-09	419	342
chr18	34596968	34598968	-	4933408B17Rik	5.34093343735158	1.68578407644379	1.64312894110715	6.5859002872882	6.50944325503353	40.5304260948743	0.176461374555006	0.266620358912707	0.661845086679146	0.508070507599489	0.560629525627023	1102	1082
chr18	34623123	34625123	+	Kif20a	9.80817828498519	2.71551636932293	3.17286843358961	9.02432111927589	10.4296414180102	896.511503622549	-1.54082748609857	0.151821832378282	-10.1489190451832	3.35053883659444e-24	2.849129528181e-23	205	153
chr18	34624101	34626101	-	Brd8	9.83855683511793	2.72008904616609	3.18323315785571	9.03763191028578	10.4625753822999	915.589326878544	-1.56290434950492	0.152147697263361	-10.2722839557644	9.39535616349868e-25	8.46278007023289e-24	195	145
chr18	34651235	34653235	-	Cdc23	8.3841270656908	2.40983119943993	2.6947200760504	8.16665620774384	8.96415453439823	334.097891059607	-0.959171714341615	0.159669018348	-6.00725002424136	1.8869641502362e-09	5.37364966437289e-09	532	449
chr18	34719887	34721887	-	Gfra3	6.19962253112941	2.14082470153719	1.44274493218796	7.49550998428967	6.21772802859565	73.4974622188688	2.32515419314841	0.25027989011193	9.29021581441706	1.5397579909055e-20	9.60177290739018e-20	195	145
chr18	34734858	34736858	+	Gm3550	4.91740898483911	1.52362617274352	1.54645609254984	6.32895727401241	6.36817308437139	30.219523031132	-0.0696511977430985	0.309483517231452	-0.225056243273236	0.821935520558785	0.844116078723302	1184	1179
chr18	34751033	34753033	-	Cdc25c	9.52306130610384	2.60784377987803	3.09756775548042	8.71307132920632	10.191235027412	735.744634571372	-1.6281496270445	0.144949288115153	-11.2325465562207	2.82225212165581e-29	4.03748068227466e-28	177	127
chr18	34757405	34759405	+	Fam53c	8.64923529418432	2.52859101152062	2.75545579993945	8.48892286471649	9.14262428053541	401.494188239873	-0.764700599783248	0.139580978836784	-5.47854447042839	4.28838815493533e-08	1.07964389159449e-07	680	592
chr18	34775546	34777546	+	Kdm3b	9.27624299925511	2.60532248513385	2.99249856958183	8.70602020838062	9.86388720719701	620.050968006589	-1.30403970721744	0.166744990526151	-7.82056302322871	5.25875956324338e-15	2.16767851827253e-14	324	259
chr18	34839088	34841088	+	Reep2	7.27139961446813	2.41355604500418	1.95796412448561	8.17542848366456	7.09420079861352	154.493209125765	1.53042071669377	0.181528710129499	8.43073646918987	3.43496515300261e-17	1.61896032017487e-16	258	196
chr18	34858322	34860322	+	Egr1	8.71014867488268	2.67975315660139	2.67037682388111	8.91963444041974	8.89285035725379	418.809011523971	0.0227732031746942	0.137582577450721	0.165523888247049	0.868531649056784	0.883794548328911	1203	1200
chr18	34931507	34933507	-	Etf1	10.4532724451292	2.97851187272398	3.33930060389306	9.81998779156091	10.9612569853949	1402.00176003227	-1.20675027167774	0.159434044502332	-7.56896229688316	3.76217314244287e-14	1.45694348446195e-13	377	305
chr18	34953857	34955857	-	Hspa9	9.87559956640248	2.84842391395396	3.14813388152087	9.42103532684452	10.3510094974329	939.402463296033	-1.00950553304378	0.143650417069367	-7.0275155035318	2.10243454736066e-12	7.38890291789179e-12	496	420
chr18	35117387	35119387	+	Ctnna1	8.98655437922529	2.67587501332971	2.826641604137	8.90822237519136	9.35572478321022	507.25043228001	-0.50987432791617	0.136630504161178	-3.73177520676269	0.000190135137192228	0.000354607863229677	868	812
chr18	35214524	35216524	-	Lrrtm2	5.36480955414205	1.84016718362331	1.39907672500276	6.85890280073911	6.15578894383868	41.2067722024981	1.54275937081835	0.278354312406581	5.54243028419442	2.98302183984249e-08	7.65264674524994e-08	474	396
chr18	35498425	35500425	-	Sil1	8.1316881428064	2.44871929766893	2.54676770760699	8.27066010101546	8.54022949892838	280.467179049075	-0.331359928271577	0.154586919924292	-2.14351853593991	0.0320714843180663	0.0448779343276969	998	962
chr18	35535082	35537082	+	Gm5239	5.0485423525246	1.62003388803317	1.5351910390025	6.47637847526159	6.34421433030136	33.0950226376171	0.316887980904595	0.286576292148327	1.10577179476026	0.268825306001001	0.317062630550162	1031	998
chr18	35551903	35553903	+	Gm28285	8.05830862729515	2.38158921572115	2.55757157877855	8.09169612414208	8.57064064990316	266.558546215856	-0.590336919777703	0.155072697544949	-3.80683981850892	0.000140753844774768	0.00026577123485422	819	755
chr18	35560645	35562645	+	Matr3	9.78653219659636	2.74633372884685	3.15382002818691	9.11531245587784	10.3690447716624	883.160719676563	-1.3704445232244	0.147985571482371	-9.2606631139554	2.03166482863086e-20	1.23525221580756e-19	287	229
chr18	35597116	35599116	+	Paip2	8.40120199342124	2.47299363651271	2.66758095160784	8.33688479168546	8.88474558321846	338.07557834374	-0.651172660269166	0.154169935332939	-4.22373310894189	2.4028858615236e-05	4.86174576973827e-05	778	705
chr18	35626744	35628744	-	Slc23a1	7.095043239832	2.09538480286009	2.26406754799707	7.39164110914743	7.79141107587871	136.716469775641	-0.553879753303594	0.188657652111697	-2.93589868793481	0.00332582923960583	0.00545777105986598	839	776
chr18	35648867	35650867	-	Mzb1	6.01122609917298	1.92958413244254	1.77832244296633	7.03989722735214	6.74257624427799	64.4999483063912	0.554899361952943	0.241335581764551	2.29928532666313	0.0214887424923133	0.031017602617871	841	780
chr18	35654738	35656738	-	Prob1	7.71993278184301	2.47702218307338	2.2516120583434	8.34681501074074	7.75880328999687	210.829477208634	0.75703295496865	0.148415354191926	5.10077248469643	3.3826999482782e-07	7.94085547703918e-07	686	600
chr18	35661686	35663686	-	Spata24	8.46784118921461	2.54101130989516	2.65263531185993	8.52548841382664	8.84128041955983	354.057824462479	-0.364489506670726	0.159856749515227	-2.28010082637147	0.022601709236033	0.0324866175307519	975	933
chr18	35701724	35703724	+	1700066B19Rik	8.40473138609356	2.56913600923467	2.5897158745156	8.60302168647722	8.66343544091085	338.903655063472	-0.0841978336166401	0.170166734444791	-0.494796082744112	0.620744069774326	0.662488668740147	1166	1154
chr18	35702644	35704644	-	Dnajc18	8.38195644405934	2.56477648459975	2.58275808132564	8.59018679628094	8.64340102681514	333.595598607848	-0.0777278133817475	0.162285891336358	-0.478956074010443	0.631969878199244	0.672920640884659	1172	1161
chr18	35721856	35723856	-	Ecscr	6.16184663425489	2.02764734552357	1.73041339660003	7.23878802450203	6.67397018981964	71.5979628378546	0.904430937660762	0.235673039042695	3.83765127031316	0.000124216715459345	0.000236011759372755	640	555
chr18	35740054	35742054	-	Tmem173	6.51212275832888	2.16386909424551	1.79108720429905	7.5467964747397	6.76794318304769	91.2734119980581	1.25427824711378	0.201935125914239	6.21129306471657	5.25503614093758e-10	1.54350819985026e-09	414	335
chr18	35770058	35772058	+	Ube2d2a	10.118232144089	2.80322588750279	3.27010651841292	9.28483884237913	10.7390794245844	1111.45370645781	-1.56401321140976	0.141547889825451	-11.0493573117792	2.20789816591466e-28	2.76783935026002e-27	194	143
chr18	35828317	35830317	+	Cxxc5	8.19394396120356	2.65664630249597	2.31561257732554	8.85301908298877	7.92164442724279	292.834954291961	1.12293547780711	0.160189824474569	7.01003001589143	2.38267002696776e-12	8.34964482072853e-12	415	337
chr18	35963329	35965329	+	Psd2	6.51488251216221	2.19514490630143	1.70692682477608	7.62196525483581	6.61926955185374	91.448177433165	1.66069531328761	0.211603594515473	7.84814320895751	4.22241901010533e-15	1.75837723160551e-14	292	235
chr18	36196880	36198880	-	Nrg2	6.88112432792279	2.35764792530921	1.58378560270137	8.02937810134023	6.42289835888398	117.875847056154	2.61615704566362	0.2239628248736	11.681211143591	1.59013509203613e-31	2.80232503176222e-30	69	32
chr18	36279596	36281596	+	Pura	8.67528839505162	2.64122173030268	2.67855881984828	8.80826406469067	8.91958551018263	408.810486952116	-0.158089512257544	0.169478772760689	-0.932798306728195	0.350924115659494	0.400679553654408	1107	1088
chr18	36298600	36300600	+	Igip	4.13316695842439	1.29946732524593	1.20914506313841	6.06797371011469	5.95091435672322	17.5471759777519	0.360530892232974	0.478245529597606	0.75386149983738	0.450932390717668	0.503058520286866	1090	1068
chr18	36344118	36346118	+	Cystm1	5.27597881052461	1.71306326934762	1.53939413086618	6.63508137774777	6.35951164344275	38.7460896019486	0.609008563691255	0.306543278045075	1.98669684611941	0.0469560015433628	0.0644452571972112	886	835
chr18	36453995	36455995	-	Pfdn1	3.17602156421941	1.04413846288914	0.966593394768383	5.78015095309949	5.7056802350441	9.03811280983128	0.28621516768346	0.545784996590811	0.52441010557504	0.59999332927877	0.64224638063643	1136	1123
chr18	36515305	36517305	-	Hbegf	8.30719344071999	2.58057764326017	2.5169057432493	8.63532587327512	8.46030190870782	316.748382235145	0.185118112131766	0.174667123950537	1.05983374515395	0.289220241849973	0.337516136362348	1088	1066
chr18	36526656	36528656	+	Slc4a9	6.65373896948581	1.83670918003373	2.16697606714633	6.85062426156253	7.57807555626803	100.687373732288	-1.23291344971236	0.268095986056275	-4.59877623626027	4.24979940396859e-06	9.22813584861751e-06	560	478
chr18	36558486	36560486	+	Ankhd1	11.5802425572515	3.1699827276414	3.73376756752998	10.4205252419963	12.2436287211047	3061.96601977078	-1.85729612833564	0.145660592102647	-12.7508484039857	3.0837085006111e-37	9.14582813839781e-36	115	74
chr18	36662559	36664559	+	Eif4ebp3	5.97515506774597	1.92267314388119	1.77779675191137	7.01868066297681	6.74217112741391	62.9072795180539	0.502305798964482	0.218485837903071	2.29903138704727	0.0215031570780142	0.031017602617871	871	816
chr18	36677714	36679714	+	Slc35a4	9.54039698779916	2.67984310014143	3.07923503481944	8.9198105172208	10.1337336436739	744.638803663572	-1.33853393761778	0.135257635596979	-9.89618021718312	4.32478739088581e-23	3.3711163252033e-22	304	245
chr18	36678866	36680866	-	Sra1	9.54490888019919	2.68153785043739	3.08023934319904	8.92488061215647	10.1368838035982	746.971236481278	-1.33520049360162	0.13757364469454	-9.7053508800048	2.86090240116985e-22	2.08314809570212e-21	307	247
chr18	36695425	36697425	-	E230025N22Rik	5.48536939253462	1.73972905128553	1.67532348600068	6.6745381624644	6.56602608210973	44.7982165181235	0.192203632646197	0.250548325541132	0.767131978356181	0.443003050620157	0.49512105657547	1088	1066
chr18	36726236	36728236	-	Cd14	5.84020499927843	1.89012520291144	1.70365653717126	6.9556365925691	6.62321884789618	57.2897445285017	0.61573164828861	0.261944678039433	2.35061713372897	0.0187423076030384	0.0274586096931262	830	766
chr18	36733567	36735567	+	Tmco6	9.85847974430241	2.69589892038622	3.20184770890075	8.96706222027735	10.5212608373592	928.320871170717	-1.68958851159927	0.142589994756378	-11.8492781662978	2.1705237109686e-32	4.12399505084033e-31	148	102
chr18	36743155	36745155	+	Ik	9.52980274233116	2.67473157545608	3.07484096406981	8.90525889264984	10.1201656304321	739.190672694135	-1.34350907504082	0.147720959018578	-9.09491167649308	9.46633803571683e-20	5.45548201489653e-19	298	241
chr18	36744057	36746057	-	Ndufa2	9.52955965338917	2.66452402395765	3.07836245773549	8.87581781663177	10.1312316914437	739.066132208563	-1.38753001131215	0.150558723324955	-9.21587258891276	3.0875667852358e-20	1.84949813342203e-19	280	220
chr18	36758738	36760738	+	Wdr55	8.52975129831293	2.33768845474734	2.79044734913151	7.97753069381233	9.24667683183733	369.582157449454	-1.50543823660233	0.148093991481054	-10.1654241441316	2.82888081644527e-24	2.45708505199818e-23	220	159
chr18	36765714	36767714	-	Dnd1	6.44079968300871	1.96418694124055	2.01338495132188	7.11000175114984	7.20886766102456	86.8708159352624	-0.135949315730273	0.221396574527904	-0.614053383708238	0.539180051310155	0.589606962583767	1122	1106
chr18	36781507	36783507	+	Hars2	9.37510892987343	2.61606156311366	3.03234266135774	8.73952039366949	9.98683717669519	664.031987448369	-1.357400394204	0.167509926222449	-8.10340273448275	5.344295634963e-16	2.34608790329062e-15	292	235
chr18	36782705	36784705	-	Hars	9.4854833378257	2.67512286442576	3.05514799321403	8.90886141371022	10.0581936541466	716.828077750339	-1.24668558466565	0.163073541961311	-7.64492859891043	2.09061305959828e-14	8.30605880740226e-14	353	278
chr18	36792422	36794422	+	Zmat2	8.87843280476799	2.54814477301854	2.84940833237939	8.54475034691391	9.42424732170941	470.624561312618	-0.996921695158179	0.151514043974188	-6.57973128436867	4.71299256396083e-11	1.49634437539853e-10	503	426
chr18	36928683	36930683	+	Pcdha1	4.23283450364521	1.45207673069959	1.17848166259554	6.23298173692636	5.89608018184791	18.8022642606236	0.993377052896878	0.380220982986262	2.61263080510412	0.00898483027467096	0.0139356551198978	784	716
chr18	36937704	36939704	+	Pcdha2	4.2619549415307	1.47365253616722	1.16145013334518	6.26175187347491	5.87901477151719	19.1856394025145	1.09201146151048	0.379014782591827	2.88118435392663	0.00396183836964306	0.00640637693814622	752	675
chr18	36944604	36946604	+	Pcdha3	4.37619235260529	1.45461069680594	1.27250742879134	6.23381248346259	6.00945346719963	20.766588868048	0.618273230048566	0.364408329438813	1.69664955518636	0.0897629350007306	0.117747280432458	927	882
chr18	36951147	36953147	+	Pcdha4	4.08522663839927	1.42088497048491	1.12902299153145	6.18501947790545	5.84767109943905	16.9736701102458	0.979026088795427	0.386310840892177	2.53429618111256	0.0112673452516424	0.0171477995319113	799	735
chr18	36951240	36953240	+	Gm42416	4.21237822552449	1.44835687854777	1.16984082550331	6.22295877454115	5.89375618903012	18.5375441751071	0.920150078653927	0.37855078028918	2.43071769116685	0.0150689506995834	0.0224832442339796	815	749
chr18	36958939	36960939	+	Pcdha5	4.07436625889622	1.41005605637583	1.11524446984747	6.17959257442407	5.83182582989328	16.8463747439319	1.05850878146879	0.404551045439095	2.61650240038287	0.00888357397227499	0.0137962017245037	783	714
chr18	36966130	36968130	+	Pcdha6	3.82809252324378	1.32110552186966	1.0634224692697	6.07117745534564	5.7809079486029	14.202692217366	0.984180416830959	0.441824868502444	2.22753513211426	0.0259115305227178	0.0369817149244423	852	793
chr18	36968415	36970415	+	Gm37013	4.95297286711917	1.60688943584747	1.49084607826719	6.45316546278621	6.28130659000156	30.9737223298528	0.387471713594789	0.290133103682573	1.33549639347157	0.181713934878134	0.223874513487144	987	947
chr18	36972301	36974301	+	Pcdha7	3.89135697882916	1.34150654260741	1.07864280855325	6.09275457247639	5.79990586711719	14.8393601232124	0.931566209300845	0.435147131599626	2.14080742271322	0.0322895711392349	0.0451311706957583	870	814
chr18	36974440	36976440	+	Gm37388	5.22348344858891	1.66579920615286	1.56298525430141	6.55661707254919	6.3957644778727	37.361577063529	0.310065124437645	0.312083862510446	0.99353142435318	0.320451044316951	0.370055526960506	1053	1024
chr18	36990870	36992870	+	Pcdha8	4.13969095534098	1.34739357414463	1.28014253044021	6.08976864390625	6.01177275595679	17.6267055724431	0.192055734474985	0.364882393922754	0.526349688759287	0.598645265112822	0.641724492460011	1134	1122
chr18	36996379	36998379	+	Pcdha9	4.35227624173775	1.51194450095941	1.10392289535461	6.31619774766399	5.84849253868635	20.4251708605882	1.19701070877309	0.389136260608653	3.07607085215042	0.0020974799716592	0.00352283928941656	724	645
chr18	37003702	37005702	+	Pcdha11	3.87778734764397	1.32820872718341	1.13758721911309	6.06568848424375	5.85398257715192	14.7004391403318	0.699126683996675	0.40013826470258	1.74721276535832	0.0806004382317795	0.106186492838401	923	876
chr18	37009211	37011211	+	Pcdha11	4.06101467943195	1.42541641840434	1.08659242438246	6.19249706856723	5.80877770079941	16.6911873285594	1.09053037345977	0.396414651582865	2.75098402419118	0.00594165409484882	0.00945687353316252	764	687
chr18	37018648	37020648	+	Pcdha12	4.66319240470474	1.49728032452148	1.41963182651555	6.2977156046142	6.18270988635922	25.3373265895151	0.326918698988175	0.333006590096138	0.981718406515	0.326238594831186	0.375668684957124	1056	1028
chr18	37088512	37090512	+	Pcdhac1	5.43267677207929	1.87236818765981	1.35305969579308	6.92197402768175	6.11029947687934	43.1915376124316	1.61863802906993	0.294812687824927	5.49039473508398	4.01036446572346e-08	1.01384681711429e-07	481	404
chr18	37142002	37144002	+	Pcdhac2	6.31645468815268	2.16924690625097	1.51658661383499	7.56182878643716	6.31741945581895	79.6970648968381	2.2061205392327	0.234883168642411	9.39241645956899	5.86392103094504e-21	3.85433944520496e-20	185	135
chr18	37263437	37265437	+	Pcdhb1	4.90392240462612	1.67683824810546	1.31717303452661	6.57209724250886	6.05187702472074	29.9383416531569	1.25619159946287	0.317574064205001	3.95558624287395	7.634719908482e-05	0.000147421304850967	629	543
chr18	37293311	37295311	+	Pcdhb2	4.36608459357197	1.41397219280295	1.27747237084757	6.18054167688879	6.03380401312691	20.6216032164282	0.340304980216026	0.398534351288192	0.853891211927029	0.393165269290311	0.446812119118709	1070	1044
chr18	37299298	37301298	+	Pcdhb3	4.20211288658852	1.4609456256352	1.12778643269466	6.24018969937367	5.85414546005032	18.4061104605682	1.00593538869981	0.387839917023336	2.59368709755391	0.00949528597374202	0.0146899080713363	786	719
chr18	37305954	37307954	+	Pcdhb4	4.06509780908585	1.35477147896214	1.21301981685245	6.10593927910362	5.932516445239	16.738493802681	0.537992231201711	0.387575724701076	1.38809578854983	0.16510787883113	0.205077814768799	979	935
chr18	37318880	37320880	+	Pcdhb5	4.04680118440842	1.3165855741853	1.24155017207729	6.05268939921744	5.97468646638185	16.5275524093434	0.252700057558006	0.392955744642047	0.643075107066311	0.520175365995194	0.572946779936735	1104	1084
chr18	37332420	37334420	+	Pcdhb6	4.10489751444061	1.40122646308126	1.1574509851512	6.15930539101695	5.88691165969743	17.2066878824942	0.75696972052387	0.389949749419103	1.94119812014627	0.0522342510605543	0.0710479298541768	894	844
chr18	37340201	37342201	+	Pcdhb7	3.84294356150308	1.34715293463069	1.00321826316728	6.10208281884919	5.73623757876055	14.3496491826809	1.26029517982112	0.468876374080854	2.68790506301731	0.00719018360210001	0.0113254705442404	772	698
chr18	37353620	37355620	+	Pcdhb8	4.20919179955057	1.47401733554313	1.12556319463637	6.25999183884156	5.84082208993118	18.4966461839284	1.24859961281604	0.380928677176837	3.27777793488728	0.00104627670970105	0.0018046418141794	705	621
chr18	37399354	37401354	+	Pcdhb9	4.16390209938163	1.41629133182458	1.19290940193367	6.17915880627521	5.91702009439335	17.9250110028762	0.800605918414103	0.379757194230322	2.10820474391997	0.0350132831260173	0.048881919955496	871	816
chr18	37410163	37412163	+	Pcdhb10	3.6015150277848	1.2114356913314	1.05490248062375	5.94819976143904	5.77642767905357	12.1384729037457	0.679330187203826	0.477934702522926	1.42138702968789	0.155204275043847	0.194364982959133	971	928
chr18	37419917	37421917	+	Pcdhb11	4.24841893641858	1.44350585846811	1.13129152229795	6.22378789867285	5.88066214191495	19.0064730429308	0.859480646789939	0.409651065899912	2.098079849742	0.0358980922557247	0.04988809163767	875	821
chr18	37434120	37436120	+	Pcdhb12	4.49341285422164	1.48247644846163	1.29888276061128	6.27692000486058	6.04341096863491	22.5243388446666	0.62043241368949	0.371066542650821	1.67202467044658	0.0945194573876961	0.123586731380041	930	884
chr18	37440999	37442999	+	Pcdhb13	4.39768585520447	1.52323931269166	1.20112721399841	6.32755369768293	5.91971872248084	21.0782889605269	1.14057384153749	0.351612840542713	3.24383443954158	0.0011793227242591	0.00203124140608932	706	623
chr18	37446155	37448155	+	Pcdhb14	4.17793679684384	1.36155590664292	1.26541784282728	6.10972483703135	6.00305724415948	18.1002384331994	0.302782493906108	0.389566943791572	0.777228403825002	0.437024027146049	0.48978914010101	1085	1063
chr18	37472039	37474039	+	Pcdhb15	4.08323385096907	1.41075904228171	1.08329311572445	6.173138198353	5.8290830885019	16.9502406500059	0.937690222511065	0.409347141179425	2.29069688824346	0.0219809507316708	0.0316692370731181	844	783
chr18	37476313	37478313	+	Pcdhb16	4.40174591554372	1.40642228922206	1.35950546257715	6.16377130193005	6.11669585680928	21.1376914363491	0.152200132685896	0.358896981901658	0.4240774939913	0.671509298372232	0.710048092887508	1150	1139
chr18	37483294	37485294	+	Pcdhb17	4.76290665245601	1.65941306206474	1.20758648395116	6.53948487180693	5.93918307155054	27.1504960632717	1.5473543560906	0.341639210701498	4.52920597993822	5.92057595643533e-06	1.26527598647194e-05	569	485
chr18	37487964	37489964	+	Pcdhb18	3.7001767962638	1.28266964398126	1.04313494753695	6.01631216101574	5.76965768337834	12.9976310496161	0.849668042086681	0.446664364006992	1.90225169177226	0.0571382578915251	0.0772860084494933	899	850
chr18	37495490	37497490	+	Pcdhb19	4.30497730738668	1.46782614505013	1.18255573861289	6.25562124892279	5.91125760988738	19.7663872797362	0.938929534689816	0.39254324605213	2.3919136149527	0.0167607867681034	0.0248247462972153	821	758
chr18	37502763	37504763	+	Pcdhb20	4.51255137137288	1.52452200947273	1.29222451700651	6.33062476951455	6.02187372351234	22.8251331550016	0.827284878278308	0.335385231340116	2.46667056558419	0.013637576062493	0.0204732006073968	810	744
chr18	37512120	37514120	+	Pcdhb21	3.87584240353268	1.32859828002834	1.13083101231098	6.06794583356321	5.84680316278917	14.6806343529028	0.715916008483113	0.402256187572469	1.77975138879408	0.0751166563045566	0.0993926594845929	919	870
chr18	37516370	37518370	+	Pcdhb22	3.88987725903125	1.31954855164793	1.11105579532533	6.06685696921093	5.832418199917	14.8241477343291	0.818758581082858	0.435157375158604	1.88152293359257	0.0599008185959506	0.0806637822953222	903	854
chr18	37643704	37645704	-	Taf7	4.50836892707278	1.50715617373401	1.28007875831661	6.30650490704755	6.02577340635079	22.7590577888792	0.689289357183101	0.354978507363846	1.94177772142298	0.0521640150306379	0.0710318502544857	893	842
chr18	37660292	37662292	+	Pcdhga1	4.97724418882919	1.72128551511762	1.28602065347839	6.64542735558699	6.01706716859006	31.4992197739957	1.54162623010667	0.316676389192711	4.86814389300278	1.12651295618159e-06	2.55091201995683e-06	537	453
chr18	37667452	37669452	+	Pcdhga2	4.63591803237764	1.62880531204277	1.13796018851306	6.48623074876762	5.87883218727807	24.8628199642712	1.5289097636916	0.35379291137952	4.32148218495963	1.54984567199867e-05	3.21606200878905e-05	586	501
chr18	37672806	37674806	+	Pcdhga3	4.70088293423305	1.65625401879608	1.01259870237555	6.53815383033318	5.79014001611143	26.0079887906688	1.72267733855771	0.637434904733244	2.70251491684256	0.00688170964805798	0.010881871173002	769	695
chr18	37678732	37680732	+	Pcdhgb1	4.50522203726666	1.53579099783749	1.27272041093966	6.34450549316203	6.00011427820152	22.7094685197846	0.932335877273692	0.33380207322203	2.79307994786942	0.00522087867202638	0.00834242899498564	761	683
chr18	37683709	37685709	+	Pcdhga4	4.61068808190188	1.62523509683948	1.17188748459902	6.48126692135696	5.8890914929311	24.4317971159349	1.54980838855047	0.336372437991191	4.60741789013955	4.07700115522359e-06	8.88464767876682e-06	558	474
chr18	37688327	37690327	+	Pcdhgb2	4.73211414711427	1.62494720557418	1.27166917139398	6.48241691577227	6.00726982406486	26.5771434912603	1.09743067919437	0.327822694289585	3.34763485966883	0.000815043211638749	0.00141382674087406	701	616
chr18	37692879	37694879	+	Pcdhga5	4.64492041926755	1.61796249695119	1.21503755404609	6.46986773217961	5.94059251541093	25.0184484954032	1.27736938792552	0.333727711955934	3.82757961704478	0.000129409531211613	0.000245112133883678	642	558
chr18	37705538	37707538	+	Pcdhga6	5.03745404889284	1.75161726657296	1.28050973251422	6.69650595801331	6.00938607028136	32.8416350328461	1.63734376595818	0.306357742035789	5.34454835408372	9.06427774824923e-08	2.23120683033827e-07	494	417
chr18	37713263	37715263	+	Pcdhga7	5.00550592433225	1.74367984616064	1.24925901747508	6.68154681030253	5.98440485979894	32.1223586469042	1.58150270488004	0.312473462558062	5.06123845504534	4.16541858073987e-07	9.68479731200704e-07	523	442
chr18	37718868	37720868	+	Pcdhgb4	4.84663167120149	1.66919439186486	1.29633853886717	6.55363573434731	6.02997039441103	28.7727591909065	1.25193373680127	0.309834430219588	4.0406540225823	5.33023446195213e-05	0.000104037963173897	623	537
chr18	37724205	37726205	+	Pcdhga8	4.90736231661774	1.65672068270391	1.34852086894308	6.5385330775421	6.10016560044665	30.0098107664626	1.07226164145333	0.333263156788608	3.21746229552005	0.00129330024488691	0.00221812848770449	709	626
chr18	37729508	37731508	+	Pcdhgb5	4.66874025321212	1.55496177703292	1.34150954613243	6.37177425108439	6.09814547572856	25.4349482399798	0.688458443828099	0.335485844988029	2.05212367112736	0.0401576450150613	0.0555536932176502	879	828
chr18	37735435	37737435	+	Pcdhga9	5.04356121986203	1.72528272848227	1.34189039830253	6.6505728203995	6.08972693325614	32.9809538744601	1.27322840550183	0.305937938340594	4.16172120531313	3.15857828593735e-05	6.27586796682977e-05	612	524
chr18	37740593	37742593	+	Pcdhgb6	5.67539006082584	1.92236024873848	1.46152743024935	7.02311563880265	6.26738556350907	51.1049120717935	1.45036178638179	0.303810165918921	4.7739080158656	1.80684933182557e-06	4.03883968290421e-06	544	462
chr18	37745492	37747492	+	Pcdhga10	4.73124391194073	1.626194806983	1.20502571684621	6.48623635418121	5.95961869671552	26.5611169643103	1.3388253454178	0.39022841492746	3.43087610794994	0.000601635308178703	0.00107113987517614	683	597
chr18	37750099	37752099	+	Pcdhgb7	5.47250279493543	1.85972827427959	1.42706441068707	6.8977280136349	6.21120001189168	44.400462360819	1.3271870616209	0.28996628962258	4.57703915633906	4.71603212804129e-06	1.018595926767e-05	563	481
chr18	37754230	37756230	+	Pcdhga11	5.42953819515571	1.86640607416731	1.3942902180323	6.90992376152577	6.14989263757583	43.0976767400949	1.58304608144502	0.275935004346718	5.73702522879588	9.63539086613265e-09	2.58075667251482e-08	454	375
chr18	37764079	37766079	+	Pcdhga12	5.2674762298556	1.73320383847083	1.53049678886201	6.66342017440357	6.34017344039909	38.5184095597928	0.642252460286854	0.271012107123325	2.36982940394835	0.0177962944920325	0.0262306595179533	825	760
chr18	37804863	37806863	+	Pcdhgc3	8.29215965736133	2.75295058550789	2.14435297372086	9.13587975767377	7.50097112775981	313.464804446705	2.03931425595845	0.161654560912142	12.6152596280089	1.7398332642335e-36	4.59921141153898e-35	67	30
chr18	37813578	37815578	+	Pcdhgc4	7.68001941161628	2.52520269469578	2.11091577618107	8.47999020525287	7.42424960994902	205.076647972641	1.37428888089421	0.161147073587427	8.52816529832057	1.48686981339227e-17	7.09032820817647e-17	284	226
chr18	37818012	37820012	+	Pcdhgc5	6.53430743374482	2.06737944192843	1.97215199743565	7.32652792123686	7.1212799068968	92.6877924030114	0.321916820759897	0.19276447587285	1.67000075767196	0.0949192136998791	0.12384309426937	1007	972
chr18	37934976	37936976	-	Diaph1	9.97428040783853	2.9121447808373	3.15938193002241	9.61500128109885	10.3866500603407	1005.90643845183	-0.838277058439055	0.144685836307154	-5.79377415118558	6.88219948794304e-09	1.88061900614354e-08	622	535
chr18	37953578	37955578	+	Rell2	8.83473921912943	2.66121064503056	2.75725052576573	8.86627393538414	9.14788796972726	456.584862420473	-0.320113112539708	0.143816077553859	-2.22585066971963	0.0260241855412952	0.037098956176102	1009	974
chr18	37954488	37956488	-	Hdac3	9.16699913565228	2.80046087687636	2.82395188167449	9.27676701789591	9.34709489762233	574.833023707517	-0.0759061396016694	0.134704239986144	-0.563502229844267	0.573092942121339	0.619449793439599	1174	1165
chr18	37969274	37971274	-	Fchsd1	8.09691749744117	2.42487966033047	2.54615131278351	8.2069695156511	8.5385408941993	273.788397073747	-0.400387353268683	0.157980510638636	-2.53440979301889	0.0112636923404789	0.0171477995319113	944	901
chr18	37997074	37999074	-	Arap3	7.60729120383333	2.34852496255879	2.33980516364176	8.00477540702258	7.98260120508672	194.994713830652	0.0225764680134355	0.156503852221752	0.14425503074165	0.885299087079471	0.89785128431079	1204	1202
chr18	38211553	38213553	-	Pcdh1	7.69987503256126	2.48311691986597	2.22101081783339	8.36420538517658	7.68377765217697	207.918602605672	0.882370693342458	0.158375071127319	5.57139887648805	2.52702025982033e-08	6.52411175359134e-08	597	509
chr18	38248748	38250748	+	0610009O20Rik	10.5775238976003	2.89750347131232	3.42293059601084	9.57059526982396	11.2307203450008	1528.10069424021	-1.74917828987039	0.140021693379224	-12.4921949424869	8.23499092408288e-36	2.04362223748669e-34	138	94
chr18	38283902	38285902	-	Pcdh12	6.25158167077882	2.03281148352453	1.80164089469758	7.2543195307538	6.78858487739474	76.1927420250148	0.794468900340364	0.231245929007542	3.43560167199506	0.000591239566649979	0.0010541749458158	682	595
chr18	38295134	38297134	+	Rnf14	10.1527286388467	2.74111204466418	3.30371400284524	9.10148125520949	10.8464717648698	1138.35012122148	-1.85405433676738	0.149871742209876	-12.3709400413256	3.7540197181907e-35	8.61299618362244e-34	116	75
chr18	38338503	38340503	-	Gnpda1	9.53535782013721	2.55347252188845	3.11796413036628	8.5584140186921	10.2556889323962	742.042403165848	-1.88922839790634	0.141166341800473	-13.3829946558834	7.60215813890354e-41	2.88882009278334e-39	105	63
chr18	38417474	38419474	+	Ndfip1	8.5451021577694	2.59810864920275	2.65328487270031	8.68419924007998	8.84285926068172	373.535657387077	-0.192474443290421	0.129602732051962	-1.48511100223761	0.137514422065915	0.174548577486589	1083	1060
chr18	38600033	38602033	+	Arhgap26	8.42069208050438	2.7024967075587	2.42579325069601	8.98644367889455	8.21141675726969	342.673799902038	0.901750674281895	0.16329652219357	5.52216705027537	3.34843902646331e-08	8.51820472004056e-08	578	492
chr18	38600768	38602768	-	Spry4	8.6830559190753	2.80689222226743	2.45491949697024	9.29592890105473	8.28909677299448	411.01747381251	1.14931050545849	0.154905889073701	7.41941131051302	1.17642044923118e-13	4.41520761192936e-13	399	324
chr18	38928904	38930904	-	Fgf1	7.33273429027732	2.44619507189042	1.93399178363623	8.26331994650219	7.04281970790557	161.202944994284	1.70056640574113	0.174793255044467	9.72901617575865	2.26775582195266e-22	1.67126732090572e-21	165	117
chr18	39490801	39492801	-	Nr3c1	9.24567563026867	2.71546893690653	2.92433105847786	9.02520344069863	9.65341347124334	607.051721294257	-0.703002372427776	0.163979380996188	-4.28713883512048	1.8098918405431e-05	3.73655089660511e-05	740	660
chr18	39771996	39773996	+	Pabpc2	4.77098897646653	1.60717219176854	1.34139147806232	6.45424743632613	6.09054616908918	27.3030265182434	0.851016167293963	0.31930016435126	2.66525439792059	0.00769301020193629	0.0120705811684575	775	702
chr18	40218899	40220899	-	Yipf5	9.91496015763893	2.9110654529762	3.13192199874161	9.61363195285759	10.2991675226534	965.384703749386	-0.706218455975842	0.155481822842754	-4.5421287393194	5.56890138311736e-06	1.19431818022411e-05	738	658
chr18	40255461	40257461	+	2900055J20Rik	6.16846857151616	2.07705909937715	1.621397147881	7.34988459277259	6.48610926968143	71.9273512149977	1.52123581204569	0.249457839829571	6.09816798335538	1.07290966596512e-09	3.10632893765139e-09	420	344
chr18	40256860	40258860	+	Kctd16	5.66546345507284	1.91572777436282	1.52990785925286	7.00475240294336	6.33684710301775	50.7544866265696	1.32211568596712	0.246479062832436	5.36400808561147	8.13952578059007e-08	2.01172019292633e-07	492	414
chr18	41950694	41952694	-	Prelid2	9.11366040490999	2.80400283456264	2.78041522310441	9.28986113537193	9.21659843388787	553.96860432292	0.104977408640312	0.166694782673616	0.629758214123924	0.528852788545635	0.580401616310011	1145	1132
chr18	41998549	42000549	-	Grxcr2	4.64208697562238	1.57043971062633	1.28325731501594	6.40419984154434	6.0185567060045	24.9693606457175	0.921306097958116	0.348328685780582	2.6449331782524	0.00817070505414084	0.0127706649689399	778	705
chr18	42052166	42054166	+	Sh3rf2	6.49021589643468	2.23939605091166	1.46049159088049	7.73193712038094	6.24169541683867	89.8979240856638	2.60553077464698	0.243386789527942	10.7053089434332	9.61095399563374e-27	9.90416954126324e-26	118	78
chr18	42171869	42173869	+	Gm5689	3.7911640669012	1.28954145914527	1.07293249803883	6.0373038512615	5.79413035869118	13.8437613071274	0.8876785033176	0.452881565557961	1.96006764422826	0.049987884435392	0.0682980533409401	890	837
chr18	42196209	42198209	-	Plac8l1	4.39417792614976	1.49852623906553	1.22882082295665	6.29023891112963	5.96047689406303	21.0270991257834	0.887364680659206	0.357226082158723	2.48404224937006	0.0129900395149426	0.019597875992767	806	740
chr18	42261622	42263622	-	Lars	10.1314857240633	2.88213301656623	3.24300612680942	9.52667081157249	10.6521433683708	1121.71132234736	-1.16317190961177	0.17238983919366	-6.74733450099156	1.5058584420888e-11	4.97588006951082e-11	396	323
chr18	42273852	42275852	+	Rbm27	10.6235452779498	3.01471403052151	3.39888252993254	9.93289809634614	11.1529864040931	1577.63229871438	-1.26639610993864	0.156003176421668	-8.11775849047871	4.74872595876415e-16	2.10746378315956e-15	340	272
chr18	42393038	42395038	+	Pou4f3	5.57052444500921	1.90061652303043	1.45969955713357	6.97573761720676	6.23925634466663	47.5220262125517	1.47721845768134	0.263510992559687	5.60590828994257	2.07165642184633e-08	5.38276540377166e-08	468	390
chr18	42510009	42512009	+	Tcerg1	10.7704851087048	3.03254899846426	3.4568178635656	9.98806553557936	11.3402497064617	1746.78351858338	-1.39581348599744	0.137020742702975	-10.1868772454634	2.26936912481843e-24	1.98528982430159e-23	274	214
chr18	42579152	42581152	-	Gpr151	6.00516249065931	1.93291917899782	1.76875431908157	7.04581937627477	6.72572620578031	64.2294256537419	0.5748827247931	0.245321640536742	2.34338366372941	0.019109720834179	0.0278960630664605	833	769
chr18	43058971	43060971	-	Ppp2r2b	5.85315752287836	1.97117428741338	1.53306970692671	7.12685711922948	6.35476743016741	57.8064079867747	1.42565875074964	0.279597906284376	5.09896075294505	3.41523347374038e-07	8.00178016198133e-07	519	436
chr18	43206196	43208196	+	Stk32a	6.70578697884557	2.22845826721493	1.81828664400834	7.7047838196827	6.819606806066	104.386184865983	1.37049652215091	0.208273661953571	6.58026804395663	4.69600906185552e-11	1.49485524063254e-10	382	308
chr18	43437786	43439786	-	Dpysl3	7.12744377728297	2.42017518716682	1.68172583872498	8.19899709725839	6.57340274775324	139.821632791053	2.52977785017012	0.22188129905033	11.401491973401	4.11014193107587e-30	6.40760588229263e-29	78	40
chr18	43477296	43479296	-	Eif3j2	6.2852621858859	1.94267219433988	1.95259573352919	7.0609747122066	7.08011268479408	77.9924294173257	-0.00534224910505188	0.205702244708785	-0.0259707866222605	0.979280639486821	0.982512588792058	1212	1212
chr18	43687273	43689273	-	Jakmip2	6.76309345221766	2.31589590434434	1.57373526681427	7.92350843614551	6.40243817405544	108.616046918877	2.54626996586558	0.226517808050479	11.2409262114091	2.56675087263911e-29	3.71567745372519e-28	84	45
chr18	43736737	43738737	-	Spink1	5.79772492804807	1.77152568057892	1.81383918481035	6.7446497499187	6.80726669842714	55.6274446084964	-0.0479810519596286	0.263715911017127	-0.18194219595841	0.855628089527368	0.872855500725905	1192	1188
chr18	43762788	43764788	+	Scgb3a2	4.58108750863277	1.51451565020759	1.34371239767242	6.32014195737686	6.08723949902156	23.9356239376394	0.601577773888564	0.337014113861465	1.78502249355602	0.0742576684221097	0.0983630989120756	918	869
chr18	43792378	43794378	-	Gm94	4.94970627196053	1.65107302267751	1.35361154566693	6.53659683081277	6.11704736885737	30.9036699978896	0.940131087722873	0.351517817645495	2.67449056784653	0.00748428815232062	0.0117582614899507	774	700
chr18	43961734	43963734	+	Spink5	4.53592936895785	1.54500231045757	1.2649309518001	6.36145852782246	5.99350595180423	23.1980135766915	0.94883593834559	0.344430910896902	2.75479322072114	0.00587292392185999	0.00935973196458945	763	685
chr18	44026368	44028368	+	Spink14	4.76708992182205	1.56502553850882	1.42083345720246	6.38690337960383	6.18677657172555	27.2293364701952	0.462967533758188	0.30472214624097	1.51931042580699	0.128684376664649	0.164954290421958	948	906
chr18	44069892	44071892	+	Spink6	4.78250684832693	1.58742837935823	1.38059005266145	6.42856717522734	6.13364742333886	27.5218748600445	0.769909474199623	0.32584869167513	2.36278215585785	0.0181383281409195	0.0267024298055183	826	762
chr18	44102906	44104906	+	Spink12	4.6059323179844	1.57645778747826	1.20794712584382	6.41287022130862	5.95035762612745	24.3513916552261	1.16217842220381	0.373908886297987	3.10818615120479	0.00188239460925008	0.0031791553400668	720	638
chr18	44114762	44116762	+	Gm37797	4.0288331424173	1.33859648777648	1.17219371431897	6.08772473413543	5.90360589170839	16.3229865733769	0.531376189493543	0.414779994766184	1.28110370846859	0.200157241454513	0.243634840449137	999	964
chr18	44159373	44161373	-	Gm10267	4.51719592198879	1.50062740506962	1.26201181403204	6.29503184707811	6.023958274416	22.8987338207995	0.619020961566207	0.380766679968793	1.62572250706638	0.104008699879271	0.134834306026859	938	892
chr18	44174573	44176573	-	Spinkl	4.14038780218911	1.45506001698807	1.02342553306931	6.22883200659604	5.78829667399189	17.6352216349717	1.13866306749623	0.400554656143117	2.84271584422525	0.00447309313175642	0.00719481646589393	756	679
chr18	44195677	44197677	-	Spink11	4.27409086544435	1.49973614773284	1.12869391384155	6.29149224654894	5.85173051891155	19.3477093541865	1.18189736463938	0.37050982758493	3.18992176899399	0.0014231131149851	0.00243048531997455	712	630
chr18	44199763	44201763	+	Gm10542	4.45859890179179	1.49618340880543	1.28959264687497	6.29218659977304	6.01950877295937	21.9873053666533	0.726827510484039	0.345078274388192	2.10626853218352	0.0351810331116584	0.0490597892933219	872	818
chr18	44268626	44270626	+	Npy6r	4.37158935464447	1.47113389326843	1.25418678962796	6.2569364848952	5.98328709133042	20.7004375087771	0.789572729828953	0.362976053396484	2.17527498698789	0.0296095157712214	0.0416726518261635	864	806
chr18	44332573	44334573	+	Myot	4.92531622179186	1.7215447162255	1.21009073382612	6.64864132330259	5.93112346915635	30.385607308447	1.75514951252592	0.333911097090097	5.25633777320176	1.46952284975606e-07	3.58823250060918e-07	498	421
chr18	44379001	44381001	+	Dcp2	7.57472406248006	2.34277985227283	2.32450683824671	7.99091539613018	7.94301432118045	190.642248542885	0.0603998854818954	0.161434412517039	0.374145044666484	0.708296407507178	0.745704269721843	1182	1175
chr18	44811682	44813682	-	Mcc	6.39133529689585	2.16168119676583	1.66203214213516	7.54293812745983	6.5405061401361	83.9428358056104	1.67868061658491	0.211037383131401	7.95442301111025	1.7996824258067e-15	7.65179660762567e-15	286	228
chr18	44826245	44828245	+	Ythdc2	6.51736347991596	2.00582694376337	2.02826384939278	7.19118998463219	7.24182639727869	91.6055739478775	-0.102623634380867	0.195149934596187	-0.525870708556579	0.598978041893184	0.641724492460011	1149	1138
chr18	45267359	45269359	+	Kcnn2	7.47982520885045	2.52228923856429	1.79469695518449	8.47677310958157	6.77554613792847	178.505560964273	2.48466581923668	0.221473400918588	11.2188001309919	3.29713502384707e-29	4.66199556860237e-28	86	48
chr18	46212107	46214107	-	Trim36	6.64616641921822	2.27198380728259	1.54064278660301	7.81171644273829	6.38351772750008	100.160261183717	2.32530584235727	0.420172027343864	5.53417574477006	3.12695323659297e-08	8.005000285678e-08	475	398
chr18	46280350	46282350	-	Pggt1b	7.32272682509062	2.32242602939149	2.1757857916453	7.93907931800475	7.57846630160209	160.088606539838	0.475926207058634	0.189329216134438	2.5137494190051	0.0119455276081513	0.0181345337971436	886	835
chr18	46311428	46313428	-	Ccdc112	8.50522386846863	2.72972411347867	2.45252688126832	9.06613377681755	8.28171933556535	363.351957516167	0.899611298359341	0.153143035648256	5.87432066075535	4.24580833000747e-09	1.18144231791512e-08	579	494
chr18	46525471	46527471	-	Fem1c	11.0364450274546	3.19972943977825	3.49389660752869	10.5147307508444	11.4608868877507	2100.39511115932	-0.979797065568587	0.156995490979048	-6.24092487916958	4.34991129586783e-10	1.29327436082525e-09	513	434
chr18	46574033	46576033	-	Ticam2	6.98073958505463	2.25440681423011	2.02597298973523	7.76707127162181	7.23650015506163	126.302517467932	0.782172119087937	0.184434618083422	4.24091814875097	2.22607310033864e-05	4.51150815001964e-05	662	575
chr18	46596203	46598203	+	Eif1a	9.66210570828277	2.85179923988029	3.04544327767133	9.43160698684991	10.0281019213044	810.183957550475	-0.651205008511945	0.14790684588373	-4.40280505355282	1.06860180442493e-05	2.23652288155028e-05	777	704
chr18	46597035	46599035	-	Tmed7	9.75933243510854	2.88817837095077	3.06913135049055	9.54250356442638	10.1022329954632	866.666082707945	-0.604677029107853	0.153029039465456	-3.95138747011707	7.76994057066209e-05	0.000149261417597553	811	746
chr18	46727842	46729842	-	Cdo1	7.53094715502386	2.42449036908628	2.16153198991459	8.21115193436821	7.54415630026922	184.944316420742	0.911669132136919	0.20610457489682	4.42333282797493	9.71898405542036e-06	2.04468591892581e-05	578	492
chr18	46740375	46742375	+	Ap3s1	9.76135535777986	2.88411204735481	3.06860218219707	9.53053453788395	10.1009907918074	867.882159664489	-0.621246136961749	0.170836690864273	-3.6364912819303	0.000276376992598343	0.000509976362670084	798	734
chr18	46741079	46743079	-	Atg12	9.80372798958538	2.89746239136324	3.07860028653683	9.57176839134712	10.1324892225007	893.750286848667	-0.606702680132962	0.180010193996477	-3.37037956941947	0.000750647090143429	0.0013133623908121	808	742
chr18	46848538	46850538	+	Lvrn	6.2446392500556	2.11535674324549	1.62106827584862	7.43546903176899	6.47712338072673	75.8269742217306	1.68301413687981	0.224268621587707	7.50445659747195	6.16839439689944e-14	2.35873194548104e-13	318	253
chr18	46924481	46926481	+	Arl14epl	4.42538281180624	1.45615716013326	1.33910457959579	6.23040258635709	6.07924001896478	21.4868607175563	0.424464030566699	0.331660907357334	1.27981327057451	0.200610815536621	0.243906828203839	1000	965
chr18	46957361	46959361	+	Commd10	8.90560736372055	2.71188152032814	2.74483668597735	9.01507486371329	9.11278516482347	479.573244909481	-0.124487710794327	0.176536552246577	-0.705166772603838	0.480706456649558	0.534313575215597	1126	1111
chr18	47368370	47370370	-	Sema6a	8.7505412063125	2.87685266807936	2.3174965070955	9.50936887433942	7.92583383613036	430.700505413423	1.89005263650643	0.175366598233369	10.7777230986213	4.38608149647603e-27	4.7198894687742e-26	113	71
chr18	48043834	48045834	+	Eno1b	4.9679469770256	1.60355101904083	1.50985699986786	6.44747780896915	6.30642361649607	31.2968808835141	0.339775995112348	0.282834436102826	1.20132470357613	0.229625271372621	0.275369161724958	1014	979
chr18	49755101	49757101	-	Dtwd2	10.9469911860459	3.07708294485062	3.51012292602873	10.128391198293	11.5133457602083	1974.1161856148	-1.41235177677294	0.162030172644168	-8.71659737026004	2.86687419046303e-18	1.40558656263984e-17	265	205
chr18	49831169	49833169	+	Dmxl1	11.1086955617063	3.08712679071288	3.57343292967012	10.1598100649018	11.719368402109	2208.26188631364	-1.58708032825391	0.15735170257461	-10.0861973673363	6.35851663667643e-24	5.18923236926077e-23	188	138
chr18	49977926	49979926	+	Tnfaip8	9.88735502163841	2.95275813264902	3.09030799436994	9.74024544460804	10.1686032851699	947.08822971496	-0.462775491171002	0.149049622447628	-3.1048417538502	0.00190380850410179	0.00321086149928956	896	846
chr18	50126700	50128700	+	Hsd17b4	8.14620761258092	2.50557172872174	2.49769453114263	8.4289879233432	8.40405201417261	283.304088637756	0.0513807220264814	0.17595370608884	0.292012729760514	0.77027689101689	0.801769159515165	1188	1184
chr18	50276868	50278868	+	Fam170a	4.95883371430289	1.66531469182617	1.32305060825703	6.55299854258822	6.09300838038964	31.0998068307082	1.02792243237683	0.367210203166443	2.79927524756416	0.00512174579497106	0.0081947932719537	760	681
chr18	50568199	50570199	-	Pudp	4.34761646295271	1.47050125816173	1.24627862418082	6.2544669271425	5.97218003150951	20.35930577186	0.803427291481689	0.358025123864131	2.24405282738366	0.0248290025822977	0.0355200789883224	850	791
chr18	51116397	51118397	+	Prr16	7.07610459653811	2.31057229688921	1.99572895205429	7.90946833192477	7.17298258967234	134.933484611565	1.06099836855962	0.194234588256882	5.46245845336471	4.69585456878949e-08	1.1773524032264e-07	485	407
chr18	51865381	51867381	-	Gm4950	5.2247605347937	1.7499867998338	1.46920057113502	6.69365266838851	6.25010750940941	37.3946644991554	0.954126991547622	0.275554343676616	3.46257285883094	0.000535037034167224	0.000958181198155146	679	590
chr18	52330035	52332035	+	Ftmt	4.68240711959444	1.56460904206293	1.36183016868088	6.38688525169831	6.1090623403054	25.6770422030886	0.711283042683988	0.314499354905765	2.2616359353014	0.0237199058780113	0.0340536074942878	847	788
chr18	52464192	52466192	+	Srfbp1	8.68955521292018	2.65513649121471	2.67288515682915	8.85107175674522	8.90062146136268	412.873271066703	-0.0443607487152875	0.176649176984993	-0.251123438401618	0.801718675188047	0.82828369501161	1194	1190
chr18	52529367	52531367	-	Lox	6.69057160575097	2.26155620013024	1.68428495881244	7.78738696960075	6.58420258831571	103.291061707064	1.97249217374728	0.234163916074359	8.42355306835966	3.65235542142849e-17	1.71477381948148e-16	259	198
chr18	52614414	52616414	+	Zfp474	5.5482354913916	1.89861458365078	1.42447846642185	6.97140050316542	6.20144602837686	46.7934758335945	1.58379794564358	0.286685288243467	5.52451768748783	3.30391953211757e-08	8.42886556212221e-08	476	400
chr18	52644708	52646708	+	1700034E13Rik	4.83782091586107	1.62301295339128	1.21092805583954	6.48377865003323	6.02478860439978	28.5975751104413	0.888041384268254	0.640251357097457	1.38701991713714	0.165435689601775	0.205275304648733	980	936
chr18	52692178	52694178	+	Gykl1	4.45007748315518	1.46310285264315	1.33337495569928	6.24592399965266	6.07154774435511	21.8578179994174	0.470065553666907	0.342397264688848	1.37286597220359	0.169794016780006	0.209826752443585	984	943
chr18	52766208	52768208	+	Sncaip	6.62348476544938	2.28415473906478	1.40984905486604	7.8470140829767	6.18121925644115	98.5978829865051	2.86532022771041	0.269331303399129	10.6386453841358	1.96972084222812e-26	1.97948805301603e-25	121	80
chr18	53174864	53176864	+	Snx2	9.41749176285033	2.73251779770696	2.99521938710961	9.0749789465922	9.87222905108565	683.828984271161	-0.890868834827604	0.16495608393649	-5.40064248355095	6.64026456355096e-08	1.64786973658734e-07	586	501
chr18	53244161	53246161	+	Snx24	7.90780373413477	2.56100751450921	2.24098357139424	8.58050053867458	7.73838870891271	240.151953538401	1.04911659853931	0.185045685267135	5.66950046430312	1.4321446271513e-08	3.77367348902085e-08	473	395
chr18	53417507	53419507	-	Ppic	7.35044765136695	2.41835578268805	2.02413823293943	8.18984501507322	7.2335822105095	163.194389748566	1.33014159413922	0.183976057765276	7.2299711728592	4.83096570306361e-13	1.77475960571763e-12	331	264
chr18	53463045	53465045	+	Prdm6	7.43513515339291	2.49979043829826	1.87765569014167	8.4094290419997	6.9326778365313	173.060798410316	2.10011948801693	0.18517000495561	11.3415749409327	8.1661424589908e-30	1.2412536537666e-28	80	43
chr18	53744047	53746047	-	Cep120	10.0067644599105	2.73604135173471	3.24870282453221	9.08495853335732	10.6704577652135	1028.81257039871	-1.70968447206749	0.136992974999296	-12.4800886474381	9.58798449639021e-36	2.3317978295221e-34	146	100
chr18	53860612	53862612	+	Csnk1g3	9.2485078655841	2.69686549699694	2.94167911328698	8.96969852782402	9.70601512303662	608.244629025651	-0.820895885888781	0.138930207570363	-5.90869257481695	3.44833538652722e-09	9.63948466670598e-09	638	554
chr18	54989680	54991680	-	Zfp608	7.07524693592341	2.28751662820846	2.04266073352237	7.84915075476591	7.27585969653337	134.853292512843	0.778036541945423	0.194254550375565	4.0052422990411	6.19539430996644e-05	0.000120345039631297	664	578
chr18	56430631	56432631	+	Gramd3	8.51765799723107	2.78187102357931	2.34334908847449	9.22108535210549	7.99432127658402	366.497106284242	1.44961948739834	0.161799519725165	8.95935593542359	3.2658034206634e-19	1.75717564580827e-18	246	183
chr18	56560942	56562942	+	Phax	8.85523663702009	2.78035326153289	2.64674171771924	9.21626962111827	8.82461152465772	463.118197712219	0.433309332743164	0.137758235632752	3.14543323491976	0.00165841042982898	0.00280867281709197	924	878
chr18	56572451	56574451	-	Aldh7a1	8.72843186362245	2.56765279206493	2.76940202259509	8.59849482948066	9.18408995673033	424.150326903451	-0.677440808444814	0.142896614983781	-4.74077575960568	2.12901464286003e-06	4.70705782857782e-06	763	685
chr18	56586849	56588849	+	Tex43	4.99269263833817	1.62060283481033	1.45571595852569	6.47489347072152	6.25870135204465	31.8383273196773	0.45749849812004	0.332610673089194	1.37547750308468	0.168983455626125	0.209037519879316	983	941
chr18	56706312	56708312	+	Lmnb1	10.1543361151937	2.88482100231653	3.25206098449564	9.53185596069499	10.6815894602366	1139.61919795536	-1.23410964453277	0.15212240269696	-8.11260946877902	4.95441036871711e-16	2.18281268418841e-15	358	284
chr18	56925048	56927048	-	March3	10.7942153416303	2.94559474988695	3.49119232910916	9.71964281326954	11.4519674874962	1775.75316533053	-1.79514346184447	0.163770334237555	-10.9613469997597	5.86202822678867e-28	6.8540637728606e-27	125	83
chr18	56974868	56976868	-	C330018D20Rik	7.96253362387673	2.09504354002049	2.64286218205831	7.38825073383834	8.81326115890245	249.437337540154	-1.83423971507742	0.157012028463259	-11.6821604881478	1.57247201541746e-31	2.80232503176222e-30	117	77
chr18	57131589	57133589	+	Megf10	6.47076610260083	2.19120026191806	1.63321874577912	7.61793502488798	6.49506488610014	88.6940919576316	1.93159921442465	0.238743568278453	8.09068587000331	5.93296868689843e-16	2.58583868217509e-15	279	218
chr18	57353232	57355232	+	Prrc1	8.24640137189738	2.50194350695853	2.56464563878497	8.41534892303772	8.5911382186097	303.678586456333	-0.215290244663381	0.153826352502983	-1.39956672676878	0.161643103627885	0.201185275344429	1073	1047
chr18	57467015	57469015	+	Ctxn3	6.21747277712647	2.16835075541038	1.32931281031235	7.55764150611625	6.07931827226403	74.412484164569	2.70517023335874	0.259131361687048	10.4393779886271	1.63880968432868e-25	1.52121570697991e-24	131	87
chr18	57532279	57534279	+	1700011I03Rik	4.83317339924327	1.62180660941161	1.35383398077683	6.4875494237451	6.09640158429059	28.5055987355485	1.0090836795623	0.329540662313226	3.0620915564076	0.00219796212359148	0.00365729090023766	730	652
chr18	57877177	57879177	+	Slc12a2	9.05556378963138	2.79264321735735	2.75796774390263	9.25417693548958	9.15091619678533	532.103760662711	0.113976170306185	0.163401139881911	0.697523716104765	0.485475102726058	0.539121209967933	1136	1123
chr18	58209426	58211426	-	Fbn2	8.5374205105403	2.88277115303152	1.84659515337268	9.52625765862433	6.87019737278242	371.552047815425	3.47987009129107	0.181633731461381	19.1587215837768	8.18592158544562e-82	3.31802688263396e-79	3	2
chr18	58554756	58556756	+	Slc27a6	7.96978002308262	2.69859818755223	1.78243066302736	8.97728666038624	6.74854892426542	250.693368450586	3.09004142919585	0.195384423313739	15.815188216074	2.44477980448321e-56	2.97285224225158e-54	10	7
chr18	58657981	58659981	+	Isoc1	8.63936670449354	2.49734960834298	2.76333392120093	8.40462225077552	9.16666790147736	398.757185118697	-0.884670034327677	0.168727421076881	-5.24319063659827	1.57823324873449e-07	3.81537103471399e-07	593	506
chr18	58835263	58837263	+	Adamts19	7.67757354058473	2.60918607299465	1.71505431777448	8.71763114227395	6.64020672386266	204.729266112534	2.92546114057067	0.206867434848058	14.1417190323813	2.10088930758049e-45	1.27734069900894e-43	20	11
chr18	59060747	59062747	+	A730017C20Rik	6.54321264379036	2.26553943719543	1.38056833700949	7.79579168125704	6.15647932092172	93.2616884379042	2.85976548550216	0.259219368749905	11.0322214705386	2.6718250840854e-28	3.31524418596718e-27	98	55
chr18	59173900	59175900	+	Chsy3	8.84076757739369	2.85197950264529	2.48331673516806	9.43488955492109	8.36628457303277	458.496711906411	1.24963919591162	0.191879401021756	6.51262818862942	7.38471451154592e-11	2.31438475413398e-10	388	314
chr18	60272767	60274767	-	Gm4841	5.45057414816819	1.82893352690837	1.49679019692375	6.84093262052374	6.2917938921284	43.7306882198853	1.17811534354538	0.277477044570462	4.24581192065499	2.17803276247971e-05	4.43632803881963e-05	597	509
chr18	60291879	60293879	+	F830016B08Rik	5.79934209402488	2.009212299891	1.37046945998953	7.20247045169818	6.1252304741833	55.6898342653798	2.13384882045447	0.270294197234687	7.89454173373069	2.91383883580319e-15	1.23028750845024e-14	288	230
chr18	60374528	60376528	+	Iigp1	6.31425184450281	2.16374003091829	1.51314857062329	7.55108099557019	6.31608604639801	79.5754687136	2.19501375596496	0.248668002947959	8.82708563201968	1.07438542222105e-18	5.48929694714619e-18	238	177
chr18	60501483	60503483	-	Smim3	9.98356979549445	2.58709165234786	3.27626137656109	8.65542525369233	10.7585926172374	1012.40427942328	-2.28137026417735	0.155614538636758	-14.6603928152409	1.15602228613755e-48	8.78576937464539e-47	49	20
chr18	60524684	60526684	+	Dctn4	3.48513508975231	1.10955212247882	1.10077118761071	5.84377025686438	5.82270556764846	11.1977353989286	0.110439953286478	0.484593003253866	0.227902492493523	0.819722044981645	0.842588340403788	1183	1177
chr18	60559235	60561235	+	Rbm22	9.13827452150599	2.67717854158381	2.89729826100571	8.91258053363352	9.57064715816139	563.501062922505	-0.744581411523421	0.156369999551961	-4.76166408938307	1.92003086761103e-06	4.27611270149269e-06	702	618
chr18	60591288	60593288	-	Myoz3	6.373713789072	2.11832326533866	1.74625372639179	7.44465075361814	6.68543087684292	82.9237692162316	1.281969309469	0.222193210712963	5.76961512620242	7.94527830808373e-09	2.1469907605844e-08	450	369
chr18	60659642	60661642	-	Synpo	6.47116359183487	2.06883981753875	1.92887628837861	7.32931584826125	7.0314107332781	88.7185321912347	0.487890797991093	0.192677642508694	2.53216092764411	0.0113361950200415	0.0172310164304631	880	829
chr18	60712889	60714889	-	Ndst1	6.44887719996454	2.08918306844798	1.8693266038874	7.37670440265363	6.91804583700271	87.3585617985797	0.700008052455462	0.218255367342777	3.20728906224825	0.00133992284685612	0.00229162613470751	743	663
chr18	60773009	60775009	+	Rps14	9.02897838928466	2.68289321488812	2.84113859619868	8.92959423071582	9.39951362782295	522.388160412046	-0.527841745799248	0.151752034777388	-3.47831741810622	0.000504572045046766	0.000906291885933335	854	795
chr18	60802347	60804347	+	Cd74	6.15675903533892	1.98427762480418	1.80864335619287	7.14860937627228	6.80222152790986	71.3459205240707	0.572692015532535	0.232282494741694	2.46549795398653	0.0136822956598578	0.0205150080424009	828	764
chr18	60848471	60850471	-	Tcof1	8.82379570103235	2.68928301699256	2.72629854083672	8.94734837032461	9.05709049903275	453.134554875105	-0.139967768882139	0.146399961633872	-0.956064245646328	0.339039777236036	0.388569622166842	1119	1102
chr18	60910279	60912279	+	Arsi	6.65890379987677	2.23301306715059	1.74502260503465	7.71739560991387	6.68567938583765	101.048479275117	1.66700422275428	0.22250461518924	7.49199840792737	6.78327456954891e-14	2.58572472619795e-13	319	255
chr18	60924117	60926117	+	Camk2a	5.94354699834306	1.99734641200752	1.5937497132899	7.17402677907208	6.44626233360701	61.5440294346796	1.33884422511978	0.262743142291944	5.09563908477632	3.47566734131425e-07	8.12771439815025e-07	520	438
chr18	61013699	61015699	-	Slc6a7	6.04410232846433	2.07626968791083	1.49848645127221	7.3455151713072	6.29259715906365	65.9866525834819	1.97749866347491	0.237725279222571	8.31841977404292	8.9143807020116e-17	4.10601777789625e-16	264	203
chr18	61035699	61037699	-	Cdx1	6.1323598699953	2.06997553893149	1.61245997250518	7.33400337880126	6.4662777351179	70.149449150531	1.54080478612564	0.238136784570085	6.47025107400897	9.78402088973811e-11	3.0350432147759e-10	392	319
chr18	61043649	61045649	+	Pdgfrb	6.97890471922407	2.34319116614389	1.82039359193893	7.99121424535666	6.81927387046137	126.141983982249	1.76711807512148	0.184555423984198	9.57499940653481	1.01857892014609e-21	7.07766838227226e-21	175	125
chr18	61104071	61106071	+	Csf1r	5.35682474468546	1.69079043128679	1.65409387167079	6.59057274970591	6.52771182722952	40.9793371834365	0.137786647304237	0.255885043420401	0.538470890922151	0.590251996184595	0.635173829522538	1130	1117
chr18	61176550	61178550	-	Hmgxb3	8.85346635813061	2.64103248857443	2.78213938435194	8.8075530225196	9.22233383650027	462.550270639579	-0.479121333781856	0.144675032066698	-3.31170712000238	0.000927285695799052	0.00160395363597674	885	834
chr18	61211112	61213112	-	Slc26a2	9.24002611759872	2.6031227686049	2.98342258573133	8.6988932543944	9.83491813741314	604.679189265739	-1.27401400498903	0.138650545288172	-9.18866927166506	3.97731020368367e-20	2.33642956892722e-19	337	270
chr18	61218981	61220981	+	Pde6a	6.07774482330604	1.75493430404908	1.97862966578886	6.7025241782926	7.13901760756357	67.5434901170091	-0.79798375283538	0.234226843336565	-3.40688428989644	0.000657089771922116	0.00116305846092765	687	601
chr18	61399931	61401931	-	Ppargc1b	8.18462468141449	2.59293622573322	2.42202791782333	8.66993526492922	8.2003804031518	290.949444507478	0.544402556179115	0.161666164707212	3.36744894743475	0.000758670718006897	0.00132549366824193	845	785
chr18	61536036	61538036	-	Arhgef37	6.58907266779758	2.234475947221	1.67637649460946	7.71768639940565	6.5638070044567	96.2738892323933	1.88480926644863	0.203235039241011	9.27403696472577	1.79230786555625e-20	1.10631795153116e-19	197	149
chr18	61553773	61555773	+	Csnk1a1	10.0720910031038	2.84137426403234	3.23907777545226	9.39961092457662	10.6396865376391	1076.46895885972	-1.3284665239558	0.12978127687553	-10.236195512469	1.36498768500825e-24	1.21155111311681e-23	312	249
chr18	61686434	61688434	+	Il17b	6.07427976360305	1.99267133411777	1.7390838769466	7.16406181118128	6.67537919753332	67.3814590687438	0.871917657258407	0.22467185934252	3.88084942996417	0.000104092272564125	0.000199019187795559	636	551
chr18	61707135	61709135	-	Pcyox1l	9.15288422066611	2.73567539552421	2.86668406933631	9.08462669510674	9.47687745217641	569.236444384862	-0.435675451088689	0.153724989442213	-2.83412249803708	0.00459517137142097	0.0073814113443169	920	871
chr18	61725831	61727831	-	Grpel2	9.01114713641839	2.63998877466679	2.86318148295478	8.80463833430756	9.46576320561971	515.971345116307	-0.745229964359467	0.133799700932871	-5.56974312471264	2.5511517428093e-08	6.57245872723752e-08	701	616
chr18	61786202	61788202	-	Afap1l1	6.85233709008186	2.25491620599326	1.91384819666423	7.76846953585904	7.00140450085474	115.547087889692	1.14903799330464	0.187611396700051	6.1245639311651	9.09322979230482e-10	2.64530321230686e-09	418	341
chr18	61911352	61913352	-	Ablim3	6.85155621751004	2.31187654441014	1.7505458398784	7.91096269786914	6.69681467161853	115.48456383903	1.89258635436573	0.202315426204295	9.35463197183306	8.38912614926701e-21	5.36904073553089e-20	190	141
chr18	61951574	61953574	+	Sh3tc2	10.0183661689552	2.62326844710584	3.28044188140014	8.76190868552468	10.7719025692873	1037.11931952013	-2.14384725758768	0.176581129285777	-12.1408627652284	6.41460723608466e-34	1.36844954369806e-32	59	26
chr18	62178625	62180625	+	Gm9949	10.3386309773277	2.52372197908771	3.4127911726997	8.47804750831263	11.1977792591014	1294.90538900903	-2.93311911958859	0.152068349833512	-19.2881630056474	6.75304560028918e-83	4.10585172497582e-80	12	9
chr18	62179459	62181459	-	Adrb2	10.3052497108872	2.50359116358529	3.40406530960849	8.42299367680195	11.1695612536822	1265.28766955019	-2.96606445692843	0.155769124665875	-19.0414144220855	7.74086924100786e-81	2.35322424926639e-78	10	7
chr18	62322703	62324703	+	Htr4	6.29737383314715	2.14298167782474	1.59062245183764	7.49972244311279	6.43181877651736	78.6499439912814	1.80253941084335	0.229355118163467	7.85916366408982	3.8670669413509e-15	1.62150117264921e-14	290	233
chr18	62547410	62549410	+	Spink10	9.81829537692942	2.81236345400901	3.1432270344253	9.31222377741429	10.3350243746253	902.820505962619	-1.10218635859603	0.125953318254759	-8.75075284929534	2.11934072965237e-18	1.07379930302387e-17	433	356
chr18	62548243	62550243	-	Fbxo38	9.79482602642619	2.79846665898138	3.13917563019225	9.2705233187172	10.3222390063486	888.25249544537	-1.13563503448892	0.127004975472523	-8.94165783870893	3.83375036206059e-19	2.03573818352213e-18	408	329
chr18	62578431	62580431	-	Gm36368	3.91416959835679	1.35125939963053	1.06242218917855	6.09642275427945	5.80554325499423	15.075872546973	0.728868765996541	0.424396524872903	1.7174239732873	0.0859017345316255	0.112804005605245	926	880
chr18	62595764	62597764	-	Spink7	4.56812554887337	1.60025106944342	1.1681139675832	6.44486707105964	5.89044497709577	23.7215364063936	1.46691772984616	0.350284237644456	4.18779257585409	2.81680774264309e-05	5.63361548528618e-05	608	519
chr18	62660607	62662607	+	Gm17732	4.39713062236741	1.49622105912027	1.21500082830482	6.2954246719952	5.94087016766994	21.0701783716143	1.02160535611219	0.376387670681363	2.71423703720902	0.00664286157612758	0.010517864162202	768	693
chr18	62740887	62742887	-	Spink13	4.7200727726584	1.57400747176309	1.35573239165139	6.40955823627893	6.10026519267739	26.3562419848864	0.77284057898967	0.328401499888872	2.35334058842969	0.01860558361191	0.0273241421160418	828	764
chr18	62920826	62922826	+	Apcdd1	8.42256422951512	2.78215995259576	2.22704731252823	9.2221799597839	7.69967276069542	343.118767708978	1.8578279325132	0.154588618211619	12.0178830369645	2.86210317148493e-33	5.8988431466537e-32	114	72
chr18	62976335	62978335	+	Napg	8.65540453661976	2.55232449880121	2.73613443292111	8.55640587588327	9.08711682503801	403.214730941828	-0.628964604214007	0.173941805233556	-3.61594846833675	0.000299249906907143	0.000549679587309797	793	727
chr18	63386683	63388683	-	Piezo2	6.93205219613261	2.35828256949343	1.66166246415346	8.03294135199926	6.54438191800801	122.111240326263	2.34447136196761	0.21693159836051	10.80742215374	3.1746600494608e-27	3.47782578391382e-26	111	68
chr18	63691859	63693859	-	Txnl1	10.1188034659549	2.8144128070789	3.26597000498939	9.31912518552049	10.7257930545924	1111.89394055915	-1.50321768499419	0.1493786869596	-10.0631336075457	8.03977445436867e-24	6.47441439504126e-23	222	162
chr18	63707194	63709194	+	Wdr7	9.20041072003487	2.65758934082407	2.93742938049894	8.85543614020821	9.69354898685673	588.301017004064	-0.949960535326313	0.154531295255852	-6.14736667905032	7.87798671493873e-10	2.3027961166744e-09	540	458
chr18	64252858	64254858	+	St8sia3	4.20738279743001	1.40679333152615	1.23564626679636	6.1674887200661	5.96427034986231	18.473467686834	0.530270039252524	0.372642796237836	1.42299822941991	0.154736668522543	0.19397916383857	970	926
chr18	64338863	64340863	+	Onecut2	7.76608841565996	2.48616863526319	2.26368675483527	8.37394287404248	7.78943291417071	217.683525316738	0.763135224342067	0.171938946396298	4.43840816950881	9.0626634832638e-06	1.91322895757791e-05	681	593
chr18	64488566	64490566	-	Fech	9.83697471186759	2.7053311734343	3.18905604845172	8.99506270638447	10.4807284701808	914.585801445081	-1.61432250045454	0.151426726681581	-10.660750158386	1.55339385867991e-26	1.57410577679564e-25	182	130
chr18	64516057	64518057	-	Nars	9.38732317324913	2.69586691917372	3.00626204224498	8.96732748811577	9.90553898348073	669.677725898402	-1.02841637813894	0.138950839393923	-7.40129662134244	1.34861106345495e-13	5.04588016357299e-13	480	403
chr18	64660500	64662500	-	Atp8b1	8.04300548016301	2.53247651211506	2.391888331398	8.50252666592299	8.1231015365456	263.746013979774	0.457305222395647	0.191977389000536	2.38207856027446	0.0172152244133206	0.0254049913672305	902	852
chr18	64886204	64888204	+	Nedd4l	9.16718520939688	2.84349265052396	2.77668756493377	9.40618186592186	9.20638301821961	574.907168435442	0.211082625551953	0.143917765281524	1.46668915501186	0.14246063438923	0.179515162090471	1074	1048
chr18	65429461	65431461	+	Malt1	10.619515030988	3.00794951976604	3.40145247679207	9.91075462260448	11.1613513837068	1573.23124734344	-1.3166629871995	0.137505720424552	-9.57533245260107	1.01530129123334e-21	7.07766838227226e-21	318	253
chr18	65578729	65580729	+	Zfp532	6.80002901746441	2.32231272611098	1.61753612299824	7.93802520237467	6.47788339021862	111.432713367164	2.29106748367499	0.213525912521887	10.7296929755078	7.38411029247096e-27	7.74058458245232e-26	116	75
chr18	65696767	65698767	+	Oacyl	7.14907423529838	2.42067809770478	1.74379592718162	8.1967496072265	6.68403777000426	141.933785536429	2.28890847628926	0.209408710754439	10.9303403284562	8.25382842633078e-28	9.46854279850776e-27	106	65
chr18	65799048	65801048	+	Sec11c	10.3783662712114	2.95037696917136	3.31904267361679	9.73245208989856	10.8962294919025	1331.06588787904	-1.2492567424716	0.153933078785531	-8.11558342318443	4.8345645612525e-16	2.13775654781202e-15	350	276
chr18	65871319	65873319	+	Grp	5.34737908460594	1.74920085480203	1.55748754426075	6.69323452163987	6.38325763158487	40.7119123306008	0.665821201939927	0.281864570806537	2.36220252880567	0.0181667144956062	0.0267118800806011	827	763
chr18	65938589	65940589	-	Rax	6.14395174785106	2.06576053696573	1.64717197847771	7.3236388876987	6.51811998355873	70.7153618528937	1.39996317525119	0.225330259264459	6.2129390869254	5.20026122526535e-10	1.53483438104919e-09	412	333
chr18	65969678	65971678	-	Cplx4	4.76145813174896	1.56136552813114	1.4239283898683	6.38321432693901	6.18762585112564	27.123249612834	0.45173559474501	0.302131753744443	1.49516093276018	0.134872446641555	0.171553237569174	956	916
chr18	66022080	66024080	-	Lman1	5.21930858069456	1.71348828968145	1.51743013217956	6.6298829557903	6.32429133988793	37.253616493277	0.666113697805212	0.286973297712177	2.32116961095557	0.0202776916106637	0.0294595854224218	837	774
chr18	66302239	66304239	-	Ccbe1	5.3657270270686	1.65028651486575	1.6853479878932	6.52611151298182	6.58549203519067	41.2329857269362	-0.11113907628374	0.274591721324006	-0.404742997159045	0.685666433150808	0.723923126118287	1151	1141
chr18	66457103	66459103	+	Pmaip1	7.75833980520315	2.26669290726173	2.46728854850385	7.79663163362897	8.32803002130353	216.517497015939	-0.740671330645206	0.209418639869241	-3.53679754155444	0.000405010007173319	0.000735062938392173	703	619
chr18	66859972	66861972	-	Mc4r	6.86256756523026	2.3693115620082	1.48323844223307	8.05877259232676	6.27091623604749	116.369370337772	2.9507567949864	0.214700570951881	13.743590815358	5.56459897304888e-43	2.50613050045461e-41	27	14
chr18	67086835	67088835	+	Gnal	6.59573446461507	2.22939613029412	1.70120560811023	7.70491788663986	6.60807541586804	96.7194720614584	1.76638895623434	0.202166981881259	8.73727717452801	2.38796083191279e-18	1.19006572606801e-17	244	181
chr18	67202030	67204030	+	Chmp1b	6.03967968461871	1.91855716916622	1.81324375049789	7.01274811610438	6.81302378607305	65.7846773951531	0.340212974838704	0.234853483933378	1.44861796018838	0.147444302701908	0.185410829457622	991	953
chr18	67245330	67247330	-	Mppe1	8.26381797148702	2.35682186099914	2.66907753603651	8.02838326467737	8.88856057725357	307.366893724608	-1.02427476029272	0.154511773314466	-6.62910494340189	3.37728421017712e-11	1.08933092826933e-10	486	408
chr18	67287752	67289752	+	Impa2	9.09089784576311	2.79889796622255	2.76449141298254	9.27209288965909	9.17363404747957	545.296787438403	0.0590199573767953	0.189728920661035	0.311075175946628	0.755743472294815	0.788827521296563	1183	1177
chr18	67342063	67344063	+	Cidea	6.24860802348792	2.09036802978392	1.69176939855969	7.37806282057455	6.59564682208439	76.0358571711463	1.35370974900338	0.224382386375826	6.03304818559155	1.60895412792024e-09	4.5926953510587e-09	426	349
chr18	67389216	67391216	+	Tubb6	7.76312509125288	2.4880309299092	2.26336609452033	8.37660931971964	7.79112776323996	217.236857900176	0.730384714942015	0.161017822720284	4.5360488833017	5.73179002584995e-06	1.22708744215379e-05	711	629
chr18	67448666	67450666	-	Afg3l2	9.50817320449673	2.73223900843515	3.03490120323521	9.07344861463818	9.99621406450748	728.191052829925	-1.04371779890253	0.166640014120508	-6.26330839211137	3.76894193644126e-10	1.12605243113331e-09	475	398
chr18	67463348	67465348	+	Prelid3a	7.3988507597705	2.41907321653603	2.07337354569652	8.19130532482755	7.34108126776449	168.76252403775	1.1420176627039	0.178719294871503	6.3900076571195	1.65877448338408e-10	5.0680145019976e-10	403	327
chr18	67560886	67562886	+	Gm17669	9.1172805407534	1.9842719636026	3.06178315474847	7.14641683224779	10.0791452462864	555.360416011334	-3.59697080968766	0.160828602715602	-22.3652431778462	8.58147120901409e-111	1.04350689901611e-107	2	1
chr18	67610290	67612290	-	Spire1	9.54938573376969	2.74988641244052	3.04738322525606	9.12764486923009	10.0342100173203	749.292776836438	-0.979352972493875	0.167286816014322	-5.85433446476754	4.78923952475248e-09	1.32961535664361e-08	514	435
chr18	67640098	67642098	+	Psmg2	9.73913227617988	2.60691150667917	3.18096032996062	8.70945486641728	10.4550062759272	854.615857356531	-1.92368072058688	0.140844661752546	-13.6581727461325	1.80455222456493e-42	7.56667415541707e-41	94	52
chr18	67640836	67642836	-	Cep76	9.70888141312929	2.59738479196332	3.17287602673066	8.68240573726316	10.4292109595619	836.882583340336	-1.92426141808881	0.137190629190143	-14.0261869884847	1.07793369265834e-44	5.46153070946891e-43	93	51
chr18	67724095	67726095	-	Ptpn2	10.4705618969096	2.99099557177841	3.34422466872436	9.85870725431426	10.9767904442401	1418.90461882222	-1.1720032424798	0.147225844532105	-7.96058087630277	1.71233486842525e-15	7.30596210528105e-15	392	319
chr18	67773375	67775375	+	Seh1l	10.2097122801901	2.93109925538456	3.25465068423084	9.67387777745671	10.6898686480772	1184.21250669162	-1.08282712673758	0.158261726727648	-6.84200247986058	7.80937365171051e-12	2.63783287791111e-11	447	366
chr18	67798606	67800606	+	Cep192	9.13448212299634	2.64392670728684	2.91618044289644	8.81586413174976	9.62811671526035	562.021738319894	-0.919369826656469	0.14580715788224	-6.30538198542346	2.87483985628414e-10	8.67445475246034e-10	568	484
chr18	67931756	67933756	+	Ldlrad4	7.69627324872454	2.53388234753393	2.10563521509676	8.50359671434678	7.41421584677364	207.40016745004	1.4375909947295	0.164934170782766	8.7161501337582	2.87821590540559e-18	1.40558656263984e-17	253	190
chr18	68298854	68300854	+	Rnmt	10.1108623744941	2.86398943487467	3.24327692917436	9.47062321839682	10.653017677719	1105.79050564903	-1.2337398061636	0.16286377392509	-7.57528685741413	3.58334967789948e-14	1.39658756677108e-13	359	285
chr18	68299833	68301833	-	Fam210a	10.0417674258101	2.83804499265531	3.22458028653771	9.39237298117948	10.5933497779619	1054.07910560273	-1.25488482116191	0.164516143565102	-7.62773059207608	2.38922199528013e-14	9.40224578077875e-14	345	274
chr18	68336102	68338102	+	Mc5r	6.98466392520141	2.26434446938813	2.01264940263418	7.79056346339696	7.20955380019404	126.64654636041	0.834478184922258	0.181886934998266	4.58789513897858	4.47737422658003e-06	9.7049680205371e-06	629	543
chr18	68428751	68430751	-	Mc2r	6.01044392878404	1.91936900618269	1.7920151914596	7.01145670057148	6.77916282566613	64.4649885437646	0.32808535338033	0.236194797196737	1.38904564060763	0.164818871917222	0.204928167946157	1001	967
chr18	68949641	68951641	-	4930546C10Rik	4.80584113076119	1.58276439634275	1.38680800135847	6.4303240910563	6.14110521550668	27.9706355637206	0.758381794468246	0.337901767633447	2.24438540165002	0.0248076149646152	0.0355200789883224	849	789
chr18	69341855	69343855	+	Tcf4	6.38813069066012	2.05757015089535	1.87924580631668	7.30404062757169	6.93610639171809	83.7565835593534	0.600774499431439	0.206305116949055	2.91206785520397	0.00359044629594383	0.00585252372100227	815	749
chr18	69923925	69925925	+	Ccdc68	7.19141885123972	2.30209251321262	2.10428281001213	7.88988609684218	7.4106926171794	146.16143075156	0.692284026453864	0.196955063846913	3.5149338784808	0.00043986349235819	0.000794760782626387	753	676
chr18	70141105	70143105	-	Rab27b	6.54071753232447	2.22363647244326	1.60724866782603	7.69672610612015	6.45571105961622	93.1005336588001	2.07650213197213	0.240621086073382	8.62975961856837	6.14810474036912e-18	2.94334463160978e-17	254	191
chr18	70244084	70246084	-	Dynap	4.45287514896457	1.3874258148053	1.40207217347947	6.14141507032732	6.17239442969209	21.9002456770625	-0.175390312322479	0.354814253397619	-0.494315858630204	0.621083126943887	0.662488668740147	1140	1127
chr18	70470953	70472953	+	Stard6	9.05105646022004	2.69124898698087	2.84418279020943	8.95379814009693	9.40935916843141	530.443933588415	-0.521998784522112	0.161170103529696	-3.23880653477357	0.00120030961598651	0.0020644646294761	858	800
chr18	70472009	70474009	-	4930503L19Rik	8.91167967971651	2.70035504881563	2.7632172505478	8.98006009162322	9.16687506665366	481.596026842513	-0.228304653399161	0.159874685685057	-1.42802253165273	0.153285373327682	0.192358115548464	1063	1037
chr18	70530120	70532120	-	Poli	9.94545480336846	2.75092343241982	3.21366520018985	9.13120796593841	10.5591359339231	986.007495342727	-1.5346421245061	0.174611821350977	-8.78887874046854	1.51060003943775e-18	7.68573074458702e-18	239	178
chr18	70566688	70568688	+	Mbd2	10.2476935493624	2.91404680346675	3.28071339515296	9.62108027225369	10.7730663395847	1215.80281539276	-1.22964376136754	0.147252896869864	-8.35055735748444	6.79415892482596e-17	3.16540124620244e-16	362	288
chr18	72350569	72352569	-	Dcc	6.27038163459182	2.115744682218	1.63813947042565	7.43792472365582	6.50668890386474	77.1921178208718	1.6313621647068	0.238033021032063	6.85351199440121	7.2058606974523e-12	2.44075950086407e-11	359	285
chr18	73571543	73573543	+	Mex3c	11.7235668005518	3.30825767732614	3.74326069032704	10.8615787870527	12.2748847297051	3381.77931293097	-1.44090499945626	0.15885298244724	-9.07068269829198	1.18273605592615e-19	6.75214574650795e-19	252	189
chr18	73703280	73705280	-	Smad4	9.14303060361273	2.7778373839319	2.82406746410318	9.21009533410455	9.34859883368707	565.361802531602	-0.158678460641866	0.164525630574656	-0.964460431408977	0.334815137168784	0.384089817733247	1105	1086
chr18	73753979	73755979	-	Elac1	8.21424413723145	2.55102554561694	2.49678612158702	8.55262951144895	8.40146513406796	296.984563930197	0.18230381903872	0.157764049840487	1.15554728230573	0.24786638193705	0.294917338977939	1090	1068
chr18	73814892	73816892	-	Me2	10.8138495824007	3.01408874484324	3.48090512421723	9.93058641319113	11.4183984745119	1800.08533130354	-1.53841806892668	0.138857383608134	-11.0791232626722	1.58416166009174e-28	2.04929848794846e-27	207	154
chr18	73857884	73859884	+	Mro	5.78117605206036	1.90498848064856	1.6469380752039	6.98452902941492	6.52189008765707	54.992998702219	0.834546657795895	0.243811282657095	3.42292058308733	0.000619521745988494	0.00109976415054308	685	599
chr18	74063601	74065601	+	Gm9925	7.9597985636545	2.67520473269226	1.94084407408629	8.90729651255801	7.05799266782837	248.964902377434	2.41819747424442	0.17839957849376	13.5549506039275	7.40619894612059e-42	2.90514126402666e-40	37	17
chr18	74064859	74066859	-	Mapk4	7.39599213492884	2.51148563135054	1.7335900940913	8.44224703377781	6.67256452153348	168.428460987871	2.4935856743473	0.21136239579497	11.7976788868639	4.01226243947701e-32	7.39228958546068e-31	66	29
chr18	74207318	74209318	-	Ska1	8.56311187552798	2.36740642412077	2.79028065432618	8.05492790564591	9.24687222994696	378.227873276819	-1.41501470638062	0.162166764104807	-8.72567639979613	2.64594303909231e-18	1.30791330712856e-17	264	203
chr18	74214630	74216630	+	Cxxc1	9.93070434190285	2.84795645585297	3.17379149685383	9.42028240357739	10.4319438061512	975.977678306904	-1.07812164440035	0.145804797247464	-7.39428101649175	1.42175449024187e-13	5.30323147280402e-13	449	368
chr18	74266104	74268104	+	Mbd1	8.28619409219726	2.4244830539957	2.64219391412013	8.20581812422069	8.81121217882516	312.171299055513	-0.721864894171783	0.153864221663437	-4.69157083022714	2.71115377888218e-06	5.97239673029118e-06	722	641
chr18	74281589	74283589	+	Cfap53	6.95042083193791	2.26406902836639	1.98756485365609	7.79071099048515	7.15233476791172	123.675920918286	0.920693138557879	0.177634474689168	5.18307687834216	2.18255021640103e-07	5.20388443753656e-07	565	483
chr18	74439435	74441435	+	Myo5b	5.83154783188589	1.99116602770134	1.49462327407197	7.16009008896264	6.29504487147108	56.9469958573357	1.62981334947122	0.250396199045026	6.50893805771447	7.5683920388998e-11	2.36585211293115e-10	389	315
chr18	74777696	74779696	+	Acaa2	10.5500857695361	3.06859947552156	3.34324244576449	10.1002445452773	10.9736050604507	1499.31288551742	-0.916575595313881	0.13735470265153	-6.67305580093053	2.50531075969098e-11	8.1456093149311e-11	569	485
chr18	74960763	74962763	-	Lipg	7.15006436146849	2.35198249674457	1.98785408760137	8.01363525700815	7.15487035075952	142.031228576317	1.21905665065117	0.177860370227347	6.85400940688997	7.18083566238399e-12	2.43907714118965e-11	369	297
chr18	74998976	75000976	+	Rpl17	8.79956993087162	2.58213551062486	2.79335095404979	8.63917968136144	9.25608102901872	445.58903797855	-0.720885347821702	0.149321112736188	-4.82775231587861	1.38082681364619e-06	3.10366988057997e-06	723	643
chr18	75004399	75006399	+	BC031181	9.75589498812261	2.71963772636244	3.15446478364935	9.03630346147119	10.3706957005424	864.603573072845	-1.45215509656126	0.129580822141463	-11.2065587527755	3.7862935921848e-29	5.23196932738263e-28	244	181
chr18	75017271	75019271	+	Dym	9.06229817357871	2.65355169186969	2.87641168299256	8.84406396559759	9.50665623627793	534.593384208127	-0.748184571322108	0.15078972386116	-4.96177426527421	6.98521483106907e-07	1.59662053281579e-06	697	613
chr18	75366028	75368028	+	Smad7	9.33785870434567	2.95538982972206	2.74076847815486	9.74792319920834	9.10140875057252	647.106206573662	0.679824957994452	0.161091703211242	4.22011155411887	2.44181459636241e-05	4.91597110790842e-05	761	683
chr18	75697196	75699196	-	Ctif	8.08447711740806	2.66406574078096	2.17354116917113	8.87487891931353	7.57286205649662	271.437665560028	1.63648060553055	0.172529350492533	9.48523019914444	2.41848674936171e-21	1.64294965766695e-20	179	128
chr18	75818677	75820677	+	Zbtb7c	7.87952843011422	2.62293797798267	2.05064083516896	8.75554272531105	7.29217568189499	235.491051645516	1.89613511868265	0.167510057011189	11.3195300181648	1.05033496205068e-29	1.55756989494344e-28	100	58
chr18	76240079	76242079	+	Smad2	10.8792487957964	3.00289695641283	3.50711741637638	9.89553525219041	11.5038096490631	1883.563290966	-1.68061062301176	0.151998395548099	-11.0567655464491	2.03296971865399e-28	2.6022012398771e-27	152	106
chr18	76854904	76856904	+	Skor2	5.07952985502439	1.71660925081069	1.40323741681123	6.63746195704928	6.16006863516879	33.8135563519178	1.07904573197444	0.293506391834945	3.67639602404721	0.000236552205392787	0.000439827953757842	654	569
chr18	76928516	76930516	+	Ier3ip1	8.5492040666976	2.45962090669877	2.73826245920255	8.30165819693438	9.09342727746865	374.599215158782	-0.938045988192203	0.182732121844517	-5.13344878132792	2.8448047380729e-07	6.70403597189272e-07	552	468
chr18	76928625	76930625	+	Hdhd2	8.58583429048197	2.47061727255606	2.75008442109995	8.33131237438187	9.12821215457863	384.232113111495	-0.940823434618838	0.179308254400265	-5.24696109370774	1.54628536858646e-07	3.76810222084395e-07	548	466
chr18	77046808	77048808	-	Katnal2	8.61932707438089	2.61412252785048	2.67364239586225	8.73075445630676	8.90358992107454	393.256574405596	-0.215531924426682	0.163398609772493	-1.31905604782548	0.187150375536859	0.229641631334834	1072	1046
chr18	77063707	77065707	+	Pias2	8.56202711662295	2.57385878449455	2.67850216573464	8.61626259153203	8.91679326542838	377.943591544264	-0.356750998475856	0.152034174323211	-2.34651847233659	0.0189497268629739	0.0276957546458849	982	939
chr18	77184352	77186352	+	St8sia5	6.71829893396575	2.23545872433858	1.8279287468372	7.71970606822648	6.83470114074022	105.295424298167	1.37058770943337	0.191423841193842	7.15996346581236	8.06985646557659e-13	2.91185325286087e-12	337	270
chr18	77185757	77187757	-	Gm7276	6.25199636684694	2.0749691356239	1.73282717669307	7.34285418223013	6.66700318008178	76.2146464270252	1.09152026055612	0.215446572778283	5.06631526545289	4.05589981533986e-07	9.44822638975723e-07	522	440
chr18	77280457	77282457	+	Loxhd1	5.35989928769354	1.75273871595493	1.56424306644953	6.69623105887765	6.39625031556171	41.0667618149061	0.579136328988113	0.267712100311399	2.16328036093426	0.0305196226556111	0.0429038857216452	865	808
chr18	77564647	77566647	-	Rnf165	7.39652245620925	2.50229585556229	1.7882580918509	8.41745225528574	6.7635709037923	168.490385104465	2.35726457552917	0.196886289055331	11.972720837187	4.93822198675186e-33	1.00081298931504e-31	60	27
chr18	77713510	77715510	-	8030462N17Rik	10.0204278397494	2.7302066966014	3.25459736245653	9.06761746038995	10.6894433241796	1038.60246534481	-1.75491394488236	0.142294384248129	-12.3329810530132	6.01784492251157e-35	1.35512952329149e-33	136	92
chr18	77767280	77769280	-	Haus1	9.08247743454537	2.6080446077852	2.91079697955647	8.71346006300655	9.61140027803515	542.123386692027	-1.01311761805667	0.150707909633406	-6.72239181421239	1.78765461934692e-11	5.8751027489888e-11	494	417
chr18	77772228	77774228	+	Atp5a1	9.01142629494132	2.61631439485097	2.87575901166231	8.73708722449129	9.50411052125027	516.071194170269	-0.862577440421682	0.142508740734844	-6.05280375065991	1.42346243968816e-09	4.08238284589813e-09	607	518
chr18	77793044	77795044	+	Pstpip2	7.73507959484963	2.24216461613406	2.4805711057975	7.73593186208021	8.36018888070713	213.054630187318	-0.814094762088946	0.181323122069159	-4.48974600039394	7.13081524084674e-06	1.5132759743228e-05	644	560
chr18	77936966	77938966	+	Epg5	10.1041489324747	2.70029564230016	3.29640695450104	8.98006526260509	10.8230824777226	1100.65677027668	-1.98264220991462	0.137538516747061	-14.4151780665251	4.15366541512004e-47	2.80603174710332e-45	79	42
chr18	78056895	78058895	-	Siglec15	5.31906393735019	1.67923933237945	1.61892662934904	6.58177577656802	6.47518060745087	39.9206674659483	0.238048210338464	0.293655885892421	0.810636604865028	0.417574389209153	0.470593565596228	1079	1054
chr18	78141619	78143619	-	Slc14a1	6.06696860614527	1.86294289355018	1.90349152186333	6.90193868781339	6.97953560581412	67.0408532718774	-0.121237910545559	0.211817381507264	-0.572369980607098	0.567071348749608	0.613570868843346	1129	1115
chr18	78208594	78210594	-	Slc14a2	5.40451711310799	1.70639856497144	1.62335504071721	6.6227938038807	6.49652393932494	42.3566654887466	0.244367971709156	0.311012968770134	0.785716340625542	0.432033687863304	0.485090456548272	1083	1060
chr18	78348253	78350253	+	Gm6133	6.40286074996106	1.91202303326224	2.02734560581358	6.99848764741961	7.24879008040585	84.6161271210554	-0.433617550626876	0.231370673840552	-1.87412494171885	0.0609132063288366	0.0819363483361342	923	876
chr18	79108891	79110891	-	Setbp1	8.30813376585649	2.7674676471755	2.10174782032634	9.17905994912011	7.40572615877502	316.95490096859	2.19946179250937	0.173523190910391	12.6753189643982	8.10284124449951e-37	2.29140812867707e-35	54	23
chr18	80045394	80047394	+	Pard6g	8.3327790243749	2.73829819154031	2.24766609122011	9.09228417959915	7.75252334093737	322.415887084099	1.6134875206399	0.175167715934056	9.21110098419802	3.2279678916751e-20	1.92412203739065e-19	204	152
chr18	80089462	80091462	-	Gm21886	6.49694507749783	2.1368491626346	1.8341745944497	7.48480489569292	6.84583684194973	90.3182155544619	1.02253711407961	0.198344689883608	5.15535411953632	2.53152059471475e-07	6.02412728605311e-07	511	433
chr18	80150982	80152982	-	Adnp2	9.87354884614754	2.98799683426061	3.04403159485257	9.84906227756562	10.0254081768344	938.068097352652	-0.232406632950037	0.186476333271473	-1.24630632141237	0.212651957997483	0.257042525770317	1062	1035
chr18	80200158	80202158	-	Rbfa	8.38107970724787	2.45152791503741	2.66459105044788	8.27786658316462	8.87843084576616	333.392931598295	-0.746675873581227	0.176903598342825	-4.22080658944104	2.43429731575654e-05	4.90896440457703e-05	699	614
chr18	80205264	80207264	+	Gm16286	10.0251688891525	2.74885609813446	3.25157600949655	9.1229821048149	10.679655254092	1042.0211818246	-1.67594241639138	0.1408663096346	-11.8973970478724	1.22096266915197e-32	2.43391902571935e-31	155	108
chr18	80205294	80207294	+	Txnl4a	10.0279181705204	2.75149943222308	3.2518694267281	9.13078450163406	10.6805924148915	1044.00880966355	-1.66850516868504	0.14031881933382	-11.8908153347247	1.32110567018565e-32	2.59107176604154e-31	156	110
chr18	80246602	80248602	-	Hsbp1l1	5.22022246388401	1.61805903394465	1.63992255550636	6.47245098260099	6.50803715807728	37.2772224795128	-0.0497934912987351	0.275733528224199	-0.180585551635375	0.85669289754562	0.87320918978665	1193	1189
chr18	80251791	80253791	+	Pqlc1	6.28467348077416	2.0690566902796	1.77962394491124	7.32977045007418	6.74632376559419	77.960610374548	0.964895766969252	0.207364113510074	4.65314730999669	3.26906527437341e-06	7.17542125205427e-06	554	469
chr18	80363754	80365754	-	Kcng2	6.38829726168766	2.09664057058186	1.80056389416608	7.39291182431299	6.79221109985788	83.7662545052048	0.960374502888539	0.227470340509131	4.22197681130208	2.42169028715767e-05	4.89165347040486e-05	602	515
chr18	80712571	80714571	-	Nfatc1	7.02205415726599	2.37285710568021	1.7747628872206	8.06767887605096	6.73737739993412	129.971739823164	2.02088154291086	0.187874768822499	10.7565350875835	5.52070490845905e-27	5.88875190235632e-26	114	72
chr18	80933558	80935558	-	Atp9b	8.72493305823386	2.59485918920436	2.74006723242325	8.6759344710015	9.09955810800689	423.122929325471	-0.515634988531522	0.180384271031956	-2.85853631018734	0.00425600397294576	0.00686379420570563	860	802
chr18	80986078	80988078	-	Sall3	7.84494642757234	2.61195021033234	2.03966502751255	8.72503419132455	7.26499618920668	229.913349794651	1.91481345707802	0.167718506306234	11.4168287045307	3.44579274192794e-30	5.51326838708471e-29	96	53
chr18	82406277	82408277	-	Galr1	5.68908075343918	1.84334194472284	1.66793498583714	6.86494355480597	6.55942045277616	51.5921889568787	0.573499730925851	0.257890120906968	2.22381426984842	0.0261609429106813	0.0372502418962395	854	795
chr18	82473645	82475645	+	Mbp	9.2564410033733	2.48120840866377	3.02829001609093	8.36006634105863	9.97469829008607	611.59847678321	-1.82231137790886	0.164412496888303	-11.0837765522586	1.50392267313548e-28	1.96641932315349e-27	119	79
chr18	82692383	82694383	-	Zfp236	8.07637285275808	2.22201572783925	2.6338017713831	7.69069088397133	8.79074410383467	269.917153234225	-1.39166030776105	0.205145142133514	-6.78378387754035	1.17068419876824e-11	3.90014242658131e-11	365	293
chr18	82909378	82911378	+	Zfp516	8.90673942196459	2.8939228133742	2.46742781573416	9.55983262294245	8.32371719681621	479.949705554283	1.39468813947767	0.16900320773861	8.25243590426264	1.55198140190563e-16	7.0418260623778e-16	275	215
chr18	84085904	84087904	-	Tshz1	9.26707261811913	2.776374746284	2.8940974407053	9.2047614492637	9.5610534617954	616.122161067665	-0.413120505787378	0.160288066949476	-2.57736282962098	0.00995573870735951	0.0153242762887964	939	894
chr18	84086657	84088657	+	Zadh2	9.97162065444112	2.96259718237929	3.12460094441039	9.77018272587025	10.2770216513179	1004.05365718921	-0.562162248506705	0.154778122464617	-3.63205238282444	0.000281176025744272	0.000518045526219749	834	771
chr18	84589225	84591225	-	Zfp407	9.80735648400588	2.73519051360823	3.1656454771741	9.08322450643458	10.4064954825107	896.000970063921	-1.43710437472338	0.157510832226052	-9.12384471857096	7.25054213825657e-20	4.21849724407655e-19	254	191
chr18	84649584	84651584	-	Cndp1	6.17895451774215	2.09610150032178	1.57445391825626	7.39618884375046	6.40542666827407	72.452045583222	1.79733838288917	0.249120469172786	7.21473586195985	5.40387663886398e-13	1.96152656503242e-12	335	267
chr18	84685133	84687133	-	Cndp2	10.0477786790121	2.94778489013683	3.16950517819756	9.72561244611417	10.4189101011027	1058.48028209915	-0.739342682782014	0.167878777787074	-4.40402707553511	1.06259672556859e-05	2.22778899705415e-05	704	620
chr18	84718518	84720518	+	Fam69c	6.93207714876031	2.31913124758296	1.83330036530903	7.9291290364104	6.8477136929033	122.113352361434	1.6499538275086	0.19514040805465	8.45521357650603	2.78576973890794e-17	1.32324062598127e-16	256	194
chr18	84849837	84851837	+	Cyb5a	10.8845756548889	3.00273011606259	3.510404698605	9.89771648888941	11.5141618332513	1890.53082191723	-1.63791983540531	0.173267153976294	-9.45314676103822	3.28794476475811e-21	2.19678067799223e-20	182	130
chr18	84933281	84935281	+	Fbxo15	5.45107768429802	1.68381255130698	1.71363354038534	6.58087020736868	6.62774357961789	43.7459539718855	-0.087571968531815	0.254330505601764	-0.344323494834462	0.730603017016696	0.76521384038958	1164	1153
chr18	84951024	84953024	-	Timm21	10.6485753252569	3.01440244382559	3.40910066155364	9.93274532751552	11.1859159355656	1605.24225791052	-1.284254938416	0.165949891449838	-7.73881156050164	1.00350382266329e-14	4.06753549452852e-14	331	264
chr18	86393451	86395451	+	Neto1	6.80966232038428	2.30431247738366	1.68051025884832	7.89599545280594	6.58157421279142	112.179272387115	2.05665814204372	0.236067436019123	8.71216367969161	2.98128780239624e-18	1.45009838708553e-17	250	187
chr18	86709609	86711609	+	Cbln2	6.73136430519899	2.27272789996565	1.72017549171731	7.81246173995931	6.64638657284343	106.253334354332	1.81572138603845	0.208114372315527	8.72463235400961	2.67046790721906e-18	1.31469189278477e-17	247	184
chr18	87754785	87756785	+	Gm5096	5.57644203914265	1.84540958087661	1.57913366029381	6.86874654102161	6.41680864522225	47.717350647597	0.902693790757221	0.267200609529612	3.37833731871477	0.000729255666345277	0.00128332111472628	691	606
chr18	88926981	88928981	-	Socs6	5.60207697203701	1.75035429012428	1.73141956439447	6.69715925531154	6.6605366243405	48.5728075286313	0.0900308977756799	0.250594896421435	0.359268680493283	0.719394101752592	0.754864446612849	1160	1148
chr18	88970289	88972289	+	Rttn	9.19881989428113	2.74285446487384	2.87517319258331	9.10956976541974	9.50347316557411	587.652668889546	-0.414441696994938	0.19332587992863	-2.14374659589258	0.0320531964679543	0.0448779343276969	938	892
chr18	89195930	89197930	+	Cd226	5.4382452157059	1.56312538599114	1.77931841375779	6.39365986298212	6.75202928492534	43.3585683340512	-0.712596275857778	0.288252704634402	-2.47212346805759	0.0134313119473875	0.0202385072218379	807	741
chr18	89769028	89771028	-	Dok6	7.5568162264403	2.54784761198743	1.83890429037497	8.5445068505932	6.86099151258225	188.290477100802	2.36092992466946	0.20276316909989	11.6437809447847	2.46825747969015e-31	4.28771585043317e-30	70	33
chr18	90508653	90510653	+	Tmx3	9.67173757437298	2.90990193567572	3.00158424731104	9.61000180644327	9.89190989004178	815.611085785587	-0.302098412943119	0.178736434470587	-1.69018932171231	0.0909917406201422	0.119230556674669	1019	983
chr18	90578276	90580276	+	Gm45871	9.65950905638047	2.91172388525008	2.99427978505467	9.61692016326677	9.86848170521685	808.727049786576	-0.240027837897246	0.177439252234996	-1.35273246969818	0.17614111341659	0.217228797073604	1055	1026
chr19	3281400	3283400	+	Mrpl21	8.12573021169141	2.4839619312544	2.51140873472533	8.36627813701722	8.44286187279172	279.311315586514	-0.1033220541479	0.158813332410834	-0.650588036781553	0.515312454962369	0.568105118072748	1148	1136
chr19	3282517	3284517	-	Ighmbp2	8.07410239686839	2.47038511734648	2.4959983063541	8.32865769968484	8.40003825957336	269.492702468001	-0.0973686062657509	0.151777563898243	-0.641521735920274	0.521183763517508	0.573537969626506	1150	1139
chr19	3321800	3323800	+	Cpt1a	9.38672254670277	2.63702165751041	3.03136582899203	8.79571096310891	9.98401068712654	669.398981956011	-1.32381225992109	0.138342159584651	-9.56911663006859	1.07822973201515e-21	7.44958723937738e-21	314	250
chr19	3387356	3389356	+	Tesmin	8.79482474592945	2.58052461638611	2.78817753119621	8.63440771272833	9.24182396414999	444.125853528526	-0.724217206822522	0.163464314406763	-4.43043002658297	9.404536032208e-06	1.98196114647572e-05	721	640
chr19	3413972	3415972	-	Gal	6.13077059438027	1.93935840030704	1.84290025378109	7.06159022973373	6.8642274134562	70.0722149317351	0.378048871641509	0.244266480732471	1.54769033601283	0.121696869929509	0.156596183951622	962	920
chr19	3575249	3577249	-	Ppp6r3	10.68366598243	3.04986307650996	3.41100920250178	10.041467117864	11.1922610045475	1644.76525973146	-1.20924609396582	0.139148325759227	-8.69033879759515	3.61360223062025e-18	1.75065351092997e-17	376	304
chr19	3686064	3688064	-	Lrp5	7.98015596632927	2.4459033851533	2.45977074322956	8.26202873994426	8.30332580191539	252.502868359315	-0.0717797321942396	0.168163861057552	-0.426843982665656	0.669492968718109	0.708532158364857	1177	1170
chr19	3706832	3708832	+	1810055G02Rik	9.11441697134632	2.6756292171544	2.88932303615058	8.90821799152139	9.54565187661819	554.259188233129	-0.713503061049436	0.145531132123405	-4.90275208224458	9.4503223897903e-07	2.14796112635234e-06	730	652
chr19	3765920	3767920	+	Kmt5b	7.69951372142619	2.34245255919336	2.39277787261162	7.98975217886928	8.1234878311591	207.866537617606	-0.197031660944056	0.17563805791621	-1.12180505342442	0.26194533712556	0.310756614580177	1082	1059
chr19	3850272	3852272	+	Chka	9.49860051198882	2.78929584610667	3.00458083701477	9.24312632902938	9.90104844932471	723.375292428963	-0.729926837576646	0.145747822049615	-5.00814919435413	5.49559294711794e-07	1.2704640729459e-06	712	630
chr19	3906633	3908633	-	Tcirg1	8.7452891531382	2.58080946661062	2.76337282987602	8.63594001663534	9.16787995122121	429.135414089536	-0.627090928259201	0.165980018476058	-3.77811096791543	0.000158022467765239	0.000296994313450589	794	729
chr19	3912217	3914217	-	Ndufs8	10.2811138832722	2.87221753660567	3.3143657547927	9.4931771040055	10.8807009612755	1244.29589310033	-1.47355379485386	0.127941403216945	-11.5174115478101	1.07800874564516e-30	1.74781151293936e-29	234	173
chr19	3929261	3931261	-	Aldh3b1	7.23869564039207	2.24599611342281	2.21356873341514	7.74739308304111	7.66874636581129	151.030450295269	0.112299295180674	0.187489872437626	0.598961926426361	0.54919827417832	0.598792355318088	1138	1126
chr19	3933685	3935685	+	Unc93b1	7.49079979415414	2.34010505880856	2.2710206943415	7.98294149041322	7.81099393368577	179.86863114362	0.205084661308006	0.171944161997558	1.19273989256418	0.232971256961857	0.278831740615766	1076	1051
chr19	3957144	3959144	+	Aldh3b3	5.76390215987827	1.90998859310969	1.62469684748431	6.99352184534318	6.48650071900874	54.3384745424605	0.976017495345997	0.247577591299874	3.94226912953447	8.07143321909259e-05	0.000154808561426129	634	548
chr19	3970827	3972827	+	Aldh3b2	6.86031287606213	2.01042935099664	2.20663546589843	7.20090606223997	7.65110336266924	116.187646665885	-0.670863120157623	0.182615568042749	-3.67363597390874	0.00023912333527481	0.000443929733884228	768	693
chr19	3985160	3987160	+	Acy3	8.36530987737139	2.6691316350982	2.44780134104244	8.88857272301881	8.26752582636425	329.768520735224	0.737891088953585	0.13702711632021	5.38500049310865	7.24444497864376e-08	1.79414360367226e-07	707	624
chr19	3991251	3993251	+	Tbx10	6.57906808739009	2.08423529339932	1.96122299873771	7.37134279298489	7.10009477214465	95.6085733554161	0.442707349049812	0.22999958370124	1.92481804499642	0.0542521256663814	0.0735458024641247	912	861
chr19	3999079	4001079	+	Nudt8	9.55816989638498	2.7892617127304	3.03546869776945	9.24278910529051	9.99676432067997	753.868926220229	-0.830344654928334	0.132569726178078	-6.26345606094825	3.76537289144064e-10	1.12605243113331e-09	630	545
chr19	3999125	4001125	+	Nudt8	9.55996639689864	2.79073116953241	3.03549616936612	9.24715828911241	9.99685600724484	754.808258133626	-0.82603495930488	0.132314994876547	-6.24294291116128	4.29413664849329e-10	1.27982111876663e-09	633	547
chr19	4001820	4003820	+	Doc2g	6.78570865851888	2.11817102335747	2.06703237433366	7.44480896476872	7.32698602035579	110.332090771253	0.167456840313286	0.205102517382538	0.816454339275423	0.414240328603194	0.467703100818462	1099	1077
chr19	4012306	4014306	-	Ndufv1	9.89491775293257	2.71107291618165	3.21477516035993	9.01098853492257	10.5620228242973	952.065983051666	-1.67902294293198	0.117919500160794	-14.2387216757404	5.26819241329262e-46	3.37164314450728e-44	153	107
chr19	4037421	4039421	-	Gstp1	7.39568187623948	2.22290699747303	2.33022493326642	7.68974062751285	7.95806377665291	168.392243510524	-0.369749788532609	0.167810020176079	-2.20338325533028	0.0275677473847687	0.0389795125812544	972	929
chr19	4041736	4043736	-	Gstp2	5.90977628797142	1.74682716653542	1.904756846847	6.69205824648084	6.98313172867476	60.1201326767282	-0.497416480309099	0.237313374592422	-2.09603222390392	0.0360793325064796	0.0500827264016886	876	822
chr19	4058946	4060946	-	Gstp3	8.30170084539696	1.7989076079501	2.80881036535544	6.78829158366359	9.30269522172278	315.544757751052	-3.35449189150162	0.197948995782116	-16.9462435424221	2.05149935993182e-64	4.15770536946183e-62	6	4
chr19	4080077	4082077	+	Cabp2	7.23271256511266	1.81950622106043	2.43734825922242	6.82416839365589	8.23950437977762	150.405401080184	-2.0396104347252	0.194653583175767	-10.4781550971168	1.08846311360198e-25	1.03152341555967e-24	128	85
chr19	4095681	4097681	+	Cdk2ap2	10.6637041239183	2.89272665934703	3.4595070062546	9.55552119129343	11.3490588503654	1622.1641760279	-1.88915336079463	0.122056010198733	-15.4777577746371	4.90264659685087e-54	4.96801521814222e-52	106	65
chr19	4098497	4100497	+	Pitpnm1	8.51814619067383	2.51037184209735	2.70036858830839	8.43926660742354	8.98075548807792	366.621146192217	-0.640799547768084	0.154754721375405	-4.14074311964693	3.461824742168e-05	6.86717599751434e-05	787	720
chr19	4125358	4127358	-	Aip	10.1859017297415	2.85628858583664	3.28051125791102	9.44477098201034	10.7721778911574	1164.82840747552	-1.41827095465469	0.131070566665433	-10.8206669944056	2.74770379738132e-27	3.03746165237789e-26	262	200
chr19	4138298	4140298	+	Gpr152	5.90966713365815	1.82745497912751	1.82003379588476	6.84635808771947	6.82164958850258	60.1155841592925	0.0767006473889304	0.26795743674561	0.28624190588055	0.774692849599291	0.805150859070716	1173	1163
chr19	4139109	4141109	-	Cabp4	5.79778097678154	1.80830135229328	1.7797720447427	6.80725362670689	6.74660120609411	55.6296057779003	0.119308708033331	0.259741324314885	0.459336643285506	0.645992437688155	0.686049610680171	1145	1132
chr19	4147118	4149118	+	Coro1b	8.59769436916003	2.58208573605201	2.69482987340628	8.63885264661295	8.9636954286273	387.403819909318	-0.376638256298656	0.131387175304666	-2.86662876666075	0.00414869347408235	0.00669961655309979	966	924
chr19	4153105	4155105	+	Ptprcap	6.8415084490856	2.05752399144897	2.15957128213709	7.30666969576932	7.53912839855344	114.683056405569	-0.354331375338148	0.195186570109815	-1.81534710681578	0.0694705840363169	0.092729122050671	983	941
chr19	4162854	4164854	-	Rps6kb2	8.25592567877392	2.45192859374829	2.61092542256785	8.27926074424525	8.72113023627541	305.69002769607	-0.533044459270668	0.146168774091097	-3.64677382419898	0.000265553471463384	0.000491496227244254	849	789
chr19	4174979	4176979	-	Carns1	6.59800377796383	2.15517672727421	1.89080742489903	7.52625997660334	6.95566629860182	96.8717284262606	0.885655937860881	0.18781574352392	4.71555749930029	2.41049805514094e-06	5.31971984582829e-06	591	504
chr19	4190547	4192547	-	Tbc1d10c	9.87857827900846	2.83702640575297	3.15643601110164	9.38696786813934	10.3769828629381	941.344038321971	-1.06393235378782	0.139619564011868	-7.6202240088458	2.53235861084844e-14	9.93338087352162e-14	456	378
chr19	4190657	4192657	+	Ppp1ca	9.90487170793397	2.84493634909265	3.16397172020589	9.41096258584684	10.4008811319715	958.657528689558	-1.06218640774766	0.142061997085421	-7.47692155213738	7.60838003594597e-14	2.88217760863249e-13	457	380
chr19	4201103	4203103	-	Rad9a	8.54600418071572	2.49683808694677	2.72276216429439	8.40199621955115	9.04620425027673	373.76927785378	-0.76013209892946	0.153873604516342	-4.93997720608884	7.8131703768973e-07	1.78251691900696e-06	683	597
chr19	4212737	4214737	+	Clcf1	7.49073600057176	2.47246349214077	2.03576249155238	8.3354057736597	7.25843885030427	179.860677826858	1.46715441433038	0.180119708229096	8.1454407668943	3.77902799891479e-16	1.69568193604442e-15	271	212
chr19	4230398	4232398	+	Pold4	8.3962496638431	2.45151374205149	2.67522904802192	8.27864905551479	8.90817787526844	336.917058136251	-0.752594781376045	0.165095326922579	-4.55854684323665	5.15087768285886e-06	1.10857827652325e-05	693	608
chr19	4268672	4270672	-	Ssh3	7.17424022773454	2.30783060996287	2.09251421535787	7.90087988269894	7.38366415835564	144.431361317062	0.732821137951292	0.178071500118551	4.11531961859935	3.86643268272678e-05	7.6324385425256e-05	710	627
chr19	4282637	4284637	-	Ankrd13d	8.25900546890528	2.59880439152088	2.46441643443154	8.68801094539373	8.31391912851329	306.343295857633	0.438998429244737	0.166324676254111	2.63940648574619	0.00830513327251436	0.0129641104741688	916	867
chr19	4305722	4307722	-	Grk2	8.64758276021883	2.45503694710073	2.7914673873807	8.2866544509145	9.250526206984	401.034560309968	-1.13743829267462	0.14535904418812	-7.8250259488675	5.07552213444116e-15	2.09926357669403e-14	407	328
chr19	4397785	4399785	-	Kdm2a	7.9569913729198	2.40467310645977	2.48759102068162	8.15282392271163	8.37630250608814	248.480938381223	-0.282685698696202	0.155638752770815	-1.81629378071712	0.0693253187726264	0.0926369094807843	1031	998
chr19	4438932	4440932	-	Rhod	7.3105802888525	2.36891709708698	2.09932261073882	8.05795831570939	7.3992666502198	158.746424625522	0.884251570224251	0.16859879076196	5.24470885127938	1.56529306513563e-07	3.80679273440985e-07	594	507
chr19	4476947	4478947	-	Syt12	6.66139318295813	2.19453856440626	1.86534160564553	7.62098800517431	6.90577826869872	101.22298983828	1.10216621342896	0.192426835633963	5.72771573048947	1.01791949683708e-08	2.71445199156555e-08	456	378
chr19	4498083	4500083	-	2010003K11Rik	6.51018794917767	2.05173744605219	1.96914045537007	7.2952685445484	7.11431267763494	91.1510865840388	0.289854247239128	0.206783423006103	1.40172864451796	0.160996293478912	0.200791274738827	1025	991
chr19	4508971	4510971	+	Pcx	10.879651035477	2.98994280566706	3.5132281905808	9.85490079560913	11.5235718917443	1884.08852291366	-1.74591849219915	0.137267614242229	-12.7190852834247	4.63251322933974e-37	1.34122287782789e-35	139	95
chr19	4615167	4617167	-	Lrfn4	8.95479764535159	2.81756302797563	2.66466567495267	9.32846928194976	8.87589741480232	496.206782655061	0.512587157751162	0.14321272950228	3.57920109149935	0.000344646199323661	0.00063021019304898	865	808
chr19	4625141	4627141	-	Rce1	9.02494959966719	2.5985874594458	2.89062723643017	8.68578561510901	9.54986288039554	520.931403378986	-0.987197461398936	0.141326216219104	-6.98523945386357	2.84370541130475e-12	9.9081540978412e-12	510	432
chr19	4698168	4700168	-	Gm960	6.15345575440934	2.12529520225557	1.42415684325441	7.46042866825003	6.19492290094629	71.182749507812	2.37878569965458	0.265345578339758	8.96485901343603	3.10678057390807e-19	1.67904230127654e-18	225	165
chr19	4709707	4711707	+	Sptbn2	4.9593261420507	1.73945535994291	1.14193963955405	6.68342379013792	5.8725574093701	31.1104237811326	1.88690693520366	0.361418428110705	5.22083764535018	1.78115642533993e-07	4.28888359052149e-07	505	428
chr19	4755042	4757042	+	Rbm4b	9.29774719577956	2.775959999538	2.91389618232221	9.20422935021844	9.6205256712445	629.36240686149	-0.452998422641806	0.147917577596547	-3.06250568730502	0.00219492304497226	0.00365729090023766	905	855
chr19	4793401	4795401	-	Rbm4	10.0182684937228	2.69611417886552	3.26318309247429	8.96753319371595	10.716960181705	1037.04910548421	-1.89660750969241	0.143734163635359	-13.1952450393348	9.34505078280752e-40	3.34222992702763e-38	99	57
chr19	4811112	4813112	-	Gm21992	10.2113346843263	2.7873390243319	3.31381756571527	9.23702581960049	10.8790077037549	1185.54497954046	-1.76040846450678	0.128975802885815	-13.6491374747658	2.04282120538634e-42	8.28023528583264e-41	133	88
chr19	4811134	4813134	-	Rbm14	10.189873783304	2.7811618702761	3.3074132292248	9.21857518785756	10.8584332598258	1168.03985257203	-1.75922627129949	0.128314818465246	-13.7102346583296	8.81722175639569e-43	3.82919344849184e-41	134	90
chr19	4837865	4839865	+	Ccdc87	8.90012604830873	2.50455422632052	2.88133436343491	8.42252168767721	9.52091944849055	477.754631279802	-1.25536407082895	0.134109492592435	-9.36073984444983	7.91802825724812e-21	5.09435045545699e-20	344	273
chr19	4838822	4840822	-	Ccs	8.92699567312269	2.52417884540771	2.884134733826	8.47733082100839	9.52939871441819	486.736000026969	-1.1957332236429	0.138242023128498	-8.64956397904745	5.16965673397186e-18	2.48470458043865e-17	382	308
chr19	4853628	4855628	+	Ctsf	7.36795427700192	2.30258958272055	2.23590325870185	7.88849613430071	7.72142640824458	165.186763469227	0.226190282199294	0.1734608917486	1.30398431553734	0.192238930152447	0.235410411949019	1065	1040
chr19	4877167	4879167	+	Zdhhc24	9.66770899645701	2.70831940240471	3.11919908256132	9.00367301776476	10.259644549469	813.336752389753	-1.37648817753363	0.149591789523612	-9.20162919313401	3.5256310562691e-20	2.09130115337718e-19	283	224
chr19	4877409	4879409	-	Actn3	9.67365979181532	2.70136752705844	3.12389595315012	8.98331455056899	10.2745147690584	816.698513630766	-1.4164762160673	0.151542465207785	-9.34705802842208	9.01195075351527e-21	5.73745136977726e-20	263	201
chr19	4906127	4908127	-	Bbs1	6.6837632443407	2.10141778373215	2.03091948299642	7.40285138624644	7.2462065664735	102.804759269461	0.235184307694642	0.184626999625028	1.27383485715683	0.202721948935078	0.246017854196661	1060	1034
chr19	4927787	4929787	-	Dpp3	9.30630477426622	2.69281191507126	2.97256443779701	8.95756240875913	9.80101264392087	633.106665415784	-0.934973414229752	0.126453556835542	-7.39380874391476	1.42681600877373e-13	5.3058356778864e-13	554	469
chr19	4942627	4944627	-	Peli3	7.67427595461804	2.45258650351689	2.24758782723575	8.28072566002081	7.75257033378911	204.261848282042	0.645414535954391	0.17281467994949	3.73472054655907	0.00018792374351598	0.000351021923372399	783	714
chr19	4960805	4962805	+	Mrpl11	7.79838839817722	2.26876627143329	2.50241289831586	7.80193066755626	8.4170978567417	222.612130309021	-0.79162307558886	0.153618016322471	-5.15319162777825	2.56090035467023e-07	6.0821383423418e-07	656	571
chr19	4989471	4991471	-	Npas4	5.34887116526261	1.80721128637617	1.46232956615984	6.79646097227376	6.24252901308691	40.7540396537192	1.1114156014328	0.274713101309074	4.04573206059935	5.21598656911641e-05	0.000102135904477384	621	533
chr19	5022505	5024505	+	Slc29a2	8.51668945816098	2.68412603363666	2.53729554347156	8.93287114956526	8.51307495802284	366.251144642039	0.490531503891552	0.142076988121406	3.45257532819029	0.000555262416540299	0.000992939850754417	877	824
chr19	5037325	5039325	+	B4gat1	8.49006472402992	2.60598946755482	2.60238448792389	8.70803536276295	8.69965102526824	359.554018599293	-0.0143981374556566	0.177812742813407	-0.0809735974365221	0.935462949731901	0.943219690608617	1209	1207
chr19	5039903	5041903	+	Brms1	8.44221233266263	2.42680871047864	2.71539354575109	8.21199018848546	9.02386694364519	347.823676996412	-0.958547597896953	0.14478496897345	-6.62049109581761	3.58007481651564e-11	1.15168544361985e-10	533	450
chr19	5048980	5050980	+	Rin1	6.83935029921053	2.24135033999142	1.9348269328001	7.73438692181916	7.04259758307723	114.511628496576	1.02305304451529	0.180415713427672	5.67053182385598	1.42354922762863e-08	3.76312143651394e-08	487	410
chr19	5066577	5068577	+	Cd248	8.35605735153598	2.44992965636811	2.65792332081597	8.27542796881776	8.85684961311546	327.660363185835	-0.690072204893842	0.165759401866719	-4.16309540890297	3.13962100084403e-05	6.24841102622969e-05	755	678
chr19	5085031	5087031	-	Tmem151a	6.87519070965801	2.14570014738225	2.10035737627447	7.50576580901657	7.40100263840306	117.392034541396	0.153796815106928	0.184538317525061	0.833413987780842	0.404611288562416	0.458534321427678	1110	1091
chr19	5087037	5089037	+	Yif1a	9.82666006931199	2.81425682038405	3.14392112171355	9.31862245127615	10.3373561616647	908.070229944936	-1.09312608986256	0.14374342621594	-7.60470317592406	2.85558523759668e-14	1.1165246459542e-13	438	360
chr19	5097918	5099918	-	Cnih2	7.68910310796166	2.4498574329227	2.25697334479879	8.27540451999835	7.77509046148809	206.371953530842	0.647875947084087	0.184158865066539	3.51802747508245	0.000434767345958297	0.000786721864115014	781	710
chr19	5106496	5108496	-	Rab1b	9.34376275455094	2.73123367297205	2.96579588254871	9.07157440513793	9.78029132029593	649.759834441188	-0.777408098094281	0.148253987605198	-5.24375843545287	1.57338167081126e-07	3.81121934602887e-07	667	580
chr19	5118060	5120060	-	Klc2	8.03620939635989	2.58595151442815	2.31805946628296	8.64990089742759	7.92835887078753	262.506510984934	0.871101030832588	0.15306016784814	5.69123269025066	1.2612548814103e-08	3.34865924846052e-08	605	516
chr19	5272619	5274619	-	Pacs1	8.94211780050667	2.68330018821562	2.79197364537498	8.93032691271042	9.25292338200929	491.864730979224	-0.388572882560399	0.165199143527185	-2.35214828759967	0.0186653322209369	0.027378822654595	955	915
chr19	5294955	5296955	-	Sf3b2	9.32530066565755	2.68258970714905	2.98366696155576	8.92792570269864	9.83590208150013	641.497870363782	-1.01411702326154	0.14180601228068	-7.15143883500703	8.58729828953945e-13	3.08028162834217e-12	493	415
chr19	5296830	5298830	+	Gal3st3	6.62427229161141	2.19028658158778	1.82515873202253	7.61314277817436	6.83148728792133	98.6517194571775	1.25319887680172	0.216140305532672	5.79808043536003	6.70782792094391e-09	1.84124576791598e-08	443	362
chr19	5334240	5336240	+	Catsper1	5.17371023002223	1.72780128100971	1.45301380356456	6.65510102776365	6.23520907351301	36.0945779574542	0.886399751947455	0.288863213108897	3.06857956195792	0.00215079048758903	0.00360242594064499	726	648
chr19	5349074	5351074	-	Cst6	5.57451238933201	1.79810855676119	1.66756618795483	6.77921914996745	6.54955972902827	47.6535698602351	0.434582656951124	0.240317291689358	1.80837031699275	0.0705488845265628	0.093962150694743	921	873
chr19	5365312	5367312	+	Eif1ad	9.40189821563285	2.70686914860935	3.00153388550731	8.99994715126103	9.8919701095251	676.477535476685	-0.991286838374623	0.165625429398156	-5.98511256379365	2.16240262226866e-09	6.12932771253774e-09	507	430
chr19	5366145	5368145	-	Banf1	9.3672030036515	2.68638649954976	2.99761043774972	8.93963740692667	9.87960135626498	660.403064043668	-1.04843915375586	0.157914583018786	-6.63928013305224	3.15218814474438e-11	1.0194310595769e-10	474	396
chr19	5388203	5390203	-	Sart1	9.28082020163337	2.66021358649906	2.97603694771451	8.86291360255417	9.81199824684701	622.021312141923	-1.05893932789133	0.135539815114127	-7.81275470237056	5.59514235387892e-15	2.29854496699891e-14	461	384
chr19	5393901	5395901	-	Tsga10ip	5.41213595855432	1.74239799531418	1.6130513755636	6.67885034293592	6.47268225844759	42.580941923181	0.42419769452663	0.279240989154322	1.51910969736681	0.128734886192795	0.164954290421958	949	907
chr19	5423656	5425656	+	AI837181	9.60863359184174	2.83188334777248	3.02356686994275	9.37151420496045	9.9616159709494	780.704941918807	-0.671539372289068	0.177730465122585	-3.77841453251074	0.000157830000960691	0.000296994313450589	766	690
chr19	5424479	5426479	-	Drap1	9.55807601138313	2.81253684498292	3.00922187762238	9.31385379354466	9.91720518610817	753.819868948507	-0.682457647296478	0.185053214853113	-3.6878994392947	0.000226112971713544	0.000421061827876983	760	681
chr19	5446202	5448202	+	Fosl1	6.65726691586521	2.13019832140472	1.96975116212424	7.46917095378574	7.11895312749987	100.933894531473	0.490744341108815	0.198780479565847	2.46877531526557	0.0135576315216905	0.0204035642702669	876	822
chr19	5456897	5458897	-	Ccdc85b	8.59111344474046	2.57142233411787	2.69613173617405	8.60890030462362	8.96847898135598	385.640682697674	-0.433153262117282	0.148109525390103	-2.92454695926145	0.00344958027871627	0.00564561186933915	926	880
chr19	5459115	5461115	+	Fibp	7.69279010068631	2.35690150711466	2.38347184995865	8.02679596519747	8.09554111281598	206.900038106572	-0.0901300136804404	0.149798749682668	-0.601674005099312	0.547391156740163	0.597511352420142	1158	1146
chr19	5467998	5469998	-	Ctsw	5.88404795583091	1.91574861632817	1.71132187630414	7.00854124108559	6.62487177385378	59.0574825944536	0.693016152367726	0.238149763912024	2.91000142508533	0.0036142710816784	0.00588347206870272	751	673
chr19	5472472	5474472	+	Efemp2	7.21524059138786	2.34086181534758	2.06623424106837	7.98676091193404	7.32313587698712	148.594879436024	0.927261082054971	0.17811079980923	5.20609128165241	1.92859802474078e-07	4.61648661040314e-07	559	476
chr19	5487902	5489902	-	Mus81	10.4125576529139	3.00379027826372	3.31322172100698	9.89827102075055	10.877117263523	1362.98847975276	-1.02838353852646	0.143557841258154	-7.16354836150794	7.86151106519072e-13	2.8451182902595e-12	481	404
chr19	5488954	5490954	+	Cfl1	10.1470545028367	2.93964978499039	3.22419744531854	9.70012686106391	10.5924273448199	1133.88177004113	-0.947446603637669	0.150764811287526	-6.28426882603777	3.29400288244761e-10	9.89014198779333e-10	543	461
chr19	5503287	5505287	-	1700020D05Rik	5.26986669059496	1.71902884316616	1.5316865169471	6.6479191325779	6.34037447468281	38.5822852010103	0.656210035291815	0.297056316259998	2.20904252619045	0.0271716831178931	0.03859270428015	856	797
chr19	5509989	5511989	-	Snx32	9.7336651750177	2.58033101853032	3.18571314462884	8.63377205033058	10.4700954434197	851.383414194805	-2.03074421392703	0.13986035446723	-14.519798849808	9.07762258630316e-48	6.49317003820273e-46	68	31
chr19	5560075	5562075	-	Ovol1	7.4104929085365	2.50296576764292	1.83157618403801	8.41769736348418	6.84221288563562	170.129900545007	2.25166568644199	0.177905543427332	12.6565234734336	1.02958713231767e-36	2.8454044384052e-35	51	21
chr19	5566573	5568573	+	Ap5b1	9.41005072882466	2.74130834908549	2.99006360509573	9.1004939271202	9.85600544202858	680.311057862848	-0.842363463981805	0.148728714216759	-5.66375812779594	1.48093117080341e-08	3.88106099934687e-08	620	531
chr19	5600372	5602372	+	Rnaseh2c	7.6592518192448	2.2975108871242	2.41549332497931	7.87453141685523	8.18027124594048	202.145716006057	-0.38857118280609	0.149981105203798	-2.59080090307435	0.0095752870652413	0.0147948526954681	956	916
chr19	5609594	5611594	-	Kat5	8.6631798761352	2.56486550841139	2.72948887024235	8.59272047686855	9.06761295191307	405.393704920191	-0.561260318658944	0.183018830158269	-3.06668072445651	0.0021644991743172	0.00362040026955944	835	772
chr19	5635982	5637982	+	Rela	8.50597606060984	2.49397656159144	2.70292203760661	8.39480052455219	8.98843529311584	363.541451304436	-0.699849897376673	0.164302221136973	-4.25952791467884	2.04859114909583e-05	4.17967590151096e-05	744	664
chr19	5663207	5665207	-	Sipa1	9.52106087686996	2.57090891980607	3.10797717374013	8.60820509952669	10.2240661296015	734.725163990995	-1.78905405797996	0.144235550337836	-12.4036969650654	2.49539178437394e-35	5.83537771115136e-34	126	84
chr19	5687630	5689630	+	Map3k11	10.0271404766628	2.88683750229444	3.19732123605722	9.53809267296205	10.5068711056383	1043.44618179023	-1.03762729381831	0.145573113079193	-7.12787733854286	1.01928546187864e-12	3.6241260866796e-12	476	400
chr19	5688408	5690408	-	Pcnx3	10.2243595456472	2.92933418188694	3.26468322599381	9.66812306278321	10.7216644140299	1196.2967136723	-1.11929386458375	0.144687691276809	-7.73593008988145	1.0264986080276e-14	4.14691796465635e-14	416	339
chr19	5702866	5704866	+	Kcnk7	7.1775075211394	1.95361216787399	2.3763852549318	7.08435251031018	8.07749151341055	144.758827887373	-1.40654015567061	0.179343330988899	-7.84272349529224	4.40878080009249e-15	1.82971926720562e-14	293	237
chr19	5725817	5727817	-	Ehbp1l1	9.25160141513567	2.29644112226528	3.06780476840611	7.87337847293866	10.0982300024738	609.55027829288	-2.5734693355454	0.163894429168967	-15.7019939518034	1.46562008673342e-55	1.62017638678895e-53	28	15
chr19	5729153	5731153	-	Fam89b	8.44630468454773	2.48774671343468	2.68143952273625	8.37788359967542	8.92433006773888	348.811715066672	-0.632933242586217	0.150607662249033	-4.20253015772628	2.63948070421205e-05	5.29638372330339e-05	792	725
chr19	5731232	5733232	-	Sssca1	7.95691536202681	2.46732086550358	2.42568765954793	8.32102508647777	8.20961812167698	248.467847076451	0.117827086222403	0.165792569844548	0.710689787442714	0.477276489560283	0.531472720975554	1132	1118
chr19	5739403	5741403	+	Ltbp3	6.36876370743704	2.13534067241758	1.66858674395855	7.4836486732259	6.57333226122143	82.6397341187148	1.45501387424986	0.251448203439418	5.78653517642023	7.18530457752952e-09	1.95466003719819e-08	447	366
chr19	5770901	5772901	-	Scyl1	8.64456113985054	2.57456392811947	2.72213427165978	8.61772890744619	9.04462147657085	400.195501423441	-0.507894447121944	0.144271020290928	-3.52041904256139	0.000430865501159078	0.000780823322517792	870	814
chr19	5874774	5876774	-	Frmd8	7.91998454985064	2.45718695445431	2.41744788840096	8.29286312836702	8.18665037166603	242.188163899727	0.116673341249327	0.151004733743557	0.772646912165461	0.43973137294791	0.491916604880091	1133	1120
chr19	5876307	5878307	+	Slc25a45	6.80273336349249	2.05585456335238	2.13958683739587	7.30228535049007	7.49318143699263	111.641790980955	-0.286792145928687	0.197633865128028	-1.4511285590802	0.146744065380415	0.18472130797369	1028	994
chr19	5893607	5895607	-	Tigd3	8.91733906218839	2.60207190048426	2.83473995840429	8.6960130911085	9.38121133546271	483.488934822786	-0.800477699086657	0.16129363321195	-4.96285986710201	6.94627005521392e-07	1.59070892413185e-06	650	566
chr19	5912510	5914510	-	Dpf2	9.01313463626755	2.50100899247063	2.92924018574853	8.41318991503077	9.66757435899464	516.682652524243	-1.42714017252776	0.140555132837286	-10.1535969816192	3.19370586290499e-24	2.75428817680317e-23	258	196
chr19	5924316	5926316	-	Cdc42ep2	8.80468717264542	2.62054759708178	2.77432044814257	8.74856862730929	9.19833141010237	447.172349401378	-0.514961476184929	0.130201515162022	-3.95511124078789	7.64990488165793e-05	0.000147421304850967	861	803
chr19	5963706	5965706	-	Pola2	8.42374374928364	2.41121417531051	2.71109100795746	8.1706299296603	9.01242689716203	343.399409734384	-1.00886357330621	0.16239953262028	-6.21223199986123	5.22372245637401e-10	1.53802578860794e-09	498	421
chr19	5985643	5987643	-	Slc22a20	5.83328068513922	1.90691415064627	1.69287494335376	6.98863501931143	6.59316317652566	57.0154372616685	0.708998277333553	0.231546937799024	3.06200671048798	0.00219858523690274	0.00365729090023766	735	657
chr19	6015325	6017325	-	Capn1	9.01058755089963	2.39910184665853	2.96012381673123	8.13842753475863	9.76274670463469	515.771251474708	-1.86881607206827	0.14873885453768	-12.5644108116676	3.31334071658338e-36	8.5723878965221e-35	112	69
chr19	6045075	6047075	+	Syvn1	9.70988114212308	2.70166189029486	3.13427969150634	8.98386392636291	10.3082193505337	837.462709916248	-1.46818502791037	0.166047884900816	-8.84193754583112	9.40728053233536e-19	4.8266890832573e-18	237	176
chr19	6056387	6058387	+	Fau	9.28737246280827	2.67877662888257	2.96208777206825	8.91797238476379	9.77024894766059	624.852759639769	-0.960539718747879	0.17223184950548	-5.57701564203036	2.44679875589139e-08	6.33044103651901e-08	530	447
chr19	6057251	6059251	-	Mrpl49	9.37416812964457	2.70728792764012	2.98760873518185	9.0010247269524	9.84903175956937	663.599104699182	-0.951228997646688	0.168791043817595	-5.6355418873684	1.74508719138783e-08	4.5439529437422e-08	538	455
chr19	6059691	6061691	+	Znhit2	8.51057209329323	2.45350359462827	2.73174277931488	8.28285711972131	9.07261978031707	364.701441882128	-0.939773087324354	0.145693174424776	-6.45035768514727	1.11586474676148e-10	3.4351684355999e-10	550	467
chr19	6067873	6069873	-	Tm7sf2	8.24059962767204	2.49102233193497	2.56633218993931	8.38779110002422	8.59588384366723	302.459806643921	-0.244059846145327	0.172979125757198	-1.41092079796901	0.158267968900547	0.197794296179924	1052	1022
chr19	6078532	6080532	+	Tmem262	5.88398183804888	1.85482432473829	1.7865471317272	6.89172366029506	6.75927413214957	59.054776090185	0.273645638840232	0.2504377662216	1.09266922065619	0.274539058467499	0.322550236808193	1040	1007
chr19	6079824	6081824	-	Vps51	5.9291876667154	1.82068744129239	1.86152612802202	6.82232815234089	6.89776037511428	60.934512029545	-0.123838941260949	0.223945192401996	-0.552987719596366	0.580271819250238	0.625541251957703	1128	1114
chr19	6081756	6083756	-	Gm28374	6.09396024788159	1.87019184061355	1.90500497104963	6.91933682306505	6.98371725396711	68.3069394745172	-0.089372582459044	0.226861568167628	-0.393952061518884	0.693616432396905	0.731026633988933	1161	1149
chr19	6083482	6085482	+	Cdca5	8.50473193228813	2.47082194798044	2.71716151532458	8.33134281713175	9.0299102131995	363.228081369246	-0.823503191349255	0.160038983900208	-5.14564121366047	2.66608555227013e-07	6.307315236499e-07	636	551
chr19	6084444	6086444	-	Zfpl1	8.88692372337514	2.55905003261556	2.84842322844136	8.57428645134492	9.42149627847487	473.402568499682	-0.97235124802526	0.142332131220243	-6.83156529512411	8.39930448313934e-12	2.82923940484693e-11	519	436
chr19	6104281	6106281	+	Naaladl1	5.96572929189555	1.75825214416923	1.91187009996368	6.71706789030919	7.00186404194023	62.4976176653382	-0.474787085537648	0.263710379849396	-1.80041106386786	0.0717957551197518	0.0955182037479411	914	864
chr19	6118086	6120086	-	Sac3d1	8.63744037776482	2.53675645222979	2.74054910406172	8.51275288517479	9.09927403192079	398.225108684225	-0.690873691797548	0.161393004788352	-4.28069167374105	1.86313339276318e-05	3.81409125521889e-05	754	677
chr19	6127804	6129804	-	Snx15	9.29579440972028	2.6043651992488	3.00312656921051	8.70219356823383	9.89673083586421	628.511098234082	-1.35059969107066	0.152522211128352	-8.85510170013266	8.36075465625232e-19	4.32624581361822e-18	296	239
chr19	6139482	6141482	+	Batf2	9.48116332282514	2.7204663584159	3.03350520473109	9.03946159661524	9.99084991321654	714.684813800273	-1.05019421188061	0.151382612243078	-6.93735030938883	3.99522285976758e-12	1.38016789701062e-11	472	394
chr19	6140906	6142906	-	Arl2	9.33738697436327	2.63613699620332	3.00587129704767	8.79567800692083	9.90501344069854	646.894651470456	-1.2282731936706	0.172016597418934	-7.14043419123814	9.30365660539588e-13	3.3176675754139e-12	363	290
chr19	6182887	6184887	+	Majin	5.20065210760844	1.68676020779433	1.52950339982029	6.59335691247055	6.3366449408044	36.7749661293001	0.58360187952876	0.302451553914203	1.92957143706496	0.0536599607450344	0.0728242324396895	896	846
chr19	6224879	6226879	+	Gpha2	6.26893460268053	2.03627211166648	1.81584697001282	7.26086480894605	6.81226319112421	77.1147324721125	0.750431719854454	0.220237651136531	3.40737251774105	0.000655915405291804	0.00116267220529859	695	611
chr19	6235372	6237372	-	Ppp2r5b	9.41440502410414	2.75282053366703	2.98693209227562	9.13469869300526	9.84599201662125	682.367452295448	-0.787537794659467	0.142999385058325	-5.50728098822421	3.64418348856728e-08	9.23193150437045e-08	660	573
chr19	6240167	6242167	+	Atg2a	9.63126169978772	2.62255809949558	3.13366864090005	8.75447170380765	10.3054649346592	793.046527315624	-1.71708067787293	0.148464994627766	-11.5655591553956	6.15887709990435e-31	1.01205331803834e-29	144	98
chr19	6275224	6277224	+	Ehd1	9.91482328525016	2.83984297845557	3.16730348775342	9.39511281063304	10.4121023950762	965.29311943048	-1.10968772442734	0.153792207956341	-7.2155003115786	5.37360375348841e-13	1.9563778934856e-12	426	349
chr19	6304955	6306955	+	Cdc42bpg	9.03313642161003	2.60575611111954	2.88970627397234	8.70705970244654	9.54701979082757	523.895921893489	-0.951638361370193	0.1497373748004	-6.35538296727004	2.07907989045962e-10	6.32040286699725e-10	537	453
chr19	6333478	6335478	+	Men1	8.96408122249196	2.72623740198332	2.77076432233542	9.05689556864494	9.18844586552935	499.410111871159	-0.149514704659434	0.157124553033682	-0.951568050776786	0.341316091089193	0.390442489900714	1115	1098
chr19	6339634	6341634	+	Map4k2	8.90972673631223	2.55975926802738	2.85575933273033	8.57637247737053	9.44444678390402	480.944542323756	-1.0027338519448	0.153864274990764	-6.5170024166103	7.17262709344694e-11	2.25956335379054e-10	502	425
chr19	6362189	6364189	+	Sf1	10.9265941223303	3.05959121680675	3.50531609205206	10.0718123756349	11.4981794096394	1946.40217519425	-1.50461503535264	0.153410644978065	-9.80776161633225	1.04255462662961e-22	7.87420140361247e-22	221	161
chr19	6382898	6384898	+	Pygm	7.20234156647015	2.4079074123564	1.88214183359418	8.16264050244232	6.93759037695913	147.272225780553	1.77558278509858	0.189408969729491	9.3743331566315	6.96144169621885e-21	4.50271973542666e-20	188	138
chr19	6397839	6399839	+	Rasgrp2	7.84992757847601	2.46405072025877	2.35450463558937	8.31220843748405	8.02468315917058	230.708536851714	0.340473338064967	0.179135074516363	1.90065144408035	0.0573476824553969	0.0774830909619585	989	950
chr19	6417230	6419230	+	Nrxn2	7.61977916352229	2.4135942750357	2.26501028738159	8.17827913817108	7.79208653903744	196.689913146257	0.513087465338395	0.170866211742239	3.00286089395143	0.00267454651058056	0.00443085634450404	864	806
chr19	6542519	6544519	-	Slc22a12	6.13460030802323	2.06290521453917	1.62729658399892	7.32126058659721	6.48635421932832	70.2584726014961	1.46543026185684	0.240937648053263	6.08219708998273	1.18546717139119e-09	3.42405719812751e-09	421	346
chr19	6840101	6842101	-	Rps6ka4	7.37244553995804	2.33060486964327	2.20767554633051	7.95849615762981	7.65291977928291	165.701808695154	0.408456858501907	0.165518745909072	2.46773775537361	0.0135969891845295	0.0204375016667341	941	896
chr19	6857711	6859711	-	Ccdc88b	5.94950837788418	1.88514124774739	1.78800929593576	6.945057144709	6.77269630974979	61.798862481634	0.266422499613605	0.2499007876245	1.06611308490124	0.286372525309031	0.334513920053585	1043	1011
chr19	6908197	6910197	+	Trmt112	9.08821214561648	2.70742702098009	2.85536779114886	9.00060988464166	9.44263643842541	544.282615131287	-0.500580650932414	0.142508435338042	-3.51263874131376	0.000443680290584294	0.000800467705267806	872	818
chr19	6909606	6911606	-	Prdx5	9.21870893008959	2.73737496485364	2.90274025970071	9.08909453825326	9.58626142781572	595.810166231193	-0.548753666148939	0.135289676121973	-4.05613851609934	4.98906790967233e-05	9.80081838152108e-05	843	782
chr19	6921313	6923313	-	Esrra	10.5645129111009	2.96435958309341	3.39439374682983	9.77569263792293	11.1386458956752	1514.38143118259	-1.44158043631794	0.142297626475192	-10.1307412641156	4.03578251648022e-24	3.39974948581844e-23	251	188
chr19	6924880	6926880	-	Catsperz	6.95200608109318	2.18537520241713	2.09547341049174	7.60354701718271	7.39053460492109	123.811892068073	0.323759572845792	0.202840986401408	1.59612501688931	0.110460884325506	0.143046257017907	1005	970
chr19	6934015	6936015	-	Kcnk4	6.01536009451846	2.001942064956	1.66266154918137	7.18712974632175	6.54247157743118	64.6850358483342	1.13778799560521	0.234802169824078	4.84573032888782	1.26146766952329e-06	2.84063830766726e-06	540	458
chr19	6940360	6942360	+	Bad	9.11906099347504	2.68252289331245	2.88709106505323	8.92745025937379	9.53924834144187	556.046218159196	-0.700360215290642	0.142808273524519	-4.90419916161507	9.38092723707928e-07	2.13618118357461e-06	742	661
chr19	6941950	6943950	-	Gpr137	9.19735912693452	2.67102267361075	2.93348437744449	8.89395373450262	9.68067460737792	587.057955964336	-0.884209751366431	0.128979914136121	-6.85540657464901	7.11099825122861e-12	2.42212153319159e-11	595	508
chr19	6969259	6971259	-	Plcb3	8.3556878589891	2.54622951174532	2.58945498680128	8.53855142920996	8.66030301778929	327.576455945245	-0.15249006336442	0.145455312602877	-1.04836365640868	0.294471091435219	0.341918415092187	1112	1095
chr19	6973547	6975547	+	Ppp1r14b	9.16743449539452	2.74349810160026	2.86836492454113	9.10653812187496	9.48279541249939	575.006516312597	-0.442626159850984	0.149831411021661	-2.95416132593848	0.0031352006423189	0.00516585905292654	913	863
chr19	6979961	6981961	-	Fkbp2	10.748286619856	3.02819172537012	3.44444474580704	9.97362107218801	11.3006796276013	1720.11179777814	-1.40686263519455	0.148763888465307	-9.45701708733333	3.16853004267996e-21	2.12869200657394e-20	268	209
chr19	6987151	6989151	-	Vegfb	7.88098922910959	2.42185593458544	2.41863366994411	8.2003248110043	8.19286834957984	235.729618564829	-0.00234141017599309	0.187742707047128	-0.0124713775188366	0.990049538367713	0.990864393954847	1215	1215
chr19	6992003	6994003	-	Dnajc4	9.39260996786394	2.67845166043735	3.01483743782238	8.91607846562285	9.93271243918408	672.136279826984	-1.131933374212	0.146340663864255	-7.73492031758155	1.03467888301826e-14	4.16612424420597e-14	409	330
chr19	6994630	6996630	+	Trpt1	8.28611185948263	2.4964184504059	2.5956213677827	8.40001811235493	8.67712326007728	312.153505993894	-0.328338215082557	0.134244812041529	-2.44581678866656	0.0144524420776335	0.0216164447311223	1000	965
chr19	6995617	6997617	-	Nudt22	8.18796889821231	2.4601974596242	2.57041266624859	8.30152019821652	8.60580335253365	291.624657622767	-0.365887383910773	0.142038562187611	-2.57597217456688	0.00999586900377542	0.0153665950803931	974	931
chr19	7018969	7020969	-	Fermt3	7.99941603988803	2.06073635135388	2.66404794423228	7.31313201460641	8.87483977583931	255.896399770438	-2.02275860696613	0.170431613954601	-11.8684471738028	1.72642299349097e-32	3.33227041283336e-31	70	33
chr19	7039526	7041526	-	Stip1	11.26082822878	3.06741369156363	3.6398487870754	10.096315308125	11.9362330945999	2453.84469684432	-1.90692279237997	0.126472880981973	-15.0777208329095	2.26969629313822e-51	2.12303899419699e-49	98	55
chr19	7055267	7057267	+	Macrod1	7.93016938975934	2.39518675099766	2.48353855124036	8.12705167966652	8.36442447489914	243.903963078566	-0.292824185409324	0.144599967458518	-2.02506397861623	0.0428607951057194	0.0592258259642667	1023	988
chr19	7105229	7107229	-	Flrt1	6.75353713697455	2.32924840192427	1.48490786899532	7.95547382181395	6.27950789410894	107.898959097681	2.80438702048393	0.225284551935716	12.4481993833476	1.43035768642137e-35	3.41042146409487e-34	51	21
chr19	7205816	7207816	-	Otub1	9.64623438592092	2.73534135795212	3.09979978730974	9.08300568666682	10.198432313997	801.319839502053	-1.22055058140425	0.145969956179232	-8.36165614727989	6.1843873019846e-17	2.89239036892818e-16	368	296
chr19	7217116	7219116	-	Cox8a	9.60249671984389	2.74383750950871	3.07981183567546	9.10752535103726	10.1353680834757	777.391067163879	-1.1258186715867	0.125554650069883	-8.96676205110741	3.05358849316949e-19	1.65766232486344e-18	412	333
chr19	7240722	7242722	-	Naa40	9.27952453982587	2.69584822737684	2.95411413436903	8.96673324261269	9.744818208334	621.46293532156	-0.877059136758623	0.151020564149747	-5.80754774488168	6.33944771299112e-09	1.74406525316679e-08	598	511
chr19	7265824	7267824	+	Rcor2	8.01603766405044	2.62567430515399	2.21223026547649	8.76391982679725	7.66237173826911	258.86169064208	1.39113974910585	0.152975192686542	9.09389113799912	9.55565362084884e-20	5.48097868063782e-19	278	217
chr19	7341360	7343360	-	Mark2	10.2531757176994	2.87906923305496	3.29450445207141	9.51387617890339	10.8176412637433	1220.43159371712	-1.40814182369722	0.154555013444758	-9.11094239075288	8.16694421893903e-20	4.72904960487136e-19	267	207
chr19	7382526	7384526	-	AI846148	8.9234659055254	2.71389835084006	2.7630852160505	9.01952531579065	9.16522251546246	485.546583778049	-0.171545980146401	0.136654240983342	-1.25532862289515	0.209359488657087	0.253566870724121	1098	1076
chr19	7416124	7418124	+	2700081O15Rik	8.82526595308911	2.75874805543925	2.64922330882459	9.1523609227969	8.83286755269739	453.596580169108	0.346813870553216	0.158328878800421	2.19046501927413	0.0284905290534167	0.0401442448771201	985	945
chr19	7482789	7484789	-	Rtn3	10.0488835460121	2.83970352326665	3.22874891867123	9.39480468231372	10.6068331273184	1059.2912142987	-1.29930669020946	0.13908397512579	-9.34188636062748	9.463284339458e-21	5.96235945947198e-20	326	260
chr19	7492539	7494539	+	Atl3	9.3828087458981	2.81623780609613	2.93047722701088	9.32404084849454	9.67141818021731	667.585470621716	-0.380619770050259	0.133607010122199	-2.84880089526842	0.00438843343585601	0.00706799345430584	960	918
chr19	7555958	7557958	+	Pla2g16	8.28549685744687	2.15985365932128	2.74667624502892	7.54291969006694	9.11648703059958	312.020467393355	-1.9290149776524	0.175393444019856	-10.9982159734204	3.89766638608477e-28	4.66699357260395e-27	101	59
chr19	7606693	7608693	-	Lgals12	6.29992019728229	2.12890859114579	1.64882731333495	7.46688598967891	6.51952813960005	78.7888841241423	1.63083742718586	0.218337955661912	7.46932626643783	8.06064537997426e-14	3.04402011864867e-13	322	257
chr19	7611040	7613040	+	Hrasls5	6.43148026763998	2.14384641764566	1.74471212962115	7.50030245828059	6.69084406170237	86.3114628037704	1.33163922841774	0.224998710340792	5.91843049411609	3.25028308196676e-09	9.10678393472714e-09	434	357
chr19	7710810	7712810	-	Slc22a19	4.67757160162729	1.56183666616732	1.3337564542242	6.38616312180952	6.0839640726216	25.5911238700112	0.799909740103053	0.344853649880924	2.31956292293631	0.0203645335364309	0.0295504448452267	838	775
chr19	7802167	7804167	-	Slc22a26	3.9915956733835	1.31889705508232	1.12876332154617	6.07696403098207	5.8612463061254	15.9070639943847	0.686965450125117	0.455267590018767	1.50892676128516	0.13131750007146	0.167593968997108	952	911
chr19	7965527	7967527	-	Slc22a27	4.27804765073412	1.27883741996049	1.34983251361911	6.01991500533523	6.12683180262655	19.4008458844012	-0.397640065653555	0.408789412821051	-0.97272593952335	0.33068952959682	0.380033777653105	1058	1031
chr19	8131482	8133482	-	Slc22a28	3.87919213753527	1.33147222844114	1.09612213415128	6.07120247366741	5.82727603260013	14.714760313694	0.719968151950178	0.414561634569091	1.73669749420623	0.0824405802987357	0.108493231215652	924	878
chr19	8404611	8406611	-	Slc22a30	3.93694875294958	1.37456085135348	1.00800686554416	6.13643613511811	5.74712119364976	15.3157992774918	1.18964705111847	0.452106163295277	2.63134446663469	0.00850477853654627	0.0132417550581821	781	710
chr19	8589753	8591753	+	Slc22a8	5.47408845303216	1.73295628015544	1.67811615412576	6.66091928037433	6.57119440076438	44.4492894899899	0.153849071258108	0.247606790793983	0.62134431274995	0.534373103544874	0.584876412160726	1111	1093
chr19	8616495	8618495	+	Slc22a6	6.13679618689341	2.05439620920281	1.603273616856	7.31464790521252	6.44828261808864	70.3654921463287	1.60019721066819	0.278539404073298	5.74495811819538	9.19437408924438e-09	2.46807039570004e-08	453	374
chr19	8662288	8664288	+	Chrm1	6.85850559561385	2.23715476710779	1.95138540936097	7.7248904136243	7.08045801593772	116.042188210253	0.927627700366715	0.193013635222001	4.80602160204782	1.53963270812235e-06	3.45423131563981e-06	558	474
chr19	8722869	8724869	-	Slc3a2	9.89079470824409	2.79376192059075	3.18229066357396	9.25632360558251	10.4588683893339	949.348980044723	-1.29919491709654	0.126909042398938	-10.2372131452425	1.35071030140325e-24	1.20769391654879e-23	327	261
chr19	8734326	8736326	+	Wdr74	8.24394237661429	2.41101876602848	2.62783418780755	8.17148392406222	8.76991002107052	303.161423674541	-0.714845744405608	0.166781984783048	-4.28610887042439	1.81829903127157e-05	3.74120409818313e-05	729	651
chr19	8734340	8736340	+	Gm45736	8.25534976693562	2.41543997045663	2.63086346211428	8.1831828606774	8.77856495978127	305.568023137558	-0.710197739294882	0.165694692653292	-4.28618278547362	1.81769445517997e-05	3.74120409818313e-05	733	655
chr19	8739217	8741217	+	1700092M07Rik	7.43269226828676	2.32033297197678	2.26380199155113	7.93173061183901	7.78926151926628	172.768006167264	0.181893436270877	0.152016720342889	1.1965357222587	0.231487567042587	0.277328947314075	1091	1070
chr19	8739912	8741912	+	Stx5a	10.0344015796534	2.88581212597456	3.20046246670869	9.53476008977125	10.5169964104468	1048.71109813902	-1.05695679669338	0.146402038445593	-7.21954972700859	5.21599927482529e-13	1.90470123669296e-12	464	386
chr19	8755572	8757572	+	Nxf1	9.53733783409185	2.73141697008572	3.05488854868313	9.07105612650345	10.0575329129002	743.061511823905	-1.08771316605516	0.139386457593113	-7.8035785171493	6.01759361694625e-15	2.46376896909314e-14	444	363
chr19	8785917	8787917	-	Taf6l	9.84327820550453	2.77745493282513	3.16995895852595	9.2076842339425	10.4195740979106	918.590597002172	-1.30452559360308	0.120450308032022	-10.8304047944507	2.47060704928978e-27	2.75620015773979e-26	323	258
chr19	8798057	8800057	-	Polr2g	8.35018216308856	2.48539157862477	2.6353973434554	8.37092852199365	8.79107399365351	326.328722159861	-0.488097598308811	0.145739677791281	-3.34910578715449	0.000810728346456697	0.0014103657643653	878	826
chr19	8801029	8803029	+	Zbtb3	10.216742803713	2.8686639394679	3.28890676211341	9.48256701488253	10.7990113590869	1189.99748052779	-1.39799135027407	0.132054697572986	-10.5864567937949	3.44381498022441e-26	3.43252378356793e-25	273	213
chr19	8817900	8819900	+	Hnrnpul2	10.3546484854197	2.96949184463287	3.30344713401171	9.791385314549	10.8459608221144	1309.36216851191	-1.124755874251	0.138993296415719	-8.09215914188363	5.8616254481658e-16	2.56393400898188e-15	414	335
chr19	8818833	8820833	-	Ttc9c	11.1637339531376	3.15759091591265	3.57025525805763	10.3804151811498	11.7092522626882	2294.13401124898	-1.3837076721413	0.136940200217913	-10.1044665477296	5.27820404174971e-24	4.36618783317527e-23	281	221
chr19	8835966	8837966	+	Bscl2	8.32332582942347	2.52864514552566	2.58265177242826	8.49086280305462	8.64141993249346	320.310177672267	-0.178742641346712	0.164883740536604	-1.08405256191426	0.278341494398981	0.326386940394563	1092	1072
chr19	8838746	8840746	-	Gng3	7.86493410279902	2.40900277113838	2.43063671282344	8.16539837372113	8.22134815845801	233.120829022353	-0.0577333766283509	0.16245426317626	-0.355382342694887	0.722303175154731	0.757172983610477	1184	1179
chr19	8849284	8851284	+	Lrrn4cl	6.22437591616628	2.00026433132015	1.84463844321338	7.17934223705716	6.86862257762573	74.7693930214024	0.52294602694923	0.209931391587134	2.49103301319363	0.0127372284121166	0.0192403350920916	857	798
chr19	8870058	8872058	+	Ubxn1	9.49906720046745	2.72628069951513	3.04043904162093	9.05588857420558	10.0123932707591	723.609330471386	-1.05762099036502	0.138546941264981	-7.63366538956817	2.28171661166698e-14	9.00833571359432e-14	463	385
chr19	8880433	8882433	-	Uqcc3	8.08650431666939	2.42635348368423	2.54111009903552	8.21117450132431	8.52359580592859	271.819343598445	-0.37133385565203	0.152318999940562	-2.43786957501646	0.0147741034348289	0.0220704051311449	970	926
chr19	8882231	8884231	+	Lbhd1	5.82327934062778	1.80029423623113	1.81591132596915	6.78354062141254	6.81454943020159	56.6215501004681	-0.0326049077026639	0.236565350220246	-0.137826218726911	0.890377762558717	0.9022494660595	1200	1195
chr19	8887352	8889352	+	1810009A15Rik	8.89192976464736	2.5905741178581	2.83525458057414	8.66319797905987	9.38128741736319	475.04809241662	-0.818733449208246	0.134970657874839	-6.06601065816448	1.31126432439057e-09	3.77842990156146e-09	640	555
chr19	8887425	8889425	+	Ints5	8.88221805944472	2.5841425213412	2.83439672374061	8.6448814464327	9.37870637963514	471.860978451877	-0.838212183496953	0.134360687416692	-6.2385225888091	4.41722845437967e-10	1.31008531720138e-09	623	537
chr19	8896589	8898589	+	Ganab	9.59001212384896	2.74697652116769	3.07075138724684	9.11792971592447	10.1070221849509	770.6928112504	-1.07285912834407	0.145471178441963	-7.3750631557034	1.64267162932928e-13	6.08990457702563e-13	451	371
chr19	8918873	8920873	+	B3gat3	9.41549114248349	2.7275729746478	3.00225088295151	9.06014309545282	9.89327607440688	682.881359155332	-0.914260538208811	0.139999992406749	-6.53043276997164	6.55799203489642e-11	2.07130345829456e-10	571	487
chr19	8928051	8930051	+	Eml3	9.24641198775144	2.61172268080634	2.98133622993056	8.72317970454634	9.82882967021454	607.361642075343	-1.24613607755055	0.142522539339169	-8.74343162371709	2.26134759508069e-18	1.1362804444703e-17	354	280
chr19	8928856	8930856	-	Rom1	9.09895759312417	2.63383248960844	2.90636130099971	8.78644913221925	9.59795970837666	548.35166287516	-0.920818534958686	0.137725458201783	-6.6858992301161	2.29510921342489e-11	7.48217909792137e-11	564	482
chr19	8940374	8942374	+	Mta2	9.57872285606853	2.81375030584476	3.03165391114569	9.31646664856873	9.98461511202664	764.685578657792	-0.728477756609524	0.130612038528485	-5.5774166364508	2.44116705282301e-08	6.32933717746861e-08	715	633
chr19	8952349	8954349	+	Tut1	8.84345658059086	2.57698483940884	2.8182362295056	8.62521832950614	9.33031692800514	459.352089368962	-0.805231690800021	0.146707239408621	-5.48869772238862	4.04907854950762e-08	1.0215102730708e-07	646	563
chr19	8965540	8967540	+	Eef1g	10.4506226046423	2.97836798141319	3.34308567329146	9.81908571888784	10.9730388055557	1399.4290255252	-1.21445054824368	0.132060140853467	-9.19619304049681	3.70856080190055e-20	2.18913103646168e-19	371	299
chr19	8987783	8989783	+	Ahnak	7.91047185412045	2.54273268453635	2.29083421134115	8.5288596861702	7.85731028303711	240.596501470896	0.846092749663551	0.153426475316466	5.51464633413726	3.49482019401466e-08	8.87202788292656e-08	618	529
chr19	9087458	9089458	-	Scgb1a1	5.23007952108146	1.675983610723	1.58136458835249	6.56825596595626	6.41461872503732	37.532787118628	0.357461979126041	0.278095108461804	1.28539470220541	0.19865439157019	0.242290611985307	997	960
chr19	9135136	9137136	-	Asrgl1	7.72472863555012	2.45788689452651	2.28048071492525	8.29479607418584	7.8331911741855	211.531489583255	0.5624058417277	0.167307365438195	3.3615127478381	0.000775167783586427	0.00135043556567492	833	769
chr19	9846061	9848061	+	Scgb2a2	4.39278050475986	1.42807361754874	1.33544543777664	6.20082279191416	6.07387123618689	21.0067417452991	0.345587301548034	0.3510591399616	0.98441334296505	0.324912320172516	0.374496096047184	1055	1026
chr19	9899033	9901033	-	Incenp	9.85521119397563	2.75627014880821	3.18091361248064	9.14452645200229	10.4547036886497	926.22006067224	-1.42153973230103	0.132955757180315	-10.6918253293322	1.1116139286329e-26	1.1359012917795e-25	261	199
chr19	9981202	9983202	+	Fth1	10.1363525068082	2.85819172384295	3.25811716767668	9.45109142862207	10.7005569890853	1125.50168927443	-1.3299351803464	0.141709277759644	-9.38495489760468	6.29433744301401e-21	4.11500770468013e-20	311	248
chr19	10000168	10002168	+	Rab3il1	6.6674387197384	2.05017946304744	2.07406758997	7.28808511077221	7.34191383627014	101.648049362182	-0.103696768377191	0.186867631694493	-0.554920975007179	0.578948714374312	0.624668710451787	1147	1134
chr19	10001133	10003133	-	Best1	6.28158279335918	1.8715618779425	2.00109940213285	6.92730671929528	7.18091122209883	77.7937740307753	-0.389291354564915	0.233895826174924	-1.66437922784384	0.0960366684926627	0.12503275041443	953	913
chr19	10040047	10042047	+	Fads3	8.7114575883123	2.67271009162325	2.67943737894583	8.89918256592343	8.91871724920259	419.189156651664	-0.0256355786721509	0.132783437855972	-0.193063073874902	0.846909571334819	0.865413477935412	1201	1196
chr19	10101003	10103003	-	Fads2	9.76049601096946	2.99919075540276	2.97989335658987	9.88361396119323	9.82425853645494	867.365356275092	0.0557953025607008	0.141696639683396	0.393765883830193	0.693753894426997	0.731026633988933	1186	1181
chr19	10181387	10183387	+	Fads1	9.4881996710662	2.77649851382075	3.00917484741375	9.20497803141061	9.91483555819571	718.179006457095	-0.782008166760137	0.138010699697775	-5.66628651599208	1.45925441029121e-08	3.83251266288145e-08	663	576
chr19	10202513	10204513	+	Tmem258	9.48785663741182	2.59801793602798	3.08601173709722	8.68437611154733	10.1551051665835	718.008263316224	-1.63497234067551	0.143810954811695	-11.3688998367081	5.97357481434078e-30	9.19476832182074e-29	169	119
chr19	10203669	10205669	-	Fen1	9.13587775465902	2.59304588116852	2.93993072492227	8.67070348489567	9.70117932671177	562.565688931092	-1.16654432653775	0.155958381169107	-7.47984377494185	7.44110148003987e-14	2.82761856241515e-13	395	322
chr19	10240248	10242248	-	Myrf	7.71256979403231	2.40590824389697	2.3327915864658	8.1563937520762	7.96841010381371	209.756221750886	0.226330501505655	0.18413106539627	1.22918151273696	0.219003758761457	0.263551245793699	1064	1038
chr19	10304377	10306377	-	Dagla	7.08369843234351	2.34982920936293	1.90633929857393	8.00931973865723	6.99461580123338	135.645599207041	1.4236015381207	0.205720759490534	6.92006748198985	4.51428552171864e-12	1.55506266130591e-11	353	278
chr19	10387589	10389589	+	Syt7	8.05267677932762	2.61376777364587	2.2779369884528	8.72913420083146	7.82632428071526	265.520010126871	1.10784944296486	0.154739959289595	7.15942700289539	8.10149702092971e-13	2.9146214134469e-12	427	351
chr19	10456947	10458947	-	Lrrc10b	7.84863529646094	2.61398018918295	2.04387599627375	8.72990199963662	7.27548352187905	230.501974136876	1.91046838703185	0.165062295990847	11.5742264189624	5.56711427078715e-31	9.27343966202353e-30	97	54
chr19	10482397	10484397	-	Ppp1r32	5.41807237800036	1.80443406446239	1.53371691438207	6.79011542364936	6.34410984681119	42.7565154894947	0.875008869462495	0.259592008492741	3.37070803736611	0.000749752719333053	0.0013133623908121	694	609
chr19	10523743	10525743	+	Cpsf7	9.75769476610829	2.71431871680348	3.1557424644783	9.02072355508489	10.3749526033348	865.682848636487	-1.47787304028133	0.137527889187812	-10.7459879520372	6.18956801072023e-27	6.54479539220504e-26	230	170
chr19	10524709	10526709	-	Sdhaf2	10.0158779015911	2.79578717737213	3.23166374368469	9.26256757755332	10.6162090856465	1035.33210468327	-1.45816723372344	0.139169308903821	-10.4776494559671	1.09429704446708e-25	1.03152341555967e-24	242	180
chr19	10555738	10557738	-	Tmem216	8.05487874001744	2.38222228829022	2.55659789950813	8.09400509021407	8.56707089706244	265.925578190082	-0.570486685209045	0.151831660785603	-3.75736313662939	0.000171713226666776	0.000321730791412635	830	766
chr19	10575953	10577953	+	Cyb561a3	8.91650308598871	2.6156210541886	2.83053584686041	8.73438178828675	9.36762623619753	483.208856115923	-0.726582048758287	0.141093335810954	-5.14965532980102	2.60965576081221e-07	6.18585069229561e-07	720	638
chr19	10576862	10578862	-	Tmem138	8.94232153770007	2.61689550792484	2.84283927411002	8.73827075581338	9.40447444212836	491.934196953126	-0.756486217917114	0.138915566312591	-5.44565478151566	5.16151570998884e-08	1.28878913826415e-07	688	602
chr19	10603758	10605758	-	Tkfc	9.79999268893121	2.79734533877976	3.1418468186632	9.26744307063148	10.3306296897789	891.43925930455	-1.14335768726207	0.130832457437274	-8.73909815391367	2.34978649865393e-18	1.17586023965563e-17	401	325
chr19	10604124	10606124	+	Ddb1	9.94214826989968	2.83585635999844	3.18623440571935	9.38308985310038	10.4713617681811	983.750238321619	-1.16679781214906	0.129868559637799	-8.98445178265806	2.60027354944198e-19	1.43073874937622e-18	394	321
chr19	10632732	10634732	+	Vwce	7.91442068122321	2.25172039047593	2.56248972720861	7.75994380915831	8.58516089306138	241.255944650822	-1.05090682982853	0.162811773770347	-6.45473484805148	1.08408541508157e-10	3.34580676329743e-10	471	393
chr19	10677571	10679571	-	Pga5	6.29293157361056	1.93422402118687	1.95878401354785	7.04288928681918	7.09783571533632	78.4081422901018	-0.130353600746952	0.217824074695558	-0.598435232327466	0.549549562939956	0.598792355318088	1123	1107
chr19	10687314	10689314	+	Vps37c	9.7486090246676	2.80089375394382	3.11558115189884	9.27800122911808	10.2480667768186	860.248120486557	-1.05234348295216	0.140006949136841	-7.51636607639821	5.6319715341229e-14	2.16040296072348e-13	468	390
chr19	10738474	10740474	-	Cd5	5.84770996066821	1.919156222211	1.67898183980526	7.01247957186434	6.5737268702157	57.588544745054	0.829362414373954	0.239491441008649	3.46301484045103	0.00053415893310597	0.000958019561440796	678	588
chr19	10829558	10831558	-	Cd6	5.85339484063177	1.94086215740892	1.63480064278044	7.05706628554851	6.50594842336733	57.8159176994084	0.990301870284957	0.250370525508488	3.95534525589109	7.64242026894017e-05	0.000147421304850967	630	545
chr19	10838226	10840226	+	Slc15a3	5.3311344227266	1.72825663150435	1.57255770887514	6.66164892659373	6.40051334646597	40.2560697726067	0.585072366356687	0.282281278203931	2.07265735113331	0.0382041795498486	0.052971815658627	877	824
chr19	10869440	10871440	-	Tmem132a	7.61888188956433	2.55036385804061	1.9507433669455	8.55063512380556	7.07501461238307	196.567621281713	2.0174821766125	0.170623434589141	11.8241798465174	2.92747894898945e-32	5.47663754149411e-31	73	37
chr19	10881501	10883501	-	Tmem109	7.97425662476143	2.49632710751084	2.40495701122361	8.39961862479448	8.15453988225183	251.472464011753	0.275941150122525	0.160450961960547	1.71978495330166	0.085471538702058	0.112360422769408	1038	1005
chr19	10893730	10895730	+	Prpf19	9.03608671691974	2.68114370891328	2.84914649460438	8.9237284248987	9.4232820435402	524.96837943393	-0.563022153006916	0.133954300427927	-4.2030912871651	2.63294342095371e-05	5.29199867748712e-05	832	768
chr19	10920132	10922132	-	Zp1	5.32840377469391	1.7662157758486	1.49439477667384	6.72958506481467	6.2908441368444	40.1799475220319	0.943342272825021	0.299473511931438	3.15000237163209	0.00163269137180076	0.00276897169889781	717	636
chr19	10935659	10937659	+	Ptgdr2	6.85854437361075	1.82751487896377	2.26843179332787	6.84957727003066	7.8091564959752	116.045307333812	-1.44160368283197	0.382027887036543	-3.77355615061179	0.000160936976493605	0.000302005190457135	648	565
chr19	10948766	10950766	-	Ccdc86	8.45684293554908	2.55356770567855	2.63609261994435	8.55881240452418	8.7949688760312	351.368959208514	-0.297251444304986	0.159332116181657	-1.86560909017291	0.0620960769055799	0.0833430789372905	1020	985
chr19	10974170	10976170	-	Ms4a10	6.21175742599999	2.09214752252831	1.65600881533813	7.3824162738219	6.53061161923186	74.1182763399513	1.46882222055395	0.216266714475009	6.79171653446317	1.10807110353923e-11	3.71188556998266e-11	363	290
chr19	10992750	10994750	-	Ms4a15	5.49144230185155	1.84133147460711	1.5199583450924	6.86027534122957	6.32535972400649	44.9871884775261	1.06662682043673	0.265779776379578	4.01319782477882	5.99016706868417e-05	0.000116544690488319	625	541
chr19	11017531	11019531	-	Ms4a18	5.1303881389857	1.67110724845696	1.51479219438509	6.56402095450175	6.31376794862434	35.0268206991152	0.566907545518126	0.290064192447979	1.95442098776049	0.0506514506370816	0.0691270078279363	891	838
chr19	11080602	11082602	-	Ms4a8a	5.03251029183316	1.63135992733566	1.50522427969546	6.49342686480478	6.30442932920213	32.7292875218032	0.458047858029046	0.29460968511193	1.55476171075306	0.120002831303577	0.154579918289353	944	901
chr19	11130376	11132376	-	1700017D01Rik	4.63661623460313	1.553514869798	1.24669738839125	6.382425403188	6.00316056342465	24.874855409731	0.923343170612751	0.399340700559036	2.31216895578178	0.0207683743438619	0.0300646942882572	840	778
chr19	11164820	11166820	-	1700025F22Rik	5.14361018620764	1.71565672931818	1.37288082467521	6.64935271960454	6.14444387419707	35.3493108982941	1.12572584205312	0.354804262120417	3.17280811488972	0.00150972269319042	0.00256758432855881	715	633
chr19	11196237	11198237	-	Ms4a13	5.09582846938807	1.74153379170979	1.36741002949473	6.67924424425911	6.11477328704139	34.1977255056238	1.31553806740989	0.294856204033455	4.4616258685221	8.13401468555646e-06	1.72316408669628e-05	574	490
chr19	11265741	11267741	-	Ms4a1	5.17207803982611	1.68937998884074	1.50326322813585	6.58696794803592	6.31651339763142	36.0537655185847	0.524007280058545	0.292616980312453	1.7907616963958	0.0733315443693597	0.0974548174351272	915	866
chr19	11283373	11285373	-	Ms4a5	4.65437554652337	1.58029048614573	1.25376735991096	6.42095568076737	5.99113336779864	25.1829527477752	1.15800116754589	0.373527050789169	3.10018020140528	0.0019340293844664	0.00325280737415096	723	643
chr19	11313954	11315954	-	Ms4a14	4.37805233160286	1.39278564337838	1.38181467131502	6.14621116644738	6.13304202496261	20.7933792343111	0.0350008222063234	0.335669187789333	0.104271775544349	0.916953675646326	0.926092748825526	1204	1202
chr19	11335646	11337646	-	Ms4a7	4.12456125368819	1.21583440963544	1.36464722200598	5.95397319800541	6.11270592415415	17.4428182798557	-0.385710490202867	0.393891501556875	-0.97923029229706	0.327466204283805	0.376725548163772	1057	1029
chr19	11374022	11376022	+	Ms4a4a	4.01023644318696	1.32984969341529	1.20270962607123	6.06926868363181	5.93105449050332	16.1139294952613	0.422613309916389	0.400687457008716	1.0547205871413	0.291553133366517	0.339586791354104	1044	1012
chr19	11403269	11405269	+	Ms4a4c	4.38538654831959	1.43631179178711	1.31355332663939	6.21134708681809	6.0507611007547	20.8993555095829	0.459607337155234	0.357322485343298	1.28625361125445	0.198354566314846	0.242290611985307	995	957
chr19	11442052	11444052	+	Ms4a4b	4.17591822686631	1.41286239626405	1.18935668080589	6.17979366971585	5.91461362180741	18.0749309022348	0.753707364782911	0.38708195239011	1.94715191480513	0.0515165245751989	0.0702288048020648	892	840
chr19	11467865	11469865	+	Ms4a6c	5.07971310766361	1.56277351562742	1.5859086085794	6.38797745848564	6.43667641255339	33.8178516581482	-0.13940679513778	0.311150213958504	-0.448036957340392	0.654126524651495	0.693476768941777	1147	1134
chr19	11484437	11486437	+	Gm8369	4.62198422208205	1.48452114714512	1.41285020264142	6.27239083207229	6.18003132052458	24.623846224393	0.208516592844406	0.32843835038795	0.634872853910352	0.525511343038829	0.577255459020069	1107	1088
chr19	11515011	11517011	+	Ms4a6b	5.22464453163492	1.60408620635276	1.62881547150531	6.46328670352223	6.49565507447039	37.3916578174341	-0.071490589921946	0.307715098236729	-0.232327208939703	0.81628388084065	0.839848860939589	1181	1174
chr19	11535300	11537300	+	Ms4a4d	5.20249424885438	1.65965904017939	1.57566236803804	6.53960780387112	6.41266243124351	36.8219531564707	0.22122579575596	0.285329244176914	0.775335161995496	0.438141637170091	0.490589531122312	1086	1064
chr19	11604349	11606349	-	Ms4a6d	5.45788202514991	1.62505377126641	1.76572614856551	6.48197980994868	6.72164510693551	43.9527651322419	-0.480541106850284	0.255262817270491	-1.88253468322836	0.0597634553342814	0.0805680284772574	902	852
chr19	11623219	11625219	-	Ms4a2	5.65722122990976	1.8568723331135	1.60943621454633	6.8955663687781	6.4653468887431	50.4653491496183	0.846548686005575	0.275298842212538	3.07501724018156	0.00210490386002917	0.00353043185351099	725	646
chr19	11640351	11642351	-	Ms4a3	5.03681918386691	1.54185075237306	1.59771624454939	6.35936311324879	6.44245790905824	32.8271860897325	-0.204580173422905	0.299028634919693	-0.684149106582541	0.49388101562951	0.547456075665892	1097	1075
chr19	11660059	11662059	-	Oosp2	5.93644098311196	1.64679191322624	1.97320804030295	6.52454618567016	7.12371514300705	61.2416387562574	-1.07158138883086	0.244680134996915	-4.37951936247037	1.18941353631133e-05	2.47658708930577e-05	584	498
chr19	11690650	11692650	-	Oosp1	4.6190696357952	1.39133908277551	1.46989568261598	6.17215409277126	6.2505055250583	24.57415042814	-0.0876037848404018	0.377242906688447	-0.232221158535265	0.816366244762001	0.839848860939589	1182	1175
chr19	11695554	11697554	+	Oosp3	4.69188125048363	1.49719772649833	1.40440516408162	6.29603970358284	6.18616569867689	25.8462173707314	0.204692013360411	0.349066365700057	0.586398557620695	0.557607713371003	0.60594368137546	1119	1102
chr19	11746053	11748053	+	Gif	5.43057021003421	1.6359910810459	1.73556000626145	6.5007824035615	6.67224011919873	43.1285171841003	-0.364272159495034	0.267664423554203	-1.36092856367692	0.173536265811712	0.214233603276184	985	945
chr19	11768914	11770914	+	Mrpl16	8.2010078688187	2.48577268540722	2.55183423632359	8.37107615730794	8.55569001841725	294.272286126969	-0.235972948500603	0.162966415442935	-1.44798514380549	0.147621205475259	0.185441514316027	1059	1033
chr19	11818903	11820903	-	Stx3	7.33366427282594	2.46344662183776	1.87254162193263	8.31043060749778	6.91939986985895	161.306892294839	1.99898496315546	0.178999447912919	11.1675482045505	5.87810353390649e-29	8.03120662610145e-28	89	49
chr19	11838719	11840719	-	Olfr1417	4.69940224279094	1.54300822975351	1.39165019394399	6.36024065493064	6.14766783794774	25.9813095202231	0.535535968734697	0.320493195268576	1.67097453749654	0.0947267072896565	0.123724678908939	931	885
chr19	11860566	11862566	-	Olfr1418	4.5880793988536	1.47583486381085	1.38877892724879	6.26151524523261	6.15431058587371	24.0519073115447	0.217698766368923	0.342766921752108	0.635121864315613	0.525348938153953	0.577255459020069	1106	1087
chr19	11874606	11876606	-	Olfr1419	4.67067042520211	1.50474183967933	1.40410897822038	6.30358864635405	6.17448033158258	25.4690002600304	0.278805221110659	0.343629018049891	0.811355288598413	0.417161667797203	0.470564552914099	1078	1053
chr19	11885064	11887064	+	Olfr1420	4.14534493556467	1.39799474482152	1.19851732024406	6.16276393197664	5.91703875520383	17.6959208848147	0.773387333793284	0.387616983500167	1.99523593318751	0.046017153676201	0.0634431506465537	882	831
chr19	11910898	11912898	+	Patl1	9.9212448998917	2.93992547435224	3.11718883878624	9.70146365688527	10.252850591609	969.599335523279	-0.574919958143735	0.149007687093763	-3.85832415331679	0.000114167165063396	0.000217257077804522	825	760
chr19	11964343	11966343	+	Osbp	12.0133688920776	3.27407471953568	3.86876546982795	10.7533598496731	12.6870285677205	4134.13244030309	-1.93147403713321	0.176281393948458	-10.9567663034134	6.16634983308516e-28	7.1412203781253e-27	105	63
chr19	12040817	12042817	-	Olfr1423	4.8137127208639	1.62423199857916	1.32648329960992	6.48810197664359	6.07100474339557	28.1236652182682	0.964264071813413	0.334376109900013	2.88377082950619	0.00392944597703672	0.00636245846614734	751	673
chr19	12062182	12064182	-	Olfr1424	5.0767504051731	1.68902653052355	1.44204285640236	6.59303399671202	6.21415992265556	33.7484749540962	0.883731078562421	0.301366546898747	2.93241266376966	0.00336339507083511	0.0055119789840101	742	661
chr19	12077231	12079231	-	Olfr1425	4.60233155370375	1.47512659021618	1.40904486411581	6.26413525492371	6.17019026016973	24.2906897835568	0.27605369413375	0.335726276057942	0.822258231840353	0.410929943099242	0.465261462577912	1074	1048
chr19	12091513	12093513	-	Olfr1426	4.13833067394573	1.27274351571986	1.34792703930725	6.00136840943256	6.09433736258432	17.6100936213855	-0.320983821898628	0.372836655720006	-0.860923455283004	0.389280202403008	0.442810782153468	1069	1043
chr19	12102834	12104834	-	Olfr1427	4.71904639486387	1.5229577454505	1.43597638048939	6.32922085942767	6.2053034865599	26.3374980089156	0.346394314271388	0.316121594933023	1.09576289574516	0.273182550036437	0.321266906038982	1034	1002
chr19	12115397	12117397	-	Olfr1428	4.64814124045685	1.54962882299945	1.34217609293846	6.3724754668423	6.08291235779633	25.0743646531626	0.776499324934881	0.332366609096116	2.33627357166414	0.0194769880032442	0.0283640927089162	835	772
chr19	12122703	12124703	-	Olfr76	4.24324860318169	1.39932582768424	1.26882797284806	6.15433480348359	6.00608662815021	18.9384795190525	0.427999028141884	0.371313851318338	1.15266108878591	0.249049518527984	0.295774372090606	1023	988
chr19	12169612	12171612	-	Olfr1555-ps1	3.75907999592858	1.21064539711243	1.17717459758507	5.94442396345655	5.8944552318383	13.5392882641409	0.242339786478307	0.433525521166992	0.558997739800788	0.576163262709504	0.622215388503336	1126	1111
chr19	12199133	12201133	+	Olfr1431	4.57562373085798	1.48932904162571	1.33706387722248	6.27717933701538	6.11108916090807	23.8451463276092	0.273935610447196	0.350988137981221	0.78046971052296	0.435114449483442	0.488098865841204	1084	1062
chr19	12232096	12234096	-	Olfr1432	3.86075188752156	1.29268348819968	1.16858662139625	6.02517421873954	5.88691687169325	14.527875986879	0.433667269852971	0.402027433574163	1.07870068964578	0.280721178153293	0.32854374652012	1039	1006
chr19	12241159	12243159	-	Olfr262	4.56005378422791	1.49026122003121	1.36253635693963	6.28680962574271	6.10938805010782	23.5891868742559	0.436867327672168	0.339201113405466	1.28793011109594	0.197770292656545	0.241940317777021	994	956
chr19	12259531	12261531	+	Olfr235	4.39278968183495	1.43547549839912	1.31539525057293	6.20488765161033	6.06215716101331	21.006875370947	0.39265266380452	0.365883677201389	1.0731625603194	0.283198185694502	0.33112403250434	1040	1007
chr19	12278353	12280353	+	Olfr1434	4.33647105714069	1.41723985577159	1.30748928257439	6.18692971327629	6.04080361907179	20.2026278359942	0.44673945559263	0.363536608378469	1.22887061521887	0.219120320310387	0.263551245793699	1011	976
chr19	12298630	12300630	-	Olfr1436	4.22654093696855	1.37847914387377	1.28968901566442	6.13326408346996	6.0219848761319	18.7204205108004	0.310040933447266	0.366278708565438	0.846461795886438	0.397295177687109	0.451083973919258	1071	1045
chr19	12324601	12326601	-	Olfr1437	4.27291047890834	1.37413458437853	1.33261973769819	6.12513908261953	6.07173026254474	19.3318858885193	0.172578934792037	0.353089939758851	0.488767634982473	0.625006213941449	0.666089006268888	1141	1128
chr19	12335410	12337410	-	Olfr1438-ps1	4.24254206171511	1.34231542853794	1.3359275397268	6.08505407024531	6.08188958184291	18.9292069113935	0.0453687596450946	0.367551871155904	0.123434984842862	0.901762654990797	0.912265714200341	1202	1198
chr19	12385778	12387778	+	Olfr1440	4.11513943747925	1.4201792888855	1.12514490843691	6.18963774983984	5.84781195205407	17.3292755340127	1.03268910306779	0.401828682086188	2.56997359597713	0.0101706266539325	0.0156155075898761	792	725
chr19	12415932	12417932	+	Olfr1441	4.35246817885335	1.42348719139604	1.32171785111309	6.18926759553821	6.05985246050698	20.427888419784	0.365907924901393	0.348170336201295	1.05094514625693	0.293283783877278	0.341275675784469	1045	1013
chr19	12426404	12428404	+	Pfpl	4.45064369947083	1.3878311274251	1.4004913934938	6.14617194172239	6.16672352730643	21.8663982480525	-0.0845522144537012	0.35056724433115	-0.24118686449163	0.809410291057846	0.834811631828957	1179	1171
chr19	12459278	12461278	+	Mpeg1	5.85923836168045	1.90573433012279	1.70102146759964	6.98685407904955	6.61396148481571	58.0505713589835	0.666704412845447	0.253253568823097	2.63255683204668	0.00847448435953196	0.0132115038220396	780	708
chr19	12501496	12503496	-	Dtx4	8.64369350025931	2.72819537988915	2.55531418710757	9.06428584249406	8.56458439565329	399.954895431653	0.592886144526748	0.173080219051804	3.42549915741263	0.000613670837542901	0.00109097037785405	816	751
chr19	12544239	12546239	+	Fam111a	4.79374346896487	1.5900709470592	1.34691998516529	6.43988140937171	6.10095829836579	27.737069561219	0.758338560807119	0.361262656128996	2.09913354713403	0.0358051299263126	0.0498158329409566	874	820
chr19	12598473	12600473	+	Gm4952	5.51590898083731	1.71272380704344	1.69194958868215	6.63167155803416	6.60698977454552	45.7566327013778	0.0395128996058289	0.299368285989701	0.131987593392536	0.894994104931524	0.906172216150486	1201	1196
chr19	12631807	12633807	+	Glyat	4.75392309544474	1.59090669140946	1.2384338140055	6.44456196348151	6.0144636385452	26.9819571847186	0.923771284192578	0.385822291347836	2.39429215187507	0.0166524786733021	0.0246944073984578	820	756
chr19	12668938	12670938	+	Olfr1442	4.86161830553956	1.56712015613491	1.44910822675258	6.39762737134724	6.23378765085907	29.0732067976485	0.412458249833784	0.332823230349429	1.23927121733884	0.215245074128106	0.259918580079222	1007	972
chr19	12676611	12678611	+	Olfr1443	4.44308400674232	1.42930846922799	1.31203264986507	6.19524739320725	6.07756223434146	21.7521184385323	0.224759783610901	0.392761749333633	0.572254767660632	0.567149388634804	0.613570868843346	1124	1108
chr19	12694285	12696285	+	Keg1	5.3752649255151	1.71913865998418	1.60585409321764	6.64842000601215	6.45478149593433	41.5064869837932	0.445655128793241	0.295170548059672	1.50982247965724	0.131088727387447	0.167593968997108	951	909
chr19	12765132	12767132	-	Cntf	5.7094369010208	1.90257546239843	1.56561177772841	6.98511233260543	6.39889569657462	52.325304647262	1.11117575950704	0.274481644574439	4.04826982594712	5.15976424912145e-05	0.000101197956885995	620	531
chr19	12795626	12797626	-	Zfp91	11.0073502015183	3.1134495122647	3.52070840674018	10.2415371391098	11.547958980622	2058.46071680151	-1.35537831442379	0.151775447994741	-8.93015525456235	4.25411347020589e-19	2.24913129555233e-18	294	238
chr19	12797105	12799105	+	Lpxn	6.61194411841122	1.97731168041954	2.10128763245574	7.13433327265567	7.40322901736744	97.8123085774252	-0.398816997413187	0.200496750634641	-1.98914444324307	0.0466852620184948	0.0641460775304968	945	903
chr19	12855782	12857782	+	Olfr1444	4.39303101658298	1.40727099086764	1.3050810348488	6.17768671518244	6.06274252886736	21.0103897054976	0.32269304668288	0.400944158418871	0.804832892329508	0.420916117924805	0.473920369811632	1080	1056
chr19	12882354	12884354	+	Olfr1445	4.2712260358789	1.41041495555286	1.27191252373015	6.17214511977235	6.00705135161341	19.3093277893404	0.513108268965786	0.371802349166242	1.38005655455491	0.167569232555846	0.207710689895931	981	938
chr19	12893024	12895024	-	Olfr1446	4.06147465216174	1.28944732150487	1.25005422381516	6.03804117652468	5.98141324771022	16.6965098082339	0.243638365800193	0.423493810396536	0.575305612075093	0.565084626680143	0.612539834690274	1121	1105
chr19	12903243	12905243	-	Olfr1447	4.99539873463465	1.57064231608798	1.54612841595303	6.40574161540738	6.36024337278486	31.8981032471084	0.158192237640232	0.304986659847556	0.518685760614257	0.603979893074248	0.645945074739038	1137	1125
chr19	12923919	12925919	-	Olfr1448	4.20286670233921	1.30346756967473	1.33092496979816	6.04689465261631	6.07845645969014	18.4157302631212	-0.0904987950307365	0.384934275042664	-0.235101940508431	0.814129612597837	0.838967465185568	1180	1172
chr19	12929339	12931339	+	Olfr1449	4.83555465600867	1.59917401379723	1.41430285229299	6.44290072980366	6.17686057392309	28.5526878279083	0.675934029258327	0.306665915669055	2.20413810182862	0.027514633276266	0.0389497020534801	859	801
chr19	12948757	12950757	+	Olfr1450	4.35427169534887	1.43550962182136	1.29467176296883	6.20998932536154	6.02770242339293	20.4534413401482	0.571853752642704	0.363892828628438	1.57148948166442	0.116068995711217	0.149671154596861	943	899
chr19	12993513	12995513	+	Olfr1451	4.6675510992455	1.53462370575877	1.38265966407564	6.3430630318958	6.14154148899605	25.4139919000295	0.4491459168526	0.318025701024517	1.4122944007534	0.157863294394679	0.197491528790051	972	929
chr19	13027827	13029827	-	Olfr1453	4.05283171081404	1.2942656669	1.27735565525877	6.03341889801664	6.00423956042263	16.5967828711032	0.142112495982146	0.386621387183853	0.367575361045835	0.713189889565701	0.750206665840737	1156	1143
chr19	13059109	13061109	+	Olfr1454	3.9185753505182	1.16085580457897	1.31033586079966	5.88546053927422	6.04897096724685	15.1219821392245	-0.5108364746685	0.413892893205964	-1.23422383677966	0.217119507466433	0.261662359840617	1009	974
chr19	13097391	13099391	-	Olfr1457	4.3413134901805	1.42214840817715	1.26093345210637	6.20266845734505	5.99801930469132	20.2705522673535	0.642042560912877	0.405618775528963	1.58287189757327	0.113450665177405	0.146450115558094	942	897
chr19	13106275	13108275	-	Olfr1458	4.50176045225342	1.45768845850198	1.35590977279472	6.24257662250838	6.10363720215447	22.6550450136407	0.417377479430189	0.360431098142151	1.15799519403728	0.246865997673568	0.294302993304959	1020	985
chr19	13149049	13151049	-	Olfr1459	4.31800033258118	1.42490304414806	1.28871346930138	6.19447653953107	6.02102375116918	19.94562370642	0.475414796493838	0.357721764739175	1.32900718758468	0.183845598576783	0.226271505940656	988	949
chr19	13161499	13163499	+	Olfr1461	3.82359203334324	1.22427491716956	1.17093189707374	5.96585772702423	5.89499594477647	14.1584559256826	0.297046159640438	0.444987392433151	0.667538372303576	0.504428307704901	0.558129956477853	1099	1077
chr19	13184233	13186233	+	Olfr1462	4.17678284045778	1.28965809087492	1.3497719313243	6.02500918807317	6.09558226670209	18.0857665357748	-0.162328959626902	0.376158687681604	-0.431543826961411	0.666072992585858	0.705526793540421	1148	1136
chr19	13229827	13231827	+	Olfr1463	4.06731842296037	1.25440255749704	1.30124353177048	5.99110358732684	6.04005455089418	16.7642777357078	-0.0838650464717335	0.411867905561775	-0.203621222579468	0.838649507362997	0.857693692980156	1189	1186
chr19	13315041	13317041	-	Olfr1465	3.67358023066664	1.24171295521323	1.09702184555138	5.97279444808422	5.81399013274327	12.7602105612689	0.550708461220192	0.440392629987681	1.25049427197634	0.211119046458306	0.255443542779404	1005	970
chr19	13360735	13362735	+	Olfr1467	4.35115062992405	1.41507303827043	1.32266264852024	6.18459387296811	6.05849907447402	20.4092410580913	0.36105209179097	0.357028234654098	1.01127041714437	0.311887020888181	0.36085120589917	1051	1021
chr19	13406348	13408348	+	Olfr1469	4.37545396352647	1.43187196353671	1.32907534580073	6.19975972250421	6.06839113367849	20.7559629917263	0.380503358010961	0.343665121969233	1.10719224526086	0.268210819605188	0.316645006446514	1030	997
chr19	13441908	13443908	+	Olfr1471	4.43977210730853	1.38075377833869	1.40849560942192	6.13837586344784	6.17099327800833	21.70224081349	-0.0731036279957578	0.351186216445025	-0.208162007996124	0.83510247201129	0.854785021856674	1188	1184
chr19	13455586	13457586	-	Olfr1472	3.91644136043657	1.24182768537879	1.1816339565819	5.96578523315506	5.94332785026946	15.0996307037267	-0.119995907868438	0.430199785382369	-0.278930654885809	0.780298042595799	0.808902318667086	1173	1163
chr19	13468064	13470064	+	Olfr1474	4.15069774421234	1.3850191360948	1.21072281671475	6.13652827229091	5.94703564357079	17.7616997345247	0.556743586911558	0.397533600009451	1.40049441581371	0.161365314448837	0.201045309805108	976	934
chr19	13479696	13481696	-	Olfr1475	3.57036497379953	1.18854683666646	1.03575061217188	5.92690077865638	5.76682739135848	11.8791933899328	0.665420483324291	0.503107050012163	1.32262206086797	0.185961094070424	0.22841281857539	990	952
chr19	13499045	13501045	+	Olfr1477	4.45305656415879	1.41152531219001	1.32941763127248	6.19342610104359	6.08312926729808	21.9029997498363	0.328788265463834	0.400931932926994	0.82006006122666	0.412181868748111	0.466244792928096	1075	1050
chr19	13526412	13528412	+	Olfr1480	4.45033165036985	1.37623369215234	1.40845129421869	6.13687361032222	6.17240130320062	21.8616691460323	-0.0385984815629562	0.359355765472814	-0.107410219263273	0.914463547610125	0.924345531083883	1203	1200
chr19	13582010	13584010	+	Olfr1484	4.3865617680085	1.36918453851363	1.39157853266286	6.1259015242121	6.14524538126028	20.916387065064	-0.0146061580233908	0.356231758946722	-0.0410018412355405	0.967294428004416	0.972090929300306	1210	1209
chr19	13615874	13617874	+	Olfr1487	4.67931516134711	1.49885175795878	1.44266829384044	6.29266842034232	6.21442339995273	25.6220705529622	0.223044394853055	0.315245201094677	0.707526693756295	0.479239230146806	0.533170085872384	1093	1073
chr19	13630120	13632120	+	Olfr1489	4.22951826702044	1.43924122715642	0.972553240966992	6.21281948420281	5.78601566808335	18.7590942578099	0.834534436225426	0.751863883857897	1.10995414747592	0.267018785589417	0.315544065380691	1029	996
chr19	13649590	13651590	+	Olfr1490	4.33115478493936	1.4006035401337	1.31241844701444	6.16858104328513	6.05000499041202	20.1283189756012	0.393326441367742	0.375562057516398	1.04730079489079	0.294960869598441	0.341918415092187	1049	1018
chr19	13695767	13697767	+	Olfr1491	3.95911136061634	1.26113501852209	1.18509906664669	6.01152120223882	5.91858267850688	15.5528962785031	0.280889926429293	0.449811075260953	0.624462006112983	0.532324214640883	0.583158779282265	1110	1091
chr19	13721777	13723777	+	Olfr1493-ps1	4.11038054904777	1.34287378624649	1.25201335426213	6.09056701768531	5.97954020795363	17.272207185591	0.37194183572479	0.390230135565136	0.953134578358845	0.340521888290709	0.389900768513655	1062	1035
chr19	13738227	13740227	+	Olfr1494	4.56706475847768	1.55447349555187	1.28380014757333	6.37296799236828	6.01470061118201	23.704100754119	0.895389938895769	0.329205970288061	2.71984720724319	0.00653120874027939	0.0103545630093608	767	691
chr19	13776377	13778377	+	Olfr1496	2.64788811011756	0.840413149096305	0.880613151205395	5.60447833199138	5.63518263453239	6.26749139420118	-0.0622174197918934	0.639730398981146	-0.097255687538036	0.922523345338601	0.930944720275302	1205	1204
chr19	13797702	13799702	-	Olfr1497	4.46486118108357	1.31632337395471	1.4569890805304	6.06533390182316	6.24077789530015	22.0829526875533	-0.394282175260505	0.3763416333506	-1.04767089346501	0.294790262244918	0.341918415092187	1048	1017
chr19	13818947	13820947	-	Olfr1499	4.88506717114481	1.5324879755168	1.51167281113253	6.34433919471584	6.32036832572954	29.5496097260605	0.0916207071251564	0.324740103082438	0.282135486980177	0.7778396233719	0.80704179353262	1172	1161
chr19	13829988	13831988	-	Olfr1500	5.11906534606651	1.60396951222761	1.58587008875	6.45024038218101	6.4282810135925	34.752993484104	0.0806641873000363	0.296035131150102	0.272481806421604	0.785251578598968	0.812651846447953	1175	1167
chr19	13850192	13852192	-	Olfr1501	4.32462712113686	1.42686922206354	1.26428362978528	6.19282717615351	6.01030982611516	20.0374514703041	0.440337646844849	0.371428247339976	1.18552546823882	0.235809751104011	0.281951482145995	1017	981
chr19	13860294	13862294	+	Olfr1502	4.40554929003963	1.3955514526205	1.36670572540237	6.15204176894084	6.12677272010702	21.1934902153237	-0.0147780515091323	0.355786854094842	-0.0415362494118261	0.966868394926705	0.972090929300306	1209	1207
chr19	13897428	13899428	-	Olfr1504	4.29141761784711	1.41246959337934	1.28743142096406	6.17745300123785	6.01997869207815	19.5814761000785	0.398012073888379	0.362640283859531	1.09753960495616	0.272405577607365	0.320974013924957	1032	1000
chr19	13912029	13914029	+	Olfr1505	4.38475897196079	1.49267525201917	1.23211281128359	6.28873315668488	5.95466002468059	20.8902662088378	0.899508049656921	0.358630303199921	2.50817636332166	0.0121356079759876	0.0184001238139662	802	736
chr19	14597551	14599551	-	Tle4	11.5944004927879	3.28036044435562	3.70217258829492	10.7721414944188	12.1401616380003	3092.16265013005	-1.39216161205033	0.150621742552264	-9.24276660500902	2.40204534666934e-20	1.44598373344055e-19	276	216
chr19	15946837	15948837	-	Psat1	6.15763072676601	2.038087440133	1.72218861963776	7.26222359993963	6.64631514417783	71.3890415009341	1.03485360839155	0.224975188129049	4.59985661973506	4.22781836030167e-06	9.1968284903879e-06	559	476
chr19	15984489	15986489	-	Cep78	8.68099296371477	2.57109072798427	2.7338278334581	8.61118569360947	9.08013091131923	410.430166905287	-0.543879130407172	0.185246254803157	-2.93597908894352	0.00332496735441511	0.00545777105986598	846	787
chr19	16131330	16133330	+	Gnaq	9.18256737624487	2.90709519699978	2.69302028782193	9.6001182687907	8.96112690966776	581.069683679295	0.693045108246482	0.170406367586799	4.06701415012248	4.76193526078091e-05	9.36976258431972e-05	750	671
chr19	16434166	16436166	+	Gna14	7.22154802778335	2.32800115212169	2.09541342070487	7.95214201196889	7.39160770708288	149.24595574748	0.76566830615264	0.179053395490132	4.27620098494496	1.90109606066681e-05	3.88526522650562e-05	679	590
chr19	16780433	16782433	-	Vps13a	10.1472146752063	2.81635213574235	3.27701960256939	9.32465323011935	10.7611919115147	1134.00766401527	-1.53743969845443	0.145749840740105	-10.5484828707012	5.16239166948711e-26	5.02197461607706e-25	208	155
chr19	16873330	16875330	-	Foxb2	5.98170076721342	2.02504880335018	1.57484885039551	7.2348642346283	6.40518050552657	63.1933466918025	1.49931986278704	0.236638221919764	6.33591585764794	2.35935528027942e-10	7.15455366787975e-10	401	325
chr19	16954617	16956617	+	Prune2	8.02352187474616	2.6272856599956	2.18814380441659	8.77213448802299	7.60732260133706	260.208066211302	1.47428442027885	0.19541210048439	7.54448888592043	4.54064752735418e-14	1.75283409309927e-13	315	251
chr19	17356167	17358167	-	Gcnt1	8.88798019267293	2.48175812740596	2.88415090758929	8.36060836128593	9.52966680220012	473.749362819585	-1.33779928199816	0.144469870809979	-9.2600573012055	2.04322530281754e-20	1.23610048170454e-19	305	246
chr19	17392542	17394542	+	Rfk	9.84566697934943	2.77752700771066	3.16787047161739	9.2100480542321	10.4130042401246	920.112833349769	-1.27612218244007	0.153115873593867	-8.33435588673796	7.79212184817539e-17	3.61649624709209e-16	335	267
chr19	17837132	17839132	-	Pcsk5	8.21058496941876	2.71015913555166	2.16458590501312	9.01139817897831	7.55345608031267	296.232263999332	1.82698189229484	0.195553489751441	9.34261973343984	9.39794786541005e-21	5.95203364809303e-20	192	142
chr19	18630449	18632449	+	Nmrk1	9.96912978162698	2.87874909317432	3.1757927011601	9.51504875527993	10.4380443981789	1002.32161256742	-0.960957861212939	0.152822495344949	-6.28806550399452	3.21446285700831e-10	9.67521493594582e-10	529	446
chr19	18631289	18633289	-	Ostf1	9.92837094416261	2.85671132016091	3.16863385341279	9.44811928826431	10.4153262157168	974.400419522131	-1.01056107822585	0.151938814550346	-6.65110545463016	2.90899751545079e-11	9.43290927676842e-11	495	419
chr19	18669279	18671279	+	Carnmt1	10.1475250921991	2.88204271723496	3.25012740772331	9.52479622412045	10.6751395893185	1134.25168864435	-1.21259305863636	0.162930662409783	-7.44238709093681	9.88819657671429e-14	3.72261518182185e-13	374	302
chr19	18711692	18713692	+	D030056L22Rik	10.2998878438815	2.86348878558132	3.32248542773199	9.46756895752219	10.9069259571834	1260.59387600888	-1.52340771145255	0.150086167985085	-10.1502205826452	3.30615299193525e-24	2.83118453393892e-23	214	157
chr19	18748482	18750482	+	Trpm6	6.11549135631303	2.02529206699227	1.69844287971971	7.23603210535857	6.61004871643884	69.3340128264792	1.11579929255496	0.243386685523236	4.58447137383953	4.55136433561645e-06	9.84779187208115e-06	562	480
chr19	19110696	19112696	-	Rorb	8.05782834160318	2.6576160581243	2.15200871791686	8.8577016825568	7.52091584315465	266.469821333352	1.68363261317793	0.180867095832513	9.30867278776353	1.29439625174219e-20	8.11332908308509e-20	194	143
chr19	20390444	20392444	-	Anxa1	5.02719572274268	1.62485264502784	1.50009821204382	6.48463806329527	6.30105418725822	32.6089418729153	0.455770777190826	0.30712136855854	1.48400868142117	0.137806617483187	0.174555048812036	960	918
chr19	20491214	20493214	+	Aldh1a1	4.90175000932374	1.5506513958776	1.50605751122017	6.3666001672168	6.31427656552037	29.8932947313986	0.0811601979916617	0.309790384410945	0.261984238619881	0.793333593673732	0.820317729512975	1176	1169
chr19	20727062	20729062	-	Aldh1a7	6.07834992111514	1.9317282420484	1.82831681484662	7.04265255645232	6.83383446886393	67.5718252737137	0.377672536654717	0.227195781391042	1.66232196012777	0.0964482369594155	0.125434284644545	963	921
chr19	20953702	20955702	-	Tmc1	4.49145787258876	1.52353011553471	1.27529698916366	6.32626531394583	6.00757827841734	22.4938370092204	0.823217037785012	0.335624874308318	2.45278911308812	0.0141753415826236	0.0212280977394955	812	747
chr19	21270777	21272777	+	Zfand5	10.9634137257827	3.14928652370762	3.48396361258464	10.3554010198614	11.4286423620141	1996.716406044	-1.10217034867509	0.169832623162622	-6.48974459765429	8.59820077167479e-11	2.67401844970756e-10	434	357
chr19	21472945	21474945	-	Gda	5.0672137308068	1.69179235201866	1.44424246537207	6.5938228345805	6.21492083219028	33.5261224906259	0.835151651556961	0.287478642859554	2.90509111650763	0.00367146202445941	0.00595266376232352	750	671
chr19	21554173	21556173	+	Gm3443	4.83960986446277	1.56223734429686	1.44942677841591	6.39155637690376	6.22907311354575	28.6330582324708	0.370311763343401	0.319403793596855	1.15938436163598	0.246299548321677	0.293915849616447	1019	983
chr19	21651808	21653808	+	Abhd17b	10.8282091719075	3.09847054752021	3.44974852263093	10.1961689569167	11.3174011075874	1818.09159911708	-1.12908845214119	0.171386430089135	-6.58796878815886	4.45884346283751e-11	1.426829908108e-10	411	331
chr19	21652476	21654476	-	1110059E24Rik	10.8094659957431	3.09536420687905	3.44245737423823	10.1865458849603	11.2937998218333	1794.62412576673	-1.11382743556021	0.173999898189496	-6.40131084644191	1.54048577830789e-10	4.71846525547204e-10	420	344
chr19	21776841	21778841	+	Tmem2	9.78634999468107	2.97301894628914	3.0217623839556	9.80298229050982	9.95360569960525	883.049189928839	-0.152810240178514	0.136505038583094	-1.11944761720641	0.262949226364219	0.311643527542778	1111	1093
chr19	22137618	22139618	+	Trpm3	6.81276968492613	2.31144736937814	1.63220072280791	7.91852007416901	6.49612816373597	112.421151336988	2.3008232186322	0.244873064885324	9.39598326059135	5.6685861416276e-21	3.74619605881476e-20	184	133
chr19	23139725	23141725	+	Klf9	9.62342242073967	2.81415670342477	3.04507926926718	9.31925877034017	10.0272764379407	788.748978110075	-0.770210930273619	0.170957990002881	-4.50526430651552	6.62903804374774e-06	1.41171808427272e-05	673	583
chr19	23273397	23275397	-	Smc5	8.82231437019356	2.54840738885922	2.82372794025921	8.54577813045317	9.34664133373565	452.669524026567	-0.908733916141122	0.15199849241992	-5.97857190340152	2.25102251606672e-09	6.36568227799332e-09	573	489
chr19	23447822	23449822	-	Mamdc2	6.26187753779852	2.15641412956118	1.48702528711574	7.53031849978784	6.27957832468993	76.7384403150931	2.18554474569373	0.235817754640241	9.26793976572269	1.89776018941599e-20	1.16549312642921e-19	198	150
chr19	23618241	23620241	+	Gm9493	4.81368321730596	1.5674994626044	1.44099903517845	6.3923390591401	6.21683766829829	28.1230900865332	0.388643478091788	0.303787393051967	1.27932721034709	0.20078185446714	0.243906828203839	1001	967
chr19	23652312	23654312	-	1700028P14Rik	6.22446631002415	2.12526227395661	1.56631935015712	7.4579774655413	6.39031440850504	74.774077937782	1.86164268904372	0.223573906643209	8.32674401496517	8.30961599283169e-17	3.84201256550697e-16	263	201
chr19	23674343	23676343	+	Gm6563	4.30726344576759	1.38097275541145	1.31149824476758	6.13607394229039	6.06150918347806	19.7977345277273	0.109821340281698	0.376932919388427	0.291355131464461	0.770779726540483	0.801769159515165	1169	1158
chr19	23685899	23687899	+	Ptar1	8.76305775265426	2.55843340608461	2.78383575659771	8.57392894329478	9.22866825474678	434.453436969725	-0.766943192101289	0.176932505281471	-4.3346653057402	1.4598205625969e-05	3.03443043438946e-05	678	588
chr19	23721778	23723778	+	Gm9938	4.63070731834094	1.52363509202377	1.37760172200626	6.3257001664308	6.13328100010754	24.7731826095829	0.484623069508795	0.321194654807131	1.50881424163113	0.131346260241977	0.167593968997108	953	913
chr19	23757375	23759375	+	Apba1	8.1064370709325	2.65771896762529	2.22442746771664	8.85610990787879	7.69334813890887	275.600953843323	1.43077855754633	0.157914870765352	9.06044219022505	1.29922776939759e-19	7.38252788592273e-19	255	193
chr19	24030519	24032519	-	Fam189a2	7.13614993399108	2.41949925325155	1.71604815651292	8.19344902676236	6.6451545183255	140.667958193898	2.33090472657291	0.230208970784159	10.125168965541	4.27240181785391e-24	3.55838397980161e-23	146	100
chr19	24224526	24226526	-	Tjp2	7.37671979397215	2.38555715194293	2.11502873123587	8.10179454387478	7.44125174958267	166.193459253116	0.854281034523793	0.187101553340172	4.56586821046114	4.97431220476152e-06	1.07247582287057e-05	610	522
chr19	24280105	24282105	-	Fxn	9.87106332325545	2.65320329120069	3.22101946866677	8.84249186220863	10.5820565315821	936.453353871095	-1.89521241171397	0.129186518473306	-14.670357511845	9.98177403059179e-49	8.09189148079974e-47	101	59
chr19	24476856	24478856	-	Fam122a	9.38797438579482	2.66639879748263	3.01653795532414	8.8806242038261	9.93852324201912	669.980077375636	-1.18833291312459	0.150761712708349	-7.88219297709514	3.21684696803134e-15	1.35352453741388e-14	385	311
chr19	24555372	24557372	-	Pip5k1b	9.45672678329332	2.51981809858985	3.09597679685599	8.46493193537124	10.1865602476763	702.681342837028	-1.92762556019971	0.149366272530124	-12.9053602767716	4.19847262201279e-38	1.30906223291476e-36	92	50
chr19	24672507	24674507	+	Tmem252	6.30716929893232	2.18143932240895	1.41657613513376	7.59154697165143	6.18568320527199	79.1857704678988	2.50868634066499	0.257086700336038	9.75813349109806	1.70259828695637e-22	1.27015921284598e-21	163	115
chr19	24861355	24863355	-	Pgm5	6.30613971897914	2.13081892829062	1.64654851707498	7.47098290304446	6.51891918512794	79.1292796675674	1.62804176298354	0.225165846560935	7.23041166255627	4.81532130221964e-13	1.77437294045427e-12	330	262
chr19	24874185	24876185	+	Gm10053	5.45290598605061	1.72411136734469	1.65479061572118	6.65634237753139	6.53275863989154	43.8014275838322	0.276940867543606	0.279744724596965	0.989977086940967	0.322185318609761	0.371705263215815	1054	1025
chr19	24900809	24902809	-	Foxd4	4.70350001976922	1.61424322722225	1.24938793939413	6.466556090846	5.98822442460086	26.0552107624963	1.21379962856068	0.347645017837533	3.49149151082594	0.000480331729430943	0.00086402867305921	676	586
chr19	24961116	24963116	-	Cbwd1	9.64974174679212	2.73795181272464	3.1012962607252	9.09019031481425	10.2031210207137	803.270311978993	-1.22239041523899	0.135755912047935	-9.00432546029646	2.16995630617748e-19	1.20487071612412e-18	367	295
chr19	24998028	25000028	+	Dock8	7.8210496473403	2.09290298345083	2.58418322029533	7.38638431237563	8.64653614520672	226.136435059037	-1.63421939218155	0.181862638816769	-8.98600945644511	2.56369937488468e-19	1.41702656357262e-18	220	159
chr19	25235474	25237474	+	Kank1	7.58428715352273	2.50664316039316	2.0530458906001	8.42802660819416	7.29740142367276	191.910142952112	1.52293661161773	0.172236380651965	8.842130831204	9.39101653889936e-19	4.8266890832573e-18	236	175
chr19	25504117	25506117	+	Dmrt1	5.54041040763282	1.89548817068647	1.44139238578032	6.96528100079526	6.21421161609624	46.5403581416416	1.51923639248292	0.262153728555574	5.79521184327103	6.82349936320589e-09	1.86877820397711e-08	444	363
chr19	25609036	25611036	+	Dmrt3	6.14047216899647	2.10833548012923	1.49608119565763	7.41782449913593	6.29961414709041	70.5450117938263	2.01976291627912	0.245276642939531	8.23463209571513	1.80110278630174e-16	8.14178806001082e-16	269	210
chr19	25670919	25672919	+	Dmrt2	7.19941155619206	2.33684738264915	2.06300000833245	7.97509735745454	7.31741380648247	146.973429959251	0.903675139713096	0.173506793424409	5.20829831430661	1.90580351538144e-07	4.57092125188132e-07	576	491
chr19	26603549	26605549	+	Smarca2	8.93850218122086	2.73225572015839	2.74788472179688	9.0757190717274	9.12046465913129	490.633584445293	-0.0368578396216466	0.16504911956729	-0.22331436676716	0.823290846517958	0.844116078723302	1198	1194
chr19	26884424	26886424	+	Gm815	4.80597241477328	1.60302437058218	1.35779022933892	6.44986321536258	6.11645359795916	27.9731809833952	0.814530553003932	0.338174773698192	2.40860825926321	0.0160134761630113	0.0238048741005155	818	753
chr19	27214983	27216983	+	Vldlr	6.58729383665707	2.1894089432841	1.80649478669438	7.60818665464326	6.79420563374171	96.1552574684289	1.29694004282407	0.196968841553675	6.58449342847277	4.56438914566034e-11	1.45677091892991e-10	381	307
chr19	27321087	27323087	+	Kcnv2	5.0752411092776	1.68332656612068	1.46976417417473	6.57773798109795	6.25004716095573	33.7131869697082	0.727254830528233	0.280282931577839	2.59471679718129	0.00946688880513058	0.0146646328497309	785	718
chr19	27429320	27431320	-	Pum3	9.39152373305823	2.75998218682912	2.96789483913137	9.1569338001266	9.78734866345406	671.630405046265	-0.695226669085055	0.163794065739264	-4.2445168324459	2.19064924149578e-05	4.45456434391116e-05	748	668
chr19	28010666	28012666	-	Rfx3	10.5028951723618	3.05780085898458	3.32740059805024	10.0664602567265	10.9226186536493	1451.06373447807	-0.898156954564207	0.137166375388158	-6.54793823940138	5.83368334846375e-11	1.84733306034685e-10	581	496
chr19	28679577	28681577	-	Glis3	7.21524108948773	2.43470477716668	1.79057241799648	8.23310661559354	6.77406569644684	148.594930739385	2.14188977366445	0.211433962492604	10.1303014350846	4.05397759410915e-24	3.39974948581844e-23	145	99
chr19	28833548	28835548	+	Slc1a1	6.2170365430137	2.07087514292963	1.70683204784055	7.33413357884523	6.62200752478515	74.3899871323792	1.24111673427419	0.227521720264639	5.45493736963047	4.89901095558237e-08	1.22576076584119e-07	486	408
chr19	28962452	28964452	+	Plpp6	7.04566337181319	2.28225923581755	2.03516438351086	7.83542947535734	7.25605911380242	132.116181896063	0.825091055830522	0.17383226290362	4.74647825466086	2.06988966008032e-06	4.58467363689922e-06	634	548
chr19	28967300	28969300	-	4430402I18Rik	5.43023907262602	1.78173713782638	1.56882711810045	6.74859015407748	6.40425081149627	43.1186191625993	0.707397515244815	0.273343124097214	2.58794699000086	0.0096549837673147	0.0148990612449932	788	721
chr19	28988851	28990851	+	Cdc37l1	8.68937509870964	2.50478688439253	2.78824534922824	8.42344033862143	9.23985870813407	412.821728849306	-0.941739284994314	0.137167581671441	-6.86561119995592	6.62071679992564e-12	2.26782862780551e-11	546	463
chr19	29047461	29049461	-	Ak3	8.31341213817601	2.49509864370725	2.60903841495284	8.3960956766519	8.71635962089288	318.116664313155	-0.390873651944677	0.145179390304788	-2.69234945210943	0.00709505600185518	0.011190127235092	951	909
chr19	29099874	29101874	+	Rcl1	10.346136568062	2.99514982988979	3.2891514866048	9.87165081203159	10.7996715912385	1301.65966142094	-0.965433670254163	0.137773237192882	-7.00741079998403	2.42768691195905e-12	8.48295196822474e-12	525	444
chr19	29250327	29252327	+	Jak2	10.6776687077199	2.86960351589358	3.4673751570744	9.48627835234706	11.3747712148897	1637.94217191599	-1.98371753184722	0.154048540165492	-12.877223826439	6.04718624625072e-38	1.83834461886022e-36	77	39
chr19	29324856	29326856	-	Insl6	7.65162575214124	2.35727224627836	2.35304785344603	8.0276408490078	8.01903941553628	201.07999557065	-0.00755454466754599	0.172356866662859	-0.0438308308442573	0.965039251232691	0.971430239651451	1210	1209
chr19	29334170	29336170	-	Rln1	5.57539294396705	1.90502224922474	1.44433144491813	6.98644061143726	6.21814809789267	47.6826642834768	1.55515336034818	0.271375929998447	5.73062378950513	1.00061972368078e-08	2.67418370108973e-08	455	376
chr19	29365954	29367954	+	Cd274	7.32560519556925	1.94954668498272	2.43962851753488	7.07456706211489	8.24510822120001	160.408323656144	-1.62944908191143	0.167282506659914	-9.74070220757814	2.0215256618083e-22	1.49888731997494e-21	176	126
chr19	29366890	29368890	-	Plgrkt	7.35221188898224	1.99441361201821	2.43560068924933	7.16714670774652	8.2342669519559	163.394078377159	-1.47775051257715	0.160977569410409	-9.17985355344541	4.31678097177242e-20	2.52365656811311e-19	231	171
chr19	29409418	29411418	+	Pdcd1lg2	4.7124319891178	1.52930111757872	1.41621809091711	6.33675956878793	6.18492239562437	26.2170233730946	0.294924605114134	0.321025069472788	0.918696491830005	0.358254345299257	0.408665369497089	1066	1041
chr19	29520781	29522781	+	Ric1	9.65565918176387	2.83953336764134	3.05163264307008	9.39441021253219	10.0471986686565	806.571814539543	-0.709054839579729	0.13952678672183	-5.08185457602023	3.73767523862348e-07	8.72363357037649e-07	734	656
chr19	29647915	29649915	-	Ermp1	9.34371678058591	2.5271873437802	3.05301181861771	8.48624577050023	10.0512793777266	649.73912905363	-1.74103736539986	0.141666653647267	-12.2896766499111	1.02916866706024e-34	2.27539836208229e-33	140	96
chr19	29696420	29698420	+	Mlana	4.76101244804248	1.63599968310705	1.27434861944939	6.50025904014432	6.01034085599939	27.1148718732082	1.17124839337783	0.324657661375979	3.60764131797718	0.000308993247327608	0.000566720646682311	663	576
chr19	29805489	29807489	-	9930021J03Rik	9.96760798195904	2.87577048211357	3.17307213477179	9.50419896461445	10.4303468235675	1001.26488993891	-1.00745176095346	0.156860281810906	-6.42260583318299	1.33961050528482e-10	4.11355145057157e-10	500	423
chr19	29812474	29814474	-	Ranbp6	7.81359085354059	2.33740173373751	2.45936712933277	7.97743492079293	8.30074851538341	224.970317252744	-0.421505572375102	0.176542494901433	-2.3875587155967	0.0169606932524918	0.0250902712834915	933	887
chr19	29923613	29925613	+	Il33	6.58259280493652	2.28875668132957	1.30743892609682	7.85593195625428	6.04084701806264	95.8424448280028	3.3442298359993	0.264988805845049	12.6202683367494	1.63264019949421e-36	4.41175662796658e-35	45	19
chr19	30002289	30004289	+	Trpd52l3	4.71986149938113	1.48694100023963	1.45644728747539	6.2858110944413	6.23678142978535	26.3523825677836	0.0926917098489494	0.33615256736611	0.275742977586713	0.78274548346118	0.810748303142073	1174	1165
chr19	30029012	30031012	+	Uhrf2	9.85966011719816	2.83007017647096	3.14648739772167	9.36580206174606	10.3463125820285	929.080708245224	-1.07302291437292	0.159092047148038	-6.74466721378253	1.53378158973249e-11	5.05441304367130e-11	450	369
chr19	30174918	30176918	-	Gldc	7.50267026232031	2.45937033278375	2.06183085743708	8.30248090509732	7.32111429878157	181.354692178099	1.31986574139819	0.213558010224973	6.1803616731949	6.39549128716041e-10	1.87395600124989e-09	415	337
chr19	30231427	30233427	+	Mbl2	4.62639836518805	1.5197305322968	1.37761949166747	6.32040171497101	6.13377872035211	24.6993019716431	0.493071667076517	0.325159450707046	1.51639961872353	0.129418335425816	0.165655469345045	950	908
chr19	30549165	30551165	-	Dkk1	7.07516019709059	2.41962624338843	1.62362569153483	8.19308699915878	6.4789906056941	134.845185002078	2.67813001935556	0.205361905482344	13.0410263435436	7.14881784822119e-39	2.41471180651027e-37	36	16
chr19	31081340	31083340	+	Cstf2t	9.74500037496174	2.79077289555298	3.12090774090036	9.24824585467481	10.2643793860665	858.099048923043	-1.08520584144102	0.132920599739063	-8.1643164684134	3.23260403432123e-16	1.45586907619801e-15	446	365
chr19	31764533	31766533	-	Prkg1	7.19148478193778	2.41806526338341	1.82674407731645	8.18839397358671	6.8398451294248	146.168110434432	1.93611659551678	0.200465346443787	9.65811113922222	4.54160232897059e-22	3.28725501906443e-21	168	118
chr19	31867263	31869263	+	A1cf	5.51619922996804	1.55382684914041	1.80202235752492	6.39748269207251	6.79515629662146	45.7658391923779	-0.737434328317777	0.323166712122606	-2.2819006433992	0.022495206856725	0.0323718006364233	845	785
chr19	32060969	32062969	-	Asah2	4.38718311143487	1.46227262284253	1.22291333593033	6.2473830722105	5.97460433062479	20.9253973259092	0.634876716700144	0.388596463524788	1.63376864251788	0.102307438942975	0.132770379674128	937	890
chr19	32389214	32391214	-	Sgms1	7.89360052826174	2.53883851982391	2.28517574359126	8.51775654049118	7.84283419161441	237.799278604935	0.847959498827485	0.149792695400365	5.66088684472271	1.50592705266839e-08	3.93808020654787e-08	614	526
chr19	32466075	32468075	-	Rpl9-ps6	4.95698803893403	1.43519046237641	1.64010540679774	6.20293110931192	6.51165970876179	31.06004551958	-0.747536632369322	0.29837035282749	-2.50539849313222	0.0122313501159264	0.0185221939488998	803	737
chr19	32484268	32486268	+	Minpp1	8.67068570062136	2.47540875351684	2.7884181188209	8.34353504672205	9.24184468614166	407.508318882093	-1.05563580402505	0.166856566296766	-6.32660630296999	2.50611673890936e-10	7.58069142913877e-10	465	387
chr19	32618504	32620504	+	Papss2	4.58018522548791	1.34523312592316	1.52111780628122	6.09188586148675	6.32270094176599	23.9206589191268	-0.579725355196377	0.326678451149915	-1.77460543588269	0.0759630590598871	0.100403347626981	920	871
chr19	32711798	32713798	-	Atad1	9.37397914389519	2.84700126272843	2.8964152737792	9.4180879374601	9.56711586558338	663.512182268034	-0.149339690686725	0.153615087011475	-0.972168122233785	0.33096691655809	0.380033777653105	1116	1099
chr19	32755996	32757996	+	Pten	10.6473721933199	3.11172058952799	3.36304414484889	10.2356690282639	11.037592145373	1603.90412816919	-0.848141866598301	0.145300518789703	-5.83715649237176	5.30992183982361e-09	1.47081206314932e-08	613	525
chr19	33391795	33393795	-	Rnls	7.98093731831946	2.55440680168472	2.32318323870906	8.56306575766686	7.93917731090263	252.639658913859	0.792053926657162	0.163262482853296	4.85141419396939	1.22584242543427e-06	2.76553690042313e-06	655	570
chr19	33472691	33474691	-	Lipo5	4.32844244649732	1.40846067436721	1.31729058826818	6.16809851423013	6.06029317563951	20.0905122850328	0.291962012839101	0.356431925053157	0.819124192636669	0.412715560313628	0.466414610912055	1076	1051
chr19	33517280	33519280	-	Lipo4	4.32165075737279	1.4786422505121	1.18255561073986	6.26808965532766	5.91217408216119	19.9961556551962	0.978784114786669	0.391267486510635	2.50157283324401	0.0123643007487873	0.0187002359583649	804	738
chr19	33761451	33763451	-	Lipo3	4.28633948261276	1.47770639550555	1.19233426612916	6.26012758461413	5.91550161994343	19.5126725196389	1.02442887837402	0.364085788762463	2.8137019076083	0.004897461958726	0.00784626316444114	759	680
chr19	33768642	33770642	-	Lipo2	3.26953207259996	1.10449693490229	0.928038625927099	5.8487317118582	5.67128255344475	9.64333437050324	0.756358998437553	0.538002730222152	1.40586460987891	0.159764331977114	0.199459371338984	974	931
chr19	33786962	33788962	-	Lipo1	4.11990663035914	1.46743216373607	0.977031124981874	6.24709446644502	5.73498036031292	17.3866325202149	1.33871406764652	0.438944661376785	3.04984702045934	0.00228957956532933	0.00380345457847059	732	654
chr19	33821407	33823407	+	Gm5519	3.85340511327086	1.28162493402987	1.17587079200486	6.01358688433212	5.89386632209621	14.4540823440682	0.38418460627144	0.406419647316635	0.945290437625245	0.344510618953331	0.393726421660949	1064	1038
chr19	33959686	33961686	+	Lipf	4.42248728919276	1.50779849576582	1.21967013303377	6.31096315179902	5.94557884072721	21.4437793338164	1.00867447754975	0.373360282781482	2.70161161769877	0.00690043146804221	0.0108973047599212	770	697
chr19	34006789	34008789	+	Lipk	4.43520167723305	1.47771984964693	1.30450443160291	6.26470024472226	6.0376056649718	21.6335973210352	0.603550171601779	0.342116159887336	1.76416738630685	0.0777038018744077	0.102592641779891	921	873
chr19	34065857	34067857	+	Lipn	4.58326195073102	1.49800993801568	1.3375922728286	6.29353168752069	6.09904711683715	23.9717271119988	0.455697385633635	0.35486601591213	1.28413926721705	0.199093230737017	0.242582533643499	998	962
chr19	34099442	34101442	+	Lipm	4.81842493219294	1.59456640425589	1.39794165007207	6.43669878026739	6.15979683814057	28.2156744895605	0.685411230966022	0.3186741352342	2.15082165504991	0.031490279179851	0.0441720366881768	866	810
chr19	34165553	34167553	-	Ankrd22	5.4329433447468	1.72989465650004	1.65299053328543	6.65851685015712	6.52768763665595	43.1995190269712	0.283633079925749	0.258749968009794	1.09616662798974	0.273005861029122	0.321266906038982	1033	1001
chr19	34190728	34192728	+	Stambpl1	7.86297246907287	2.51060534945584	2.30453349111441	8.43927893569685	7.8939223169415	232.804069822137	0.663038891589102	0.160863336934691	4.12175268910585	3.76000735788948e-05	7.43442105234732e-05	774	700
chr19	34254836	34256836	-	Acta2	6.24591763518631	2.08466253839299	1.69423737511188	7.36665114461609	6.60170516243969	75.8941949678058	1.31656870485402	0.233227868798949	5.64498878986435	1.65192012173809e-08	4.31058984556548e-08	466	388
chr19	34289158	34291158	+	Fas	7.24699427220787	2.31802415718755	2.11567694869233	7.92767143354358	7.44501425885553	151.901707018231	0.633678582849771	0.215005628315093	2.94726509168917	0.00320598234135319	0.00527533765505477	791	724
chr19	34474635	34476635	-	Ch25h	6.76532820831102	2.24265279967228	1.85186578056688	7.73907450309259	6.87998741055471	108.784425168882	1.3375271943265	0.199055314070741	6.71937446418118	1.82506339477173e-11	5.98187894351057e-11	371	299
chr19	34526974	34528974	-	Lipa	9.28895666711413	2.73265719487687	2.93600494156802	9.07800155690085	9.68820055884567	625.539279034546	-0.644314299631037	0.165097944972272	-3.90261853192206	9.5157612070069e-05	0.000182223080751502	784	716
chr19	34549193	34551193	+	Ifit2	8.23018829222298	2.51537144197278	2.53988152470226	8.45369825547701	8.5221195360216	300.284935901184	-0.0900320535077732	0.169992690831707	-0.529623085953177	0.596373284754814	0.641136814494833	1159	1147
chr19	34639370	34641370	+	Ifit1	6.23055451656192	1.91313389631895	1.94422413506233	7.00131980928575	7.06550657807957	75.0902930293952	-0.088775951230446	0.219453734108404	-0.404531513629169	0.685821908954167	0.723923126118287	1162	1150
chr19	34640243	34642243	-	Ifit1bl2	6.11643635574326	1.83492421854206	1.94700690399162	6.85321041348005	7.06819972538147	69.3794431247875	-0.334661217389399	0.228129601424354	-1.46697848635119	0.142381907839128	0.179515162090471	997	960
chr19	34746789	34748789	-	Slc16a12	7.22412311798267	2.31282125080057	2.09836217025022	7.92012406244375	7.40150866133179	149.512585203015	0.729904288636172	0.222631296617142	3.27853405934829	0.0010434777116831	0.00180237059290718	713	632
chr19	34878955	34880955	-	Pank1	7.88712922949066	2.49221338756116	2.34806033659134	8.38953788817326	8.00474038406116	236.735003798873	0.469092594893055	0.165882306476287	2.8278639528087	0.00468597160151431	0.00751733702828681	892	840
chr19	34920860	34922860	+	Kif20b	9.07455370509164	2.66383764127271	2.87758729779527	8.87368041919668	9.50989479724473	539.154038354293	-0.717622389201385	0.143200587843096	-5.01130896185762	5.40610355853163e-07	1.25215655755704e-06	726	648
chr19	36057007	36059007	-	Htr7	6.68091745955088	2.28159010592162	1.60372201620273	7.83527867110631	6.45425075433155	102.602171850013	2.24977304872694	0.222804440475222	10.0975233883507	5.66548911478255e-24	4.65488835376729e-23	148	102
chr19	36082215	36084215	+	Rpp30	8.24636295189295	2.57983418531595	2.47910180029758	8.63502019479232	8.35354978648766	303.670499385294	0.338491220959824	0.170542843227723	1.98478701629151	0.0471681726397714	0.064663470045053	995	957
chr19	36119344	36121344	-	Ankrd1	5.17410871122978	1.74333657715075	1.43586263313054	6.68019658166373	6.20858593762977	36.1045488779355	0.958211698057633	0.282183441142882	3.39570491513159	0.000684521135555173	0.00120809535679984	689	603
chr19	36346808	36348808	+	Pcgf5	7.2785069952664	2.37577278380749	2.05165457029025	8.07669067567099	7.29434905928568	155.256191748257	1.05308169722602	0.182051357778052	5.78453086029653	7.27149738064358e-09	1.97369214617469e-08	467	389
chr19	36553138	36555138	+	Hectd2	8.06481629382648	2.59049224588195	2.3143620475468	8.66440463772503	7.92501923054357	267.763646620602	0.864346357167882	0.201821990465761	4.28271644320404	1.84625392261036e-05	3.78591023590928e-05	606	517
chr19	36736153	36738153	-	Ppp1r3c	8.58666328889483	2.78558237030889	2.38006012197651	9.23378655840021	8.09730385798689	384.452963212406	1.29941665894181	0.214430373759857	6.05985353734001	1.36245551336978e-09	3.91665698406065e-09	423	348
chr19	36832731	36834731	+	Tnks2	8.97506559727013	2.75068593974394	2.75689713832714	9.12866255427762	9.14685141144893	503.227026944693	-0.0216664736181258	0.145037962949838	-0.149384845025845	0.881249969466383	0.894490787037664	1205	1204
chr19	36919115	36921115	-	Fgfbp3	7.37337627095816	2.20969129060072	2.32471792811782	7.65632399953614	7.94695507246	165.808742984061	-0.419241781309383	0.178579765054515	-2.34764437718575	0.018892549642249	0.0276454156016544	934	888
chr19	36924578	36926578	+	Btaf1	9.52999546081428	2.72273841794041	3.05464601137877	9.04565715890968	10.0569563962178	739.289422059969	-1.11660626738699	0.145138954631349	-7.6933602713562	1.43320211470137e-14	5.71401236549791e-14	417	340
chr19	37206042	37208042	+	March5	9.95950075935451	2.76930956009286	3.21932183236273	9.18371165673652	10.5766956422734	995.65406318279	-1.4970519022766	0.135042206785209	-11.085807451723	1.47017929776116e-28	1.94319350660606e-27	224	164
chr19	37208101	37210101	-	Cpeb3	7.80429307609564	2.18783114396326	2.54542737720033	7.60445017604783	8.53659215884854	223.525106696961	-1.20065300758786	0.15856659585638	-7.57191639956338	3.67758116731401e-14	1.42873440877119e-13	379	306
chr19	37337352	37339352	-	Ide	5.34769196901487	1.82115669915386	1.43038407347053	6.8236898258179	6.19574299933754	40.720742681891	1.33516179233991	0.273569267236824	4.88052552768685	1.05803516713357e-06	2.40031858812392e-06	536	452
chr19	37374902	37376902	+	Kif11	9.16171612637881	2.65720667070379	2.91989623061279	8.85406383702989	9.64000440347686	572.731890364566	-0.897241279378229	0.151949101941283	-5.90488043637761	3.52902597103792e-09	9.84242105683971e-09	582	497
chr19	37433309	37435309	+	Hhex	8.0529240533136	2.32355369817181	2.5870250418328	7.94029919640037	8.65514221692797	265.565523431046	-0.892020753599118	0.164842257158915	-5.41135973853582	6.25479759005412e-08	1.55538524938769e-07	584	498
chr19	37548917	37550917	+	Exoc6	8.96183810267542	2.44486735926566	2.92487886799148	8.25978444451044	9.65505393823633	498.634226282642	-1.61230175501643	0.154093410464688	-10.4631453749666	1.27549805910116e-25	1.19308126143616e-24	184	133
chr19	37684080	37686080	+	Cyp26c1	5.93021727784613	1.92229185025156	1.71338976862918	7.02469596524258	6.6383693950265	60.9780148093162	0.701195847764701	0.267453094731212	2.62175260476757	0.00874789070867892	0.0136028581863856	782	712
chr19	37696307	37698307	+	Cyp26a1	6.41037134771831	2.11791238904284	1.79354479717006	7.44029218188077	6.77250539821703	85.0577830410184	1.05552184922883	0.202393126773094	5.21520600060788	1.83613066046796e-07	4.41251953187558e-07	506	429
chr19	38043077	38045077	-	Myof	6.9095064662704	2.30737966445857	1.84596132448385	7.89876118431373	6.87025910738325	120.217779382191	1.55307422749157	0.188132783263752	8.25520252530489	1.51644873516569e-16	6.90637326577332e-16	267	207
chr19	38053524	38055524	+	Cep55	9.28915944820367	2.97692597309323	2.66617358722131	9.81437631852983	8.88154978217912	625.62720922633	1.01631962607207	0.140716258580204	7.22247476110088	5.10498816220259e-13	1.86977879675854e-12	491	413
chr19	38095578	38097578	+	Ffar4	6.5796184961263	2.20161814795132	1.75875695463085	7.63739892241433	6.71355331518123	95.6450563488282	1.4287576721235	0.205269241204562	6.96040801699881	3.39288632142044e-12	1.17878564767064e-11	350	276
chr19	38124821	38126821	-	Rbp4	6.55278373857605	1.87522828304337	2.11859398550341	6.93132244929851	7.4535236323245	93.8824598976009	-0.846583384590047	0.246047091463279	-3.44073721642182	0.00058013166056654	0.00103588854515259	681	593
chr19	38131280	38133280	+	Pde6c	5.60711239132729	1.7684786036126	1.71126442176528	6.72403736511026	6.63429126373114	48.7426367558917	0.175607612764846	0.263631310831818	0.666110608071414	0.505340404551214	0.558630847212978	1100	1079
chr19	38223638	38225638	-	Fra10ac1	8.3009340800891	2.52517456875358	2.57631795228851	8.48070555906669	8.62260892774514	315.377096199414	-0.160035995920574	0.151566215007971	-1.05588172081858	0.291022256286995	0.339293445488961	1104	1084
chr19	38263035	38265035	+	Lgi1	5.53300476832856	1.82643182873891	1.54950189526958	6.84589440593997	6.36628047431208	46.3020693830505	0.994434873360537	0.294414708992941	3.37766708994278	0.00073103524833737	0.00128459373118243	692	607
chr19	38394479	38396479	+	Slc35g1	8.4425162075563	2.34711538514915	2.75013743011518	8.00154977749134	9.1269437937389	347.896946822609	-1.34803458614698	0.151453761784261	-8.90063455846803	5.55283022460528e-19	2.91044894531035e-18	297	240
chr19	38479608	38481608	+	Plce1	7.42572897222616	2.4855325118408	1.91362448333544	8.37084426359444	7.00441989838029	171.936135168305	1.88195589444319	0.186670883925994	10.0816788074422	6.65787044939715e-24	5.39731364431129e-23	150	105
chr19	38818737	38820737	-	Noc3l	9.21165243789912	2.42907891246773	3.02930789288275	8.21786224570339	9.97728393821239	592.903062285775	-1.99398003702562	0.141952137402449	-14.0468475749152	8.05401749246684e-45	4.25812403079986e-43	75	38
chr19	38835078	38837078	+	Tbc1d12	9.43100002346338	2.61247905829704	3.05711587794582	8.72673581219441	10.0645820096873	690.261889875498	-1.4796762572193	0.154987029992566	-9.5470973105961	1.3338098917136e-21	9.11186982204346e-21	229	169
chr19	38929414	38931414	+	Hells	8.26627910393777	2.55807051597919	2.52099439300947	8.57189370924423	8.46930871609148	307.891686715428	0.109917676827789	0.160908544742675	0.683106524911833	0.494539532683976	0.547686768436899	1141	1128
chr19	39005518	39007518	+	Cyp2c55	4.36920539519203	1.40631285491754	1.36258592299461	6.16437795213773	6.10786273273531	20.6662596321536	0.177243121179847	0.336448156897439	0.526806634384021	0.598327875284189	0.641724492460011	1133	1120
chr19	39059514	39061514	+	Cyp2c65	3.88765235905857	1.26610616930462	1.17717459758507	6.01250260616951	5.8944552318383	14.801303802873	0.447267324507325	0.434121744640113	1.03028086021839	0.30287818112885	0.350761779288268	1050	1020
chr19	39462575	39464575	-	Cyp2c38	3.95514308829199	1.28804511694468	1.19362699740837	6.02323363648435	5.92896289656803	15.5101753131932	0.244243743268151	0.417325681462171	0.585259316925816	0.558373365634308	0.606233939831535	1120	1104
chr19	39509361	39511361	+	Cyp2c39	4.50904585725559	1.43184343039069	1.38990418557087	6.20425217392639	6.15167065282696	22.7697391232493	0.188047609603227	0.355518510455871	0.52893901181713	0.596847758230387	0.641136814494833	1132	1118
chr19	39648551	39650551	-	Cyp2c67	4.58935422370361	1.39041484289339	1.4518321795383	6.15941500013479	6.24057949715241	24.0731699618921	-0.223047079665542	0.367365640498539	-0.607152806568552	0.543749508333857	0.59406954369629	1113	1096
chr19	39740554	39742554	-	Cyp2c68	5.40220138175682	1.48259898770097	1.80938428882855	6.27042911519085	6.80778682388498	42.288731534592	-1.17202147855825	0.284173417368894	-4.12431778246454	3.7183522668087e-05	7.36403315381006e-05	614	526
chr19	39812314	39814314	-	Cyp2c40	4.3408931058775	1.33017905899523	1.39283491317077	6.08294692464241	6.14691796935212	20.2646465282025	-0.11413472387035	0.370258717622897	-0.308256682254798	0.75788702467751	0.790386468274316	1166	1154
chr19	39886269	39888269	-	Cyp2c69	4.21441427939819	1.37910619331234	1.22920288644049	6.13785460076693	5.97452787206982	18.5637244027117	0.474378897778775	0.410357968837354	1.15601239357629	0.247676087640698	0.294917338977939	1021	987
chr19	39990923	39992923	+	Cyp2c37	4.24801889244031	1.32022411688131	1.35180855900001	6.06385880764895	6.10044413259637	19.0012034808982	-0.112978613246715	0.376360898917935	-0.300186904568292	0.764034593369792	0.796114880495002	1167	1156
chr19	40073311	40075311	-	Cyp2c54	3.9723468077261	1.24403588401587	1.27023386372096	5.97525263061109	6.00190412587216	15.6962368098284	-0.1146108231488	0.403362988247184	-0.284138174518297	0.776304493002337	0.806136860367926	1171	1160
chr19	40088187	40090187	+	Cyp2c50	3.98481857742322	1.37711337473211	1.12597392290912	6.13001955464225	5.8425066158917	15.8325153983067	0.920293248609977	0.397153990187363	2.31722020009371	0.0204917396956674	0.0296995893562951	839	776
chr19	40186833	40188833	-	Cyp2c70	5.12028164670577	1.38651490236687	1.72858365664392	6.1394797262682	6.66639141288717	34.782305230825	-1.22493195632335	0.303554277299873	-4.03529796127127	5.45330482215114e-05	0.000106269529867561	624	539
chr19	40271342	40273342	-	Pdlim1	7.91668791003984	2.26002819130069	2.55776760848115	7.78195878531252	8.57207150762679	241.635382049179	-0.996656328554849	0.17111730172149	-5.82440418664971	5.73167089263848e-09	1.58259483280139e-08	504	427
chr19	40513279	40515279	-	Sorbs1	10.4498257621188	2.88201827782599	3.37875273491981	9.52392714165089	11.0878512479798	1398.65629350394	-1.63937587456421	0.139626101519585	-11.7411848982567	7.83805387590413e-32	1.42254828553723e-30	164	116
chr19	40587963	40589963	-	Aldh18a1	8.92351344635365	2.70405096224294	2.76632199213191	8.99061824186148	9.17633446655002	485.562584156802	-0.236630120665864	0.15995434219848	-1.47936040631044	0.139044016224131	0.175756261672083	1057	1029
chr19	40610865	40612865	+	Entpd1	9.08847370824694	2.67444583800733	2.8762210624075	8.90502347916076	9.50594226523006	544.381303277201	-0.673871943652003	0.151449852046774	-4.44947244612615	8.60814721765155e-06	1.82043600289814e-05	765	688
chr19	40611733	40613733	-	Tctn3	9.07192399329176	2.66438399120673	2.8745352942098	8.87597284850075	9.50073844963221	538.172175731634	-0.698909430622127	0.151348391794945	-4.61788475142206	3.87671445205798e-06	8.47856973687501e-06	746	666
chr19	40747252	40749252	+	Cc2d2b	5.31138519356548	1.71058665933956	1.59140496516451	6.62830690374653	6.42863523878085	39.7087541835995	0.433187704799685	0.272616031823954	1.58900304542406	0.112059705154637	0.144916690920428	940	895
chr19	40829778	40831778	+	Ccnj	9.13897674986379	2.66588275642178	2.90857351476322	8.87944063513513	9.60422239515574	563.775412480117	-0.811658298020015	0.134383734871843	-6.03985518629964	1.54252603702752e-09	4.41343920241285e-09	645	561
chr19	40893204	40895204	+	Zfp518a	7.70434188031279	2.30634479307868	2.42076758867802	7.89886792839018	8.19830657594641	208.563354252293	-0.404895684220234	0.192466242507462	-2.10372312019619	0.0354026064551247	0.0493122215915597	943	899
chr19	40994035	40996035	-	Blnk	6.98601676107941	2.36161962983873	1.74792605948541	8.03915717316239	6.6963772523166	126.76536034551	1.97459974082151	0.2059061589299	9.58980416653663	8.82523589727401e-22	6.20317159022266e-21	173	124
chr19	41027774	41029774	+	Dntt	4.60730228675516	1.57939698726024	1.23006632775778	6.42222951128036	5.95380046086247	24.374526475565	1.29641982403652	0.363878831992222	3.56277889796083	0.000366949727751128	0.000667980342732592	668	581
chr19	41076613	41078613	-	Opalin	5.21565691825554	1.70952181012617	1.50686044176419	6.63066910863056	6.30647533387694	37.1594416273021	0.727494053040786	0.301614740252198	2.41199767767479	0.0158653825824102	0.0236135926807966	817	752
chr19	41206274	41208274	-	Tll2	6.84122915721224	2.29936767921646	1.77693542371835	7.87860122456958	6.74747485374174	114.660857018586	1.65467996988258	0.214114262931233	7.72802309958219	1.0922952801711e-14	4.38360086035662e-14	303	244
chr19	41263504	41265504	-	Tm9sf3	8.89534971642319	2.54753268049879	2.85858042378058	8.54289580903102	9.45179439010035	476.175543939214	-1.02749575496392	0.14423282535766	-7.1238690112046	1.04938780057251e-12	3.72027861660693e-12	484	406
chr19	41384570	41386570	-	Pik3ap1	6.38892318237672	2.00006946677277	1.941767676335	7.18074148803868	7.06697913941685	83.8026048118431	0.152272525061944	0.229240506636534	0.664247899710741	0.506531660754521	0.559439145756128	1113	1096
chr19	41481144	41483144	+	Lcor	10.0770451668516	2.70207013424174	3.28050190245991	8.98461958460363	10.7728018555021	1080.17186938702	-1.95179629657957	0.155614930922913	-12.5424744592563	4.37129644684896e-36	1.1073950998684e-34	85	47
chr19	41580869	41582869	+	Gm340	5.08010940139444	1.55872216355013	1.59455571055279	6.39034354539851	6.43873042789314	33.8271423558083	-0.104791559581957	0.313392822705572	-0.33437766275971	0.738094592865842	0.772395030055821	1162	1150
chr19	41591862	41593862	+	AI606181	5.2533009038643	1.70983857753595	1.52085527019785	6.63492761754317	6.32676550648758	38.1417968167428	0.692348122303345	0.315370493867694	2.19534844180383	0.0281386125086733	0.0396943768103791	862	804
chr19	41743165	41745165	-	Slit1	6.71748262217307	2.2902927856535	1.59609679895438	7.85794268499762	6.45888649257697	105.235862449458	2.1676706812709	0.240153490383592	9.02618853387691	1.77755173909895e-19	9.96084292508906e-19	217	158
chr19	41801584	41803584	-	Arhgap19	9.68456745336577	2.71680654479581	3.12508919321318	9.02792526466691	10.2780140534373	822.896657906588	-1.36895502850133	0.134146864510082	-10.2048976955287	1.88519722490929e-24	1.66115929383311e-23	289	232
chr19	41828469	41830469	+	Frat1	9.20050573652467	2.55490673842497	2.98335445319179	8.56249164950572	9.83511509983889	588.339764027364	-1.44523909054075	0.151316430412952	-9.55110483770066	1.28320416954242e-21	8.81568514216712e-21	247	184
chr19	41847632	41849632	-	Frat2	9.17158285411718	2.68911313475329	2.90800798424447	8.94676095282249	9.60311055468827	576.662282736203	-0.748401932948754	0.145628572820889	-5.13911465622359	2.7603593844971e-07	6.51766410009412e-07	696	612
chr19	41895653	41897653	-	Rrp12	7.70299832465199	2.25820478587732	2.46256811638085	7.77539606532553	8.30826512598513	208.369213406486	-0.696595481005817	0.15863736899642	-4.39111846983252	1.12769073249303e-05	2.35613733799231e-05	747	667
chr19	41910370	41912370	+	Pgam1	9.27026199708192	2.65674019060124	2.97188189455405	8.85253723114456	9.79946137673358	617.485734573084	-1.06597419440653	0.139442634514323	-7.64453567676273	2.09700662325041e-14	8.30605880740226e-14	455	376
chr19	41931979	41933979	+	Zdhhc16	9.74697558187936	2.76708987852789	3.13309823475633	9.17713869973247	10.3028620787655	859.274684747967	-1.20954163212781	0.125521030461233	-9.6361671640464	5.62490851738124e-22	4.02346397478564e-21	375	303
chr19	41932814	41934814	-	Exosc1	9.77703966042656	2.77278019015765	3.14372518575092	9.19398223034247	10.3364477286151	877.36884067088	-1.22721992619711	0.123378193460906	-9.94681387182067	2.60386445983726e-23	2.06947659030203e-22	364	292
chr19	41980262	41982262	+	Ubtd1	11.0673391462176	3.18662454010935	3.5149430368436	10.4724286346405	11.5293391556797	2145.85837363248	-1.11263774488822	0.14452221493136	-7.69873161310645	1.37423463426794e-14	5.49693853707178e-14	421	346
chr19	41980657	41982657	-	Mms19	11.0326008505318	3.17572149577888	3.5048996077347	10.4378123579379	11.4966946234111	2094.80588929557	-1.11501437996957	0.143584185280339	-7.76557932053986	8.12728831114176e-15	3.3052784569727e-14	419	342
chr19	42034537	42036537	+	Ankrd2	7.10914900158373	2.3267507961346	1.99763485317303	7.94958728679708	7.17673988963176	138.059753335733	1.09284527681341	0.189747428489874	5.75947345116053	8.437672870565e-09	2.26995801119625e-08	452	373
chr19	42044109	42046109	+	Hoga1	8.15779448853038	2.5094302054765	2.48372107785332	8.43679763978379	8.37712036893174	285.588581610927	0.00665558884601163	0.215759953191999	0.0308471926673482	0.975391404003854	0.979418618718981	1211	1211
chr19	42050747	42052747	+	4933411K16Rik	5.51778351367312	1.7049046963635	1.72335082877579	6.61969427565172	6.64687134150203	45.816124177615	-0.0658683078335406	0.264181079084674	-0.249330149084707	0.80310541195626	0.829012038148397	1180	1172
chr19	42085870	42087870	-	Morn4	7.58131861334112	2.443030408299	2.19091475547394	8.25455372574441	7.6146074910339	191.515667857857	0.815432945899106	0.17009028105739	4.79411839894587	1.63391758906641e-06	3.65901250148205e-06	641	557
chr19	42088934	42090934	+	Pi4k2a	10.4799640216064	2.90109636027696	3.38502908793508	9.58110600720284	11.1081776932066	1428.18189743855	-1.61452152880571	0.12430143510574	-12.9887601654178	1.4170403672072e-38	4.65708401763232e-37	181	129
chr19	42128559	42130559	-	Avpi1	9.51072319031191	2.77203915977633	3.02018530836141	9.19140316449102	9.94961972886199	729.479279932223	-0.846939020131209	0.146352087406607	-5.78699651736554	7.16560637563175e-09	1.95367205219018e-08	615	528
chr19	42145899	42147899	+	Marveld1	7.37350784189533	2.33188549957931	2.20340831815655	7.96249988975193	7.64333344534916	165.823865103351	0.422971548802243	0.174482190804026	2.42415312905667	0.0153441339334417	0.0228657682145406	931	885
chr19	42162450	42164450	+	Zfyve27	5.81190053651136	1.86851699443389	1.7281340663272	6.91444786460166	6.65544636004196	56.1767219309314	0.463361049492244	0.240906066249393	1.92340963723413	0.0544286249703078	0.073702904191419	898	848
chr19	42201752	42203752	-	Sfrp5	5.97174584112454	2.0090885596722	1.60659546568461	7.19967477395159	6.45576572343817	62.7587990945731	1.36345686050641	0.236491734614143	5.76534677937482	8.14901069386411e-09	2.19716119816824e-08	451	371
chr19	42246073	42248073	+	Golga7b	5.08524287119751	1.6694030044659	1.42449830145141	6.56729544511063	6.21239430384905	33.9477221885507	0.773138574486127	0.345443833095624	2.23810211795592	0.0252143965816677	0.0360290320132878	851	792
chr19	42431283	42433283	-	Crtac1	7.32463014590284	2.49988133604725	1.62254590231109	8.41088863900634	6.49463803052229	160.299947848235	2.81454178007721	0.24181296754696	11.6393335255299	2.6003964206736e-31	4.45363668667479e-30	71	35
chr19	42517258	42519258	+	R3hcc1l	9.00878576341469	2.526243733015	2.91922023301947	8.48217780519666	9.63662412731733	515.127504811955	-1.31199431349835	0.126595590194914	-10.3636652072819	3.6278805780618e-25	3.34204756282057e-24	321	256
chr19	42612313	42614313	-	Loxl4	6.39539505813216	2.14746927713085	1.70760981940623	7.50960698403529	6.61776821857465	84.1793846269945	1.48150430919212	0.209752528332266	7.06310584654929	1.62821599354471e-12	5.73887144391409e-12	345	274
chr19	42752275	42754275	-	Pyroxd2	8.488687815662	2.66779841195941	2.5394180452105	8.88481843931914	8.52017359340634	359.211023892024	0.415920008132676	0.142963057655423	2.90928310399704	0.00362258654158287	0.00588912464514007	936	889
chr19	42779478	42781478	-	Hps1	8.73088479364621	2.60880368267758	2.73505737457728	8.71552289795586	9.0845298390085	424.872098323245	-0.448024917411948	0.173302405772184	-2.58522041523706	0.00973167629030813	0.0149983756261276	908	858
chr19	43387811	43389811	-	Hpse2	5.19243381084873	1.67326194469568	1.51551930734459	6.57969681972912	6.32259108508597	36.5660734731475	0.610009010978527	0.327968683054103	1.85996115634583	0.0628910217907954	0.0843169597548039	907	857
chr19	43438935	43440935	+	Cnnm1	6.27141484787977	2.06675240710652	1.77574803654666	7.32442138954039	6.73778109346834	77.2474202138029	0.965793067190122	0.203246235163414	4.75183742721534	2.01576421068055e-06	4.48111385774689e-06	547	464
chr19	43524105	43526105	-	Got1	10.2848817901939	2.8107168450754	3.33565892589999	9.30727988055505	10.9491509071489	1247.54988557773	-1.75036544654567	0.130871869604722	-13.3746499674252	8.50531462615375e-41	3.13407957133423e-39	137	93
chr19	43610824	43612824	+	Nkx2-3	6.17703080083312	2.03724063798875	1.74975871397141	7.25901661314373	6.69232550231825	72.3555010340229	0.973708651765963	0.209710155614193	4.64311634748538	3.43192958475836e-06	7.51932680192103e-06	555	471
chr19	43674381	43676381	-	Slc25a28	11.2933498557497	3.07931496678238	3.64832909870554	10.1338249816139	11.9639739522849	2509.78811339887	-1.89358426398391	0.134167109802978	-14.1136249171992	3.13063018658216e-45	1.73038468494723e-43	102	61
chr19	43688171	43690171	+	Entpd7	9.9298162496502	2.7720545080992	3.20685851174068	9.19180977618431	10.5369232191374	975.377072173161	-1.44495984858579	0.130294672482165	-11.0899380692912	1.40384920441215e-28	1.87591278303866e-27	248	186
chr19	43751495	43753495	+	Cutc	9.16554218058686	2.50239739139528	2.98658214396919	8.41652686621183	9.84533490245302	574.252801891929	-1.63196676950798	0.155300488632041	-10.5084458129083	7.89844378274258e-26	7.56260444079919e-25	172	122
chr19	43752500	43754500	-	Cox15	9.18476544149215	2.49513349962127	2.99650251208417	8.39692128263655	9.87603492330935	581.955666176032	-1.68507435976121	0.157270923758154	-10.7144685075575	8.70558378507321e-27	9.04785460055472e-26	149	104
chr19	43780691	43782691	+	Abcc2	6.04233577239774	1.48233076515129	2.05668441034683	6.28692080765625	7.31011566238053	65.9059024742905	-1.87437791566614	0.301459582881811	-6.21767567561785	5.04573110611176e-10	1.49284891119997e-09	411	331
chr19	43939691	43941691	-	Dnmbp	7.10427110479874	2.23006516318885	2.15262164979809	7.70648109457538	7.52170165236072	137.593747697879	0.256276729825054	0.170850953786058	1.50000175091775	0.133613948988998	0.17013043138285	1045	1013
chr19	43986056	43988056	-	Cpn1	6.75667431159019	1.96312349063466	2.16950085415747	7.10498398399637	7.56945080347018	108.133843233744	-0.726621324798878	0.228330631901724	-3.18232082461728	0.00146099882500381	0.00249168944067971	719	637
chr19	44028708	44030708	-	Cyp2c44	5.45364504799496	1.68043299904942	1.6691369297405	6.58167598753354	6.57645002815017	43.823871870718	-0.0563485246725741	0.325365751084607	-0.173185175405636	0.86250587588059	0.878397943945392	1194	1190
chr19	44069285	44071285	-	Erlin1	8.02415288042109	2.43677880896607	2.49551922756568	8.23891679410741	8.3986507513799	260.321900857101	-0.199078450372854	0.163806921949714	-1.21532379708574	0.224242619127405	0.269179688903183	1081	1058
chr19	44106980	44108980	-	Chuk	8.79412209208073	2.4906992700516	2.84219987129565	8.38401211882259	9.40212815690693	443.909598014434	-1.17618403768568	0.130608894261289	-9.00539005661186	2.1490051621585e-19	1.19871113632327e-18	389	315
chr19	44135376	44137376	-	Cwf19l1	7.61875519051319	2.21824333507937	2.44246286663472	7.67826204357373	8.25511824641247	196.550359256934	-0.76880447903903	0.175189174165118	-4.38842458561064	1.1417471169839e-05	2.38141422684806e-05	677	587
chr19	44191942	44193942	-	Pkd2l1	5.12987749933427	1.65528799244098	1.54765434946118	6.53128633464118	6.36310963038692	35.0144252045694	0.360168973310722	0.275777624254075	1.3060123143961	0.191548369871986	0.234801227585015	992	954
chr19	44201787	44203787	+	Scd3	5.11558575899368	1.58302688864445	1.58084029595357	6.43677068315441	6.41461685475874	34.6692749213566	0.105116099844287	0.327506371120492	0.320958946492109	0.748241502201875	0.782340212104454	1163	1152
chr19	44292175	44294175	+	Scd2	9.63843047565078	2.80129799625902	3.06337970430937	9.27919705496823	10.0843758548791	796.996995658513	-0.88503980119043	0.149141044940512	-5.93424701793827	2.95197111823099e-09	8.30925203650205e-09	592	505
chr19	44331591	44333591	+	Scd4	5.62073440143165	1.84960118838495	1.62152053658382	6.87529297671173	6.47725275873752	49.2050471717584	0.783076815907877	0.243961137277174	3.20984245543253	0.00132807741291256	0.0022745663860587	710	627
chr19	44407209	44409209	-	Scd1	8.61128778157965	2.35671338891233	2.81078561102556	8.02687134619555	9.30933621671868	391.07128063805	-1.52739881598792	0.170203418976048	-8.97396083566843	2.8603902192062e-19	1.56677230024988e-18	222	162
chr19	44491971	44493971	+	Wnt8b	5.58935876552201	1.85085060174945	1.57494782770661	6.88200388426825	6.40800959672991	48.1464914958564	0.914700652969212	0.27013206195764	3.38612398076852	0.000708873496476392	0.00124926111842796	690	604
chr19	44545364	44547364	-	Sec31b	6.73536031108293	2.12087595701759	2.03005411131384	7.45161014545504	7.24539093976198	106.548044946676	0.310966575696447	0.210142444408192	1.47978946648402	0.138929440627914	0.175756261672083	1012	977
chr19	44552331	44554331	-	Gm20538	5.80070629906391	1.87271822958711	1.70828090183785	6.92514617843391	6.62095763490733	55.7425191927076	0.556732386274616	0.252069045325425	2.20865035433393	0.0271989700395465	0.03859270428015	857	798
chr19	44554940	44556940	-	Ndufb8	7.63602318662568	2.26723549957711	2.41975854513272	7.80251170631445	8.19189129175882	198.917057727098	-0.482951391098138	0.177458007124656	-2.72149675815354	0.00649870225200008	0.0103164777264127	883	832
chr19	44561349	44563349	+	Hif1an	8.52709223558428	2.38407368940405	2.76962970698537	8.09974682716316	9.18477339505223	368.901599873785	-1.2804836931855	0.161397514837568	-7.93372620683897	2.12666664344228e-15	9.01054577848714e-15	333	266
chr19	44754544	44756544	+	Pax2	7.67798859288579	2.61886177712671	1.65608506113237	8.74488339640238	6.53441625684974	204.788173625799	3.22692525487571	0.200794108354852	16.070816426411	4.08668298482651e-58	6.2117581369363e-56	8	5
chr19	44929618	44931618	+	Slf2	9.72763608200255	2.78557322583742	3.10995257652474	9.23201956158283	10.2310170343037	847.832865463888	-1.10081571123504	0.154782834871696	-7.11200122511994	1.14372246397313e-12	4.04292591916082e-12	436	359
chr19	44987600	44989600	+	Sema4g	7.36539373608507	2.31172684708119	2.19926101824465	7.91113228263554	7.64796287190175	164.893844779739	0.288861130479107	0.227994877206691	1.26696324942966	0.205168430944625	0.248738596239944	1026	992
chr19	45149179	45151179	+	Tlx1	5.34383366972095	1.79816009559275	1.39638823441105	6.79411360404014	6.1667464346076	40.6119858714697	1.35665411799856	0.335606391376508	4.04239654803404	5.29076575193907e-05	0.000103433619844982	622	535
chr19	45235312	45237312	-	Lbx1	6.35367142471431	2.14042568228045	1.5891851258142	7.49748535676717	6.47212566203051	81.7797317054909	1.63929193492161	0.45232051878083	3.62418211612444	0.000289877303470401	0.000533268987927394	661	574
chr19	45362233	45364233	+	Btrc	10.0879990735108	2.85713874753672	3.23983758449809	9.44744144561231	10.6420496583295	1088.40447157683	-1.27451716104564	0.128168452996007	-9.9440785251995	2.67639476160869e-23	2.11330911046504e-22	336	269
chr19	45559114	45561114	+	Gm17018	7.31909445249047	2.31569702767211	2.17853117511559	7.92466153592444	7.5832080084805	159.686047424862	0.468818141329281	0.194996988504899	2.4042327264839	0.0162064522431965	0.0240623271400817	893	842
chr19	45560031	45562031	-	Poll	7.27407554744226	2.31680895555784	2.14829733143217	7.92559158098154	7.51249133792388	154.780031427669	0.552637058124632	0.189391493910389	2.9179613440618	0.00352328024829102	0.00575075004284816	840	778
chr19	45659812	45661812	-	Fbxw4	1.9146568333953	0.647980820937523	0.623896779163851	5.46260563708074	5.44702211321227	3.77024122870881	0.497379767590414	0.838674717299858	0.59305444331474	0.55314471732024	0.602170077225972	1117	1100
chr19	45742415	45744415	-	Fgf8	6.40588052402208	2.09183567828425	1.83577481984439	7.38263025871119	6.8501111766922	84.7934266802067	0.875346602513274	0.209914480755428	4.17001532892409	3.04579151590232e-05	6.08158043240924e-05	609	520
chr19	45749091	45751091	-	Npm3	7.60998855400283	2.3237084846905	2.35987501644602	7.94150953428193	8.03670832550939	195.359628804264	-0.147370008464148	0.174612963070972	-0.843980915690948	0.398680070047816	0.45223410930797	1117	1100
chr19	45783020	45785020	-	Mgea5	10.3411496757452	2.86172022449773	3.34058006525015	9.46147618274549	10.9650927931814	1297.1680465412	-1.59814022387296	0.140126274245418	-11.4050004717457	3.94775149494267e-30	6.23437119201336e-29	186	136
chr19	45815561	45817561	-	Kcnip2	7.15969482921914	2.4066419253636	1.83874202351895	8.1575176867893	6.8557222180384	142.982505632665	1.92071566284938	0.186519457097969	10.2976691693914	7.21892198218702e-25	6.55090233607419e-24	134	90
chr19	45997988	45999988	-	9130011E15Rik	8.79478944706775	2.59291055639435	2.78562585406972	8.67001948075554	9.23259539237935	444.114987098095	-0.649072371575761	0.142664087529304	-4.54965494692165	5.37339548089387e-06	1.15442560154893e-05	779	707
chr19	46001977	46003977	+	Hps6	8.11037147031273	2.41890146108492	2.55981926108483	8.1905926511828	8.57620926760924	276.353575898678	-0.459948399456368	0.147699387811938	-3.1140846706962	0.00184516530791617	0.00312061337194167	898	848
chr19	46043385	46045385	+	Pprc1	8.50676127105479	2.61270811999587	2.60990755194862	8.72751529377334	8.71943136645346	363.739368558563	0.00268411416883459	0.162894673694365	0.0164776054855589	0.986853367897026	0.989294060480448	1213	1213
chr19	46044714	46046714	-	Ldb1	9.09506992985392	2.83715935920625	2.7343673564472	9.3875726793764	9.08066810364183	546.875996276949	0.337036396160436	0.152466110925265	2.21056596849671	0.0270659075732585	0.0384937352153009	996	959
chr19	46074362	46076362	+	Nolc1	9.17603605609182	2.64295408284166	2.92977293647235	8.81448330795427	9.67050178177973	578.445030280639	-0.970028588079044	0.174943332205063	-5.54481600328732	2.94263442398797e-08	7.56499674327563e-08	523	442
chr19	46130396	46132396	+	Elovl3	5.96979256351427	1.86780194025425	1.81704704553333	6.91049607237551	6.8287764304981	62.6738868945696	0.0930741091906889	0.253921354494946	0.366546993953364	0.713956952715381	0.750364437771741	1157	1144
chr19	46147826	46149826	-	Pitx3	7.66507509256684	2.41275247301611	2.29589007371921	8.17410260957915	7.87350158770848	202.963302978014	0.352522685758448	0.1795781318728	1.96306021274433	0.0496391779611517	0.067897908212329	984	943
chr19	46151008	46153008	+	Gbf1	9.67980026739114	2.72083216819183	3.12372680035901	9.03983920235008	10.2733553131666	820.181997437169	-1.34093222589975	0.121583080221169	-11.0289377721019	2.77118735116909e-28	3.40380183739557e-27	299	242
chr19	46303236	46305236	+	Nfkb2	9.14702861113357	2.63847379462874	2.92710580307855	8.79988940181295	9.66113747963934	566.930710359298	-0.970213546598823	0.133273498546781	-7.27986851983376	3.34145676986653e-13	1.23501867238836e-12	522	440
chr19	46326656	46328656	-	Psd	9.07546189665317	2.56064135629233	2.93125607554776	8.5785549666114	9.67396845618675	539.493548290887	-1.24395437095463	0.138660368925956	-8.97123223160393	2.93215515145484e-19	1.59887922160049e-18	356	282
chr19	46326683	46328683	+	Fbxl15	9.08952062210637	2.56444094073308	2.93552926880815	8.5892434971054	9.68713615071752	544.776485315549	-1.24582507149337	0.139126433000954	-8.95462526150455	3.40891529607948e-19	1.81808815790906e-18	355	281
chr19	46338160	46340160	-	Cuedc2	8.68387518467677	2.52289661088841	2.77024527704862	8.47412747903144	9.18763541973181	411.250945264803	-0.837374924687274	0.163394658767398	-5.12486106341657	2.97757230596335e-07	7.00334221286543e-07	624	539
chr19	46339620	46341620	+	Mfsd13a	6.94648226276155	2.08823690069932	2.18469621644545	7.37501569191504	7.60276015826888	123.338745105692	-0.345744228520629	0.207351585906363	-1.66742987283812	0.0954289579599454	0.124374719056049	987	947
chr19	46349802	46351802	-	2310034G01Rik	6.19512836033375	1.96270745908377	1.87541783941848	7.10227277275514	6.92458476106116	73.2688649099835	0.310409274369289	0.208294720242519	1.49024072241427	0.136160952488202	0.17301119981782	1013	978
chr19	46395235	46397235	-	Actr1a	10.3862516172474	2.9677876405467	3.31668530806723	9.78608522606548	10.8885818282631	1338.36102021451	-1.17980714927011	0.144973209527117	-8.13810464097802	4.01513758716174e-16	1.78842758461124e-15	387	312
chr19	46395395	46397395	+	Sufu	10.0181578699814	2.89969160746118	3.18543957732431	9.57678829611123	10.4694723309778	1036.96958912728	-0.971640580438521	0.147285815401271	-6.59697322373744	4.19636515875288e-11	1.34637995594815e-10	521	439
chr19	46500147	46502147	+	Trim8	9.27118109529624	2.78105576111612	2.89044741107526	9.21887170756631	9.55079682956441	617.879241749993	-0.390081105983472	0.166748387508226	-2.33933959909644	0.0193178648282657	0.0281660954810206	952	911
chr19	46571864	46573864	+	Sfxn2	9.85874929696612	2.84718922041516	3.14025934154546	9.41729588820496	10.3262384487871	928.494334539299	-0.990642574978022	0.147632808260396	-6.71017903575146	1.94385764946502e-11	6.35411532728349e-11	508	431
chr19	46572585	46574585	-	Arl3	9.8570192091065	2.83838683640922	3.14353002933747	9.3906989945784	10.3366225430624	927.381546370371	-1.03152893276221	0.149187576119202	-6.91430854763676	4.70150880515808e-12	1.61498155567012e-11	479	402
chr19	46597583	46599583	+	Wbp1l	9.5804439770535	2.78161616832506	3.04835093240429	9.22059330003772	10.0370835147573	765.598385403666	-0.891566522854998	0.145490358694956	-6.12801103009384	8.89844184766331e-10	2.59484539250805e-09	585	500
chr19	46672474	46674474	-	Cyp17a1	5.38781583531347	1.51276041202685	1.78585520820895	6.32162203820158	6.76131972698252	41.8691532126296	-0.907487451594052	0.292633670513466	-3.10110401855583	0.00192800549964947	0.00324716715730438	722	641
chr19	46688405	46690405	+	Borcs7	7.6922612108003	2.31026499302877	2.41773994674606	7.90727374420459	8.18843466419167	206.824202757472	-0.37719277696694	0.171550843783007	-2.19872294795617	0.0278976282033537	0.0394001346054334	965	923
chr19	46705942	46707942	+	As3mt	6.58407302809732	2.05271566440365	2.02005867413742	7.29326647869294	7.22443987469543	95.9408308394424	0.0901729109837348	0.195178688806308	0.462001827839006	0.644080009670916	0.684616513776079	1157	1144
chr19	46760095	46762095	+	Cnnm2	10.7467533138075	3.0005592847721	3.45436955104724	9.88753800345403	11.3328261366295	1718.28462246294	-1.53151422490306	0.14509585148764	-10.5551896156971	4.80668104768534e-26	4.71364851127852e-25	210	156
chr19	47013197	47015197	+	Ina	6.25532877559631	2.05392443228598	1.75040695195898	7.30594053570634	6.69594532904996	76.3908942820955	1.05983459580615	0.249787511103248	4.24294469777584	2.20605813462918e-05	4.47840850034906e-05	599	512
chr19	47014653	47016653	-	Nt5c2	6.76393696731943	2.19414470109148	1.92456862529711	7.63052828387287	7.0234201058133	108.679571130493	0.965284392702035	0.231732031093589	4.16551992465897	3.10643789921729e-05	6.19250571384955e-05	610	522
chr19	47050345	47052345	-	Pcgf6	7.95657081779136	2.45415678357132	2.4405648175205	8.2848913143354	8.24969265213221	248.408515103769	0.024314198778121	0.159471760881254	0.152467111692746	0.878818528207497	0.892768028655235	1202	1198
chr19	47066247	47068247	+	Taf5	8.15785038321357	2.37274079661826	2.61136218168529	8.06752576750566	8.72333849930816	285.599646452816	-0.814499495742718	0.153125284303544	-5.31917050438331	1.04241411737238e-07	2.56075872065619e-07	643	559
chr19	47089265	47091265	+	Pdcd11	8.59677143518342	2.47446889479663	2.76140496520114	8.34040575360256	9.15990311000977	387.156065674816	-0.951143717461142	0.140665430834652	-6.76174460076961	1.36339893634254e-11	4.51741990897147e-11	539	457
chr19	47090125	47092125	-	Usmg5	8.52001137507598	2.45007282048252	2.73924270309361	8.27433803577356	9.09409614719304	367.095437882007	-0.955495624820305	0.14127242909829	-6.76349681901147	1.34700332804894e-11	4.47528974564894e-11	535	451
chr19	47137794	47139794	-	Calhm2	6.79272998146987	2.2003090450864	1.96239735344806	7.63550653761744	7.10271971520762	110.870364893349	0.788977631320518	0.199651323151091	3.95177762344926	7.75728096288024e-05	0.000149254013463012	659	572
chr19	47143674	47145674	-	Calhm1	5.6649528578194	1.82194244662154	1.69006836920614	6.827441843577	6.58733522374512	50.7365268253961	0.461547990893308	0.246608234049262	1.87158386123113	0.0612641978882323	0.0823174194829729	905	855
chr19	47157264	47159264	-	Calhm3	5.23010337867118	1.67088055610142	1.53231797396965	6.56906283939678	6.36436605909975	37.533407796744	0.372932306646729	0.335624612557237	1.11115899339215	0.266499918541414	0.315237257729922	1028	994
chr19	47170634	47172634	-	Gm6970	4.39985823162898	1.48585733345414	1.25202383102665	6.27636232331207	5.9821588268079	21.1100520627466	0.737167503881751	0.35674514591935	2.06637010289806	0.0387935466755059	0.0537277366257576	878	826
chr19	47177319	47179319	+	Neurl1a	6.82691335958869	2.26352215215202	1.86572610916222	7.78830106770792	6.9128589346737	113.528708938446	1.26651739115368	0.195015600866022	6.49444139612089	8.33420638239586e-11	2.59856281051112e-10	390	317
chr19	47463911	47465911	-	Sh3pxd2a	8.70903429237601	2.6652908953589	2.68162086882487	8.87736438565995	8.92663802847581	418.485635330615	-0.0751799697418779	0.147448711003449	-0.509872003832705	0.610141136757453	0.651961003775978	1175	1167
chr19	47537007	47539007	-	Stn1	8.53801323420142	2.59848181837886	2.64265310845834	8.686100344039	8.81367018379238	371.704729379945	-0.166814652657976	0.159211567022655	-1.04775460588387	0.294751681821425	0.341918415092187	1100	1079
chr19	47578177	47580177	+	Slk	9.44337394301679	2.65538081855966	3.04581482121894	8.84863774834188	10.0296086037312	696.207691797938	-1.31867839004095	0.146014366762376	-9.03115507932836	1.69869163972979e-19	9.56300478662698e-19	317	252
chr19	47691594	47693594	-	Col17a1	5.2044795948533	1.74978118423854	1.4383934750399	6.69753024053848	6.20707927671566	36.8726600897844	1.11009401791502	0.293007840605875	3.78861540230319	0.000151489220310628	0.000285598282011974	645	561
chr19	47730255	47732255	+	Sfr1	10.488693002588	3.0446920462963	3.32539039415043	10.0253017773462	10.9164681254353	1436.84926146742	-0.947872317231001	0.146787125023036	-6.45746224052176	1.0647330624894e-10	3.29444123151936e-10	542	460
chr19	47853469	47855469	+	Gsto1	7.95605733504164	2.50213751922284	2.38874229951734	8.41589993262347	8.10974931209407	248.320117495747	0.373322287682038	0.146074178797321	2.55570348404988	0.0105973379888782	0.0162296763154609	967	925
chr19	47864044	47866044	+	Gsto2	9.05274055955591	2.67205342777645	2.86176379481892	8.89895912537855	9.46117161990414	531.063497566304	-0.609096945005386	0.148422672931945	-4.10379986408591	4.06419080415892e-05	8.00981526395016e-05	805	739
chr19	47918799	47920799	-	Cfap43	8.29769918631072	2.56737843922329	2.52127617540999	8.59822215196878	8.4737371291165	314.670731760966	0.109659669948098	0.190662260109882	0.57515142160226	0.565188893521783	0.612539834690274	1143	1130
chr19	47936211	47938211	+	Cfap58	6.62016090230273	2.21712452433236	1.75832057963919	7.67463557717552	6.71521329783796	98.3709822057109	1.46446064176351	0.213353511701865	6.86401001831135	6.69539320841401e-12	2.28696577006501e-11	356	282
chr19	48204524	48206524	+	Sorcs3	6.54985475681162	2.24861058939874	1.54863043325823	7.75225725410614	6.36704158585518	93.6920516271595	2.3456731056844	0.221860706460687	10.5727289122287	3.98720557521945e-26	3.94182274753403e-25	123	82
chr19	50030235	50032235	-	Rpl13a-ps1	4.42299386608847	1.43404106755483	1.34273097430726	6.20545598858669	6.08932421257409	21.4513102604809	0.317412439371565	0.354955973183643	0.894230449271368	0.371198603736508	0.423034210068973	1067	1042
chr19	50678146	50680146	-	Sorcs1	7.42957401184644	2.5142330670251	1.7687722571536	8.45118549338158	6.73642037247158	172.394986826259	2.4249282447776	0.214011596659011	11.3308263787279	9.23294850806082e-30	1.3860821463953e-28	81	44
chr19	52262822	52264822	+	Ins1	4.85393121047366	1.60983897291597	1.40724634098997	6.45804399170598	6.17236811706408	28.9187083425291	0.607813838190539	0.30523065776579	1.99132630594705	0.046445025230437	0.0638881795025016	884	833
chr19	53039714	53041714	-	Xpnpep1	6.67374999890483	2.12271204344468	2.00091872606566	7.45073751574116	7.18064307013538	102.093697595442	0.414856399588084	0.178030784720997	2.33025091833545	0.0197928932148883	0.0287896628580194	937	890
chr19	53138944	53140944	+	Add3	6.65133261631778	2.1216434949551	1.97294654756188	7.45255672424304	7.12379994912323	100.519571513473	0.5298484938994	0.208316384763664	2.54347969076228	0.0109754437173209	0.016766506985254	853	794
chr19	53309005	53311005	+	Mxi1	8.78421053796598	2.56260457280188	2.80037402313813	8.58383124149116	9.27651114452881	440.870317614875	-0.799434197099546	0.134746022188736	-5.93289645300099	2.97636575469489e-09	8.35856987923553e-09	652	568
chr19	53371266	53373266	-	Gm10197	6.01079058183934	1.91307684726349	1.79375131449522	7.00407444885898	6.77850834042573	64.4804801546766	0.377276188678235	0.250751743817023	1.50458051830554	0.13243195805213	0.168802160368334	964	922
chr19	53390073	53392073	-	Smndc1	10.4078611760476	2.8851020171342	3.3582973113063	9.53242276006102	11.0222528870955	1358.55868978586	-1.58662247714568	0.144005958933519	-11.0177557157767	3.13785017893009e-28	3.81562581757898e-27	189	140
chr19	53527608	53529608	+	Dusp5	8.21851042518655	2.59418349727933	2.44482031081228	8.67385479566149	8.26098961169928	297.864096247394	0.487764719633495	0.160458849036181	3.03981190544071	0.0023672594116421	0.00392713157511159	881	830
chr19	53588567	53590567	-	Nutf2-ps1	4.04116987304288	1.33257920362965	1.19629368261796	6.08657118476635	5.918886450677	16.463165700889	0.550524038749037	0.414682178327249	1.32758065699797	0.184316678115788	0.226621921727804	989	950
chr19	53598897	53600897	+	Smc3	10.1530466880153	2.89007568881295	3.25005753918699	9.54731001707736	10.6751289809372	1138.60110373013	-1.21895428170529	0.144252336738838	-8.45015276190744	2.90921915487837e-17	1.3765021370942e-16	370	298
chr19	53675805	53677805	+	Rbm20	7.06515302787524	2.40697515361776	1.68602576046362	8.1578330000761	6.58597721116096	133.913075812616	2.43538292728342	0.202277372536642	12.0398188721887	2.1943691710981e-33	4.60060846906083e-32	58	25
chr19	53890730	53892730	+	Pdcd4	7.48205122371208	2.04754833090576	2.46473326945605	7.28219806505931	8.31481367395625	178.781199771828	-1.41153727470368	0.175628388238389	-8.03706786164739	9.20137159468343e-16	3.95366355446468e-15	283	224
chr19	53942805	53944805	+	Shoc2	10.881240052294	3.05516864722207	3.49227671979807	10.0579206196386	11.45551928174	1886.16484369809	-1.46418102902069	0.134960690084303	-10.8489444452758	2.01741643732436e-27	2.27146147017261e-26	241	179
chr19	53944127	53946127	-	Bbip1	10.9802093189872	3.1080298799193	3.51119400612389	10.2237794946751	11.5171227957353	2020.0976512182	-1.36168391393277	0.143635465376139	-9.48013716784308	2.53949031058601e-21	1.71556678759588e-20	291	234
chr19	54043681	54045681	+	Adra2a	7.93028521876922	2.6288294076956	2.09980265027595	8.77291802146013	7.39928593747943	243.923546072803	1.78365551613702	0.162182619931467	10.9978215723161	3.9147478980724e-28	4.66699357260395e-27	128	85
chr19	55098951	55100951	-	Gpam	8.33390249188201	2.47885416051804	2.62578547088415	8.35272621942641	8.76557382502378	322.667059255778	-0.50863668664166	0.170438664144309	-2.98427994138116	0.00284246581431234	0.00469624786712474	869	813
chr19	55179232	55181232	+	Tectb	4.7082764397798	1.45146341528385	1.48445446674496	6.23011154625821	6.28207336651897	26.1416163210428	-0.182347523200452	0.333731426546551	-0.546390027116661	0.584797863918968	0.629862004008384	1129	1115
chr19	55240736	55242736	-	Gucy2g	5.27752548873626	1.57000312417783	1.71361049543745	6.39892530578714	6.62811874696258	38.7876506151138	-0.487933593398872	0.26577218688382	-1.83590916385907	0.0663710921634265	0.0887868515629556	909	860
chr19	55250437	55252437	+	Acsl5	6.28062593214233	1.75659853056589	2.08084631080099	6.70226450601344	7.35611884634882	77.742194754947	-1.09028737099766	0.200865092890985	-5.42795841380656	5.70023165002386e-08	1.42038559148135e-07	488	411
chr19	55314794	55316794	+	Vti1a	8.61628773002698	2.39501005714756	2.79912648782437	8.12695991775883	9.27406974261095	392.428967750818	-1.36937223617996	0.169937113314321	-8.05811167126939	7.74820211712471e-16	3.35295863858493e-15	288	230
chr19	55315532	55317532	-	Zdhhc6	8.53387100875448	2.35343723202275	2.77991042746414	8.01824916911774	9.21682126917139	370.639031842153	-1.4443914251023	0.174689240089765	-8.26834797815879	1.35827957481341e-16	6.20927805628989e-16	266	206
chr19	55740309	55742309	+	Tcf7l2	8.39658634989326	2.63839251570091	2.50713773135129	8.80152609657848	8.43073044877907	336.995694651743	0.442424363551046	0.166413044198238	2.65859185307621	0.00784679578888297	0.0122801849154204	914	864
chr19	56285636	56287636	+	Habp2	6.53687564344747	1.79666283090337	2.16384091621484	6.77799338652867	7.55155843670149	92.8529372752323	-1.24858922397839	0.218590122540987	-5.71201118085413	1.11648750816457e-08	2.97078514207466e-08	457	380
chr19	56389537	56391537	-	Nrap	7.03498706408662	1.57065048441098	2.41468226135518	6.39897629585141	8.17908504359851	131.142097458374	-2.83779278882211	0.20450225408321	-13.876584400226	8.78306245985842e-44	4.27208158047514e-42	25	12
chr19	56395628	56397628	+	Casp7	7.93685388340991	2.23504380763353	2.5775204065972	7.71838416244278	8.62840966498533	245.036674652677	-1.17526320424893	0.173170269665492	-6.78674928738719	1.14688254351883e-11	3.83134388164533e-11	390	317
chr19	56460139	56462139	+	Plekhs1	5.40014623544804	1.68453675929587	1.64951786502777	6.58080856209972	6.54128624754379	42.2285333254733	0.0495343576487565	0.305335765844715	0.162229136543239	0.871125416062011	0.885692730711878	1196	1193
chr19	56546760	56548760	+	Nhlrc2	8.53323203644193	2.42408244306551	2.75769433626838	8.20455554381835	9.14880349008131	370.474911474003	-1.10746675268394	0.142564799945202	-7.76816404266427	7.96318901586081e-15	3.24940867224387e-14	428	352
chr19	56547722	56549722	-	Dclre1a	8.99967380502709	2.54145609797328	2.90849634482407	8.52496352652861	9.60379538032235	511.884249309772	-1.22278834236089	0.131978726867387	-9.26504120311415	1.95002024008581e-20	1.19157015675595e-19	366	294
chr19	56720871	56722871	+	Adrb1	6.78285553000562	2.17570035641694	1.99355535843091	7.57543488288505	7.17061841655618	110.11410945272	0.591857720097775	0.197331407218603	2.99930826237973	0.00270593378165206	0.00447675575304614	818	753
chr19	56821690	56823690	-	Ccdc186	9.01424686317717	2.63626908928916	2.86017698718215	8.79375774149062	9.45833959546736	517.081135853739	-0.775937645509305	0.162704614356038	-4.7689959413896	1.8514639001207e-06	4.13097266522343e-06	669	582
chr19	56824708	56826708	+	Tdrd1	5.79870493830743	1.90308160787859	1.6754257335549	6.97878794334933	6.56512740297189	55.6652446875209	0.737983781439152	0.228970778520421	3.22304787627446	0.00126834352526384	0.00217839791909721	708	625
chr19	56872748	56874748	+	Vwa2	5.93706129176553	1.98375969488755	1.6381339662396	7.1446181516487	6.50482363942224	61.2679761910489	1.14250253921038	0.228233417223824	5.00585126011566	5.56156917665469e-07	1.2821799370988e-06	527	445
chr19	57007728	57009728	-	Afap1l2	6.80185473955905	2.2877371270739	1.77303868569432	7.84980846892039	6.73360021329127	111.573820076996	1.73138118787061	0.194303038135551	8.91072627831352	5.06993431952667e-19	2.66884854222703e-18	231	171
chr19	57314419	57316419	-	Ablim1	6.81333935214868	2.13257700262117	2.06311768241181	7.47343814640957	7.32715299441808	112.465551081168	0.188572428126545	0.217009951483056	0.868957514795208	0.38487036908634	0.438204465176957	1086	1064
chr19	57359508	57361508	+	Fam160b1	10.0633107972765	2.69020676133935	3.28201921404104	8.94995982375323	10.7771811400692	1069.93749111485	-1.98278744977765	0.14032027488951	-14.1304416011081	2.46593092572328e-45	1.42789143127596e-43	78	40
chr19	57451405	57453405	+	Trub1	7.58083867703834	2.27257551213502	2.39064424213318	7.81096905456771	8.11611570873646	191.451967607927	-0.406066337296667	0.159755298455951	-2.54180200106872	0.0110282627184674	0.016826057045993	942	897
chr19	57609533	57611533	+	Atrnl1	9.35977023501699	2.72416286203907	2.97214613317917	9.04971859790777	9.80114180335831	657.00941527581	-0.85624450301145	0.165180112327207	-5.18370214760059	2.17524222552821e-07	5.19664940322654e-07	609	520
chr19	58455409	58457409	-	Gfra1	6.88761744607259	2.32404787626997	1.74033659565274	7.94533843452513	6.6738137384846	118.407564944447	1.98734535394083	0.211787107619674	9.38369373035531	6.37011238336991e-21	4.14227628779562e-20	187	137
chr19	58510501	58512501	+	Ccdc172	4.64345342844189	1.47297194932275	1.42468135405435	6.26607509093042	6.19270860645168	24.9930216520708	0.215929986136761	0.345772558659718	0.624485606879121	0.53230871984753	0.583158779282265	1109	1090
chr19	58668864	58670864	+	Pnlip	4.97026301321613	1.57974453799287	1.50582694364383	6.41907155386685	6.31046029145278	31.3471638051812	0.234426506641489	0.321126587168249	0.73001276134967	0.465382384201633	0.518703005672947	1091	1070
chr19	58727386	58729386	+	Pnliprp1	6.01669629450918	1.77065986914492	1.94635562720506	6.72998514421865	7.067878139228	64.7449737979437	-0.587957635082786	0.220747239625809	-2.6634880512184	0.00773351583739467	0.0121184990441648	820	756
chr19	58758222	58760222	+	Pnliprp2	6.13565836709164	1.96089960111193	1.83613596944173	7.09814935694621	6.85018466346057	70.3100184083934	0.429029568507829	0.213943917336113	2.00533660339503	0.0449270742013116	0.0620105814174744	927	882
chr19	58793961	58795961	-	1700019N19Rik	5.55905555231909	1.8286620785497	1.59611083456584	6.83912538781541	6.43812409811897	47.1457413019485	0.769153664499438	0.263334227473046	2.92082678305905	0.00349103865884281	0.00570578361445276	744	664
chr19	58860484	58862484	-	Hspa12a	7.92083993402045	2.61826561793083	2.12549230095635	8.7420300721547	7.45907998688152	242.33180156553	1.63258929055003	0.155214631411324	10.5182692875365	7.11688307017752e-26	6.868356994711e-25	171	121
chr19	58941924	58943924	+	Eno4	8.23923796270744	2.6139972040811	2.41577236174941	8.73202389183013	8.18651622295608	302.174469401596	0.634408367428793	0.19957348999421	3.17882083160043	0.00147875465932893	0.00251843930776467	790	723
chr19	59075569	59077569	-	Shtn1	5.95469998800969	1.97247826954163	1.67482457103769	7.12272861713331	6.56341303010721	62.0216493878251	0.981409376622036	0.228807108528741	4.28924338466852	1.79282824503223e-05	3.7076175951687e-05	588	503
chr19	59169556	59171556	-	Vax1	5.55989803544869	1.87845639520918	1.51666434369569	6.93043930778298	6.31623529070326	47.1732807958844	1.20253143374987	0.247309250264454	4.8624603910447	1.15935583152352e-06	2.62040277162192e-06	538	455
chr19	59218147	59220147	+	Kcnk18	5.32704087320065	1.72485363894432	1.56160132119166	6.64922059952967	6.40244010889476	40.1420077975568	0.438657479809841	0.28518469007592	1.53815227491022	0.124011386936116	0.159256644222523	946	904
chr19	59259377	59261377	+	Slc18a2	6.78038710154609	2.19478075496835	1.95456516228393	7.62353418859276	7.08816420715734	109.925867034089	0.762855194210344	0.213704613979522	3.56967114562834	0.000357429641393296	0.000651625852974885	682	595
chr19	59320789	59322789	+	Rps12-ps3	5.10270775721015	1.54212540300515	1.60518232331627	6.35333077168151	6.47905361487397	34.3611819361413	-0.326561981708433	0.326894650073291	-0.998982337689577	0.317803247429742	0.367346719462515	1052	1022
chr19	59345280	59347280	-	Pdzd8	9.83893719274016	2.75895942497469	3.16904677184465	9.15281147807769	10.4174582892025	915.830748163457	-1.38317194312495	0.155626851297509	-8.8877461157443	6.23609747611496e-19	3.2545470089939e-18	282	222
chr19	59456871	59458871	+	Emx2	7.35098265845221	2.50063637604224	1.71199993925388	8.41224247521142	6.63204263560453	163.254919758934	2.61086604301654	0.201354230915638	12.9665318237609	1.8940834501309e-38	6.06106704041887e-37	38	18
chr19	59943154	59945154	-	Rab11fip2	9.95562247348948	2.71876930174662	3.23482987918769	9.0339848215662	10.6260743467264	992.981117463607	-1.71857155670138	0.131246682819211	-13.0942094671351	3.55354874728897e-39	1.2346043647724e-37	143	97
chr19	60226197	60228197	-	Fam204a	9.14903030938865	2.52600234274196	2.97326466781497	8.4822685831498	9.80374709788505	567.717856508588	-1.49685640212702	0.151932945398323	-9.85208572243965	6.71360669579713e-23	5.19983805228619e-22	225	165
chr19	60467804	60469804	-	Prlhr	5.93098154069614	1.93704987594697	1.72339143199461	7.04858785509603	6.64460947534705	61.0103262654434	0.745855073033019	0.222795418641888	3.34771279220905	0.000814814068357565	0.00141382674087406	700	615
chr19	60580523	60582523	-	Cacul1	9.84153845477227	2.79668070231565	3.15600096541038	9.265178651218	10.3760462039485	917.483533196284	-1.21294256256357	0.149002209710728	-8.14043338631269	3.93865489416124e-16	1.76081042327208e-15	373	301
chr19	60754486	60756486	+	Nanos1	9.48708186584725	2.68390297785279	3.05285876550465	8.932494876955	10.0511992419372	717.622774336593	-1.23093493199244	0.152609017637719	-8.06593837668606	7.26754633397745e-16	3.15619155075592e-15	361	287
chr19	60790193	60792193	-	Eif3a	9.9320164858234	2.79588563437137	3.1949322437563	9.26296587153495	10.4994305152859	976.865742441409	-1.34041887423276	0.149641280603886	-8.95754746834178	3.31979819861116e-19	1.7783588588155e-18	300	243
chr19	60810084	60812084	+	Fam45a	9.44745155403159	2.60432571940609	3.06893035053094	8.70242750331549	10.1013119673359	698.178225913178	-1.55077697338167	0.138899942306205	-11.164705669661	6.0691886220715e-29	8.20014818270993e-28	199	151
chr19	60860979	60862979	-	Sfxn4	9.14819219330875	2.60751377755922	2.93976300639554	8.71258262376934	9.70028361816131	567.388143527918	-1.10451604573121	0.154492506035907	-7.14931794474544	8.72101248166053e-13	3.11904446402918e-12	431	354
chr19	60874056	60876056	-	Prdx3	9.79963716491121	2.68777784908574	3.18083272235121	8.94358491902752	10.4544531744463	891.219608572472	-1.64487360326299	0.146727721960276	-11.210380569449	3.62630828217906e-29	5.06849525417211e-28	162	113
chr19	60888248	60890248	+	Grk5	10.0730733296269	2.82181553425602	3.24678673209381	9.34155278933316	10.6641889571566	1077.20217278677	-1.40326656325928	0.139918355163301	-10.0291813866844	1.13453292118373e-23	9.07626336946985e-23	270	211
chr19	61140340	61142340	-	Zfp950	8.84768500665686	2.55042056151379	2.8326763203019	8.55104562778824	9.37417328515834	460.700389247822	-0.941642824684841	0.157145689158827	-5.99216453041307	2.07066271932642e-09	5.88300436145076e-09	547	464
chr19	61175809	61177809	-	Gm7102	5.27043808799184	1.7723567830556	1.46370351842156	6.73082650061278	6.24774515382782	38.5975692236497	1.02790250190582	0.2738846992551	3.75304828893863	0.000174697186266938	0.000326818120770148	650	566
chr19	61182389	61184389	+	Gm6020	3.67068716705527	1.20282165945041	1.14777494527148	5.9215759672348	5.87248004065041	12.7346479092494	0.0917728358342512	0.434079614543551	0.211419363544066	0.832560048299292	0.852900605502897	1187	1182
chr19	61296569	61298569	-	Gm21060	4.20000471058612	1.35975196426857	1.2922685632741	6.10747511791527	6.02874657465348	18.3792336904324	0.256338898571138	0.372834655818895	0.6875404272924	0.491742234060009	0.545582624650521	1096	1074
