# Program:featureCounts v2.0.1; Command:"featureCounts" "-F" "SAF" "-O" "--fracOverlap" "0.2" "-p" "-T" "6" "-a" "consensus_peaks.mLb.clN.saf" "-s" "0" "-o" "consensus_peaks.mLb.clN.featureCounts.txt" "liver_14_5_REP1.mLb.clN.sorted.bam" "liver_15_5_REP2.mLb.clN.sorted.bam" "kidney_14_5_REP1.mLb.clN.sorted.bam" "liver_15_5_REP1.mLb.clN.sorted.bam" "kidney_15_5_REP1.mLb.clN.sorted.bam" "kidney_14_5_REP2.mLb.clN.sorted.bam" "kidney_15_5_REP2.mLb.clN.sorted.bam" "liver_14_5_REP2.mLb.clN.sorted.bam" 
Geneid	Chr	Start	End	Strand	Length	liver_14_5_REP1.mLb.clN.sorted.bam	liver_15_5_REP2.mLb.clN.sorted.bam	kidney_14_5_REP1.mLb.clN.sorted.bam	liver_15_5_REP1.mLb.clN.sorted.bam	kidney_15_5_REP1.mLb.clN.sorted.bam	kidney_14_5_REP2.mLb.clN.sorted.bam	kidney_15_5_REP2.mLb.clN.sorted.bam	liver_14_5_REP2.mLb.clN.sorted.bam
Interval_1	chr18	3166613	3166877	+	265	2	2	4	3	9	1	5	6
Interval_2	chr18	3248831	3249131	+	301	8	7	5	8	5	7	11	20
Interval_3	chr18	3270287	3271129	+	843	123	68	15	129	16	16	19	446
Interval_4	chr18	3280577	3282022	+	1446	45	65	113	99	207	210	233	179
Interval_5	chr18	3336690	3338116	+	1427	960	954	384	1515	723	785	761	3112
Interval_6	chr18	3358927	3359253	+	327	6	2	3	10	8	12	19	11
Interval_7	chr18	3382717	3383857	+	1141	186	200	144	287	266	268	292	665
Interval_8	chr18	3443881	3444296	+	416	8	8	5	7	20	11	15	7
Interval_9	chr18	3463832	3464432	+	601	5	8	17	7	41	43	35	15
Interval_10	chr18	3495576	3495873	+	298	2	2	27	2	16	33	23	15
Interval_11	chr18	3499099	3499483	+	385	3	0	9	6	12	29	22	11
Interval_12	chr18	3507153	3508400	+	1248	332	316	349	462	621	691	623	875
Interval_13	chr18	3561226	3561549	+	324	5	0	4	2	13	8	23	6
Interval_14	chr18	3616054	3617264	+	1211	15	13	72	12	165	130	179	26
Interval_15	chr18	3653071	3653877	+	807	1	4	8	4	44	30	50	11
Interval_16	chr18	3666185	3667785	+	1601	46	42	91	107	129	163	147	125
Interval_17	chr18	3765087	3765600	+	514	4	1	15	8	25	11	19	10
Interval_18	chr18	3806312	3807492	+	1181	7	6	25	8	85	69	88	15
Interval_19	chr18	3839467	3840285	+	819	49	72	38	119	70	72	68	126
Interval_20	chr18	3840731	3841237	+	507	6	8	17	8	54	58	46	7
Interval_21	chr18	3867440	3868055	+	616	2	1	13	6	23	34	48	7
Interval_22	chr18	3893193	3893880	+	688	4	8	20	10	33	21	45	8
Interval_23	chr18	3933873	3934122	+	250	11	4	6	11	13	7	5	13
Interval_24	chr18	3945329	3945837	+	509	7	9	6	23	6	13	16	10
Interval_25	chr18	3953964	3954374	+	411	6	9	9	21	7	7	8	15
Interval_26	chr18	3989839	3990212	+	374	2	1	7	8	15	11	22	4
Interval_27	chr18	4002487	4003684	+	1198	3	6	23	10	41	48	56	9
Interval_28	chr18	4020464	4020796	+	333	2	1	6	2	7	19	9	9
Interval_29	chr18	4043811	4044083	+	273	1	0	1	2	14	11	9	3
Interval_30	chr18	4066437	4066850	+	414	1	9	8	5	19	4	19	15
Interval_31	chr18	4075215	4075498	+	284	1	2	2	2	10	9	6	3
Interval_32	chr18	4088034	4088349	+	316	3	2	10	4	18	17	20	9
Interval_33	chr18	4095910	4096297	+	388	4	0	9	3	24	24	21	4
Interval_34	chr18	4100166	4100440	+	275	3	2	7	5	22	15	27	3
Interval_35	chr18	4128007	4128511	+	505	4	3	17	4	27	34	31	14
Interval_36	chr18	4136907	4138061	+	1155	6	6	38	11	40	70	82	16
Interval_37	chr18	4176954	4178118	+	1165	14	13	35	30	61	64	62	44
Interval_38	chr18	4186234	4187606	+	1373	14	11	77	19	135	171	183	22
Interval_39	chr18	4193198	4194687	+	1490	5	4	56	5	90	103	96	14
Interval_40	chr18	4219743	4220147	+	405	3	3	8	2	14	7	26	2
Interval_41	chr18	4232799	4233479	+	681	7	5	28	4	59	56	66	9
Interval_42	chr18	4238952	4239396	+	445	18	20	12	24	13	21	14	48
Interval_43	chr18	4249673	4250772	+	1100	9	6	49	5	50	64	60	23
Interval_44	chr18	4265996	4266662	+	667	15	23	8	35	16	19	20	40
Interval_45	chr18	4276760	4277112	+	353	4	11	5	5	6	2	6	5
Interval_46	chr18	4313736	4314251	+	516	13	7	11	34	14	21	23	39
Interval_47	chr18	4330783	4331077	+	295	3	2	9	4	13	22	18	5
Interval_48	chr18	4336508	4337270	+	763	14	13	22	23	36	40	61	27
Interval_49	chr18	4352776	4353668	+	893	39	62	102	133	161	182	179	114
Interval_50	chr18	4363759	4364252	+	494	4	2	12	10	40	30	31	12
Interval_51	chr18	4369170	4369872	+	703	17	10	20	21	29	25	28	63
Interval_52	chr18	4375366	4376192	+	827	60	65	74	108	91	111	96	221
Interval_53	chr18	4439744	4440433	+	690	23	33	27	38	46	48	48	94
Interval_54	chr18	4514319	4515249	+	931	10	17	40	20	74	66	82	27
Interval_55	chr18	4518737	4519070	+	334	2	2	16	5	32	34	28	8
Interval_56	chr18	4549424	4550296	+	873	7	9	33	8	17	47	39	11
Interval_57	chr18	4554480	4555584	+	1105	20	29	11	39	12	10	15	88
Interval_58	chr18	4558757	4559294	+	538	7	8	19	10	27	30	36	22
Interval_59	chr18	4570766	4571252	+	487	11	10	17	18	21	15	29	20
Interval_60	chr18	4595134	4595517	+	384	6	12	5	22	3	7	6	18
Interval_61	chr18	4634688	4635780	+	1093	123	143	161	171	243	252	306	416
Interval_62	chr18	4636076	4636923	+	848	45	49	43	64	94	99	99	160
Interval_63	chr18	4644504	4644900	+	397	16	32	8	40	8	9	9	40
Interval_64	chr18	4689507	4690151	+	645	4	14	22	6	33	34	38	22
Interval_65	chr18	4709745	4710154	+	410	1	1	17	4	25	35	18	7
Interval_66	chr18	4715868	4716076	+	209	1	1	14	3	7	11	13	9
Interval_67	chr18	4734161	4734392	+	232	1	0	6	3	10	10	16	4
Interval_68	chr18	4736409	4736718	+	310	3	6	5	4	22	21	21	3
Interval_69	chr18	4757697	4758164	+	468	6	6	29	11	34	51	32	10
Interval_70	chr18	4758458	4758752	+	295	2	1	8	6	18	18	24	5
Interval_71	chr18	4775378	4775846	+	469	4	5	6	6	17	12	29	10
Interval_72	chr18	4785324	4785793	+	470	1	3	16	6	30	21	31	10
Interval_73	chr18	4796309	4796802	+	494	3	6	15	10	22	29	28	11
Interval_74	chr18	4804090	4804343	+	254	5	5	8	18	6	7	14	15
Interval_75	chr18	4818109	4818351	+	243	2	8	9	4	9	17	16	2
Interval_76	chr18	4839971	4840225	+	255	1	5	12	6	10	13	22	3
Interval_77	chr18	4845347	4845687	+	341	5	1	6	8	10	24	12	7
Interval_78	chr18	4847552	4847863	+	312	3	3	11	16	4	4	5	7
Interval_79	chr18	4853932	4854232	+	301	4	5	6	4	9	13	13	5
Interval_80	chr18	4862365	4862905	+	541	32	33	15	57	14	19	14	131
Interval_81	chr18	4866617	4866951	+	335	20	14	8	20	3	6	9	59
Interval_82	chr18	4869518	4870317	+	800	7	9	46	17	56	93	88	13
Interval_83	chr18	4872544	4872783	+	240	0	2	10	4	21	14	22	3
Interval_84	chr18	4920141	4922696	+	2556	349	381	326	557	434	484	447	1235
Interval_85	chr18	4937987	4938670	+	684	30	32	10	45	10	11	15	92
Interval_86	chr18	4943731	4945163	+	1433	224	264	28	400	39	32	51	757
Interval_87	chr18	4970002	4970317	+	316	5	11	8	4	3	4	7	9
Interval_88	chr18	4970740	4971246	+	507	13	17	30	29	27	41	33	37
Interval_89	chr18	4975075	4975369	+	295	5	3	6	9	25	9	20	10
Interval_90	chr18	4980347	4980980	+	634	9	9	36	17	47	50	49	25
Interval_91	chr18	4982303	4982574	+	272	1	4	5	4	9	16	13	4
Interval_92	chr18	4986920	4987254	+	335	7	4	7	13	17	12	14	18
Interval_93	chr18	4993681	4994947	+	1267	34	71	90	104	133	142	135	64
Interval_94	chr18	5007738	5008272	+	535	3	16	18	30	43	40	40	29
Interval_95	chr18	5014377	5015110	+	734	4	13	32	10	31	38	34	12
Interval_96	chr18	5020229	5020632	+	404	11	7	17	9	16	15	22	36
Interval_97	chr18	5020675	5020939	+	265	2	4	7	12	9	8	11	13
Interval_98	chr18	5063272	5063529	+	258	2	3	3	3	6	9	18	5
Interval_99	chr18	5091004	5091414	+	411	3	4	10	3	12	8	23	11
Interval_100	chr18	5092280	5093001	+	722	14	25	13	46	19	25	31	43
Interval_101	chr18	5098509	5098964	+	456	29	16	4	40	8	4	13	98
Interval_102	chr18	5102593	5103080	+	488	9	14	10	27	11	6	10	19
Interval_103	chr18	5107157	5108027	+	871	5	10	32	12	46	52	45	20
Interval_104	chr18	5124763	5125043	+	281	5	1	11	4	14	18	12	9
Interval_105	chr18	5133912	5134515	+	604	9	21	17	28	38	37	31	34
Interval_106	chr18	5141459	5141947	+	489	17	15	26	38	23	34	40	37
Interval_107	chr18	5142318	5143246	+	929	27	24	80	43	82	122	100	74
Interval_108	chr18	5161885	5163744	+	1860	50	71	196	90	219	328	283	132
Interval_109	chr18	5186219	5187730	+	1512	13	16	64	18	77	93	99	40
Interval_110	chr18	5198648	5198924	+	277	3	1	10	2	18	29	21	4
Interval_111	chr18	5199213	5200172	+	960	12	2	39	6	52	54	65	16
Interval_112	chr18	5207604	5208237	+	634	1	5	21	4	30	54	37	3
Interval_113	chr18	5283775	5284233	+	459	3	3	21	2	26	37	33	10
Interval_114	chr18	5298878	5299609	+	732	2	5	24	4	32	62	47	12
Interval_115	chr18	5322196	5322450	+	255	5	5	7	6	10	14	3	7
Interval_116	chr18	5333732	5335211	+	1480	434	465	407	883	548	650	559	1611
Interval_117	chr18	5340713	5341681	+	969	11	6	79	15	101	119	79	29
Interval_118	chr18	5342540	5342941	+	402	2	5	27	5	30	49	36	5
Interval_119	chr18	5349295	5349723	+	429	14	20	18	35	13	12	20	32
Interval_120	chr18	5351242	5351610	+	369	11	7	24	14	8	4	15	17
Interval_121	chr18	5364829	5365143	+	315	6	12	6	34	6	0	3	36
Interval_122	chr18	5371856	5372308	+	453	3	7	33	13	39	56	42	20
Interval_123	chr18	5373084	5374423	+	1340	25	32	73	74	88	100	98	66
Interval_124	chr18	5388481	5389416	+	936	85	164	21	326	28	26	37	364
Interval_125	chr18	5389944	5390612	+	669	73	168	25	264	50	43	58	254
Interval_126	chr18	5395946	5396393	+	448	7	6	20	8	47	40	68	11
Interval_127	chr18	5414185	5415023	+	839	8	9	30	20	47	66	63	17
Interval_128	chr18	5427550	5429286	+	1737	16	31	162	33	229	307	237	60
Interval_129	chr18	5440324	5441514	+	1191	17	23	42	34	60	69	62	57
Interval_130	chr18	5536989	5537437	+	449	6	5	8	9	18	18	19	20
Interval_131	chr18	5590676	5590896	+	221	2	3	8	9	14	9	23	19
Interval_132	chr18	5591185	5593359	+	2175	168	209	172	316	274	325	268	659
Interval_133	chr18	5603477	5604375	+	899	30	39	21	37	16	20	17	78
Interval_134	chr18	5624288	5625589	+	1302	63	52	14	119	23	21	16	235
Interval_135	chr18	5647576	5647924	+	349	3	7	15	8	13	13	10	10
Interval_136	chr18	5648112	5648376	+	265	4	4	4	7	3	3	2	14
Interval_137	chr18	5653783	5654002	+	220	12	2	3	7	2	4	9	4
Interval_138	chr18	5679707	5680734	+	1028	17	28	10	47	20	16	10	77
Interval_139	chr18	5759079	5759563	+	485	13	14	10	19	13	9	13	54
Interval_140	chr18	5804093	5805109	+	1017	27	42	10	32	20	21	17	88
Interval_141	chr18	5808968	5809741	+	774	15	12	48	10	96	107	118	14
Interval_142	chr18	5819366	5820567	+	1202	144	140	225	247	363	392	361	605
Interval_143	chr18	5820859	5821205	+	347	27	22	3	25	13	15	16	80
Interval_144	chr18	5829613	5829996	+	384	3	4	14	7	10	23	10	10
Interval_145	chr18	5832892	5833387	+	496	12	13	7	25	19	14	12	30
Interval_146	chr18	5835599	5836211	+	613	4	5	24	7	40	44	48	10
Interval_147	chr18	5860605	5860997	+	393	2	5	4	3	14	23	12	7
Interval_148	chr18	5886381	5886615	+	235	1	1	3	7	9	17	14	9
Interval_149	chr18	5908026	5909024	+	999	70	84	13	132	28	24	29	258
Interval_150	chr18	5914612	5915423	+	812	83	52	11	90	12	11	21	234
Interval_151	chr18	5920156	5920492	+	337	11	22	9	25	6	4	4	45
Interval_152	chr18	5931961	5932888	+	928	15	18	39	32	41	42	57	35
Interval_153	chr18	5945128	5945793	+	666	10	6	20	26	18	23	39	17
Interval_154	chr18	5971469	5972181	+	713	5	7	37	10	45	46	37	14
Interval_155	chr18	5984951	5985375	+	425	68	77	8	113	12	12	14	236
Interval_156	chr18	5989508	5990453	+	946	443	492	256	748	458	507	493	1302
Interval_157	chr18	6016000	6016424	+	425	6	5	13	6	22	33	21	5
Interval_158	chr18	6055418	6056056	+	639	4	11	35	14	33	49	39	39
Interval_159	chr18	6080329	6080705	+	377	3	1	7	4	13	15	22	3
Interval_160	chr18	6081730	6082476	+	747	16	17	15	29	12	16	18	54
Interval_161	chr18	6135297	6136839	+	1543	508	612	576	1028	763	852	756	2063
Interval_162	chr18	6240675	6241965	+	1291	277	280	194	427	275	340	334	872
Interval_163	chr18	6275257	6276234	+	978	38	60	19	146	25	23	36	147
Interval_164	chr18	6281290	6281653	+	364	7	17	10	23	28	15	16	30
Interval_165	chr18	6327374	6327700	+	327	3	1	13	6	6	9	9	8
Interval_166	chr18	6411132	6411612	+	481	10	11	17	16	13	16	10	34
Interval_167	chr18	6449098	6449409	+	312	10	8	6	20	6	8	13	12
Interval_168	chr18	6450442	6450941	+	500	8	8	20	18	32	22	47	29
Interval_169	chr18	6465037	6465383	+	347	6	10	14	14	18	14	22	17
Interval_170	chr18	6476102	6476511	+	410	14	17	14	15	8	11	19	48
Interval_171	chr18	6489791	6491347	+	1557	559	714	356	1235	540	637	599	2225
Interval_172	chr18	6501106	6501538	+	433	13	13	13	14	24	21	36	38
Interval_173	chr18	6515803	6516696	+	894	401	438	263	667	443	557	501	1226
Interval_174	chr18	6531239	6531851	+	613	11	17	23	23	27	44	29	31
Interval_175	chr18	6563860	6564323	+	464	7	2	7	4	15	4	5	7
Interval_176	chr18	6680041	6680415	+	375	13	2	7	3	11	6	12	10
Interval_177	chr18	6715726	6716072	+	347	6	6	8	12	8	3	13	19
Interval_178	chr18	6739337	6739794	+	458	13	12	2	21	4	7	4	66
Interval_179	chr18	6760584	6761141	+	558	110	162	13	235	19	17	27	470
Interval_180	chr18	6764671	6765787	+	1117	939	947	322	1611	648	764	720	2617
Interval_181	chr18	6778845	6779342	+	498	10	9	9	13	19	10	27	16
Interval_182	chr18	6780040	6780365	+	326	4	2	5	3	9	18	9	6
Interval_183	chr18	6787577	6787946	+	370	6	13	8	8	12	5	7	16
Interval_184	chr18	6794746	6795067	+	322	8	5	3	4	15	16	9	14
Interval_185	chr18	6805653	6805837	+	185	2	0	11	0	8	8	10	4
Interval_186	chr18	6806534	6807019	+	486	4	1	11	4	26	31	41	5
Interval_187	chr18	6807545	6807928	+	384	3	4	12	3	23	28	26	8
Interval_188	chr18	6880274	6880879	+	606	5	4	15	4	26	37	19	3
Interval_189	chr18	6989181	6989996	+	816	16	22	22	39	81	66	69	39
Interval_190	chr18	7001042	7002289	+	1248	33	18	104	34	179	227	198	67
Interval_191	chr18	7003569	7005209	+	1641	25	23	144	45	194	237	209	53
Interval_192	chr18	7045929	7046166	+	238	17	11	2	17	5	4	6	23
Interval_193	chr18	7113410	7114251	+	842	34	20	14	36	30	27	32	63
Interval_194	chr18	7132536	7133386	+	851	366	299	14	482	25	25	38	774
Interval_195	chr18	7146919	7147819	+	901	76	69	9	93	17	11	11	151
Interval_196	chr18	7157666	7157953	+	288	10	4	1	9	5	2	8	28
Interval_197	chr18	7178515	7179387	+	873	26	28	8	43	9	13	14	56
Interval_198	chr18	7203294	7203661	+	368	18	9	10	16	8	8	6	34
Interval_199	chr18	7297543	7298054	+	512	5	6	13	10	24	26	37	14
Interval_200	chr18	7439372	7439626	+	255	1	0	9	5	17	29	17	7
Interval_201	chr18	7458879	7459146	+	268	0	4	15	2	14	15	16	6
Interval_202	chr18	7502125	7503003	+	879	5	6	51	10	73	102	72	14
Interval_203	chr18	7504152	7504555	+	404	26	13	8	39	12	9	7	82
Interval_204	chr18	7510847	7511402	+	556	7	3	30	10	41	58	64	10
Interval_205	chr18	7511964	7512773	+	810	2	2	40	8	73	91	73	9
Interval_206	chr18	7565337	7565667	+	331	6	5	20	9	23	37	19	23
Interval_207	chr18	7572365	7572627	+	263	2	2	15	2	4	5	6	4
Interval_208	chr18	7608438	7608981	+	544	32	24	30	32	31	40	36	59
Interval_209	chr18	7614211	7614627	+	417	3	5	18	4	29	40	29	16
Interval_210	chr18	7626273	7627385	+	1113	639	639	290	1002	644	663	677	1972
Interval_211	chr18	7640255	7640624	+	370	5	3	15	1	22	23	13	11
Interval_212	chr18	7692854	7693609	+	756	35	27	72	56	142	206	170	82
Interval_213	chr18	7702162	7702502	+	341	8	9	24	7	26	28	26	17
Interval_214	chr18	7702740	7703027	+	288	3	5	16	5	5	19	5	3
Interval_215	chr18	7708107	7708387	+	281	4	7	10	7	17	25	25	9
Interval_216	chr18	7756227	7757221	+	995	14	11	39	12	32	50	62	35
Interval_217	chr18	7780129	7780690	+	562	2	3	8	8	18	22	35	7
Interval_218	chr18	7852113	7852541	+	429	9	2	7	6	15	10	10	7
Interval_219	chr18	7868460	7870091	+	1632	373	471	316	753	558	669	592	1497
Interval_220	chr18	7881687	7882292	+	606	9	14	4	17	15	14	16	36
Interval_221	chr18	7890884	7891380	+	497	14	25	5	19	15	20	12	53
Interval_222	chr18	7930080	7930876	+	797	12	8	29	22	47	43	40	45
Interval_223	chr18	7931400	7931714	+	315	5	1	8	3	18	19	17	18
Interval_224	chr18	7973600	7974025	+	426	2	1	14	0	16	17	26	4
Interval_225	chr18	7979691	7979969	+	279	1	1	6	4	16	23	28	5
Interval_226	chr18	7989986	7990945	+	960	2	6	54	8	65	120	89	7
Interval_227	chr18	8027038	8027425	+	388	2	5	9	8	16	31	23	10
Interval_228	chr18	8132984	8133314	+	331	10	9	1	18	5	7	5	45
Interval_229	chr18	8235982	8236451	+	470	5	4	20	8	18	17	18	14
Interval_230	chr18	8328245	8328888	+	644	3	5	10	4	24	36	19	6
Interval_231	chr18	8376764	8377160	+	397	10	10	14	15	25	18	26	19
Interval_232	chr18	8407333	8407588	+	256	1	0	8	4	4	8	16	2
Interval_233	chr18	8415315	8415578	+	264	4	2	6	5	14	11	6	7
Interval_234	chr18	8478262	8478485	+	224	2	2	11	4	15	22	21	9
Interval_235	chr18	8577614	8577909	+	296	1	1	3	1	13	4	6	5
Interval_236	chr18	8585866	8586094	+	229	0	3	5	4	4	12	8	6
Interval_237	chr18	8644555	8645539	+	985	6	4	17	11	25	51	24	12
Interval_238	chr18	8693615	8694607	+	993	60	56	46	90	92	88	112	189
Interval_239	chr18	8711333	8711637	+	305	0	3	6	0	11	9	18	7
Interval_240	chr18	8719686	8720355	+	670	11	11	5	28	10	8	7	26
Interval_241	chr18	8758514	8758742	+	229	10	9	5	21	17	19	21	16
Interval_242	chr18	8871121	8871369	+	249	0	2	5	3	10	23	12	8
Interval_243	chr18	8871404	8871768	+	365	3	4	8	4	17	24	21	17
Interval_244	chr18	8872281	8872751	+	471	0	3	20	3	30	37	33	3
Interval_245	chr18	8896367	8897198	+	832	3	3	20	6	47	37	52	13
Interval_246	chr18	8911411	8912191	+	781	5	17	32	16	61	67	71	27
Interval_247	chr18	8932494	8933138	+	645	2	6	28	10	54	40	61	9
Interval_248	chr18	8933202	8933545	+	344	1	4	14	3	31	38	28	5
Interval_249	chr18	8934885	8936058	+	1174	13	16	82	27	143	118	133	25
Interval_250	chr18	8966493	8967257	+	765	25	28	54	65	111	101	138	55
Interval_251	chr18	9001399	9001707	+	309	4	0	9	4	16	28	20	5
Interval_252	chr18	9027165	9027423	+	259	1	2	5	2	4	11	5	3
Interval_253	chr18	9147641	9147976	+	336	4	4	7	3	14	5	7	2
Interval_254	chr18	9211831	9214411	+	2581	97	125	371	134	670	808	669	226
Interval_255	chr18	9231217	9231521	+	305	2	8	4	2	10	7	8	11
Interval_256	chr18	9291941	9292483	+	543	4	2	3	5	26	27	29	8
Interval_257	chr18	9292895	9293439	+	545	6	8	6	5	11	5	31	5
Interval_258	chr18	9308011	9308382	+	372	9	5	13	16	12	15	12	23
Interval_259	chr18	9370010	9371395	+	1386	51	52	18	63	33	34	34	191
Interval_260	chr18	9375294	9375718	+	425	4	4	12	11	10	10	23	18
Interval_261	chr18	9405919	9406447	+	529	13	9	5	22	10	7	7	40
Interval_262	chr18	9418653	9419468	+	816	24	20	10	25	17	17	9	86
Interval_263	chr18	9437452	9437688	+	237	9	5	16	4	14	28	8	16
Interval_264	chr18	9439665	9440205	+	541	10	9	9	19	9	19	12	29
Interval_265	chr18	9449259	9450755	+	1497	592	629	402	1032	678	870	729	1738
Interval_266	chr18	9472377	9472697	+	321	1	5	10	7	11	18	13	13
Interval_267	chr18	9478629	9478848	+	220	2	3	3	6	11	10	17	9
Interval_268	chr18	9485453	9485832	+	380	10	16	10	50	17	11	15	50
Interval_269	chr18	9486034	9486373	+	340	12	31	7	45	8	11	14	29
Interval_270	chr18	9491010	9491614	+	605	44	49	15	71	25	18	36	69
Interval_271	chr18	9503273	9504770	+	1498	37	69	41	108	90	77	81	114
Interval_272	chr18	9505708	9505978	+	271	15	8	7	15	16	8	11	16
Interval_273	chr18	9554806	9555429	+	624	12	9	37	14	85	122	93	19
Interval_274	chr18	9640505	9640835	+	331	6	4	7	3	5	6	20	8
Interval_275	chr18	9707241	9708862	+	1622	26	30	125	49	214	258	193	57
Interval_276	chr18	9732544	9732808	+	265	0	4	3	5	10	10	16	9
Interval_277	chr18	9743108	9743942	+	835	12	7	55	16	79	119	81	22
Interval_278	chr18	9758107	9758555	+	449	1	6	9	6	17	26	14	8
Interval_279	chr18	9763989	9764548	+	560	4	4	25	4	33	45	35	4
Interval_280	chr18	9827435	9827973	+	539	3	4	4	8	12	26	23	6
Interval_281	chr18	9865545	9866363	+	819	6	11	29	13	32	44	41	24
Interval_282	chr18	9957643	9958746	+	1104	310	282	190	454	289	330	294	830
Interval_283	chr18	10029140	10030521	+	1382	541	704	176	1046	276	341	336	1760
Interval_284	chr18	10037742	10038554	+	813	100	113	12	210	12	11	21	435
Interval_285	chr18	10051843	10053109	+	1267	55	55	57	68	100	113	130	169
Interval_286	chr18	10062726	10062955	+	230	8	3	5	7	3	4	4	9
Interval_287	chr18	10092470	10093322	+	853	81	84	14	147	11	7	18	253
Interval_288	chr18	10102775	10103736	+	962	31	35	8	68	18	13	18	138
Interval_289	chr18	10163583	10164162	+	580	18	26	7	30	9	12	9	54
Interval_290	chr18	10173916	10174618	+	703	18	27	23	18	30	32	42	38
Interval_291	chr18	10181219	10182704	+	1486	532	632	369	1125	547	661	635	2042
Interval_292	chr18	10253743	10253995	+	253	4	1	6	5	19	19	17	7
Interval_293	chr18	10324517	10325914	+	1398	23	39	148	52	203	238	239	62
Interval_294	chr18	10343114	10343994	+	881	11	8	6	23	32	38	32	17
Interval_295	chr18	10348337	10348842	+	506	9	17	6	37	13	9	13	34
Interval_296	chr18	10358968	10359770	+	803	4	5	34	10	46	53	43	7
Interval_297	chr18	10382607	10383050	+	444	4	4	16	9	20	29	28	5
Interval_298	chr18	10393277	10393622	+	346	2	4	8	6	24	17	23	10
Interval_299	chr18	10413224	10414001	+	778	31	52	12	101	35	39	64	106
Interval_300	chr18	10418546	10418944	+	399	18	18	7	36	19	23	26	36
Interval_301	chr18	10427995	10428460	+	466	5	2	15	8	29	36	29	9
Interval_302	chr18	10429437	10429665	+	229	1	2	2	5	4	3	13	8
Interval_303	chr18	10445660	10445900	+	241	5	3	5	2	15	25	9	4
Interval_304	chr18	10452697	10452938	+	242	2	5	10	6	17	17	12	10
Interval_305	chr18	10461514	10462091	+	578	10	26	15	30	18	12	22	30
Interval_306	chr18	10474338	10474590	+	253	5	7	6	12	17	22	22	9
Interval_307	chr18	10503288	10503659	+	372	4	11	17	6	16	21	19	11
Interval_308	chr18	10523027	10523732	+	706	10	16	7	22	12	11	16	53
Interval_309	chr18	10531375	10531886	+	512	22	18	33	28	27	38	24	56
Interval_310	chr18	10532254	10533422	+	1169	40	42	42	73	54	63	74	136
Interval_311	chr18	10609288	10610703	+	1416	323	409	204	586	332	436	394	1168
Interval_312	chr18	10617488	10618513	+	1026	97	120	67	153	98	138	129	330
Interval_313	chr18	10654009	10654733	+	725	6	6	25	11	42	43	29	6
Interval_314	chr18	10666304	10666625	+	322	11	16	9	26	8	14	16	32
Interval_315	chr18	10683791	10684274	+	484	11	27	9	25	10	9	16	24
Interval_316	chr18	10706259	10707222	+	964	69	90	104	148	162	204	179	204
Interval_317	chr18	10725202	10726874	+	1673	310	362	217	547	407	499	446	1108
Interval_318	chr18	10826267	10827161	+	895	11	7	32	17	47	60	43	20
Interval_319	chr18	10839659	10840388	+	730	14	13	14	23	26	38	46	8
Interval_320	chr18	10846647	10847204	+	558	14	9	4	18	7	7	9	49
Interval_321	chr18	10849233	10849527	+	295	1	2	14	4	16	12	19	5
Interval_322	chr18	10885507	10886373	+	867	15	15	32	21	42	45	49	29
Interval_323	chr18	10903652	10904241	+	590	6	0	18	4	40	36	42	11
Interval_324	chr18	10905115	10905582	+	468	18	19	13	32	21	16	18	40
Interval_325	chr18	10914928	10915405	+	478	9	18	6	19	17	10	21	34
Interval_326	chr18	10920670	10921096	+	427	10	9	12	12	35	40	40	22
Interval_327	chr18	10935770	10936170	+	401	7	11	4	22	12	27	13	17
Interval_328	chr18	10976556	10977438	+	883	12	40	19	31	14	21	18	45
Interval_329	chr18	11035435	11035918	+	484	15	22	13	22	25	26	23	24
Interval_330	chr18	11044607	11044935	+	329	3	5	15	5	15	24	23	11
Interval_331	chr18	11049418	11049765	+	348	16	26	8	13	16	7	9	22
Interval_332	chr18	11051845	11053375	+	1531	88	111	148	161	186	253	202	228
Interval_333	chr18	11075855	11076048	+	194	0	1	10	1	7	4	4	2
Interval_334	chr18	11096549	11096910	+	362	3	3	6	2	12	19	14	7
Interval_335	chr18	11119011	11119521	+	511	5	5	21	6	18	23	20	10
Interval_336	chr18	11142553	11142809	+	257	2	1	13	0	16	25	19	2
Interval_337	chr18	11204769	11205578	+	810	10	19	30	31	81	88	82	42
Interval_338	chr18	11218016	11218245	+	230	0	5	9	4	12	22	23	6
Interval_339	chr18	11221588	11222200	+	613	8	6	23	16	51	33	54	23
Interval_340	chr18	11239329	11240426	+	1098	9	19	56	22	101	130	108	24
Interval_341	chr18	11317090	11317834	+	745	23	31	14	45	11	9	22	41
Interval_342	chr18	11327058	11327580	+	523	3	7	19	9	27	34	33	11
Interval_343	chr18	11333679	11334136	+	458	3	6	18	5	22	31	27	14
Interval_344	chr18	11351726	11353206	+	1481	44	51	177	63	246	357	321	97
Interval_345	chr18	11392440	11393336	+	897	8	9	80	9	84	131	112	14
Interval_346	chr18	11442244	11442733	+	490	4	2	12	10	30	28	39	4
Interval_347	chr18	11466823	11467112	+	290	5	10	7	8	4	14	9	14
Interval_348	chr18	11470742	11471380	+	639	5	3	40	11	52	64	52	6
Interval_349	chr18	11479416	11480376	+	961	7	6	24	3	48	50	61	6
Interval_350	chr18	11534396	11534730	+	335	5	5	15	4	15	20	17	6
Interval_351	chr18	11614327	11614826	+	500	2	1	18	4	23	25	19	5
Interval_352	chr18	11656973	11658390	+	1418	334	374	200	548	339	383	344	1057
Interval_353	chr18	11728048	11728524	+	477	16	8	7	29	10	9	7	62
Interval_354	chr18	11766553	11767299	+	747	17	25	15	51	11	5	14	83
Interval_355	chr18	11772793	11773336	+	544	5	6	4	15	15	5	9	39
Interval_356	chr18	11794245	11794545	+	301	7	7	4	18	10	12	17	15
Interval_357	chr18	11801419	11801684	+	266	2	6	6	10	7	5	5	21
Interval_358	chr18	11839101	11840867	+	1767	29	44	149	50	225	236	206	78
Interval_359	chr18	11849660	11850413	+	754	6	8	32	11	54	53	57	16
Interval_360	chr18	11854860	11855587	+	728	1	4	30	3	48	48	49	8
Interval_361	chr18	11862520	11863019	+	500	7	7	20	9	37	31	41	13
Interval_362	chr18	11875701	11875925	+	225	2	1	9	1	7	12	17	6
Interval_363	chr18	11883424	11884588	+	1165	8	1	110	19	169	182	182	27
Interval_364	chr18	11892760	11893195	+	436	3	5	17	2	27	43	32	16
Interval_365	chr18	11899896	11900612	+	717	3	11	50	15	73	66	63	10
Interval_366	chr18	11939748	11940156	+	409	13	8	8	20	21	13	29	25
Interval_367	chr18	11946967	11947360	+	394	12	13	25	15	39	36	40	20
Interval_368	chr18	11966363	11967573	+	1211	11	7	97	21	134	181	153	21
Interval_369	chr18	11995617	11996603	+	987	5	3	33	4	60	59	62	16
Interval_370	chr18	12018023	12018340	+	318	19	24	5	23	4	5	10	30
Interval_371	chr18	12022336	12022573	+	238	6	6	4	7	8	15	14	22
Interval_372	chr18	12023338	12024355	+	1018	100	139	14	257	12	14	26	433
Interval_373	chr18	12043139	12043702	+	564	10	5	11	14	11	13	13	30
Interval_374	chr18	12091128	12091522	+	395	9	6	9	6	12	23	19	9
Interval_375	chr18	12092250	12092488	+	239	0	4	10	2	12	23	19	9
Interval_376	chr18	12102081	12102522	+	442	11	4	22	13	31	32	36	27
Interval_377	chr18	12110033	12110255	+	223	4	4	5	5	3	15	8	11
Interval_378	chr18	12120948	12122052	+	1105	160	166	100	234	144	185	186	463
Interval_379	chr18	12128308	12129180	+	873	266	323	127	527	208	221	219	932
Interval_380	chr18	12135503	12135896	+	394	2	4	11	10	24	18	15	14
Interval_381	chr18	12166819	12167587	+	769	333	411	22	661	45	33	59	1070
Interval_382	chr18	12168035	12169434	+	1400	434	567	204	869	274	323	314	1620
Interval_383	chr18	12182305	12182582	+	278	6	7	4	11	6	5	3	26
Interval_384	chr18	12184992	12185480	+	489	11	3	29	9	14	22	17	22
Interval_385	chr18	12187498	12187741	+	244	5	8	7	14	14	25	21	19
Interval_386	chr18	12221017	12221317	+	301	9	11	9	25	8	5	14	22
Interval_387	chr18	12224177	12224536	+	360	10	13	6	19	10	11	8	20
Interval_388	chr18	12235803	12237187	+	1385	427	505	308	884	418	456	434	1359
Interval_389	chr18	12255658	12256812	+	1155	154	189	42	232	59	44	65	582
Interval_390	chr18	12258236	12258796	+	561	66	81	7	106	12	7	13	229
Interval_391	chr18	12269939	12270170	+	232	4	5	13	8	17	18	12	11
Interval_392	chr18	12305355	12306198	+	844	17	13	55	32	104	99	110	40
Interval_393	chr18	12333726	12334499	+	774	11	15	44	28	60	73	73	24
Interval_394	chr18	12368834	12369122	+	289	1	2	7	3	13	10	19	5
Interval_395	chr18	12423335	12424513	+	1179	33	42	9	51	18	22	18	139
Interval_396	chr18	12435507	12435817	+	311	3	1	21	7	21	35	23	5
Interval_397	chr18	12440207	12440754	+	548	9	17	43	21	46	71	61	40
Interval_398	chr18	12447951	12448437	+	487	10	9	3	25	12	5	5	11
Interval_399	chr18	12472573	12472949	+	377	2	4	5	4	13	9	6	6
Interval_400	chr18	12503955	12504691	+	737	3	2	38	4	64	85	71	8
Interval_401	chr18	12517537	12517822	+	286	1	0	15	5	32	26	26	5
Interval_402	chr18	12635451	12635756	+	306	11	18	7	17	13	5	9	11
Interval_403	chr18	12637003	12637332	+	330	11	10	9	29	6	7	6	10
Interval_404	chr18	12643186	12644479	+	1294	42	76	150	110	234	279	278	105
Interval_405	chr18	12647832	12648402	+	571	30	62	15	95	18	14	15	96
Interval_406	chr18	12689604	12689940	+	337	2	0	18	3	18	29	27	11
Interval_407	chr18	12722135	12722735	+	601	12	17	8	38	15	7	10	23
Interval_408	chr18	12725356	12726175	+	820	12	15	33	20	45	27	43	17
Interval_409	chr18	12731537	12731848	+	312	7	9	5	16	4	4	6	20
Interval_410	chr18	12740675	12741882	+	1208	118	130	144	185	241	292	265	456
Interval_411	chr18	12773067	12774205	+	1139	47	52	15	74	15	23	29	168
Interval_412	chr18	12782425	12782807	+	383	3	2	12	11	4	11	8	18
Interval_413	chr18	12785107	12785955	+	849	7	6	52	14	64	79	57	16
Interval_414	chr18	12790809	12791091	+	283	4	5	7	7	9	6	18	12
Interval_415	chr18	12792928	12793277	+	350	4	4	17	8	16	24	34	7
Interval_416	chr18	12802794	12803348	+	555	10	34	19	39	26	23	21	36
Interval_417	chr18	12807030	12807311	+	282	14	8	6	45	5	10	11	91
Interval_418	chr18	12809788	12811436	+	1649	113	114	29	200	54	40	60	334
Interval_419	chr18	12814849	12815124	+	276	8	2	21	11	11	15	29	5
Interval_420	chr18	12832067	12832477	+	411	10	26	4	38	4	5	5	59
Interval_421	chr18	12833724	12834646	+	923	4	4	16	4	34	27	36	11
Interval_422	chr18	12861759	12863551	+	1793	64	129	175	186	325	357	350	189
Interval_423	chr18	12868589	12869580	+	992	18	20	8	44	17	11	32	45
Interval_424	chr18	12912931	12913377	+	447	14	28	9	58	2	3	5	37
Interval_425	chr18	12925736	12926067	+	332	6	12	23	9	37	48	44	17
Interval_426	chr18	12931364	12931776	+	413	57	53	4	67	17	14	17	110
Interval_427	chr18	12935648	12936607	+	960	119	110	15	145	17	11	22	300
Interval_428	chr18	12941132	12942322	+	1191	224	276	134	384	188	218	192	748
Interval_429	chr18	12972943	12974593	+	1651	963	1001	475	1965	903	965	1020	3516
Interval_430	chr18	12998167	12998716	+	550	9	11	5	12	8	5	5	39
Interval_431	chr18	13004579	13005119	+	541	7	6	8	14	13	34	23	18
Interval_432	chr18	13027274	13028087	+	814	13	14	40	17	38	44	30	26
Interval_433	chr18	13062433	13062767	+	335	2	1	15	2	10	15	37	5
Interval_434	chr18	13064680	13065479	+	800	5	4	37	13	41	50	36	16
Interval_435	chr18	13076178	13076494	+	317	4	5	5	16	13	10	17	10
Interval_436	chr18	13077054	13077575	+	522	1	3	13	4	25	21	31	17
Interval_437	chr18	13081784	13082502	+	719	2	4	36	9	44	43	41	10
Interval_438	chr18	13094568	13095460	+	893	5	6	16	6	27	27	46	6
Interval_439	chr18	13109718	13110062	+	345	1	1	5	3	16	11	24	4
Interval_440	chr18	13114381	13115014	+	634	1	1	21	6	20	30	14	7
Interval_441	chr18	13138995	13139485	+	491	4	2	14	5	25	37	27	7
Interval_442	chr18	13196501	13196817	+	317	12	15	4	17	6	8	3	29
Interval_443	chr18	13221828	13222637	+	810	1	2	71	7	129	146	109	4
Interval_444	chr18	13287480	13288045	+	566	2	2	3	0	22	26	16	2
Interval_445	chr18	13305422	13305796	+	375	3	5	10	6	14	30	18	9
Interval_446	chr18	13328401	13328756	+	356	1	1	9	5	12	14	28	3
Interval_447	chr18	13388651	13389004	+	354	3	2	11	5	11	23	11	5
Interval_448	chr18	13434456	13434754	+	299	1	1	8	1	13	12	9	4
Interval_449	chr18	13447816	13448435	+	620	2	1	6	1	28	31	29	7
Interval_450	chr18	13499239	13499622	+	384	0	3	15	3	15	18	12	3
Interval_451	chr18	13535559	13535943	+	385	6	1	12	5	14	21	15	7
Interval_452	chr18	13560141	13561493	+	1353	2	3	81	7	127	164	138	15
Interval_453	chr18	13592040	13592263	+	224	1	2	7	1	5	12	10	2
Interval_454	chr18	13599436	13600016	+	581	1	6	23	1	18	35	35	6
Interval_455	chr18	13609015	13609292	+	278	3	2	5	4	5	14	7	2
Interval_456	chr18	13671553	13671841	+	289	4	7	7	12	12	20	21	9
Interval_457	chr18	13676850	13677127	+	278	2	10	6	3	4	12	13	7
Interval_458	chr18	13705068	13705590	+	523	8	4	12	6	22	33	11	16
Interval_459	chr18	13712454	13712655	+	202	2	1	8	1	4	3	7	8
Interval_460	chr18	13758615	13758915	+	301	0	1	8	7	10	9	6	8
Interval_461	chr18	13763280	13763590	+	311	2	2	7	3	14	15	16	4
Interval_462	chr18	13786812	13788070	+	1259	21	11	60	27	85	111	86	43
Interval_463	chr18	13788701	13788985	+	285	10	6	8	13	8	7	5	31
Interval_464	chr18	13843303	13843716	+	414	12	7	5	12	1	9	4	37
Interval_465	chr18	13857564	13858174	+	611	2	4	28	5	62	54	60	10
Interval_466	chr18	13886753	13887367	+	615	8	7	37	11	65	72	75	10
Interval_467	chr18	13895234	13895642	+	409	3	2	19	6	29	25	33	5
Interval_468	chr18	13897238	13897462	+	225	1	2	3	3	7	18	10	6
Interval_469	chr18	13911564	13911848	+	285	8	7	12	14	17	15	16	25
Interval_470	chr18	13927827	13928167	+	341	1	1	14	9	17	19	32	7
Interval_471	chr18	13962607	13962999	+	393	3	3	8	3	9	20	8	4
Interval_472	chr18	13969973	13970696	+	724	10	17	99	32	121	157	115	31
Interval_473	chr18	13971189	13971608	+	420	4	6	60	14	80	84	70	27
Interval_474	chr18	13972305	13972986	+	682	32	28	160	73	259	299	271	134
Interval_475	chr18	14063042	14063969	+	928	1	5	48	7	60	80	77	11
Interval_476	chr18	14069263	14069607	+	345	2	3	12	0	17	31	15	2
Interval_477	chr18	14203072	14203326	+	255	2	4	14	2	10	7	6	5
Interval_478	chr18	14209522	14209981	+	460	2	2	11	1	12	13	23	1
Interval_479	chr18	14230522	14230779	+	258	1	8	7	8	10	13	15	9
Interval_480	chr18	14232186	14232559	+	374	3	4	4	5	19	24	17	7
Interval_481	chr18	14312809	14313089	+	281	0	1	14	1	19	19	18	6
Interval_482	chr18	14320266	14320519	+	254	1	3	5	1	7	19	16	3
Interval_483	chr18	14331195	14332106	+	912	6	6	40	16	49	56	64	15
Interval_484	chr18	14459136	14460113	+	978	7	8	25	12	43	39	56	22
Interval_485	chr18	14502705	14503404	+	700	5	4	21	16	38	63	48	7
Interval_486	chr18	14607735	14607947	+	213	1	0	11	3	6	6	8	5
Interval_487	chr18	14615697	14616385	+	689	1	5	15	6	69	59	65	8
Interval_488	chr18	14656878	14657627	+	750	13	11	19	30	22	22	25	39
Interval_489	chr18	14675361	14676074	+	714	16	11	12	21	14	27	26	55
Interval_490	chr18	14681923	14683727	+	1805	304	389	247	575	402	509	461	1095
Interval_491	chr18	14708154	14708448	+	295	2	2	6	2	15	13	26	6
Interval_492	chr18	14782604	14784002	+	1399	351	335	215	478	429	490	469	1163
Interval_493	chr18	14823373	14823784	+	412	14	6	2	9	4	10	8	19
Interval_494	chr18	14830742	14831610	+	869	37	43	8	51	14	6	14	126
Interval_495	chr18	14844280	14845262	+	983	6	6	17	6	46	48	33	8
Interval_496	chr18	14861503	14862319	+	817	5	2	21	7	36	24	38	10
Interval_497	chr18	14862962	14863216	+	255	0	4	3	3	14	9	6	6
Interval_498	chr18	14885391	14885663	+	273	3	3	7	4	13	10	9	10
Interval_499	chr18	14890261	14890754	+	494	8	2	14	12	21	24	16	11
Interval_500	chr18	14893014	14893294	+	281	2	3	7	5	16	14	17	1
Interval_501	chr18	14914424	14914826	+	403	20	19	7	24	12	9	20	63
Interval_502	chr18	14915724	14916547	+	824	7	8	35	11	50	70	73	16
Interval_503	chr18	14941376	14941781	+	406	5	7	7	6	5	12	22	7
Interval_504	chr18	14944366	14944800	+	435	5	9	10	14	24	27	22	13
Interval_505	chr18	14951608	14952281	+	674	3	6	12	4	31	30	35	12
Interval_506	chr18	14967842	14968164	+	323	2	7	4	9	8	12	10	27
Interval_507	chr18	14988780	14990826	+	2047	13	12	166	24	352	326	347	30
Interval_508	chr18	14997825	14998156	+	332	6	4	17	6	30	26	29	4
Interval_509	chr18	15021436	15022161	+	726	8	6	24	12	43	53	43	19
Interval_510	chr18	15037512	15037911	+	400	3	5	14	4	30	23	24	14
Interval_511	chr18	15052123	15054090	+	1968	12	13	138	25	226	225	212	43
Interval_512	chr18	15062515	15064551	+	2037	51	50	259	64	380	503	407	127
Interval_513	chr18	15064773	15065028	+	256	2	5	25	12	43	51	34	8
Interval_514	chr18	15071444	15072031	+	588	4	1	20	6	45	41	28	4
Interval_515	chr18	15134519	15134927	+	409	8	4	44	5	56	63	77	19
Interval_516	chr18	15136366	15136628	+	263	7	3	12	7	30	35	44	13
Interval_517	chr18	15139996	15140710	+	715	12	10	36	15	73	72	55	28
Interval_518	chr18	15149663	15151450	+	1788	32	39	161	49	279	345	276	102
Interval_519	chr18	15174415	15175034	+	620	5	5	24	8	42	43	43	9
Interval_520	chr18	15175954	15176629	+	676	2	2	17	2	37	37	44	8
Interval_521	chr18	15235719	15236177	+	459	7	5	25	2	29	32	15	10
Interval_522	chr18	15247539	15248239	+	701	2	13	23	7	56	55	71	9
Interval_523	chr18	15248697	15248938	+	242	3	3	6	9	18	8	6	9
Interval_524	chr18	15276350	15277057	+	708	36	31	3	63	13	6	7	139
Interval_525	chr18	15281310	15282213	+	904	9	12	29	11	70	70	78	20
Interval_526	chr18	15291295	15292386	+	1092	29	35	6	35	16	4	10	92
Interval_527	chr18	15312512	15313316	+	805	6	7	21	8	36	32	40	25
Interval_528	chr18	15313822	15314222	+	401	5	6	14	7	26	16	13	22
Interval_529	chr18	15345121	15346663	+	1543	472	652	80	1133	87	136	153	1629
Interval_530	chr18	15351834	15352090	+	257	3	2	14	5	21	29	21	17
Interval_531	chr18	15401229	15401630	+	402	4	7	10	8	30	36	19	13
Interval_532	chr18	15406762	15407319	+	558	7	3	7	6	24	22	33	12
Interval_533	chr18	15412640	15413065	+	426	4	1	11	2	22	14	13	8
Interval_534	chr18	15526177	15526410	+	234	4	4	9	3	9	12	10	6
Interval_535	chr18	15571243	15571472	+	230	2	0	7	1	11	16	9	3
Interval_536	chr18	15604501	15605021	+	521	4	1	17	3	42	56	50	4
Interval_537	chr18	15644953	15645603	+	651	3	2	15	1	39	46	38	9
Interval_538	chr18	15665152	15665426	+	275	3	1	8	5	6	10	10	13
Interval_539	chr18	15680482	15681153	+	672	1	1	14	2	27	28	15	6
Interval_540	chr18	15751424	15751828	+	405	1	1	17	5	24	37	33	7
Interval_541	chr18	15753271	15753984	+	714	6	3	23	7	40	49	32	10
Interval_542	chr18	15759363	15760594	+	1232	13	11	65	20	133	116	116	37
Interval_543	chr18	15762455	15762722	+	268	2	3	3	13	6	9	9	7
Interval_544	chr18	15774089	15774359	+	271	3	1	6	0	21	20	20	3
Interval_545	chr18	15951084	15952800	+	1717	6	8	43	7	60	85	58	10
Interval_546	chr18	15992924	15993167	+	244	1	1	5	2	16	9	8	3
Interval_547	chr18	16037884	16038673	+	790	6	6	32	5	90	85	75	13
Interval_548	chr18	16216813	16217075	+	263	1	0	8	3	19	16	10	5
Interval_549	chr18	16418929	16419258	+	330	0	2	5	3	11	24	13	4
Interval_550	chr18	16435939	16436399	+	461	2	3	16	4	29	21	35	6
Interval_551	chr18	16437591	16437928	+	338	6	1	6	2	18	36	27	2
Interval_552	chr18	16468693	16469024	+	332	3	1	7	1	16	30	12	3
Interval_553	chr18	16547566	16548088	+	523	1	4	28	3	42	62	47	6
Interval_554	chr18	16622295	16623218	+	924	3	4	43	8	83	108	90	8
Interval_555	chr18	16650255	16650609	+	355	2	8	11	4	23	24	15	7
Interval_556	chr18	16660678	16660972	+	295	2	7	4	4	14	11	11	6
Interval_557	chr18	16681959	16682397	+	439	6	2	10	4	22	15	15	9
Interval_558	chr18	16683091	16683477	+	387	0	1	8	1	26	14	12	5
Interval_559	chr18	16689503	16689898	+	396	2	4	8	7	14	15	25	6
Interval_560	chr18	16701402	16701934	+	533	19	15	8	33	21	20	24	29
Interval_561	chr18	16735808	16736073	+	266	10	7	4	21	5	5	11	18
Interval_562	chr18	16739329	16739827	+	499	7	14	16	31	26	16	18	21
Interval_563	chr18	16740580	16741394	+	815	6	4	60	9	124	159	122	27
Interval_564	chr18	16745714	16746438	+	725	4	27	6	29	18	16	21	27
Interval_565	chr18	16750404	16750892	+	489	5	4	11	3	10	30	28	15
Interval_566	chr18	16791257	16791592	+	336	6	11	2	16	6	13	11	20
Interval_567	chr18	16797263	16798035	+	773	30	39	13	77	20	20	22	80
Interval_568	chr18	16806806	16807496	+	691	25	29	105	42	161	209	184	47
Interval_569	chr18	16807828	16809842	+	2015	85	110	310	178	483	738	558	250
Interval_570	chr18	16822086	16822574	+	489	4	5	18	8	12	39	34	13
Interval_571	chr18	17199536	17199984	+	449	3	1	19	5	26	35	35	9
Interval_572	chr18	17383381	17383669	+	289	0	1	6	1	8	13	11	8
Interval_573	chr18	17390784	17391365	+	582	6	2	17	1	28	38	22	5
Interval_574	chr18	17399711	17400664	+	954	6	4	26	6	54	78	53	14
Interval_575	chr18	17508145	17508608	+	464	8	2	7	19	8	9	13	13
Interval_576	chr18	17966237	17966431	+	195	2	1	9	1	8	6	7	5
Interval_577	chr18	17986182	17986677	+	496	2	2	13	1	28	28	29	7
Interval_578	chr18	18042252	18042647	+	396	4	7	9	5	11	9	12	25
Interval_579	chr18	18083155	18083449	+	295	6	1	10	9	17	17	10	8
Interval_580	chr18	18117487	18118125	+	639	2	2	9	2	22	7	7	8
Interval_581	chr18	18759382	18759889	+	508	2	1	19	2	42	59	43	3
Interval_582	chr18	18800849	18801275	+	427	18	21	3	27	13	10	11	41
Interval_583	chr18	18873700	18874242	+	543	48	25	9	54	6	8	14	113
Interval_584	chr18	18914005	18914305	+	301	18	17	3	37	8	5	3	40
Interval_585	chr18	19484295	19484544	+	250	3	4	8	5	17	2	6	4
Interval_586	chr18	19939516	19939745	+	230	3	2	3	0	9	14	9	6
Interval_587	chr18	20001791	20002404	+	614	9	3	33	7	53	57	48	12
Interval_588	chr18	20049244	20049473	+	230	1	2	3	5	9	2	3	1
Interval_589	chr18	20052418	20053062	+	645	21	8	5	22	13	19	12	75
Interval_590	chr18	20058842	20059943	+	1102	59	85	67	131	105	132	139	143
Interval_591	chr18	20149214	20149509	+	296	4	2	7	2	12	20	14	7
Interval_592	chr18	20155194	20155568	+	375	8	13	4	22	3	7	3	19
Interval_593	chr18	20188107	20189016	+	910	14	11	40	20	69	81	62	33
Interval_594	chr18	20190745	20191387	+	643	9	5	22	3	49	53	65	17
Interval_595	chr18	20199735	20200137	+	403	10	7	6	10	5	9	7	28
Interval_596	chr18	20214889	20215809	+	921	149	74	24	110	56	58	53	403
Interval_597	chr18	20223301	20223598	+	298	8	2	7	7	8	11	16	6
Interval_598	chr18	20552824	20553321	+	498	20	11	11	25	40	33	33	30
Interval_599	chr18	20557785	20558665	+	881	43	53	45	102	115	113	136	102
Interval_600	chr18	20566474	20567111	+	638	15	13	17	16	32	39	29	24
Interval_601	chr18	20576102	20576595	+	494	8	10	12	23	6	6	12	15
Interval_602	chr18	20594680	20594940	+	261	2	4	3	6	15	10	11	5
Interval_603	chr18	20609393	20610334	+	942	25	44	27	79	72	67	72	86
Interval_604	chr18	20610901	20611597	+	697	19	33	19	55	42	25	58	69
Interval_605	chr18	20616909	20617419	+	511	10	16	27	18	32	30	40	37
Interval_606	chr18	20621989	20622553	+	565	14	19	20	51	35	41	47	76
Interval_607	chr18	20625363	20625655	+	293	12	15	15	22	19	22	28	55
Interval_608	chr18	20640155	20641912	+	1758	55	80	151	131	154	244	189	152
Interval_609	chr18	20642824	20643472	+	649	30	36	26	44	94	66	78	46
Interval_610	chr18	20652979	20653484	+	506	15	19	14	27	24	23	25	26
Interval_611	chr18	20656362	20656608	+	247	4	6	14	2	27	29	23	3
Interval_612	chr18	20665060	20665686	+	627	34	66	10	83	14	9	17	103
Interval_613	chr18	20674422	20674970	+	549	14	23	4	44	13	10	15	29
Interval_614	chr18	20696931	20697294	+	364	5	6	6	23	5	5	11	23
Interval_615	chr18	20739844	20740331	+	488	15	14	10	25	17	13	15	61
Interval_616	chr18	20745530	20746807	+	1278	41	47	166	73	278	324	277	96
Interval_617	chr18	20773199	20773831	+	633	7	10	16	12	42	36	30	21
Interval_618	chr18	20808930	20809490	+	561	34	47	10	76	14	17	17	148
Interval_619	chr18	20815410	20815728	+	319	13	9	16	4	24	23	18	29
Interval_620	chr18	20832667	20833062	+	396	3	7	9	8	19	10	16	10
Interval_621	chr18	20857287	20857570	+	284	5	7	12	15	10	8	10	5
Interval_622	chr18	20895245	20896215	+	971	80	80	63	128	91	102	131	220
Interval_623	chr18	20920685	20921127	+	443	12	27	6	47	4	2	9	40
Interval_624	chr18	20931191	20931870	+	680	19	44	5	57	10	9	18	52
Interval_625	chr18	20936390	20937024	+	635	32	47	24	88	47	34	45	72
Interval_626	chr18	20938412	20938943	+	532	18	28	5	36	7	14	15	74
Interval_627	chr18	20942766	20943315	+	550	24	39	10	62	19	15	12	72
Interval_628	chr18	20944479	20945220	+	742	19	34	16	51	18	11	27	76
Interval_629	chr18	20956945	20957240	+	296	6	6	12	7	37	33	36	13
Interval_630	chr18	20961121	20962607	+	1487	67	96	85	143	139	194	147	202
Interval_631	chr18	20976633	20977038	+	406	17	12	17	16	26	43	30	27
Interval_632	chr18	21001010	21002503	+	1494	593	663	457	1120	884	942	881	2139
Interval_633	chr18	21021978	21022400	+	423	3	3	11	8	11	25	13	20
Interval_634	chr18	21047378	21047964	+	587	4	3	15	5	54	39	70	3
Interval_635	chr18	21121580	21122497	+	918	19	14	33	24	75	55	62	56
Interval_636	chr18	21132672	21133161	+	490	16	12	34	14	43	60	48	39
Interval_637	chr18	21135171	21135698	+	528	4	5	33	9	60	78	60	15
Interval_638	chr18	21143898	21144604	+	707	39	48	20	64	26	34	40	135
Interval_639	chr18	21151908	21152897	+	990	298	331	29	544	45	33	48	935
Interval_640	chr18	21159778	21160660	+	883	26	48	20	73	23	26	23	115
Interval_641	chr18	21162379	21162767	+	389	5	5	16	11	27	8	14	5
Interval_642	chr18	21177435	21178036	+	602	4	3	26	12	51	53	52	15
Interval_643	chr18	21184600	21186526	+	1927	26	13	68	24	155	154	176	41
Interval_644	chr18	21195832	21196140	+	309	5	4	17	11	26	42	29	12
Interval_645	chr18	21197681	21198089	+	409	3	6	14	5	32	40	52	13
Interval_646	chr18	21198440	21199048	+	609	11	9	35	14	64	64	69	29
Interval_647	chr18	21200002	21200503	+	502	3	6	9	15	18	12	11	35
Interval_648	chr18	21205115	21205352	+	238	5	2	2	2	10	8	16	11
Interval_649	chr18	21205570	21206089	+	520	8	7	10	12	16	23	28	8
Interval_650	chr18	21211308	21211608	+	301	1	2	8	1	23	12	15	7
Interval_651	chr18	21213621	21214447	+	827	36	26	23	43	29	17	33	118
Interval_652	chr18	21238675	21239236	+	562	100	93	7	146	16	13	29	213
Interval_653	chr18	21246930	21247365	+	436	7	6	10	16	20	14	23	42
Interval_654	chr18	21247782	21248562	+	781	13	12	20	17	67	62	77	34
Interval_655	chr18	21257125	21257360	+	236	1	3	6	1	21	14	16	4
Interval_656	chr18	21270685	21271175	+	491	14	11	9	13	24	13	13	22
Interval_657	chr18	21274572	21275447	+	876	38	35	6	41	24	16	23	136
Interval_658	chr18	21283394	21284344	+	951	217	284	24	428	19	22	52	711
Interval_659	chr18	21289541	21290464	+	924	45	56	10	73	23	17	30	181
Interval_660	chr18	21291055	21292211	+	1157	21	16	18	23	69	55	67	38
Interval_661	chr18	21299485	21300943	+	1459	1028	1198	670	2063	1303	1452	1315	3622
Interval_662	chr18	21306177	21306409	+	233	14	8	5	13	6	8	10	15
Interval_663	chr18	21309749	21310143	+	395	12	8	9	13	4	8	10	39
Interval_664	chr18	21373336	21373841	+	506	22	34	26	51	38	74	56	48
Interval_665	chr18	21374955	21376056	+	1102	35	50	104	101	179	206	193	78
Interval_666	chr18	21437975	21438349	+	375	2	0	19	2	50	45	39	3
Interval_667	chr18	21451676	21452457	+	782	3	1	25	4	54	42	82	6
Interval_668	chr18	21459809	21460056	+	248	0	1	4	1	13	3	3	4
Interval_669	chr18	21467279	21467593	+	315	5	4	11	2	19	20	25	8
Interval_670	chr18	21518754	21519239	+	486	5	3	19	3	22	20	28	4
Interval_671	chr18	21575783	21575969	+	187	1	1	11	1	11	12	7	3
Interval_672	chr18	21605437	21605791	+	355	5	5	8	4	26	19	22	8
Interval_673	chr18	21625271	21625952	+	682	6	4	17	6	45	26	39	13
Interval_674	chr18	21636180	21636493	+	314	1	2	6	4	19	18	21	9
Interval_675	chr18	21642735	21643025	+	291	2	2	14	1	10	19	7	2
Interval_676	chr18	21651205	21654122	+	2918	29	30	235	35	304	343	371	67
Interval_677	chr18	21654436	21655020	+	585	2	2	37	5	80	92	67	15
Interval_678	chr18	21673265	21673516	+	252	0	2	5	2	17	15	18	4
Interval_679	chr18	21675238	21676562	+	1325	6	13	68	16	166	174	168	23
Interval_680	chr18	21698602	21699316	+	715	4	5	17	7	27	39	27	11
Interval_681	chr18	21728490	21729354	+	865	2	2	31	4	52	46	34	7
Interval_682	chr18	21735152	21736289	+	1138	7	5	63	17	97	136	112	17
Interval_683	chr18	21760990	21761428	+	439	0	3	29	7	27	44	34	3
Interval_684	chr18	21761640	21761920	+	281	1	4	15	5	11	7	7	4
Interval_685	chr18	21774931	21775278	+	348	2	0	8	2	8	21	8	7
Interval_686	chr18	21836974	21837364	+	391	4	6	6	3	12	14	19	10
Interval_687	chr18	21844537	21845928	+	1392	4	3	61	8	185	142	189	10
Interval_688	chr18	21869833	21870217	+	385	2	1	7	6	19	21	15	4
Interval_689	chr18	21872007	21872740	+	734	1	7	16	4	43	28	41	9
Interval_690	chr18	21940104	21941169	+	1066	3	3	47	7	90	126	104	8
Interval_691	chr18	21952904	21953362	+	459	1	3	31	5	59	52	62	9
Interval_692	chr18	22020325	22020706	+	382	3	1	15	3	33	40	26	7
Interval_693	chr18	22030536	22031560	+	1025	9	5	38	6	52	57	42	24
Interval_694	chr18	22045618	22046437	+	820	4	0	35	6	46	53	52	5
Interval_695	chr18	22106116	22106535	+	420	3	1	10	1	25	42	34	5
Interval_696	chr18	22174060	22174353	+	294	0	1	4	3	4	2	21	4
Interval_697	chr18	22186448	22186780	+	333	2	1	7	4	9	20	13	10
Interval_698	chr18	22192828	22194063	+	1236	7	5	31	6	64	63	54	11
Interval_699	chr18	22241805	22242083	+	279	2	4	14	3	19	28	14	8
Interval_700	chr18	22284757	22285220	+	464	1	1	2	6	11	17	26	7
Interval_701	chr18	22290452	22290985	+	534	3	2	13	4	17	37	18	6
Interval_702	chr18	22319476	22319846	+	371	6	3	5	5	12	11	25	5
Interval_703	chr18	22343293	22345136	+	1844	25	45	306	57	429	602	469	101
Interval_704	chr18	22350264	22350867	+	604	5	3	10	5	19	47	24	4
Interval_705	chr18	22362734	22363038	+	305	1	5	8	9	8	11	22	6
Interval_706	chr18	22370169	22370391	+	223	2	2	5	3	7	12	6	1
Interval_707	chr18	22393700	22394158	+	459	1	5	16	4	32	30	19	7
Interval_708	chr18	22417634	22418132	+	499	1	3	18	5	35	39	33	5
Interval_709	chr18	22418912	22419577	+	666	2	2	58	3	73	147	87	4
Interval_710	chr18	22433828	22434357	+	530	2	2	5	5	15	30	13	9
Interval_711	chr18	22530167	22530418	+	252	0	2	1	1	2	3	6	3
Interval_712	chr18	22597927	22598193	+	267	0	0	4	3	13	5	11	7
Interval_713	chr18	22649454	22650030	+	577	4	1	10	6	48	26	33	11
Interval_714	chr18	22687331	22687729	+	399	2	3	11	5	21	18	18	3
Interval_715	chr18	22697033	22697405	+	373	1	3	7	2	12	16	13	2
Interval_716	chr18	22753912	22754386	+	475	3	1	13	1	12	26	18	3
Interval_717	chr18	22762854	22763177	+	324	4	3	6	7	20	16	28	6
Interval_718	chr18	22763807	22764911	+	1105	4	5	35	4	43	54	54	10
Interval_719	chr18	22935853	22936666	+	814	5	8	14	5	29	40	24	15
Interval_720	chr18	22985032	22985811	+	780	28	13	169	27	312	430	373	64
Interval_721	chr18	23039406	23039798	+	393	7	8	28	4	54	68	53	17
Interval_722	chr18	23041103	23042123	+	1021	12	9	185	17	325	396	310	30
Interval_723	chr18	23309709	23311113	+	1405	11	13	80	28	103	166	135	32
Interval_724	chr18	23323534	23324096	+	563	3	2	17	2	31	37	30	3
Interval_725	chr18	23324830	23325225	+	396	1	0	12	5	16	29	12	5
Interval_726	chr18	23415012	23415637	+	626	4	3	36	7	91	82	90	9
Interval_727	chr18	23432897	23433166	+	270	2	0	4	8	11	12	18	4
Interval_728	chr18	23445875	23446210	+	336	1	0	6	5	17	20	28	5
Interval_729	chr18	23447789	23448196	+	408	6	0	8	2	24	10	11	2
Interval_730	chr18	23491534	23491898	+	365	3	0	15	5	23	35	29	4
Interval_731	chr18	23497358	23498567	+	1210	7	11	60	9	162	148	145	20
Interval_732	chr18	23516612	23517301	+	690	7	2	16	2	24	34	43	8
Interval_733	chr18	23549836	23550734	+	899	2	2	23	6	45	56	53	7
Interval_734	chr18	23566129	23566769	+	641	10	1	24	10	45	36	34	14
Interval_735	chr18	23577435	23577881	+	447	4	4	9	2	13	7	26	9
Interval_736	chr18	23617635	23618160	+	526	3	2	11	5	27	22	35	8
Interval_737	chr18	23630372	23630631	+	260	1	2	7	3	8	10	17	3
Interval_738	chr18	23653084	23653514	+	431	3	4	18	5	21	45	33	7
Interval_739	chr18	23680905	23681414	+	510	15	8	6	34	7	12	12	63
Interval_740	chr18	23695957	23696218	+	262	2	1	3	1	15	8	5	5
Interval_741	chr18	23709874	23711265	+	1392	61	75	13	116	14	16	21	267
Interval_742	chr18	23745375	23745636	+	262	5	9	7	17	8	17	8	19
Interval_743	chr18	23751676	23753203	+	1528	128	122	169	171	226	309	238	383
Interval_744	chr18	23760344	23760989	+	646	8	5	25	16	55	47	39	23
Interval_745	chr18	23767336	23767807	+	472	3	3	19	6	25	34	24	7
Interval_746	chr18	23773914	23774874	+	961	21	26	15	31	19	23	28	80
Interval_747	chr18	23803381	23804599	+	1219	407	424	328	560	533	661	582	1196
Interval_748	chr18	23810530	23811178	+	649	46	52	23	87	29	27	37	153
Interval_749	chr18	23815396	23815683	+	288	12	14	12	30	16	17	24	21
Interval_750	chr18	23820879	23821187	+	309	9	14	13	27	8	7	11	43
Interval_751	chr18	23823872	23824291	+	420	12	21	11	31	10	4	10	39
Interval_752	chr18	23835275	23835593	+	319	9	7	3	9	7	15	13	7
Interval_753	chr18	23861037	23861381	+	345	3	3	13	3	18	26	18	5
Interval_754	chr18	23868260	23868686	+	427	11	5	6	4	12	19	14	30
Interval_755	chr18	23869116	23869794	+	679	15	3	42	14	59	60	52	39
Interval_756	chr18	23874579	23875769	+	1191	44	39	32	64	60	77	60	138
Interval_757	chr18	23882019	23882392	+	374	13	10	6	25	11	8	13	41
Interval_758	chr18	23884435	23885093	+	659	19	18	13	53	17	13	25	47
Interval_759	chr18	23889896	23890444	+	549	4	5	12	6	39	26	31	14
Interval_760	chr18	23902934	23903335	+	402	1	5	7	10	12	21	14	10
Interval_761	chr18	23942239	23942939	+	701	10	10	40	26	51	58	53	33
Interval_762	chr18	23954110	23955284	+	1175	152	212	207	239	307	379	389	435
Interval_763	chr18	23986929	23987351	+	423	36	28	39	38	71	94	75	80
Interval_764	chr18	23989145	23990198	+	1054	47	74	62	93	108	119	100	143
Interval_765	chr18	23996855	23997163	+	309	3	14	10	11	6	7	11	17
Interval_766	chr18	23998453	23998856	+	404	6	9	11	7	7	8	13	28
Interval_767	chr18	24003660	24003930	+	271	4	2	9	6	17	17	20	4
Interval_768	chr18	24019965	24021346	+	1382	262	422	293	570	518	609	571	988
Interval_769	chr18	24039621	24040044	+	424	5	6	21	6	27	16	17	16
Interval_770	chr18	24042819	24043130	+	312	6	6	17	8	24	17	20	18
Interval_771	chr18	24052171	24052578	+	408	6	9	5	16	12	7	15	36
Interval_772	chr18	24095014	24095524	+	511	17	19	21	38	22	29	31	54
Interval_773	chr18	24101407	24102228	+	822	53	62	17	105	37	18	39	205
Interval_774	chr18	24102572	24102847	+	276	25	23	6	33	8	6	6	89
Interval_775	chr18	24103805	24104435	+	631	39	34	14	64	10	15	12	137
Interval_776	chr18	24112550	24112993	+	444	8	6	10	13	29	21	21	15
Interval_777	chr18	24120783	24122352	+	1570	437	489	221	745	347	465	388	1511
Interval_778	chr18	24140534	24140849	+	316	3	2	5	6	8	12	23	11
Interval_779	chr18	24158670	24159502	+	833	143	185	13	294	20	6	26	530
Interval_780	chr18	24163585	24164337	+	753	72	108	4	172	24	9	12	290
Interval_781	chr18	24166444	24166690	+	247	18	18	8	29	17	11	28	62
Interval_782	chr18	24175202	24176264	+	1063	20	28	11	58	13	6	21	124
Interval_783	chr18	24196312	24197806	+	1495	106	116	11	195	22	11	27	437
Interval_784	chr18	24202433	24202699	+	267	112	130	7	197	13	15	23	305
Interval_785	chr18	24205192	24206629	+	1438	362	531	252	831	434	505	466	1491
Interval_786	chr18	24217237	24217786	+	550	6	3	11	9	27	27	29	16
Interval_787	chr18	24246222	24246919	+	698	4	7	26	12	46	57	71	14
Interval_788	chr18	24248130	24248609	+	480	25	17	10	25	11	18	13	60
Interval_789	chr18	24258456	24259290	+	835	21	21	33	45	48	26	56	79
Interval_790	chr18	24290060	24290337	+	278	6	3	4	15	7	3	16	24
Interval_791	chr18	24305385	24305742	+	358	18	16	18	12	24	44	32	34
Interval_792	chr18	24309447	24309837	+	391	3	3	20	4	18	25	24	10
Interval_793	chr18	24396860	24397234	+	375	3	2	6	0	18	6	15	7
Interval_794	chr18	24429006	24429315	+	310	2	6	19	7	20	21	21	13
Interval_795	chr18	24434717	24435161	+	445	4	1	31	4	54	46	46	4
Interval_796	chr18	24443681	24444255	+	575	4	2	19	3	34	52	47	6
Interval_797	chr18	24449488	24450478	+	991	22	45	31	74	86	69	95	50
Interval_798	chr18	24466696	24467955	+	1260	33	50	83	69	141	144	121	86
Interval_799	chr18	24470607	24471086	+	480	33	24	42	32	64	73	53	71
Interval_800	chr18	24477187	24478067	+	881	38	42	8	59	17	24	19	113
Interval_801	chr18	24491079	24491264	+	186	2	1	9	0	6	4	8	1
Interval_802	chr18	24529505	24530775	+	1271	277	324	270	472	410	468	445	862
Interval_803	chr18	24558895	24559976	+	1082	12	11	38	15	28	50	36	22
Interval_804	chr18	24569506	24569730	+	225	2	0	4	0	5	12	4	5
Interval_805	chr18	24603110	24604295	+	1186	204	233	281	337	461	630	539	587
Interval_806	chr18	24630035	24630305	+	271	4	4	12	4	1	7	9	14
Interval_807	chr18	24641031	24641317	+	287	4	1	9	3	6	14	21	6
Interval_808	chr18	24652770	24654375	+	1606	98	173	85	254	132	137	147	251
Interval_809	chr18	24708604	24710244	+	1641	49	48	154	80	303	324	335	108
Interval_810	chr18	24714281	24715097	+	817	7	5	68	14	154	165	142	26
Interval_811	chr18	24719770	24720690	+	921	6	3	32	7	73	59	75	6
Interval_812	chr18	24740583	24740818	+	236	3	6	9	7	26	15	23	10
Interval_813	chr18	24744492	24745460	+	969	6	3	33	9	91	75	80	8
Interval_814	chr18	24750945	24752116	+	1172	5	3	42	4	75	70	83	7
Interval_815	chr18	24776797	24777419	+	623	3	1	22	5	18	37	26	13
Interval_816	chr18	24781010	24781345	+	336	2	11	8	3	13	11	12	13
Interval_817	chr18	24819153	24819403	+	251	0	0	7	1	12	5	16	1
Interval_818	chr18	24838011	24838568	+	558	1	5	12	9	24	22	28	6
Interval_819	chr18	24849853	24851032	+	1180	5	2	26	5	89	49	82	22
Interval_820	chr18	24872104	24872575	+	472	7	6	36	9	72	73	72	15
Interval_821	chr18	24874488	24874822	+	335	3	4	16	3	32	38	53	8
Interval_822	chr18	24884141	24884479	+	339	0	5	7	6	13	16	31	4
Interval_823	chr18	24913357	24913679	+	323	4	1	9	3	20	28	21	6
Interval_824	chr18	24926361	24926584	+	224	0	0	6	3	13	11	16	3
Interval_825	chr18	24964178	24964368	+	191	1	3	13	2	11	10	10	4
Interval_826	chr18	25025495	25026655	+	1161	5	9	54	11	69	86	54	9
Interval_827	chr18	25061453	25061993	+	541	9	5	19	7	17	30	23	29
Interval_828	chr18	25064532	25065039	+	508	10	2	20	8	19	38	27	14
Interval_829	chr18	25088577	25089343	+	767	19	13	13	34	15	19	18	68
Interval_830	chr18	25096576	25097757	+	1182	187	235	15	323	23	17	38	777
Interval_831	chr18	25098319	25098602	+	284	12	12	7	20	4	3	15	43
Interval_832	chr18	25099225	25099785	+	561	43	47	9	88	19	7	12	125
Interval_833	chr18	25113950	25114488	+	539	9	13	11	8	3	16	11	8
Interval_834	chr18	25121948	25122430	+	483	9	5	23	5	20	41	26	18
Interval_835	chr18	25168154	25169587	+	1434	416	476	400	652	723	885	847	1263
Interval_836	chr18	25241514	25242131	+	618	17	28	11	27	14	26	32	57
Interval_837	chr18	25246041	25246385	+	345	3	1	8	4	17	18	22	8
Interval_838	chr18	25296676	25297426	+	751	29	27	9	37	8	11	17	82
Interval_839	chr18	25346835	25347106	+	272	5	1	2	8	1	6	15	6
Interval_840	chr18	25367535	25368192	+	658	4	2	16	7	38	28	36	8
Interval_841	chr18	25408600	25409288	+	689	12	4	17	7	32	36	34	14
Interval_842	chr18	25486418	25487646	+	1229	47	48	164	57	214	274	265	131
Interval_843	chr18	25504574	25505547	+	974	14	25	73	24	124	161	135	55
Interval_844	chr18	25512684	25513048	+	365	6	5	11	5	11	32	16	12
Interval_845	chr18	25521867	25522743	+	877	10	13	101	21	89	155	108	32
Interval_846	chr18	25527804	25528250	+	447	8	5	24	10	45	60	47	9
Interval_847	chr18	25538145	25538967	+	823	7	14	55	10	80	83	63	21
Interval_848	chr18	25545743	25546665	+	923	9	7	52	13	83	92	109	29
Interval_849	chr18	25548621	25548861	+	241	1	1	11	4	21	37	31	4
Interval_850	chr18	25549988	25550523	+	536	8	7	47	6	93	91	93	12
Interval_851	chr18	25554813	25555059	+	247	3	8	19	9	39	42	31	19
Interval_852	chr18	25558216	25558587	+	372	3	7	38	10	59	53	52	12
Interval_853	chr18	25559032	25559412	+	381	16	16	16	27	40	43	40	43
Interval_854	chr18	25567792	25568350	+	559	8	2	33	7	38	40	40	12
Interval_855	chr18	25576802	25577253	+	452	7	4	23	5	25	37	34	5
Interval_856	chr18	25581628	25581944	+	317	3	3	18	5	41	37	36	5
Interval_857	chr18	25590267	25590887	+	621	9	7	36	8	48	46	56	9
Interval_858	chr18	25599604	25599855	+	252	4	2	20	5	9	11	16	5
Interval_859	chr18	25606737	25607060	+	324	0	0	12	5	29	20	22	8
Interval_860	chr18	25617568	25617810	+	243	2	1	9	4	17	8	10	4
Interval_861	chr18	25621263	25621988	+	726	10	7	34	3	36	50	34	13
Interval_862	chr18	25630182	25630856	+	675	6	3	34	9	84	113	131	8
Interval_863	chr18	25645317	25646593	+	1277	20	18	88	22	113	156	133	28
Interval_864	chr18	25652880	25653755	+	876	6	6	42	10	107	97	93	7
Interval_865	chr18	25667727	25668573	+	847	18	5	64	20	83	94	92	23
Interval_866	chr18	25678847	25680130	+	1284	12	7	53	18	70	89	67	23
Interval_867	chr18	25685044	25685360	+	317	1	2	15	2	30	26	19	8
Interval_868	chr18	25694014	25694554	+	541	4	5	23	7	26	49	33	9
Interval_869	chr18	25714668	25715876	+	1209	5	5	36	8	54	68	52	18
Interval_870	chr18	25752885	25753834	+	950	10	14	59	14	82	106	90	22
Interval_871	chr18	25754135	25755723	+	1589	17	17	116	25	163	214	187	29
Interval_872	chr18	25829181	25830008	+	828	5	4	37	9	71	90	78	4
Interval_873	chr18	25898598	25898858	+	261	1	1	6	0	12	5	7	3
Interval_874	chr18	25903462	25904156	+	695	6	3	21	6	34	37	47	7
Interval_875	chr18	25904653	25905258	+	606	3	7	16	10	40	30	52	9
Interval_876	chr18	25942691	25943577	+	887	1	4	13	2	48	48	57	6
Interval_877	chr18	26008181	26008425	+	245	1	2	11	2	14	17	13	3
Interval_878	chr18	26014991	26015545	+	555	3	6	25	6	34	43	29	19
Interval_879	chr18	26018435	26018815	+	381	3	3	10	1	21	14	24	3
Interval_880	chr18	26036177	26037220	+	1044	4	2	39	11	61	68	69	14
Interval_881	chr18	26061686	26062401	+	716	9	7	18	6	34	41	40	6
Interval_882	chr18	26368461	26369000	+	540	5	2	14	3	34	28	30	3
Interval_883	chr18	26496003	26496807	+	805	7	7	16	15	28	20	29	15
Interval_884	chr18	26711172	26712054	+	883	8	2	25	8	51	52	53	9
Interval_885	chr18	26819610	26820220	+	611	1	2	16	9	40	47	42	2
Interval_886	chr18	26822465	26822745	+	281	0	0	6	4	19	19	30	4
Interval_887	chr18	27666103	27666453	+	351	2	6	6	5	8	18	15	3
Interval_888	chr18	28039044	28039290	+	247	4	0	5	8	16	1	11	1
Interval_889	chr18	28061162	28061395	+	234	2	3	10	5	5	3	17	6
Interval_890	chr18	28077503	28078397	+	895	10	7	56	7	92	117	98	26
Interval_891	chr18	28417443	28417940	+	498	3	2	20	6	55	68	52	4
Interval_892	chr18	28544365	28544757	+	393	2	3	10	4	12	6	20	5
Interval_893	chr18	28663328	28663633	+	306	0	1	10	0	39	28	46	7
Interval_894	chr18	28665157	28665451	+	295	1	2	21	2	26	28	26	5
Interval_895	chr18	28666668	28666895	+	228	1	1	4	1	13	20	21	4
Interval_896	chr18	28724958	28725442	+	485	5	3	17	3	19	29	19	6
Interval_897	chr18	28734687	28735054	+	368	2	5	5	3	19	18	12	5
Interval_898	chr18	28794086	28794565	+	480	2	1	4	4	11	24	6	3
Interval_899	chr18	28795975	28796199	+	225	1	0	8	1	7	22	18	8
Interval_900	chr18	28978062	28978416	+	355	3	1	16	3	9	19	15	7
Interval_901	chr18	29055518	29056078	+	561	2	6	6	2	8	25	16	6
Interval_902	chr18	29134261	29135464	+	1204	5	5	25	8	38	52	36	10
Interval_903	chr18	29298394	29299058	+	665	6	3	20	1	27	29	29	9
Interval_904	chr18	29638592	29639225	+	634	5	4	20	11	46	50	55	12
Interval_905	chr18	29726327	29726632	+	306	1	1	2	3	13	7	9	5
Interval_906	chr18	30045811	30046546	+	736	9	10	44	11	60	82	83	20
Interval_907	chr18	30165555	30166478	+	924	2	6	15	7	35	35	37	11
Interval_908	chr18	30199052	30199375	+	324	3	1	11	4	15	21	17	7
Interval_909	chr18	30267045	30268572	+	1528	79	105	78	139	122	129	132	274
Interval_910	chr18	30272350	30273350	+	1001	80	90	82	114	162	198	182	261
Interval_911	chr18	30286463	30286886	+	424	15	16	3	16	9	9	14	36
Interval_912	chr18	30308725	30309125	+	401	6	6	15	3	30	29	22	10
Interval_913	chr18	30318385	30318661	+	277	4	5	13	7	18	4	10	11
Interval_914	chr18	30365352	30366133	+	782	13	9	40	10	81	103	69	16
Interval_915	chr18	30377875	30378847	+	973	5	3	57	12	126	167	132	10
Interval_916	chr18	30403685	30403974	+	290	1	1	12	0	28	18	18	0
Interval_917	chr18	30444102	30444337	+	236	1	5	11	2	13	6	14	8
Interval_918	chr18	30444442	30445074	+	633	7	12	5	15	24	8	18	36
Interval_919	chr18	30472370	30474297	+	1928	9	6	95	5	142	183	161	12
Interval_920	chr18	30487192	30488034	+	843	2	3	30	5	46	42	37	5
Interval_921	chr18	30504174	30504957	+	784	6	2	38	6	52	63	56	11
Interval_922	chr18	30529565	30530884	+	1320	14	23	46	30	91	128	99	46
Interval_923	chr18	30584837	30585093	+	257	1	1	4	3	31	17	21	2
Interval_924	chr18	30632724	30632979	+	256	0	1	16	2	21	26	27	5
Interval_925	chr18	30736899	30737140	+	242	0	1	12	5	13	21	12	4
Interval_926	chr18	30762553	30762809	+	257	3	0	11	2	22	22	16	3
Interval_927	chr18	30766649	30766904	+	256	2	3	8	1	17	21	24	6
Interval_928	chr18	30769908	30770287	+	380	0	0	8	0	33	25	30	6
Interval_929	chr18	30776216	30776520	+	305	2	0	13	2	16	33	20	0
Interval_930	chr18	30854818	30855332	+	515	3	3	11	2	20	29	29	2
Interval_931	chr18	30948862	30949369	+	508	1	2	15	2	35	48	40	2
Interval_932	chr18	30958781	30959168	+	388	5	3	11	6	36	42	44	4
Interval_933	chr18	30964199	30964434	+	236	1	1	5	0	4	15	4	3
Interval_934	chr18	31076793	31077633	+	841	1	6	16	7	49	50	40	9
Interval_935	chr18	31085819	31086616	+	798	2	4	24	6	42	66	55	8
Interval_936	chr18	31188789	31189131	+	343	3	3	6	1	21	23	29	10
Interval_937	chr18	31207030	31207611	+	582	3	4	11	2	29	31	39	4
Interval_938	chr18	31217551	31218368	+	818	4	8	41	1	99	107	93	6
Interval_939	chr18	31238032	31238280	+	249	2	0	7	2	12	8	10	2
Interval_940	chr18	31304385	31304786	+	402	5	2	10	2	14	11	29	8
Interval_941	chr18	31316788	31317282	+	495	4	1	13	3	13	23	24	4
Interval_942	chr18	31330832	31331091	+	260	2	3	6	4	17	7	15	6
Interval_943	chr18	31441645	31441967	+	323	1	3	8	3	11	27	14	7
Interval_944	chr18	31447089	31447502	+	414	5	5	18	3	17	38	28	5
Interval_945	chr18	31536057	31536322	+	266	7	3	6	5	13	6	9	13
Interval_946	chr18	31609287	31610331	+	1045	169	225	156	336	277	326	279	636
Interval_947	chr18	31621891	31622458	+	568	23	24	10	30	10	10	10	33
Interval_948	chr18	31633867	31635337	+	1471	1151	1317	715	2187	1298	1500	1375	3690
Interval_949	chr18	31683008	31683452	+	445	8	15	4	23	13	7	5	27
Interval_950	chr18	31705044	31705366	+	323	7	16	7	20	6	5	9	18
Interval_951	chr18	31726731	31726918	+	188	3	1	7	6	9	0	4	6
Interval_952	chr18	31759133	31761003	+	1871	382	500	407	688	634	825	723	1149
Interval_953	chr18	31779017	31779444	+	428	4	3	4	10	7	6	7	28
Interval_954	chr18	31788583	31789867	+	1285	208	253	170	318	243	348	309	646
Interval_955	chr18	31803405	31804660	+	1256	214	229	191	281	265	359	323	572
Interval_956	chr18	31850729	31851209	+	481	10	15	7	20	5	14	11	14
Interval_957	chr18	31879612	31880058	+	447	2	9	21	5	28	39	28	10
Interval_958	chr18	31888559	31889044	+	486	10	6	20	13	18	24	29	24
Interval_959	chr18	31910417	31911690	+	1274	433	509	306	723	385	501	489	1300
Interval_960	chr18	31924359	31924943	+	585	6	5	6	15	38	23	38	9
Interval_961	chr18	31931018	31931949	+	932	15	23	52	28	56	90	71	36
Interval_962	chr18	31939026	31939487	+	462	8	11	37	19	25	46	64	12
Interval_963	chr18	31959153	31959654	+	502	6	5	47	15	43	63	66	8
Interval_964	chr18	31980662	31980846	+	185	4	1	12	4	5	5	6	5
Interval_965	chr18	32017111	32017491	+	381	2	1	22	5	28	45	38	11
Interval_966	chr18	32036540	32037345	+	806	5	10	43	12	89	90	89	10
Interval_967	chr18	32060006	32060256	+	251	3	4	10	1	11	17	7	6
Interval_968	chr18	32067192	32068518	+	1327	285	342	219	583	325	398	300	1108
Interval_969	chr18	32120138	32120456	+	319	4	3	9	5	12	19	9	7
Interval_970	chr18	32137504	32138487	+	984	30	38	29	61	33	39	52	73
Interval_971	chr18	32138642	32139917	+	1276	28	51	44	65	69	62	81	67
Interval_972	chr18	32147212	32148243	+	1032	50	73	95	99	124	148	151	106
Interval_973	chr18	32153187	32153797	+	611	5	5	30	7	46	46	55	14
Interval_974	chr18	32162384	32163767	+	1384	345	403	277	678	449	513	432	1136
Interval_975	chr18	32174735	32175150	+	416	4	4	8	12	15	22	31	16
Interval_976	chr18	32223220	32223483	+	264	2	3	9	3	2	5	2	5
Interval_977	chr18	32239616	32240970	+	1355	99	110	86	157	126	165	127	257
Interval_978	chr18	32284962	32285537	+	576	11	10	22	9	13	43	29	26
Interval_979	chr18	32293115	32293464	+	350	3	4	17	13	9	12	21	5
Interval_980	chr18	32311972	32312347	+	376	4	3	8	9	17	10	12	5
Interval_981	chr18	32366592	32366859	+	268	1	2	7	6	8	12	22	8
Interval_982	chr18	32376619	32378605	+	1987	67	129	263	196	360	462	389	211
Interval_983	chr18	32398553	32399331	+	779	39	43	29	57	41	46	39	139
Interval_984	chr18	32406926	32407926	+	1001	9	28	17	52	21	27	41	52
Interval_985	chr18	32410676	32410939	+	264	2	6	21	9	18	35	33	11
Interval_986	chr18	32414166	32414829	+	664	10	7	41	10	58	67	52	24
Interval_987	chr18	32431823	32432762	+	940	18	26	37	48	36	40	47	66
Interval_988	chr18	32441279	32441463	+	185	4	6	21	15	14	11	17	15
Interval_989	chr18	32484902	32485420	+	519	11	6	24	19	30	30	33	27
Interval_990	chr18	32497141	32498132	+	992	4	2	31	7	33	45	47	8
Interval_991	chr18	32510984	32511232	+	249	4	1	13	4	2	5	2	10
Interval_992	chr18	32523533	32525161	+	1629	71	58	56	85	59	81	68	160
Interval_993	chr18	32542132	32543290	+	1159	962	1042	33	1896	66	37	113	2935
Interval_994	chr18	32552020	32553610	+	1591	588	692	111	1034	220	253	270	1556
Interval_995	chr18	32556673	32557238	+	566	244	313	9	448	29	21	25	809
Interval_996	chr18	32559311	32560543	+	1233	177	227	95	438	106	127	130	831
Interval_997	chr18	32676978	32677539	+	562	4	2	10	6	14	30	20	5
Interval_998	chr18	32722641	32723370	+	730	3	1	23	4	37	66	34	6
Interval_999	chr18	32816279	32816949	+	671	8	12	56	9	58	76	68	20
Interval_1000	chr18	32836676	32838036	+	1361	83	78	118	102	163	158	160	258
Interval_1001	chr18	32938564	32939859	+	1296	9	11	89	17	121	167	146	27
Interval_1002	chr18	32945233	32945489	+	257	1	1	8	3	12	9	4	1
Interval_1003	chr18	33153049	33153329	+	281	3	3	5	3	1	13	6	2
Interval_1004	chr18	33172122	33172462	+	341	15	5	8	15	8	1	8	41
Interval_1005	chr18	33209552	33209872	+	321	0	6	4	14	23	14	25	14
Interval_1006	chr18	33211124	33212405	+	1282	23	26	19	50	39	48	46	81
Interval_1007	chr18	33236473	33236699	+	227	3	0	12	4	12	20	5	7
Interval_1008	chr18	33259475	33260688	+	1214	15	22	43	21	45	45	77	26
Interval_1009	chr18	33377512	33378890	+	1379	14	25	60	28	70	139	123	27
Interval_1010	chr18	33385527	33385800	+	274	1	3	10	2	8	9	13	3
Interval_1011	chr18	33433644	33434093	+	450	3	5	11	4	17	7	19	2
Interval_1012	chr18	33443254	33443484	+	231	6	4	11	5	8	15	22	8
Interval_1013	chr18	33453345	33453646	+	302	1	3	10	3	8	17	11	2
Interval_1014	chr18	33463234	33464564	+	1331	75	102	321	187	467	588	534	207
Interval_1015	chr18	33471074	33471653	+	580	3	2	26	6	42	45	40	2
Interval_1016	chr18	33482044	33482974	+	931	1	2	33	5	38	60	52	16
Interval_1017	chr18	33510346	33510755	+	410	1	2	11	8	19	29	23	11
Interval_1018	chr18	33527921	33529274	+	1354	22	23	36	32	52	80	48	45
Interval_1019	chr18	33552679	33553137	+	459	13	35	6	48	15	12	8	51
Interval_1020	chr18	33667204	33667437	+	234	8	1	5	3	4	13	10	8
Interval_1021	chr18	33741744	33742329	+	586	0	2	23	2	34	34	40	3
Interval_1022	chr18	33776990	33777768	+	779	0	11	70	2	69	73	64	8
Interval_1023	chr18	33783881	33784645	+	765	7	5	31	4	30	72	48	8
Interval_1024	chr18	33794272	33795540	+	1269	115	142	156	229	184	240	221	420
Interval_1025	chr18	33825263	33825736	+	474	4	4	11	4	11	20	13	11
Interval_1026	chr18	33833499	33833764	+	266	7	1	11	3	11	18	16	9
Interval_1027	chr18	33849332	33849596	+	265	2	5	8	3	23	15	26	1
Interval_1028	chr18	33855914	33856541	+	628	0	5	27	5	43	50	44	6
Interval_1029	chr18	33871527	33872148	+	622	4	2	28	3	45	42	54	3
Interval_1030	chr18	33873496	33873783	+	288	0	0	8	5	11	5	16	5
Interval_1031	chr18	33889089	33889731	+	643	2	4	28	2	45	33	47	7
Interval_1032	chr18	33923216	33923579	+	364	2	10	9	10	22	9	12	10
Interval_1033	chr18	33932434	33932806	+	373	2	2	5	4	14	15	13	1
Interval_1034	chr18	33950282	33950910	+	629	4	3	32	9	59	61	56	10
Interval_1035	chr18	33953050	33953895	+	846	1	4	37	8	89	74	91	4
Interval_1036	chr18	33977506	33978065	+	560	3	0	15	3	26	39	21	3
Interval_1037	chr18	33978507	33979063	+	557	3	1	19	3	29	24	38	5
Interval_1038	chr18	33987548	33988129	+	582	0	4	18	5	39	42	39	8
Interval_1039	chr18	33998270	33998546	+	277	5	0	15	4	24	25	21	2
Interval_1040	chr18	34005971	34007700	+	1730	19	20	223	25	272	363	312	44
Interval_1041	chr18	34052335	34053621	+	1287	8	3	111	10	121	183	152	3
Interval_1042	chr18	34062311	34062582	+	272	4	5	13	1	9	11	13	9
Interval_1043	chr18	34067848	34068069	+	222	1	1	19	4	19	24	26	2
Interval_1044	chr18	34069277	34069598	+	322	2	2	19	5	19	24	17	4
Interval_1045	chr18	34070170	34070599	+	430	2	1	13	2	17	30	30	3
Interval_1046	chr18	34079759	34080792	+	1034	11	12	31	17	37	63	36	31
Interval_1047	chr18	34094065	34094311	+	247	3	2	20	6	16	15	17	7
Interval_1048	chr18	34102837	34103527	+	691	7	9	38	9	26	54	49	16
Interval_1049	chr18	34117967	34118761	+	795	22	22	48	39	39	67	58	37
Interval_1050	chr18	34139169	34139417	+	249	1	5	8	4	7	14	6	8
Interval_1051	chr18	34152624	34153040	+	417	4	3	28	5	12	26	14	6
Interval_1052	chr18	34159747	34160269	+	523	2	1	24	7	52	61	50	5
Interval_1053	chr18	34162896	34163232	+	337	3	2	22	8	35	58	34	3
Interval_1054	chr18	34182397	34183906	+	1510	12	10	42	16	53	84	62	35
Interval_1055	chr18	34202255	34202524	+	270	5	6	5	11	2	0	5	25
Interval_1056	chr18	34220518	34221749	+	1232	200	267	186	375	233	308	270	678
Interval_1057	chr18	34227735	34228087	+	353	3	1	20	3	7	11	14	4
Interval_1058	chr18	34247029	34248051	+	1023	59	40	76	54	88	116	93	128
Interval_1059	chr18	34259279	34259533	+	255	7	4	15	5	11	13	21	20
Interval_1060	chr18	34330601	34331549	+	949	245	274	147	457	194	255	245	789
Interval_1061	chr18	34340787	34341045	+	259	5	3	9	5	5	18	10	21
Interval_1062	chr18	34348527	34349100	+	574	9	13	16	22	10	21	11	43
Interval_1063	chr18	34358402	34358800	+	399	13	11	12	20	12	12	16	11
Interval_1064	chr18	34372266	34373893	+	1628	218	333	192	503	227	291	279	1003
Interval_1065	chr18	34379812	34380918	+	1107	6	13	63	20	68	112	94	32
Interval_1066	chr18	34389922	34390278	+	357	1	2	8	4	22	16	5	8
Interval_1067	chr18	34410065	34411051	+	987	199	187	17	345	33	35	45	700
Interval_1068	chr18	34419957	34420852	+	896	6	7	45	13	64	73	56	11
Interval_1069	chr18	34430935	34431136	+	202	0	4	11	3	8	0	3	5
Interval_1070	chr18	34438541	34438854	+	314	6	3	13	8	5	14	9	22
Interval_1071	chr18	34446838	34447097	+	260	4	2	4	7	13	15	4	14
Interval_1072	chr18	34464951	34465821	+	871	44	50	9	79	9	9	9	146
Interval_1073	chr18	34505941	34507403	+	1463	258	382	210	624	250	289	282	972
Interval_1074	chr18	34513553	34513933	+	381	23	40	8	54	6	5	12	97
Interval_1075	chr18	34516225	34516511	+	287	97	100	4	206	10	4	13	394
Interval_1076	chr18	34519162	34520132	+	971	152	184	27	306	21	18	38	522
Interval_1077	chr18	34537993	34538826	+	834	21	17	35	26	34	42	43	61
Interval_1078	chr18	34546901	34547698	+	798	17	10	27	15	36	39	47	17
Interval_1079	chr18	34561101	34561604	+	504	3	3	18	8	19	28	20	8
Interval_1080	chr18	34562217	34562549	+	333	5	4	6	2	10	2	19	7
Interval_1081	chr18	34572610	34572905	+	296	4	9	8	9	2	12	9	9
Interval_1082	chr18	34578897	34579241	+	345	4	2	26	6	26	18	27	15
Interval_1083	chr18	34624021	34625539	+	1519	341	479	214	768	272	322	282	1428
Interval_1084	chr18	34634420	34634877	+	458	18	30	8	43	7	10	6	72
Interval_1085	chr18	34651103	34652168	+	1066	126	142	111	208	107	127	115	432
Interval_1086	chr18	34663081	34663714	+	634	12	12	27	14	34	35	24	32
Interval_1087	chr18	34679533	34680220	+	688	1	7	33	8	29	60	35	12
Interval_1088	chr18	34719987	34720495	+	509	4	5	37	4	29	35	28	11
Interval_1089	chr18	34721394	34721836	+	443	2	3	20	1	17	39	25	9
Interval_1090	chr18	34726794	34727059	+	266	7	5	17	8	10	31	15	11
Interval_1091	chr18	34751003	34752222	+	1220	296	356	147	614	163	211	254	1027
Interval_1092	chr18	34758716	34759992	+	1277	275	369	226	576	294	314	322	958
Interval_1093	chr18	34776637	34777906	+	1270	251	319	179	545	225	300	221	1045
Interval_1094	chr18	34779265	34779529	+	265	75	76	24	145	30	30	29	215
Interval_1095	chr18	34783312	34784068	+	757	147	211	22	337	19	31	30	481
Interval_1096	chr18	34788364	34788796	+	433	35	63	5	91	10	6	11	160
Interval_1097	chr18	34840182	34841632	+	1451	22	32	125	42	128	166	143	61
Interval_1098	chr18	34850021	34850383	+	363	16	11	29	17	37	36	34	46
Interval_1099	chr18	34854599	34855736	+	1138	69	87	34	135	45	47	47	314
Interval_1100	chr18	34859723	34861543	+	1821	493	618	555	1053	658	840	730	1689
Interval_1101	chr18	34880030	34880711	+	682	17	10	12	27	11	12	11	76
Interval_1102	chr18	34886853	34888378	+	1526	75	108	196	156	209	259	261	284
Interval_1103	chr18	34897480	34897716	+	237	5	4	5	12	10	6	12	5
Interval_1104	chr18	34900595	34900907	+	313	6	11	22	13	17	33	19	22
Interval_1105	chr18	34900993	34901435	+	443	6	8	16	10	10	10	27	25
Interval_1106	chr18	34915803	34916406	+	604	14	32	8	41	9	11	10	88
Interval_1107	chr18	34931432	34932591	+	1160	495	595	317	1191	444	614	511	1862
Interval_1108	chr18	34953968	34955237	+	1270	376	327	258	640	289	388	349	1184
Interval_1109	chr18	34988837	34989128	+	292	5	2	11	16	10	6	7	7
Interval_1110	chr18	34989247	34989499	+	253	4	8	11	11	5	9	14	7
Interval_1111	chr18	35021631	35022703	+	1073	19	20	75	47	73	81	92	52
Interval_1112	chr18	35027131	35027514	+	384	4	4	31	5	19	23	29	10
Interval_1113	chr18	35045311	35046276	+	966	7	6	55	18	79	83	104	19
Interval_1114	chr18	35056756	35057420	+	665	2	3	46	2	56	83	59	5
Interval_1115	chr18	35068739	35069648	+	910	6	6	56	11	75	110	84	5
Interval_1116	chr18	35079963	35080208	+	246	7	2	6	4	8	19	16	3
Interval_1117	chr18	35094117	35094434	+	318	10	8	14	14	12	7	11	25
Interval_1118	chr18	35118155	35119624	+	1470	157	242	181	338	244	264	270	523
Interval_1119	chr18	35134296	35135156	+	861	161	185	13	305	23	36	49	513
Interval_1120	chr18	35152235	35152714	+	480	15	21	3	34	8	3	7	61
Interval_1121	chr18	35154650	35155269	+	620	14	22	4	27	11	5	10	66
Interval_1122	chr18	35162062	35162363	+	302	4	2	15	5	15	7	19	4
Interval_1123	chr18	35212803	35213301	+	499	4	3	31	2	23	25	31	4
Interval_1124	chr18	35214759	35215158	+	400	3	2	14	4	18	15	27	6
Interval_1125	chr18	35285068	35285348	+	281	1	3	13	4	2	4	16	9
Interval_1126	chr18	35285599	35285832	+	234	5	3	3	4	6	6	13	4
Interval_1127	chr18	35285874	35286114	+	241	4	1	13	6	10	11	8	3
Interval_1128	chr18	35296227	35296843	+	617	7	17	16	20	34	29	32	22
Interval_1129	chr18	35341795	35342052	+	258	2	6	13	11	16	25	14	19
Interval_1130	chr18	35368873	35369241	+	369	1	1	13	2	14	27	24	4
Interval_1131	chr18	35402069	35402716	+	648	2	3	27	9	38	50	39	6
Interval_1132	chr18	35467013	35467353	+	341	4	15	0	12	10	7	11	11
Interval_1133	chr18	35488545	35489352	+	808	7	2	23	5	38	47	39	13
Interval_1134	chr18	35498222	35499254	+	1033	102	100	114	150	116	176	124	285
Interval_1135	chr18	35529656	35530629	+	974	8	12	47	16	54	57	40	14
Interval_1136	chr18	35532058	35532689	+	632	19	29	19	31	10	12	20	22
Interval_1137	chr18	35540154	35540413	+	260	4	6	25	6	13	17	22	12
Interval_1138	chr18	35552914	35554572	+	1659	108	141	115	185	107	153	138	350
Interval_1139	chr18	35561677	35563179	+	1503	422	497	287	891	329	423	354	1664
Interval_1140	chr18	35598147	35599550	+	1404	144	187	148	253	148	228	195	522
Interval_1141	chr18	35619093	35620181	+	1089	258	272	18	415	22	16	42	837
Interval_1142	chr18	35626372	35628013	+	1642	57	59	39	103	84	55	79	121
Interval_1143	chr18	35642299	35642768	+	470	4	5	7	8	33	16	34	10
Interval_1144	chr18	35653210	35653448	+	239	5	7	13	8	14	15	30	10
Interval_1145	chr18	35654309	35655484	+	1176	55	52	110	74	118	147	121	123
Interval_1146	chr18	35655907	35656351	+	445	7	10	31	19	39	30	52	28
Interval_1147	chr18	35661556	35662482	+	927	118	120	145	172	113	186	153	366
Interval_1148	chr18	35671304	35671698	+	395	3	5	14	3	15	17	23	19
Interval_1149	chr18	35671883	35672336	+	454	22	22	15	38	21	17	18	93
Interval_1150	chr18	35676171	35676654	+	484	9	17	18	36	25	17	23	36
Interval_1151	chr18	35702526	35703464	+	939	96	149	121	132	166	198	168	271
Interval_1152	chr18	35722253	35722755	+	503	3	15	28	19	27	32	47	20
Interval_1153	chr18	35729986	35730806	+	821	78	90	58	123	81	88	72	212
Interval_1154	chr18	35739606	35740898	+	1293	11	17	52	36	59	79	88	38
Interval_1155	chr18	35751585	35752638	+	1054	63	63	107	98	94	124	111	205
Interval_1156	chr18	35771025	35772405	+	1381	468	582	288	1018	328	430	349	1756
Interval_1157	chr18	35804274	35804523	+	250	3	4	4	4	6	18	10	11
Interval_1158	chr18	35814471	35816395	+	1925	111	183	195	297	228	284	256	319
Interval_1159	chr18	35822818	35824046	+	1229	79	105	144	224	167	186	205	226
Interval_1160	chr18	35829595	35830656	+	1062	48	48	190	119	185	252	209	137
Interval_1161	chr18	35831605	35832081	+	477	17	28	67	38	67	95	69	53
Interval_1162	chr18	35832529	35832883	+	355	18	32	49	35	57	69	64	65
Interval_1163	chr18	35837012	35837346	+	335	5	22	45	25	79	72	72	38
Interval_1164	chr18	35841421	35841890	+	470	12	7	50	15	71	81	106	45
Interval_1165	chr18	35848045	35848594	+	550	30	41	47	49	71	63	72	86
Interval_1166	chr18	35849189	35850171	+	983	97	82	93	159	115	119	101	410
Interval_1167	chr18	35855540	35855768	+	229	2	8	19	5	31	27	22	6
Interval_1168	chr18	35865571	35865800	+	230	2	8	17	10	22	14	18	13
Interval_1169	chr18	35866130	35866827	+	698	8	7	59	11	54	94	52	21
Interval_1170	chr18	35867496	35868350	+	855	28	37	59	44	48	63	62	104
Interval_1171	chr18	35872982	35875279	+	2298	50	62	346	98	437	552	495	156
Interval_1172	chr18	35878830	35879165	+	336	7	1	43	12	46	62	64	19
Interval_1173	chr18	35887374	35888584	+	1211	28	47	254	69	254	333	313	120
Interval_1174	chr18	35889013	35890106	+	1094	19	25	228	34	207	251	166	51
Interval_1175	chr18	35894840	35895094	+	255	4	11	21	4	33	48	33	11
Interval_1176	chr18	35918820	35921678	+	2859	35	51	440	75	418	625	429	87
Interval_1177	chr18	35926961	35927997	+	1037	9	6	112	13	133	183	146	23
Interval_1178	chr18	35930426	35930984	+	559	7	7	105	6	108	151	131	19
Interval_1179	chr18	35932967	35933738	+	772	4	14	115	12	144	148	133	24
Interval_1180	chr18	35939441	35940149	+	709	18	29	91	55	89	117	110	80
Interval_1181	chr18	35941831	35942732	+	902	28	50	51	69	91	80	100	93
Interval_1182	chr18	35959110	35959809	+	700	9	11	46	13	38	50	48	24
Interval_1183	chr18	35964539	35965637	+	1099	8	16	55	17	66	93	86	22
Interval_1184	chr18	36017902	36019039	+	1138	27	30	108	50	129	144	165	67
Interval_1185	chr18	36025671	36025992	+	322	8	2	12	9	18	23	18	10
Interval_1186	chr18	36068109	36069887	+	1779	13	10	142	17	136	219	152	31
Interval_1187	chr18	36077562	36078181	+	620	8	5	25	6	31	36	37	6
Interval_1188	chr18	36078246	36078601	+	356	9	5	11	12	10	9	9	28
Interval_1189	chr18	36121944	36122782	+	839	6	6	33	12	38	34	46	21
Interval_1190	chr18	36182997	36184034	+	1038	10	4	71	2	76	96	70	6
Interval_1191	chr18	36186463	36186743	+	281	3	2	10	1	16	19	23	2
Interval_1192	chr18	36195973	36197796	+	1824	20	19	124	38	154	205	152	25
Interval_1193	chr18	36274631	36275452	+	822	12	20	62	30	57	77	68	52
Interval_1194	chr18	36280385	36281690	+	1306	98	152	174	250	236	264	244	420
Interval_1195	chr18	36286204	36287952	+	1749	175	245	253	349	315	363	327	618
Interval_1196	chr18	36319896	36320670	+	775	13	19	47	14	62	81	65	26
Interval_1197	chr18	36328273	36329186	+	914	43	42	80	82	97	100	119	135
Interval_1198	chr18	36348205	36349373	+	1169	41	82	166	113	234	229	246	158
Interval_1199	chr18	36360908	36361204	+	297	13	12	3	7	5	5	6	34
Interval_1200	chr18	36374700	36375394	+	695	24	35	13	60	15	29	30	69
Interval_1201	chr18	36383929	36384686	+	758	41	68	13	96	22	17	33	162
Interval_1202	chr18	36391437	36392229	+	793	7	10	14	11	25	39	31	30
Interval_1203	chr18	36400600	36400868	+	269	13	7	18	11	21	28	26	20
Interval_1204	chr18	36405618	36405965	+	348	33	41	7	57	12	9	8	124
Interval_1205	chr18	36411537	36411873	+	337	1	3	17	8	8	30	25	8
Interval_1206	chr18	36416548	36417011	+	464	3	5	13	10	30	34	38	8
Interval_1207	chr18	36439618	36440694	+	1077	107	89	22	160	20	20	27	387
Interval_1208	chr18	36449995	36450348	+	354	2	1	7	1	9	7	21	2
Interval_1209	chr18	36494930	36495403	+	474	6	4	11	5	12	23	20	8
Interval_1210	chr18	36497072	36498650	+	1579	23	37	35	42	37	42	51	41
Interval_1211	chr18	36507566	36508471	+	906	12	12	34	18	49	62	54	28
Interval_1212	chr18	36515175	36516227	+	1053	67	102	125	184	148	208	189	207
Interval_1213	chr18	36521676	36522544	+	869	12	12	54	23	70	55	66	38
Interval_1214	chr18	36525519	36525872	+	354	12	13	46	23	37	56	49	31
Interval_1215	chr18	36527580	36528097	+	518	13	53	11	74	15	11	13	48
Interval_1216	chr18	36529984	36530343	+	360	5	13	24	20	30	24	17	27
Interval_1217	chr18	36541290	36541834	+	545	6	15	38	9	31	37	29	25
Interval_1218	chr18	36559387	36561405	+	2019	1795	2113	638	3545	1045	1232	1231	5303
Interval_1219	chr18	36656385	36656728	+	344	5	11	5	3	4	2	4	15
Interval_1220	chr18	36663960	36664216	+	257	10	6	12	13	18	10	18	10
Interval_1221	chr18	36669839	36670605	+	767	67	72	65	95	86	129	123	178
Interval_1222	chr18	36671189	36671631	+	443	9	10	39	16	19	22	23	22
Interval_1223	chr18	36678765	36679859	+	1095	280	342	166	590	236	251	237	988
Interval_1224	chr18	36703243	36703715	+	473	12	9	6	36	7	6	5	53
Interval_1225	chr18	36706692	36707234	+	543	7	4	19	8	43	36	51	18
Interval_1226	chr18	36709927	36710116	+	190	2	5	12	6	3	4	4	4
Interval_1227	chr18	36725584	36726454	+	871	14	14	34	22	57	56	53	28
Interval_1228	chr18	36734614	36735693	+	1080	370	462	176	795	236	289	253	1343
Interval_1229	chr18	36744125	36745141	+	1017	287	299	155	551	222	254	235	1036
Interval_1230	chr18	36759484	36760618	+	1135	151	180	75	263	83	121	108	474
Interval_1231	chr18	36772182	36772970	+	789	156	193	9	313	24	18	30	543
Interval_1232	chr18	36782496	36783770	+	1275	299	367	131	507	243	286	286	1008
Interval_1233	chr18	36793409	36794419	+	1011	193	169	106	286	131	198	169	549
Interval_1234	chr18	36801153	36802387	+	1235	346	303	117	591	175	205	194	1107
Interval_1235	chr18	37089687	37090081	+	395	1	3	15	7	15	27	36	12
Interval_1236	chr18	37143392	37144614	+	1223	15	22	78	15	100	120	93	26
Interval_1237	chr18	37172187	37172821	+	635	4	6	23	4	27	50	36	11
Interval_1238	chr18	37177901	37179021	+	1121	5	10	67	6	104	187	127	14
Interval_1239	chr18	37217248	37217739	+	492	7	0	19	1	22	34	29	3
Interval_1240	chr18	37217818	37218604	+	787	5	5	45	11	56	87	65	8
Interval_1241	chr18	37264608	37264914	+	307	2	3	6	5	16	6	5	7
Interval_1242	chr18	37655599	37655941	+	343	5	4	8	9	13	22	13	8
Interval_1243	chr18	37661934	37662222	+	289	3	4	8	4	7	21	5	5
Interval_1244	chr18	37674317	37674760	+	444	1	1	10	3	9	18	13	7
Interval_1245	chr18	37707302	37707819	+	518	4	3	8	2	14	25	21	6
Interval_1246	chr18	37714728	37715208	+	481	5	1	12	7	14	25	15	11
Interval_1247	chr18	37741921	37742454	+	534	9	8	17	1	29	38	41	17
Interval_1248	chr18	37751564	37751831	+	268	5	3	14	7	13	31	17	20
Interval_1249	chr18	37753311	37753633	+	323	1	5	17	9	12	19	19	11
Interval_1250	chr18	37755958	37756307	+	350	3	2	14	2	21	13	13	7
Interval_1251	chr18	37761346	37761956	+	611	14	11	24	12	27	41	31	30
Interval_1252	chr18	37767723	37768251	+	529	6	4	21	11	20	29	24	19
Interval_1253	chr18	37800754	37800980	+	227	2	1	7	3	14	17	19	3
Interval_1254	chr18	37805914	37807294	+	1381	37	43	199	60	304	373	306	106
Interval_1255	chr18	37814563	37816137	+	1575	37	36	120	63	136	218	208	111
Interval_1256	chr18	37822346	37822943	+	598	34	27	99	47	153	167	169	80
Interval_1257	chr18	37824850	37825887	+	1038	27	39	128	48	207	235	184	110
Interval_1258	chr18	37826228	37826486	+	259	4	7	47	11	63	91	55	21
Interval_1259	chr18	37835341	37836905	+	1565	10	10	191	28	308	395	262	30
Interval_1260	chr18	37841207	37842992	+	1786	30	32	330	66	390	598	451	99
Interval_1261	chr18	37851740	37852924	+	1185	31	25	129	48	173	231	171	70
Interval_1262	chr18	37871799	37872224	+	426	1	0	10	1	8	26	20	2
Interval_1263	chr18	37877225	37878177	+	953	29	40	66	51	120	141	134	88
Interval_1264	chr18	37879971	37880532	+	562	13	16	68	33	89	136	122	42
Interval_1265	chr18	37883448	37884178	+	731	33	39	51	35	87	79	79	120
Interval_1266	chr18	37907961	37908774	+	814	11	13	15	12	23	40	26	34
Interval_1267	chr18	37909213	37909582	+	370	6	9	14	12	21	6	13	19
Interval_1268	chr18	37925926	37926409	+	484	14	15	1	32	5	6	8	73
Interval_1269	chr18	37928454	37928761	+	308	4	9	6	19	18	7	9	38
Interval_1270	chr18	37934706	37935782	+	1077	348	395	296	690	393	450	403	1341
Interval_1271	chr18	37954501	37956479	+	1979	177	219	272	313	294	412	340	522
Interval_1272	chr18	37969227	37970293	+	1067	102	94	86	138	119	158	154	279
Interval_1273	chr18	37984211	37984724	+	514	11	7	17	14	17	31	38	28
Interval_1274	chr18	37985156	37985411	+	256	3	3	18	15	11	17	11	13
Interval_1275	chr18	37998190	38000091	+	1902	78	90	93	102	130	143	146	268
Interval_1276	chr18	38013851	38014470	+	620	16	9	42	21	36	46	44	45
Interval_1277	chr18	38025077	38025457	+	381	5	7	22	11	25	39	21	12
Interval_1278	chr18	38049719	38050174	+	456	28	28	9	37	6	16	10	119
Interval_1279	chr18	38056202	38056975	+	774	4	2	40	9	37	52	41	15
Interval_1280	chr18	38067795	38068608	+	814	9	10	93	16	139	192	193	19
Interval_1281	chr18	38090926	38091176	+	251	5	6	7	9	6	19	14	13
Interval_1282	chr18	38098142	38098594	+	453	7	2	30	7	23	40	37	12
Interval_1283	chr18	38105014	38105242	+	229	0	2	5	4	8	12	4	1
Interval_1284	chr18	38110024	38110261	+	238	0	1	10	4	5	7	18	1
Interval_1285	chr18	38127553	38127776	+	224	5	0	5	3	5	13	6	4
Interval_1286	chr18	38144320	38145658	+	1339	37	29	216	42	287	350	300	90
Interval_1287	chr18	38171893	38172823	+	931	12	24	57	34	77	69	77	42
Interval_1288	chr18	38174082	38174895	+	814	30	25	65	35	65	96	81	109
Interval_1289	chr18	38184888	38186214	+	1327	52	76	113	117	163	203	168	107
Interval_1290	chr18	38190543	38191157	+	615	12	10	67	20	68	78	93	40
Interval_1291	chr18	38199901	38200728	+	828	7	6	39	18	54	55	70	17
Interval_1292	chr18	38207813	38208509	+	697	47	85	32	132	49	39	57	150
Interval_1293	chr18	38211022	38212924	+	1903	50	60	143	86	152	223	168	124
Interval_1294	chr18	38216805	38217210	+	406	7	7	33	5	29	33	36	17
Interval_1295	chr18	38239196	38239902	+	707	13	18	46	25	60	76	55	51
Interval_1296	chr18	38248744	38249417	+	674	142	159	20	243	33	30	38	549
Interval_1297	chr18	38249897	38250912	+	1016	529	620	256	1007	404	423	430	1810
Interval_1298	chr18	38255743	38256101	+	359	6	6	34	10	47	39	51	16
Interval_1299	chr18	38269986	38270930	+	945	58	87	8	104	18	17	25	227
Interval_1300	chr18	38277805	38278214	+	410	5	13	24	19	28	25	35	19
Interval_1301	chr18	38284439	38284705	+	267	6	6	10	10	7	19	28	19
Interval_1302	chr18	38284988	38285385	+	398	4	4	10	6	17	29	20	16
Interval_1303	chr18	38296417	38297533	+	1117	508	663	184	1058	280	386	383	1513
Interval_1304	chr18	38320759	38321026	+	268	2	12	8	5	12	11	9	13
Interval_1305	chr18	38337730	38339496	+	1767	397	543	186	836	307	293	307	1423
Interval_1306	chr18	38348501	38349014	+	514	51	70	14	129	16	22	25	203
Interval_1307	chr18	38349881	38350783	+	903	169	189	82	339	121	142	127	602
Interval_1308	chr18	38364856	38365139	+	284	7	7	8	16	7	10	7	14
Interval_1309	chr18	38367061	38367685	+	625	17	17	37	23	44	67	58	49
Interval_1310	chr18	38372165	38372817	+	653	20	19	22	36	16	26	20	98
Interval_1311	chr18	38374129	38374733	+	605	13	14	10	27	13	13	13	58
Interval_1312	chr18	38379591	38380694	+	1104	10	15	65	17	61	123	87	31
Interval_1313	chr18	38384827	38385409	+	583	4	6	26	6	28	44	44	13
Interval_1314	chr18	38406096	38406832	+	737	10	13	25	15	33	31	47	34
Interval_1315	chr18	38418412	38419540	+	1129	110	122	147	208	179	205	202	343
Interval_1316	chr18	38470491	38470761	+	271	3	3	8	3	8	25	13	6
Interval_1317	chr18	38483263	38484236	+	974	20	40	43	36	46	56	40	42
Interval_1318	chr18	38494740	38495285	+	546	17	17	37	35	40	48	60	85
Interval_1319	chr18	38501562	38501797	+	236	1	4	19	5	9	8	5	5
Interval_1320	chr18	38515235	38515822	+	588	4	4	26	6	43	59	49	9
Interval_1321	chr18	38516737	38517003	+	267	2	1	15	3	3	8	9	4
Interval_1322	chr18	38521419	38521730	+	312	3	8	5	19	7	9	8	9
Interval_1323	chr18	38531662	38532072	+	411	6	2	25	5	40	35	48	7
Interval_1324	chr18	38542200	38542567	+	368	2	5	20	4	20	29	27	9
Interval_1325	chr18	38543098	38543828	+	731	6	6	37	5	34	42	47	14
Interval_1326	chr18	38544601	38544903	+	303	1	0	13	5	26	26	29	6
Interval_1327	chr18	38578292	38578958	+	667	6	11	43	14	44	71	53	25
Interval_1328	chr18	38583880	38584416	+	537	5	4	31	7	29	48	40	15
Interval_1329	chr18	38590351	38590638	+	288	5	5	26	7	27	18	23	18
Interval_1330	chr18	38592365	38592742	+	378	6	5	13	5	24	26	22	7
Interval_1331	chr18	38600509	38602570	+	2062	69	101	261	149	333	411	362	254
Interval_1332	chr18	38631126	38632463	+	1338	24	21	145	39	181	259	188	38
Interval_1333	chr18	38654597	38655102	+	506	2	3	15	5	33	32	31	5
Interval_1334	chr18	38668814	38669137	+	324	14	23	11	32	12	9	6	77
Interval_1335	chr18	38669907	38670305	+	399	11	30	4	37	13	14	4	57
Interval_1336	chr18	38679045	38679459	+	415	2	1	5	5	21	18	14	10
Interval_1337	chr18	38684531	38684896	+	366	10	17	11	23	13	11	14	22
Interval_1338	chr18	38700332	38700893	+	562	2	5	31	4	44	37	46	7
Interval_1339	chr18	38711670	38712289	+	620	25	30	28	42	30	29	37	66
Interval_1340	chr18	38738906	38739382	+	477	2	0	25	5	21	21	25	6
Interval_1341	chr18	38754377	38755202	+	826	5	10	25	10	43	66	48	20
Interval_1342	chr18	38765445	38765737	+	293	6	8	18	7	24	30	16	6
Interval_1343	chr18	38778114	38778657	+	544	22	42	12	69	15	13	14	79
Interval_1344	chr18	38802261	38802691	+	431	9	10	29	7	35	40	34	10
Interval_1345	chr18	38804152	38804797	+	646	3	7	42	5	46	43	50	16
Interval_1346	chr18	38845583	38845963	+	381	4	1	22	10	31	29	27	3
Interval_1347	chr18	38854916	38855974	+	1059	10	9	33	15	64	65	69	19
Interval_1348	chr18	38874793	38875430	+	638	10	7	49	16	67	98	59	11
Interval_1349	chr18	38881817	38882882	+	1066	8	11	88	18	158	161	169	18
Interval_1350	chr18	38905902	38906973	+	1072	15	15	116	26	143	167	143	34
Interval_1351	chr18	38907341	38908166	+	826	6	8	97	13	111	215	152	30
Interval_1352	chr18	38917929	38919380	+	1452	53	56	56	93	114	107	136	153
Interval_1353	chr18	38923181	38923556	+	376	7	5	29	9	48	32	42	12
Interval_1354	chr18	38928852	38930788	+	1937	30	24	112	39	147	177	158	72
Interval_1355	chr18	38939128	38939567	+	440	12	17	16	28	22	17	15	22
Interval_1356	chr18	38940141	38940765	+	625	4	14	24	19	34	36	39	22
Interval_1357	chr18	38962666	38963363	+	698	3	5	24	8	18	37	21	18
Interval_1358	chr18	38992415	38994034	+	1620	166	188	315	317	558	667	612	574
Interval_1359	chr18	39008809	39009826	+	1018	8	13	39	16	39	73	58	26
Interval_1360	chr18	39020448	39021142	+	695	8	23	14	35	11	16	16	48
Interval_1361	chr18	39032162	39033058	+	897	5	10	34	11	39	51	61	19
Interval_1362	chr18	39033615	39033902	+	288	4	4	10	6	20	30	11	5
Interval_1363	chr18	39044801	39045122	+	322	14	7	9	31	14	16	14	25
Interval_1364	chr18	39051080	39051345	+	266	5	2	9	6	15	18	24	6
Interval_1365	chr18	39057657	39058187	+	531	11	26	25	27	67	61	75	40
Interval_1366	chr18	39067342	39067677	+	336	8	11	11	10	7	19	14	21
Interval_1367	chr18	39068345	39069060	+	716	4	3	13	5	29	20	24	11
Interval_1368	chr18	39085725	39086309	+	585	4	2	12	9	22	39	20	7
Interval_1369	chr18	39110375	39111016	+	642	6	9	16	5	24	32	30	24
Interval_1370	chr18	39133537	39133884	+	348	1	0	4	6	18	7	9	7
Interval_1371	chr18	39137423	39138336	+	914	15	23	45	46	62	43	57	59
Interval_1372	chr18	39175905	39176583	+	679	16	16	5	22	13	9	13	58
Interval_1373	chr18	39187778	39188003	+	226	4	2	10	4	14	16	29	8
Interval_1374	chr18	39236592	39237247	+	656	8	18	12	28	56	32	64	22
Interval_1375	chr18	39240665	39241390	+	726	17	22	24	40	55	58	58	44
Interval_1376	chr18	39283922	39284764	+	843	5	1	33	7	72	77	70	7
Interval_1377	chr18	39298676	39299151	+	476	2	5	15	8	33	25	35	6
Interval_1378	chr18	39302614	39303056	+	443	5	3	19	4	21	41	31	5
Interval_1379	chr18	39322622	39322878	+	257	8	7	3	11	7	1	1	15
Interval_1380	chr18	39359307	39360010	+	704	17	17	17	26	25	34	47	64
Interval_1381	chr18	39378408	39378801	+	394	7	4	13	11	28	14	20	23
Interval_1382	chr18	39380182	39381691	+	1510	230	211	48	373	72	52	68	824
Interval_1383	chr18	39394416	39395317	+	902	44	62	25	87	30	29	33	145
Interval_1384	chr18	39396217	39396808	+	592	41	51	5	93	5	6	13	153
Interval_1385	chr18	39404648	39405184	+	537	5	12	1	23	1	5	1	35
Interval_1386	chr18	39427810	39428514	+	705	3	11	9	10	26	16	26	10
Interval_1387	chr18	39430660	39431324	+	665	19	34	8	59	19	6	10	61
Interval_1388	chr18	39435613	39436056	+	444	5	15	4	18	6	7	4	49
Interval_1389	chr18	39457983	39458456	+	474	8	7	8	10	7	7	6	35
Interval_1390	chr18	39458782	39459082	+	301	4	12	4	12	2	2	8	27
Interval_1391	chr18	39466902	39467415	+	514	19	21	2	40	11	8	17	65
Interval_1392	chr18	39488974	39491942	+	2969	575	780	437	1163	663	745	716	2261
Interval_1393	chr18	39552673	39553256	+	584	8	13	8	20	13	10	9	35
Interval_1394	chr18	39558479	39558786	+	308	3	5	21	5	25	34	18	5
Interval_1395	chr18	39560592	39561023	+	432	6	10	8	24	7	12	12	19
Interval_1396	chr18	39589155	39589343	+	189	1	0	8	3	4	7	7	1
Interval_1397	chr18	39594020	39594321	+	302	2	3	8	5	20	10	10	2
Interval_1398	chr18	39606207	39606675	+	469	2	5	13	3	28	25	27	10
Interval_1399	chr18	39609094	39609944	+	851	3	3	20	6	65	32	50	8
Interval_1400	chr18	39635578	39636490	+	913	11	6	32	13	44	58	65	19
Interval_1401	chr18	39650248	39650846	+	599	8	8	19	9	27	30	43	14
Interval_1402	chr18	39704918	39705493	+	576	8	8	21	4	21	38	36	6
Interval_1403	chr18	39770425	39771067	+	643	3	4	23	1	35	25	40	3
Interval_1404	chr18	39815367	39815682	+	316	1	1	7	5	13	3	10	3
Interval_1405	chr18	39827821	39828610	+	790	7	7	18	7	59	47	56	7
Interval_1406	chr18	39885258	39885459	+	202	0	0	8	0	0	4	3	1
Interval_1407	chr18	39903424	39903755	+	332	13	29	3	36	6	4	5	66
Interval_1408	chr18	39908742	39909183	+	442	2	3	8	2	12	17	23	7
Interval_1409	chr18	40048476	40048905	+	430	12	12	11	26	15	10	25	19
Interval_1410	chr18	40178695	40179253	+	559	6	5	23	8	31	45	27	21
Interval_1411	chr18	40218894	40219907	+	1014	375	377	226	597	432	518	434	1027
Interval_1412	chr18	40244452	40244819	+	368	9	9	8	8	7	8	12	25
Interval_1413	chr18	40255720	40256197	+	478	5	2	15	2	20	31	14	7
Interval_1414	chr18	40256927	40257196	+	270	6	4	8	7	16	21	20	11
Interval_1415	chr18	40301190	40301529	+	340	4	2	5	6	16	6	9	3
Interval_1416	chr18	40450309	40450582	+	274	2	0	4	4	8	20	8	7
Interval_1417	chr18	40455017	40455343	+	327	2	4	6	2	15	9	6	4
Interval_1418	chr18	40669763	40670007	+	245	3	1	8	3	5	9	10	1
Interval_1419	chr18	40931530	40931794	+	265	4	0	4	1	3	3	12	5
Interval_1420	chr18	41005100	41005403	+	304	5	2	6	10	6	12	10	36
Interval_1421	chr18	41119466	41120162	+	697	9	7	21	9	31	53	41	9
Interval_1422	chr18	41727135	41727559	+	425	5	6	22	8	12	30	27	22
Interval_1423	chr18	41730057	41731259	+	1203	37	31	11	60	20	14	12	213
Interval_1424	chr18	41860927	41861673	+	747	13	7	13	17	16	36	44	22
Interval_1425	chr18	41874911	41875276	+	366	5	1	4	7	17	7	6	8
Interval_1426	chr18	41883432	41883791	+	360	6	8	7	6	7	2	9	36
Interval_1427	chr18	41924796	41925289	+	494	9	11	2	24	6	5	11	39
Interval_1428	chr18	41942531	41943196	+	666	17	25	16	34	10	16	11	63
Interval_1429	chr18	41950674	41951874	+	1201	168	163	172	264	355	379	364	487
Interval_1430	chr18	42010678	42011329	+	652	11	8	40	10	71	75	53	28
Interval_1431	chr18	42052313	42053103	+	791	9	2	39	5	58	79	74	18
Interval_1432	chr18	42053357	42053719	+	363	2	3	12	3	22	20	27	7
Interval_1433	chr18	42109447	42109815	+	369	3	0	8	3	17	22	29	6
Interval_1434	chr18	42122599	42123029	+	431	5	2	5	7	18	20	13	8
Interval_1435	chr18	42162718	42163007	+	290	2	3	12	7	17	27	24	9
Interval_1436	chr18	42261792	42262768	+	977	439	493	176	782	393	457	444	1395
Interval_1437	chr18	42274763	42275907	+	1145	634	697	299	1106	519	621	605	2196
Interval_1438	chr18	42343306	42343913	+	608	13	9	28	8	33	41	40	30
Interval_1439	chr18	42394369	42394630	+	262	1	2	11	4	11	12	10	7
Interval_1440	chr18	42467390	42468166	+	777	6	4	37	12	58	47	57	16
Interval_1441	chr18	42469549	42470498	+	950	8	4	60	13	89	116	110	17
Interval_1442	chr18	42510960	42512263	+	1304	799	810	353	1384	562	671	640	2238
Interval_1443	chr18	42541287	42541544	+	258	7	1	3	6	6	10	6	6
Interval_1444	chr18	42576151	42576468	+	318	3	9	6	4	6	5	8	4
Interval_1445	chr18	42580669	42580916	+	248	5	3	7	7	10	9	22	16
Interval_1446	chr18	42589477	42589931	+	455	11	5	24	7	40	46	38	16
Interval_1447	chr18	42601606	42602330	+	725	5	3	13	6	40	34	27	6
Interval_1448	chr18	42683974	42684284	+	311	1	1	10	7	11	18	10	4
Interval_1449	chr18	42740567	42740825	+	259	1	1	5	1	7	4	16	1
Interval_1450	chr18	42752977	42753629	+	653	5	5	25	3	39	37	36	5
Interval_1451	chr18	42759571	42760149	+	579	10	5	11	5	32	19	24	8
Interval_1452	chr18	42760299	42760607	+	309	0	3	6	5	8	5	15	3
Interval_1453	chr18	42808647	42809068	+	422	4	4	8	5	17	30	22	6
Interval_1454	chr18	42835978	42836226	+	249	2	0	11	4	20	17	16	1
Interval_1455	chr18	42840935	42841490	+	556	1	4	22	3	42	51	44	0
Interval_1456	chr18	42876951	42877920	+	970	3	1	40	10	85	67	75	15
Interval_1457	chr18	42884681	42884977	+	297	0	1	6	3	16	9	8	3
Interval_1458	chr18	42898494	42899980	+	1487	8	12	101	23	137	159	177	39
Interval_1459	chr18	42961338	42961657	+	320	0	6	2	13	9	5	7	7
Interval_1460	chr18	42978375	42979388	+	1014	5	3	48	11	83	102	108	12
Interval_1461	chr18	43052346	43052909	+	564	1	3	37	0	26	46	43	5
Interval_1462	chr18	43060582	43060876	+	295	3	1	17	3	10	24	20	11
Interval_1463	chr18	43104274	43104599	+	326	3	2	1	2	17	6	11	3
Interval_1464	chr18	43128974	43129449	+	476	3	5	9	4	16	21	27	3
Interval_1465	chr18	43151690	43152157	+	468	8	2	2	12	14	15	31	13
Interval_1466	chr18	43175430	43175916	+	487	5	4	18	6	21	25	27	9
Interval_1467	chr18	43176187	43176551	+	365	2	2	15	5	12	20	19	6
Interval_1468	chr18	43207192	43207892	+	701	22	12	33	24	63	71	64	31
Interval_1469	chr18	43279477	43280198	+	722	8	7	33	4	70	96	92	12
Interval_1470	chr18	43281680	43282501	+	822	30	35	35	36	38	61	51	66
Interval_1471	chr18	43283700	43284284	+	585	5	3	35	1	70	98	70	3
Interval_1472	chr18	43295569	43296501	+	933	28	24	12	60	18	13	14	82
Interval_1473	chr18	43315179	43315463	+	285	4	0	9	0	14	5	15	3
Interval_1474	chr18	43321907	43322234	+	328	8	1	12	4	16	35	26	12
Interval_1475	chr18	43360033	43360542	+	510	11	7	16	15	22	34	37	26
Interval_1476	chr18	43368217	43369010	+	794	3	1	18	6	19	52	21	8
Interval_1477	chr18	43392303	43394281	+	1979	21	22	180	35	255	331	274	56
Interval_1478	chr18	43394716	43394945	+	230	0	1	6	1	16	31	18	2
Interval_1479	chr18	43421432	43421943	+	512	4	3	27	7	31	47	47	6
Interval_1480	chr18	43437753	43438820	+	1068	8	11	58	18	136	160	144	24
Interval_1481	chr18	43477609	43478035	+	427	26	24	22	34	29	40	40	52
Interval_1482	chr18	43492823	43493244	+	422	2	1	10	6	20	10	13	10
Interval_1483	chr18	43508036	43508275	+	240	0	2	5	3	13	10	17	4
Interval_1484	chr18	43523590	43523921	+	332	4	2	6	5	8	11	19	6
Interval_1485	chr18	43581835	43582258	+	424	5	3	12	3	16	23	25	3
Interval_1486	chr18	43588157	43588995	+	839	5	4	55	8	54	76	53	7
Interval_1487	chr18	43620612	43620925	+	314	1	4	6	2	8	15	11	4
Interval_1488	chr18	43622828	43623035	+	208	0	4	9	2	5	8	5	5
Interval_1489	chr18	43650090	43650813	+	724	19	24	7	43	20	26	34	59
Interval_1490	chr18	43687292	43688073	+	782	9	8	56	14	77	131	105	16
Interval_1491	chr18	43727022	43727354	+	333	4	3	18	4	21	26	15	4
Interval_1492	chr18	43731937	43732472	+	536	9	16	9	18	25	24	26	20
Interval_1493	chr18	43737206	43737665	+	460	13	14	7	23	29	14	22	30
Interval_1494	chr18	43759040	43760247	+	1208	4	3	33	8	95	75	138	10
Interval_1495	chr18	43809644	43810053	+	410	1	1	11	2	24	20	18	6
Interval_1496	chr18	43826392	43826662	+	271	1	0	4	0	23	11	24	3
Interval_1497	chr18	43836236	43837177	+	942	4	9	22	5	34	29	28	17
Interval_1498	chr18	44088565	44088821	+	257	1	2	7	2	18	13	11	1
Interval_1499	chr18	44132080	44132609	+	530	3	0	12	4	29	28	42	3
Interval_1500	chr18	44349229	44349638	+	410	2	3	8	4	13	35	27	4
Interval_1501	chr18	44380453	44381195	+	743	63	77	86	116	142	167	147	213
Interval_1502	chr18	44393223	44393914	+	692	13	16	19	18	27	25	31	37
Interval_1503	chr18	44400582	44400976	+	395	6	8	8	12	14	19	7	26
Interval_1504	chr18	44414443	44414745	+	303	3	2	9	2	14	4	6	7
Interval_1505	chr18	44448198	44448416	+	219	1	1	10	3	17	17	17	8
Interval_1506	chr18	44454391	44454863	+	473	5	4	29	8	37	55	44	5
Interval_1507	chr18	44463546	44464227	+	682	4	5	17	17	41	42	34	14
Interval_1508	chr18	44473016	44473287	+	272	4	3	7	7	20	25	18	7
Interval_1509	chr18	44498415	44498736	+	322	3	4	6	1	19	28	17	7
Interval_1510	chr18	44507171	44507588	+	418	7	3	8	7	15	35	9	6
Interval_1511	chr18	44521475	44522168	+	694	13	11	38	13	75	100	69	15
Interval_1512	chr18	44524531	44525234	+	704	6	9	33	10	46	71	54	17
Interval_1513	chr18	44540111	44540451	+	341	0	3	11	3	18	34	19	8
Interval_1514	chr18	44542820	44543125	+	306	1	5	11	10	36	28	23	12
Interval_1515	chr18	44555345	44556190	+	846	45	51	12	114	18	9	18	77
Interval_1516	chr18	44557943	44558221	+	279	2	6	16	5	18	28	10	5
Interval_1517	chr18	44562098	44562874	+	777	12	5	26	13	44	36	26	22
Interval_1518	chr18	44575606	44576193	+	588	5	6	24	8	47	55	41	9
Interval_1519	chr18	44577665	44578013	+	349	15	14	10	13	8	8	10	51
Interval_1520	chr18	44580390	44580816	+	427	12	13	33	8	36	51	50	16
Interval_1521	chr18	44584668	44585412	+	745	32	25	40	46	50	41	61	99
Interval_1522	chr18	44593542	44593807	+	266	1	1	9	1	9	12	13	4
Interval_1523	chr18	44599032	44599306	+	275	2	2	11	4	18	22	19	2
Interval_1524	chr18	44615300	44616079	+	780	10	12	32	11	59	63	43	15
Interval_1525	chr18	44623319	44623738	+	420	9	25	5	22	15	13	13	34
Interval_1526	chr18	44651325	44651690	+	366	10	15	6	21	5	9	8	13
Interval_1527	chr18	44652144	44652682	+	539	18	7	6	22	9	5	6	71
Interval_1528	chr18	44661259	44662841	+	1583	23	37	214	48	335	418	303	46
Interval_1529	chr18	44753798	44754281	+	484	2	1	11	1	8	30	10	4
Interval_1530	chr18	44765545	44766097	+	553	3	0	13	11	17	32	26	6
Interval_1531	chr18	44776683	44776905	+	223	1	0	4	2	1	4	8	1
Interval_1532	chr18	44811567	44812469	+	903	12	11	40	16	60	64	89	25
Interval_1533	chr18	44827869	44829237	+	1369	216	253	165	376	282	336	315	719
Interval_1534	chr18	44931461	44931768	+	308	2	0	14	1	15	18	19	4
Interval_1535	chr18	45268054	45269191	+	1138	23	15	78	23	149	202	164	28
Interval_1536	chr18	45334996	45335457	+	462	3	6	13	3	20	42	20	5
Interval_1537	chr18	45421047	45421766	+	720	3	4	27	7	38	54	59	8
Interval_1538	chr18	45517532	45517900	+	369	4	1	5	2	14	8	6	1
Interval_1539	chr18	45558024	45560231	+	2208	62	41	319	55	569	731	658	137
Interval_1540	chr18	45570584	45570884	+	301	9	10	4	19	5	4	6	13
Interval_1541	chr18	45644162	45644452	+	291	1	3	14	7	6	22	14	4
Interval_1542	chr18	45741168	45741505	+	338	2	1	2	1	21	4	6	2
Interval_1543	chr18	45841515	45841769	+	255	0	2	12	2	7	19	18	1
Interval_1544	chr18	45920723	45921182	+	460	3	4	3	8	12	23	8	11
Interval_1545	chr18	45945602	45946741	+	1140	10	4	85	15	121	170	131	12
Interval_1546	chr18	45967965	45968217	+	253	3	2	11	3	8	4	8	1
Interval_1547	chr18	46109405	46110019	+	615	7	5	16	4	35	32	30	9
Interval_1548	chr18	46152233	46153308	+	1076	9	8	22	11	76	50	55	21
Interval_1549	chr18	46198165	46199621	+	1457	64	97	230	146	358	414	424	242
Interval_1550	chr18	46211899	46212790	+	892	17	12	65	12	73	116	86	14
Interval_1551	chr18	46271561	46271850	+	290	3	4	8	5	9	12	5	12
Interval_1552	chr18	46280018	46281164	+	1147	44	40	77	64	108	146	125	147
Interval_1553	chr18	46311416	46312427	+	1012	71	67	191	115	263	264	264	244
Interval_1554	chr18	46324945	46325404	+	460	6	6	24	4	22	35	28	12
Interval_1555	chr18	46334296	46334576	+	281	2	5	10	3	8	16	7	8
Interval_1556	chr18	46335198	46335408	+	211	2	1	11	5	13	5	7	9
Interval_1557	chr18	46355736	46355966	+	231	1	1	16	4	8	4	12	5
Interval_1558	chr18	46358387	46358764	+	378	7	15	11	11	7	7	11	8
Interval_1559	chr18	46359861	46360601	+	741	5	4	29	11	55	55	47	14
Interval_1560	chr18	46360881	46361266	+	386	1	1	18	5	12	10	29	5
Interval_1561	chr18	46381022	46381564	+	543	5	4	8	2	27	15	36	14
Interval_1562	chr18	46389957	46390468	+	512	7	14	13	11	17	14	20	27
Interval_1563	chr18	46396430	46397114	+	685	45	34	8	42	8	11	10	141
Interval_1564	chr18	46404755	46405465	+	711	17	18	12	51	48	35	57	43
Interval_1565	chr18	46406193	46406669	+	477	5	6	5	14	27	12	11	11
Interval_1566	chr18	46421081	46421418	+	338	4	11	10	11	10	10	9	10
Interval_1567	chr18	46427340	46427620	+	281	0	2	7	3	8	24	11	4
Interval_1568	chr18	46448909	46449198	+	290	6	4	1	11	6	1	2	24
Interval_1569	chr18	46454574	46454826	+	253	3	3	8	5	10	6	2	7
Interval_1570	chr18	46464818	46465799	+	982	11	13	44	15	62	42	44	17
Interval_1571	chr18	46491092	46491352	+	261	2	0	3	4	4	8	14	5
Interval_1572	chr18	46497359	46497631	+	273	8	3	14	6	17	11	11	16
Interval_1573	chr18	46508275	46508689	+	415	17	14	13	23	9	15	14	45
Interval_1574	chr18	46514664	46514972	+	309	8	6	9	3	13	10	10	20
Interval_1575	chr18	46515931	46516210	+	280	5	7	5	7	10	8	8	19
Interval_1576	chr18	46525123	46526546	+	1424	754	959	527	1604	891	1038	995	2923
Interval_1577	chr18	46532032	46532279	+	248	72	66	7	114	7	5	17	201
Interval_1578	chr18	46541778	46542396	+	619	56	50	18	97	9	10	15	164
Interval_1579	chr18	46573891	46574550	+	660	25	18	28	31	62	59	67	41
Interval_1580	chr18	46575057	46575369	+	313	12	5	24	13	18	27	36	12
Interval_1581	chr18	46589750	46590140	+	391	6	4	9	18	7	13	7	13
Interval_1582	chr18	46597061	46598595	+	1535	274	345	246	519	403	449	423	1018
Interval_1583	chr18	46621070	46622086	+	1017	18	14	74	19	101	121	90	27
Interval_1584	chr18	46628350	46628606	+	257	4	2	5	4	16	15	10	4
Interval_1585	chr18	46629294	46629675	+	382	5	17	4	26	8	3	7	20
Interval_1586	chr18	46641509	46641699	+	191	0	1	12	4	1	4	3	3
Interval_1587	chr18	46650550	46650939	+	390	4	12	13	13	27	26	36	20
Interval_1588	chr18	46653502	46654373	+	872	5	5	28	4	42	54	47	12
Interval_1589	chr18	46668756	46669797	+	1042	3	5	55	11	83	116	80	12
Interval_1590	chr18	46675697	46676154	+	458	2	3	36	6	31	53	26	6
Interval_1591	chr18	46676611	46677388	+	778	7	1	55	6	96	120	89	15
Interval_1592	chr18	46693454	46694186	+	733	5	2	29	5	32	28	30	15
Interval_1593	chr18	46703750	46704297	+	548	9	7	16	7	17	26	19	15
Interval_1594	chr18	46716549	46716835	+	287	4	3	1	5	18	6	9	4
Interval_1595	chr18	46721949	46722468	+	520	5	9	8	25	16	7	28	22
Interval_1596	chr18	46727603	46728789	+	1187	36	50	82	70	153	187	156	89
Interval_1597	chr18	46733655	46734141	+	487	13	8	18	21	40	35	41	27
Interval_1598	chr18	46741220	46742553	+	1334	276	320	233	527	389	507	436	1163
Interval_1599	chr18	46751651	46751985	+	335	1	3	11	6	27	37	27	14
Interval_1600	chr18	46849983	46850662	+	680	7	11	24	15	46	50	55	18
Interval_1601	chr18	46909048	46909366	+	319	2	2	13	1	11	23	15	9
Interval_1602	chr18	46948430	46948767	+	338	7	2	18	6	10	14	13	6
Interval_1603	chr18	46948898	46949413	+	516	2	5	12	4	31	15	31	10
Interval_1604	chr18	46958380	46959522	+	1143	157	133	157	231	266	320	281	529
Interval_1605	chr18	46994220	46994474	+	255	1	3	8	0	8	13	5	5
Interval_1606	chr18	47016689	47016908	+	220	6	1	4	3	5	4	10	3
Interval_1607	chr18	47020666	47020904	+	239	2	2	6	6	14	16	21	7
Interval_1608	chr18	47040549	47040804	+	256	2	1	13	5	5	5	3	7
Interval_1609	chr18	47065886	47066150	+	265	3	4	5	5	13	8	4	6
Interval_1610	chr18	47149331	47149570	+	240	2	3	4	5	14	16	19	1
Interval_1611	chr18	47153848	47155363	+	1516	41	29	18	61	18	30	35	196
Interval_1612	chr18	47169896	47170543	+	648	1	5	78	6	119	166	126	10
Interval_1613	chr18	47172298	47172687	+	390	5	5	21	3	48	51	52	4
Interval_1614	chr18	47177028	47178213	+	1186	9	6	32	15	58	64	69	15
Interval_1615	chr18	47192383	47192945	+	563	2	3	36	11	58	52	58	11
Interval_1616	chr18	47219327	47219882	+	556	6	10	15	14	26	24	32	4
Interval_1617	chr18	47241089	47241403	+	315	2	2	8	5	24	10	16	6
Interval_1618	chr18	47248828	47249795	+	968	9	10	26	11	49	39	65	11
Interval_1619	chr18	47318723	47319057	+	335	6	5	13	12	23	26	34	28
Interval_1620	chr18	47321122	47321368	+	247	5	2	11	4	32	35	22	4
Interval_1621	chr18	47329740	47330875	+	1136	26	49	79	80	109	151	134	103
Interval_1622	chr18	47334384	47335107	+	724	50	37	23	56	29	23	44	203
Interval_1623	chr18	47336045	47336401	+	357	12	9	33	13	44	49	53	19
Interval_1624	chr18	47340249	47340643	+	395	22	16	6	24	7	8	9	74
Interval_1625	chr18	47341794	47342239	+	446	6	45	13	48	30	18	27	35
Interval_1626	chr18	47366376	47367423	+	1048	27	45	112	59	181	208	206	71
Interval_1627	chr18	47368639	47369495	+	857	51	43	170	78	315	339	370	85
Interval_1628	chr18	47369763	47370686	+	924	30	25	94	37	171	216	174	68
Interval_1629	chr18	47402278	47402527	+	250	3	1	9	1	16	10	10	3
Interval_1630	chr18	47436229	47436520	+	292	2	2	13	0	4	9	4	5
Interval_1631	chr18	47477872	47478220	+	349	3	4	14	4	13	8	10	1
Interval_1632	chr18	47495649	47495887	+	239	2	2	12	4	14	27	10	2
Interval_1633	chr18	47541903	47542174	+	272	3	0	8	5	15	23	13	3
Interval_1634	chr18	47567112	47567451	+	340	2	2	11	2	39	45	26	8
Interval_1635	chr18	47568386	47568931	+	546	2	3	29	1	49	51	48	4
Interval_1636	chr18	47569389	47569621	+	233	1	2	15	3	7	24	12	5
Interval_1637	chr18	47574543	47575325	+	783	4	6	35	5	38	61	60	5
Interval_1638	chr18	47585092	47586024	+	933	13	16	12	37	23	28	44	36
Interval_1639	chr18	47615621	47616377	+	757	3	4	12	11	27	37	34	9
Interval_1640	chr18	47631259	47631626	+	368	0	1	15	2	15	27	16	3
Interval_1641	chr18	47647066	47647427	+	362	4	2	13	3	24	14	9	5
Interval_1642	chr18	47671717	47672199	+	483	1	1	12	3	26	13	20	1
Interval_1643	chr18	47688541	47688855	+	315	1	2	9	3	5	13	11	5
Interval_1644	chr18	47689531	47690004	+	474	2	2	24	2	32	36	33	3
Interval_1645	chr18	47693522	47693817	+	296	3	2	6	3	12	9	15	1
Interval_1646	chr18	47745682	47746008	+	327	6	4	6	5	19	13	12	6
Interval_1647	chr18	47943435	47943720	+	286	1	4	16	1	10	11	14	1
Interval_1648	chr18	47958076	47958384	+	309	2	2	16	2	17	16	17	2
Interval_1649	chr18	47960340	47960709	+	370	1	0	19	0	25	40	33	1
Interval_1650	chr18	47961550	47961932	+	383	0	3	13	6	26	31	40	3
Interval_1651	chr18	48062922	48063173	+	252	0	2	7	1	8	10	2	1
Interval_1652	chr18	48063224	48063746	+	523	1	0	12	1	17	31	15	4
Interval_1653	chr18	48242621	48242914	+	294	0	3	10	4	16	12	21	2
Interval_1654	chr18	48277436	48277991	+	556	2	1	11	3	32	18	42	8
Interval_1655	chr18	48771318	48771802	+	485	6	2	12	8	23	10	16	7
Interval_1656	chr18	48958119	48958746	+	628	4	1	17	6	26	24	32	7
Interval_1657	chr18	49136575	49136820	+	246	0	2	10	2	14	8	9	9
Interval_1658	chr18	49137363	49137660	+	298	2	3	8	4	15	10	3	8
Interval_1659	chr18	49142831	49143412	+	582	3	3	33	2	19	44	35	8
Interval_1660	chr18	49217156	49218057	+	902	2	5	31	7	39	55	43	8
Interval_1661	chr18	49290513	49291274	+	762	7	3	24	5	54	61	54	7
Interval_1662	chr18	49291388	49292203	+	816	7	3	43	6	63	87	56	5
Interval_1663	chr18	49319556	49320275	+	720	2	3	14	1	61	42	65	4
Interval_1664	chr18	49331268	49331543	+	276	1	1	5	1	19	20	9	4
Interval_1665	chr18	49349787	49350108	+	322	3	0	6	2	8	18	11	4
Interval_1666	chr18	49403971	49404624	+	654	2	0	32	8	55	62	73	5
Interval_1667	chr18	49454383	49455110	+	728	3	0	18	7	40	44	48	5
Interval_1668	chr18	49488159	49488870	+	712	2	2	20	12	22	36	26	13
Interval_1669	chr18	49500774	49501314	+	541	7	8	20	6	44	43	34	14
Interval_1670	chr18	49543104	49543433	+	330	1	2	10	2	25	20	17	3
Interval_1671	chr18	49550235	49551464	+	1230	9	4	43	20	55	70	90	15
Interval_1672	chr18	49559012	49559797	+	786	4	6	95	13	129	148	158	9
Interval_1673	chr18	49592890	49593308	+	419	3	2	9	0	18	5	10	3
Interval_1674	chr18	49642220	49642485	+	266	2	4	9	1	8	14	21	6
Interval_1675	chr18	49643670	49643929	+	260	3	2	11	6	10	19	23	6
Interval_1676	chr18	49725323	49725864	+	542	8	8	39	8	46	69	50	17
Interval_1677	chr18	49755209	49756259	+	1051	831	897	326	1461	623	708	730	2624
Interval_1678	chr18	49770351	49770894	+	544	13	12	11	16	12	16	19	41
Interval_1679	chr18	49775855	49776565	+	711	13	19	17	16	42	41	62	39
Interval_1680	chr18	49777798	49779630	+	1833	543	519	44	774	64	52	97	1397
Interval_1681	chr18	49793928	49794179	+	252	3	1	14	8	7	4	6	8
Interval_1682	chr18	49811983	49812403	+	421	4	1	9	4	16	20	28	9
Interval_1683	chr18	49832164	49833189	+	1026	954	1091	331	1759	627	727	706	2851
Interval_1684	chr18	49838978	49839463	+	486	24	26	2	38	6	8	8	70
Interval_1685	chr18	49877966	49878319	+	354	5	3	3	5	8	13	2	7
Interval_1686	chr18	49915988	49916317	+	330	7	8	5	7	7	6	6	26
Interval_1687	chr18	49968513	49969108	+	596	23	22	17	42	31	39	31	69
Interval_1688	chr18	49978766	49980089	+	1324	327	324	313	556	459	571	479	1122
Interval_1689	chr18	49982172	49982687	+	516	91	77	21	116	19	23	30	250
Interval_1690	chr18	50004265	50004535	+	271	27	32	9	43	3	3	7	48
Interval_1691	chr18	50006434	50007057	+	624	14	14	18	20	39	28	37	27
Interval_1692	chr18	50008170	50008838	+	669	72	101	16	143	17	21	24	187
Interval_1693	chr18	50011737	50011957	+	221	10	13	6	18	12	18	23	23
Interval_1694	chr18	50017636	50018073	+	438	11	9	14	18	28	23	27	28
Interval_1695	chr18	50022353	50022889	+	537	25	27	11	38	15	21	29	86
Interval_1696	chr18	50028040	50028997	+	958	507	529	23	881	44	22	72	1599
Interval_1697	chr18	50031103	50031580	+	478	80	83	10	141	8	13	25	242
Interval_1698	chr18	50032560	50032902	+	343	39	43	13	66	22	28	24	156
Interval_1699	chr18	50034941	50035691	+	751	17	22	39	36	67	78	79	48
Interval_1700	chr18	50039217	50039513	+	297	10	9	5	9	5	10	10	29
Interval_1701	chr18	50042229	50042603	+	375	6	7	9	9	18	38	23	11
Interval_1702	chr18	50046285	50047154	+	870	8	17	42	28	90	96	87	43
Interval_1703	chr18	50052815	50054034	+	1220	57	90	106	110	210	216	211	160
Interval_1704	chr18	50064609	50065182	+	574	9	6	25	17	46	63	47	19
Interval_1705	chr18	50087315	50088115	+	801	16	10	21	12	23	33	28	34
Interval_1706	chr18	50097420	50097989	+	570	3	2	17	7	26	38	42	16
Interval_1707	chr18	50112329	50113190	+	862	10	10	29	18	54	75	61	40
Interval_1708	chr18	50127889	50128949	+	1061	86	90	71	122	159	196	190	235
Interval_1709	chr18	50129508	50129869	+	362	5	5	19	14	33	48	28	13
Interval_1710	chr18	50136850	50137102	+	253	3	2	10	10	18	20	10	8
Interval_1711	chr18	50229170	50229599	+	430	6	2	21	4	21	25	16	13
Interval_1712	chr18	50242263	50242505	+	243	3	0	6	1	15	23	12	0
Interval_1713	chr18	50250564	50250873	+	310	0	1	11	5	19	24	12	4
Interval_1714	chr18	50503752	50504291	+	540	4	7	13	12	17	18	24	32
Interval_1715	chr18	50703851	50704073	+	223	0	0	4	2	8	10	15	2
Interval_1716	chr18	50713480	50714672	+	1193	6	4	38	5	53	64	52	4
Interval_1717	chr18	50726573	50726948	+	376	2	0	7	2	23	11	11	6
Interval_1718	chr18	50753305	50753799	+	495	3	1	9	5	26	23	26	9
Interval_1719	chr18	50855596	50856521	+	926	4	5	54	5	114	156	119	7
Interval_1720	chr18	50865156	50865549	+	394	2	2	16	4	25	27	35	5
Interval_1721	chr18	50942810	50943064	+	255	4	3	3	6	11	19	12	2
Interval_1722	chr18	51117350	51119247	+	1898	49	55	101	89	153	173	148	102
Interval_1723	chr18	51130666	51130939	+	274	4	6	4	30	4	5	5	28
Interval_1724	chr18	51152145	51152670	+	526	1	5	8	7	13	27	16	11
Interval_1725	chr18	51155391	51155733	+	343	14	15	3	20	9	4	8	18
Interval_1726	chr18	51165048	51165525	+	478	16	32	6	56	11	8	9	48
Interval_1727	chr18	51266969	51267230	+	262	2	5	6	2	14	4	8	3
Interval_1728	chr18	51300080	51300482	+	403	3	4	3	4	28	13	8	16
Interval_1729	chr18	51496073	51496797	+	725	2	2	16	2	32	34	18	3
Interval_1730	chr18	51523196	51523730	+	535	5	1	12	8	27	33	39	12
Interval_1731	chr18	51574520	51575136	+	617	2	3	16	3	47	25	41	9
Interval_1732	chr18	51707805	51708346	+	542	2	1	9	2	20	25	26	1
Interval_1733	chr18	51758266	51758947	+	682	8	9	16	4	34	48	36	8
Interval_1734	chr18	51796592	51797141	+	550	23	20	15	23	15	12	14	47
Interval_1735	chr18	52146228	52146530	+	303	0	3	11	5	4	4	3	8
Interval_1736	chr18	52185037	52185383	+	347	2	1	10	3	18	14	19	7
Interval_1737	chr18	52339460	52339701	+	242	0	0	0	2	5	4	12	5
Interval_1738	chr18	52348865	52349162	+	298	3	1	16	3	16	21	17	4
Interval_1739	chr18	52409684	52410319	+	636	2	1	17	4	31	33	31	7
Interval_1740	chr18	52457733	52458209	+	477	6	2	4	5	8	26	17	7
Interval_1741	chr18	52465462	52466305	+	844	134	126	123	180	221	269	207	411
Interval_1742	chr18	52473931	52474234	+	304	2	2	5	1	12	7	10	6
Interval_1743	chr18	52484320	52484774	+	455	2	5	12	6	21	20	25	4
Interval_1744	chr18	52528472	52530040	+	1569	22	17	103	35	116	191	136	40
Interval_1745	chr18	52613225	52614379	+	1155	7	6	70	7	78	119	93	14
Interval_1746	chr18	52627309	52627648	+	340	8	2	2	1	6	17	10	3
Interval_1747	chr18	52636629	52636908	+	280	2	2	4	6	9	17	9	8
Interval_1748	chr18	52676942	52677596	+	655	1	4	24	0	18	33	24	9
Interval_1749	chr18	52746093	52746528	+	436	2	7	22	3	25	35	36	11
Interval_1750	chr18	52749772	52750487	+	716	20	21	39	38	45	64	63	47
Interval_1751	chr18	52767448	52769075	+	1628	17	16	115	34	211	278	228	29
Interval_1752	chr18	52786791	52787237	+	447	1	3	12	5	21	31	23	5
Interval_1753	chr18	52790496	52790953	+	458	13	8	10	26	12	11	16	34
Interval_1754	chr18	52791070	52792373	+	1304	1	11	44	14	62	96	85	21
Interval_1755	chr18	52799482	52800332	+	851	4	4	39	5	104	99	105	7
Interval_1756	chr18	52808075	52809500	+	1426	2	4	63	8	79	125	111	7
Interval_1757	chr18	52818359	52818978	+	620	5	5	27	3	25	39	21	6
Interval_1758	chr18	52825164	52825640	+	477	3	2	12	7	30	20	12	11
Interval_1759	chr18	52831261	52832432	+	1172	8	7	86	9	160	183	175	17
Interval_1760	chr18	52842417	52842699	+	283	4	5	4	1	10	21	22	5
Interval_1761	chr18	52860441	52861560	+	1120	6	2	51	7	54	88	62	12
Interval_1762	chr18	52908989	52909384	+	396	7	10	9	19	14	7	13	16
Interval_1763	chr18	52921712	52922444	+	733	3	3	18	5	45	60	59	6
Interval_1764	chr18	52941698	52942819	+	1122	4	9	52	10	63	114	77	17
Interval_1765	chr18	52956289	52956829	+	541	11	10	37	12	33	58	46	22
Interval_1766	chr18	52959986	52960294	+	309	2	1	16	2	31	22	18	5
Interval_1767	chr18	53017109	53017337	+	229	5	3	11	9	4	4	18	8
Interval_1768	chr18	53076435	53077432	+	998	9	5	30	7	35	53	39	13
Interval_1769	chr18	53099121	53099401	+	281	3	2	4	5	17	14	14	4
Interval_1770	chr18	53108283	53108692	+	410	3	2	16	4	31	32	29	9
Interval_1771	chr18	53138311	53138997	+	687	23	38	19	73	21	21	14	54
Interval_1772	chr18	53160970	53161888	+	919	23	23	14	52	24	20	22	68
Interval_1773	chr18	53175789	53177040	+	1252	258	290	194	432	274	339	283	1001
Interval_1774	chr18	53245180	53246034	+	855	34	64	119	77	148	218	171	93
Interval_1775	chr18	53250083	53250533	+	451	16	17	36	20	66	54	64	29
Interval_1776	chr18	53254663	53255076	+	414	5	8	5	13	11	9	9	26
Interval_1777	chr18	53264036	53264984	+	949	12	18	42	20	57	52	45	36
Interval_1778	chr18	53293491	53294110	+	620	12	7	25	13	30	47	36	14
Interval_1779	chr18	53309639	53309935	+	297	5	2	4	5	15	14	21	9
Interval_1780	chr18	53326762	53327199	+	438	2	4	9	7	15	19	8	5
Interval_1781	chr18	53340809	53341390	+	582	6	5	18	5	36	35	44	17
Interval_1782	chr18	53360149	53360767	+	619	6	1	10	6	27	16	29	6
Interval_1783	chr18	53361662	53361912	+	251	4	0	7	1	19	12	16	8
Interval_1784	chr18	53371585	53372815	+	1231	25	48	41	61	55	74	72	80
Interval_1785	chr18	53417094	53418456	+	1363	32	35	94	44	158	192	171	81
Interval_1786	chr18	53463639	53465153	+	1515	22	22	107	32	141	185	170	38
Interval_1787	chr18	53473172	53473895	+	724	6	8	33	9	38	44	48	17
Interval_1788	chr18	53486910	53487671	+	762	8	5	20	2	30	34	40	6
Interval_1789	chr18	53524745	53525339	+	595	5	1	18	3	25	24	27	2
Interval_1790	chr18	53536358	53536631	+	274	1	2	14	3	4	16	12	3
Interval_1791	chr18	53552470	53552808	+	339	4	3	16	1	13	11	15	5
Interval_1792	chr18	53567880	53568314	+	435	1	2	19	3	23	28	34	7
Interval_1793	chr18	53596556	53596954	+	399	3	3	9	8	20	29	22	4
Interval_1794	chr18	53597470	53598223	+	754	0	8	39	6	44	50	54	8
Interval_1795	chr18	53610226	53610629	+	404	0	4	15	1	19	25	15	3
Interval_1796	chr18	53647852	53648340	+	489	5	3	20	8	20	35	16	9
Interval_1797	chr18	53649590	53650139	+	550	4	2	18	5	22	30	32	13
Interval_1798	chr18	53692273	53692655	+	383	1	3	11	4	24	27	33	6
Interval_1799	chr18	53744114	53745488	+	1375	438	498	191	788	264	308	285	1509
Interval_1800	chr18	53855070	53855387	+	318	8	11	4	18	16	11	21	15
Interval_1801	chr18	53861413	53863094	+	1682	283	287	220	437	300	338	290	868
Interval_1802	chr18	53904258	53904599	+	342	5	7	11	6	23	29	26	15
Interval_1803	chr18	53943598	53943841	+	244	2	5	3	4	7	10	16	6
Interval_1804	chr18	53965100	53966039	+	940	8	6	26	13	36	54	35	16
Interval_1805	chr18	53990054	53990347	+	294	3	1	8	1	12	16	20	7
Interval_1806	chr18	53993954	53994411	+	458	4	3	11	1	20	17	10	8
Interval_1807	chr18	54092763	54093044	+	282	2	0	7	3	11	6	16	6
Interval_1808	chr18	54119100	54120054	+	955	5	5	47	9	53	73	55	21
Interval_1809	chr18	54125193	54126300	+	1108	8	7	58	7	65	78	77	12
Interval_1810	chr18	54174904	54175827	+	924	6	3	18	8	33	49	47	20
Interval_1811	chr18	54178463	54178781	+	319	1	4	15	1	20	21	13	3
Interval_1812	chr18	54253237	54253589	+	353	4	8	1	16	4	5	7	9
Interval_1813	chr18	54277594	54278315	+	722	2	2	36	4	41	36	33	4
Interval_1814	chr18	54342198	54342751	+	554	3	6	15	9	20	17	29	13
Interval_1815	chr18	54343126	54343342	+	217	4	4	7	5	7	18	7	13
Interval_1816	chr18	54374279	54374515	+	237	2	1	11	5	15	21	8	2
Interval_1817	chr18	54394591	54394953	+	363	13	5	3	9	7	4	1	25
Interval_1818	chr18	54422034	54422777	+	744	192	170	3	335	15	7	19	595
Interval_1819	chr18	54436365	54437973	+	1609	137	173	12	270	23	17	26	461
Interval_1820	chr18	54452591	54453224	+	634	10	4	27	12	30	47	36	14
Interval_1821	chr18	54468772	54469243	+	472	46	32	1	66	5	1	7	139
Interval_1822	chr18	54482451	54482855	+	405	11	10	9	16	23	20	20	27
Interval_1823	chr18	54492870	54493098	+	229	0	1	1	0	3	13	8	0
Interval_1824	chr18	54502324	54502749	+	426	1	5	15	5	11	16	21	4
Interval_1825	chr18	54542245	54542673	+	429	4	2	10	4	13	19	13	10
Interval_1826	chr18	54595264	54596010	+	747	12	9	5	22	8	6	10	56
Interval_1827	chr18	54602812	54603082	+	271	14	11	5	23	6	14	7	46
Interval_1828	chr18	54610768	54611187	+	420	6	5	21	5	15	29	25	7
Interval_1829	chr18	54613795	54614112	+	318	15	10	9	16	18	24	13	48
Interval_1830	chr18	54626367	54627613	+	1247	39	39	11	66	17	11	16	153
Interval_1831	chr18	54656467	54657142	+	676	22	19	6	26	6	7	9	99
Interval_1832	chr18	54807425	54807727	+	303	1	1	4	4	12	20	6	12
Interval_1833	chr18	54815671	54816018	+	348	19	9	11	9	8	10	6	46
Interval_1834	chr18	54828033	54828988	+	956	10	13	22	26	41	67	39	35
Interval_1835	chr18	54831602	54831978	+	377	14	9	4	15	7	8	13	43
Interval_1836	chr18	54846527	54847533	+	1007	28	74	55	95	77	74	79	97
Interval_1837	chr18	54885199	54885496	+	298	6	12	8	14	9	15	10	16
Interval_1838	chr18	54900024	54900245	+	222	5	7	15	13	14	18	31	9
Interval_1839	chr18	54900558	54900779	+	222	6	13	22	13	20	20	36	16
Interval_1840	chr18	54901808	54902821	+	1014	27	51	104	59	125	163	124	113
Interval_1841	chr18	54906246	54907249	+	1004	30	53	41	91	87	62	88	137
Interval_1842	chr18	54911454	54911978	+	525	7	6	44	15	91	92	94	9
Interval_1843	chr18	54912282	54912936	+	655	4	7	37	14	63	49	55	14
Interval_1844	chr18	54918058	54918309	+	252	4	3	6	9	9	6	10	4
Interval_1845	chr18	54933728	54934111	+	384	3	7	9	14	24	13	15	20
Interval_1846	chr18	54934324	54934820	+	497	1	2	26	7	26	45	28	5
Interval_1847	chr18	54937546	54938079	+	534	5	8	4	25	9	10	12	16
Interval_1848	chr18	54940574	54941352	+	779	1	2	18	7	38	52	27	7
Interval_1849	chr18	54948257	54948696	+	440	2	2	21	7	20	29	30	8
Interval_1850	chr18	54952057	54952860	+	804	9	18	68	15	74	97	83	18
Interval_1851	chr18	54953857	54954415	+	559	8	27	24	42	22	38	39	19
Interval_1852	chr18	54970871	54971160	+	290	14	8	9	29	6	8	18	23
Interval_1853	chr18	54978391	54979186	+	796	14	11	28	17	43	54	49	27
Interval_1854	chr18	54985529	54986010	+	482	6	7	29	17	38	47	39	14
Interval_1855	chr18	54990189	54991227	+	1039	21	20	57	31	73	91	81	81
Interval_1856	chr18	54992007	54993146	+	1140	74	104	122	155	125	173	144	283
Interval_1857	chr18	55015232	55016132	+	901	3	6	37	13	43	50	35	15
Interval_1858	chr18	55040520	55041144	+	625	7	17	25	26	36	39	43	23
Interval_1859	chr18	55042369	55042965	+	597	6	13	16	22	31	27	37	21
Interval_1860	chr18	55095928	55096237	+	310	5	9	8	15	13	7	12	15
Interval_1861	chr18	55106737	55107592	+	856	69	56	10	81	25	17	29	201
Interval_1862	chr18	55120009	55120264	+	256	2	2	15	1	24	26	17	4
Interval_1863	chr18	55133717	55134629	+	913	97	105	41	156	55	49	53	397
Interval_1864	chr18	55142542	55142906	+	365	0	0	16	6	9	2	7	5
Interval_1865	chr18	55187671	55187965	+	295	3	3	15	3	5	9	13	3
Interval_1866	chr18	55209724	55210530	+	807	5	4	63	7	58	115	86	14
Interval_1867	chr18	55256946	55257276	+	331	7	3	16	4	20	27	25	10
Interval_1868	chr18	55258500	55259016	+	517	1	6	31	11	28	44	43	12
Interval_1869	chr18	55260003	55260466	+	464	3	2	28	4	26	46	29	7
Interval_1870	chr18	55289980	55290233	+	254	1	2	5	2	14	11	10	2
Interval_1871	chr18	55291223	55291508	+	286	0	0	7	1	10	18	7	5
Interval_1872	chr18	55309727	55309963	+	237	1	0	4	0	11	4	4	4
Interval_1873	chr18	55341739	55342199	+	461	3	1	17	3	24	35	22	5
Interval_1874	chr18	55361161	55361396	+	236	0	2	8	1	13	17	26	3
Interval_1875	chr18	55377683	55378144	+	462	4	2	19	3	30	46	37	10
Interval_1876	chr18	55379502	55379728	+	227	2	2	4	1	10	9	16	7
Interval_1877	chr18	55393231	55393480	+	250	2	3	8	6	13	20	12	12
Interval_1878	chr18	55405340	55405930	+	591	5	4	33	9	30	40	26	14
Interval_1879	chr18	55409300	55409631	+	332	11	11	5	24	5	6	6	32
Interval_1880	chr18	55490397	55491241	+	845	8	6	47	14	47	53	59	21
Interval_1881	chr18	55497563	55497818	+	256	5	4	7	10	9	14	13	8
Interval_1882	chr18	55500354	55500716	+	363	2	2	7	2	23	18	25	8
Interval_1883	chr18	55547202	55547638	+	437	4	7	12	8	26	43	30	10
Interval_1884	chr18	55548534	55550249	+	1716	23	11	126	23	177	179	168	53
Interval_1885	chr18	55569525	55570414	+	890	16	13	9	24	9	8	9	78
Interval_1886	chr18	55623482	55624650	+	1169	9	6	97	10	93	139	88	17
Interval_1887	chr18	55640185	55640472	+	288	3	1	19	4	13	18	21	0
Interval_1888	chr18	55688117	55688910	+	794	8	3	21	18	34	19	25	12
Interval_1889	chr18	55695130	55695427	+	298	4	1	15	5	14	27	21	6
Interval_1890	chr18	55718527	55719003	+	477	11	7	1	18	5	2	2	30
Interval_1891	chr18	55733507	55733973	+	467	4	3	22	4	20	22	23	4
Interval_1892	chr18	55763153	55764280	+	1128	5	3	60	7	91	120	93	5
Interval_1893	chr18	55793304	55793641	+	338	4	2	6	2	6	14	17	7
Interval_1894	chr18	55793745	55794495	+	751	8	2	13	4	35	23	28	13
Interval_1895	chr18	55815666	55816565	+	900	11	12	93	16	106	156	106	14
Interval_1896	chr18	55985340	55985827	+	488	3	0	21	3	21	26	18	5
Interval_1897	chr18	56026252	56026502	+	251	5	4	7	14	13	7	9	9
Interval_1898	chr18	56138310	56138706	+	397	7	17	5	37	6	5	7	20
Interval_1899	chr18	56250890	56251388	+	499	1	2	15	3	18	37	25	3
Interval_1900	chr18	56368813	56369593	+	781	2	3	42	7	48	61	40	5
Interval_1901	chr18	56378022	56378370	+	349	3	6	18	8	23	31	17	15
Interval_1902	chr18	56399915	56400586	+	672	12	29	11	27	16	12	34	39
Interval_1903	chr18	56431309	56432599	+	1291	49	70	210	111	296	338	320	126
Interval_1904	chr18	56442272	56442553	+	282	1	2	17	3	2	0	5	2
Interval_1905	chr18	56452193	56452697	+	505	12	17	8	25	14	5	7	29
Interval_1906	chr18	56455542	56455900	+	359	3	5	13	8	23	15	27	7
Interval_1907	chr18	56494563	56494849	+	287	1	1	1	1	22	18	15	2
Interval_1908	chr18	56537617	56538087	+	471	3	6	9	11	26	21	9	11
Interval_1909	chr18	56561812	56562998	+	1187	98	125	226	222	270	338	302	314
Interval_1910	chr18	56572195	56573803	+	1609	158	165	143	245	180	226	209	496
Interval_1911	chr18	56589529	56589900	+	372	5	3	8	7	7	19	12	11
Interval_1912	chr18	56607887	56608177	+	291	6	6	8	11	4	7	7	24
Interval_1913	chr18	56620505	56620833	+	329	1	1	10	6	9	15	8	6
Interval_1914	chr18	56622100	56622723	+	624	10	3	24	17	25	24	43	26
Interval_1915	chr18	56676212	56676819	+	608	3	6	27	8	24	25	32	18
Interval_1916	chr18	56683181	56683574	+	394	3	4	14	5	17	26	25	6
Interval_1917	chr18	56695741	56695963	+	223	1	3	15	6	6	6	3	2
Interval_1918	chr18	56707331	56709114	+	1784	568	730	346	1262	492	556	549	2093
Interval_1919	chr18	56715830	56716493	+	664	21	39	15	59	37	27	44	51
Interval_1920	chr18	56717591	56718041	+	451	8	12	10	15	32	23	27	28
Interval_1921	chr18	56754440	56755103	+	664	5	14	66	16	38	63	49	18
Interval_1922	chr18	56763473	56763712	+	240	5	5	17	6	22	16	21	6
Interval_1923	chr18	56774147	56774718	+	572	11	14	38	25	32	59	35	23
Interval_1924	chr18	56776569	56776868	+	300	15	14	9	17	12	11	13	47
Interval_1925	chr18	56796259	56796623	+	365	11	11	6	14	19	10	19	30
Interval_1926	chr18	56805785	56806126	+	342	4	4	25	4	26	38	23	8
Interval_1927	chr18	56809984	56810365	+	382	6	11	22	8	44	45	35	13
Interval_1928	chr18	56840320	56840936	+	617	19	16	6	42	8	11	11	47
Interval_1929	chr18	56851427	56851912	+	486	22	38	5	39	7	2	7	60
Interval_1930	chr18	56870429	56871741	+	1313	431	570	16	1013	39	33	76	1348
Interval_1931	chr18	56883594	56884258	+	665	21	29	11	47	22	11	15	62
Interval_1932	chr18	56886217	56886789	+	573	8	12	16	16	27	23	30	25
Interval_1933	chr18	56893572	56893891	+	320	52	63	1	82	6	6	7	121
Interval_1934	chr18	56897620	56898671	+	1052	241	295	8	537	18	5	25	772
Interval_1935	chr18	56903467	56904969	+	1503	90	107	6	186	8	14	21	339
Interval_1936	chr18	56907278	56907905	+	628	4	9	26	14	34	50	30	20
Interval_1937	chr18	56924901	56926201	+	1301	749	876	255	1688	452	530	567	2439
Interval_1938	chr18	56943590	56943805	+	216	0	3	12	3	4	4	3	6
Interval_1939	chr18	56964725	56965196	+	472	4	2	21	3	10	26	10	10
Interval_1940	chr18	56974749	56975661	+	913	77	107	38	166	45	47	65	263
Interval_1941	chr18	56977495	56978466	+	972	377	545	19	947	30	23	44	1585
Interval_1942	chr18	56998840	56999187	+	348	0	2	4	4	8	18	14	3
Interval_1943	chr18	57029671	57030074	+	404	8	7	5	13	13	7	19	31
Interval_1944	chr18	57084908	57086154	+	1247	119	179	59	339	70	87	63	425
Interval_1945	chr18	57126376	57126641	+	266	1	0	8	2	1	14	9	7
Interval_1946	chr18	57132843	57133530	+	688	9	10	42	13	42	90	63	15
Interval_1947	chr18	57261741	57262768	+	1028	4	4	50	4	71	83	84	11
Interval_1948	chr18	57275305	57275641	+	337	3	5	2	5	6	8	19	6
Interval_1949	chr18	57354540	57355345	+	806	87	123	82	154	130	151	154	260
Interval_1950	chr18	57386193	57387139	+	947	8	10	75	11	76	142	113	9
Interval_1951	chr18	57400670	57401010	+	341	4	1	18	8	15	28	22	13
Interval_1952	chr18	57405313	57405600	+	288	2	2	12	2	11	28	20	3
Interval_1953	chr18	57407772	57408071	+	300	0	2	12	5	9	19	13	13
Interval_1954	chr18	57430834	57431305	+	472	4	2	22	1	26	25	19	1
Interval_1955	chr18	57452729	57453061	+	333	2	2	9	1	16	22	10	1
Interval_1956	chr18	57465270	57465792	+	523	4	2	29	4	39	55	67	8
Interval_1957	chr18	57468371	57468918	+	548	1	1	27	5	52	58	40	6
Interval_1958	chr18	57482523	57482761	+	239	0	3	12	3	12	10	15	2
Interval_1959	chr18	57522795	57523148	+	354	2	1	5	0	7	12	6	3
Interval_1960	chr18	57540435	57540925	+	491	2	5	6	7	10	18	27	6
Interval_1961	chr18	57543356	57543723	+	368	2	5	5	0	21	33	12	0
Interval_1962	chr18	57562839	57563629	+	791	5	6	48	12	35	63	74	19
Interval_1963	chr18	57568143	57568391	+	249	0	2	17	4	29	32	20	5
Interval_1964	chr18	57570357	57570944	+	588	0	1	21	5	30	58	34	6
Interval_1965	chr18	57588205	57588491	+	287	5	1	21	4	12	14	12	3
Interval_1966	chr18	57608114	57608717	+	604	2	2	27	2	44	46	48	4
Interval_1967	chr18	57609475	57609845	+	371	1	1	15	6	34	31	38	3
Interval_1968	chr18	57698149	57698606	+	458	6	2	10	6	22	24	27	8
Interval_1969	chr18	57750893	57751287	+	395	4	4	19	4	25	29	26	3
Interval_1970	chr18	57778120	57778372	+	253	4	4	7	5	22	22	10	6
Interval_1971	chr18	57785902	57786726	+	825	5	10	32	14	54	67	50	18
Interval_1972	chr18	57823879	57824667	+	789	4	7	33	6	47	50	40	10
Interval_1973	chr18	57836974	57837459	+	486	14	21	8	47	8	10	12	117
Interval_1974	chr18	57850970	57851855	+	886	2	3	42	4	69	89	70	4
Interval_1975	chr18	57854309	57855028	+	720	3	4	56	5	71	114	67	6
Interval_1976	chr18	57858380	57858597	+	218	2	2	10	4	19	29	27	4
Interval_1977	chr18	57877851	57879953	+	2103	180	192	232	226	360	470	436	547
Interval_1978	chr18	57961236	57961459	+	224	0	1	5	3	6	7	11	5
Interval_1979	chr18	57965507	57965873	+	367	4	4	13	6	23	14	14	12
Interval_1980	chr18	58017054	58017529	+	476	8	11	6	27	6	13	11	40
Interval_1981	chr18	58027693	58028148	+	456	5	3	20	8	11	12	9	4
Interval_1982	chr18	58033454	58033693	+	240	7	2	18	5	18	14	25	11
Interval_1983	chr18	58052702	58054221	+	1520	9	5	65	7	139	131	120	13
Interval_1984	chr18	58067561	58068243	+	683	5	2	43	7	55	58	57	7
Interval_1985	chr18	58081332	58081872	+	541	2	2	9	3	17	21	26	8
Interval_1986	chr18	58107891	58108152	+	262	2	4	16	5	8	11	14	3
Interval_1987	chr18	58159204	58159667	+	464	7	5	11	7	16	22	19	12
Interval_1988	chr18	58160750	58161327	+	578	12	16	5	38	11	10	10	83
Interval_1989	chr18	58187634	58187864	+	231	2	0	11	0	16	24	14	0
Interval_1990	chr18	58204301	58204743	+	443	3	1	32	7	40	62	44	7
Interval_1991	chr18	58209192	58211389	+	2198	19	28	281	36	419	547	460	48
Interval_1992	chr18	58302168	58302854	+	687	7	3	11	10	15	30	22	8
Interval_1993	chr18	58375587	58376463	+	877	6	3	24	5	30	53	26	12
Interval_1994	chr18	58385158	58385602	+	445	2	5	15	5	20	38	38	3
Interval_1995	chr18	58394519	58395926	+	1408	6	4	47	11	59	72	63	15
Interval_1996	chr18	58404605	58404896	+	292	2	1	7	2	5	17	14	7
Interval_1997	chr18	58445061	58445307	+	247	1	0	4	3	16	16	20	2
Interval_1998	chr18	58455284	58455813	+	530	4	0	57	5	61	91	76	7
Interval_1999	chr18	58461157	58461430	+	274	0	3	10	4	5	5	3	2
Interval_2000	chr18	58466355	58467035	+	681	6	0	18	5	30	33	41	3
Interval_2001	chr18	58475558	58475999	+	442	1	2	5	5	15	19	25	5
Interval_2002	chr18	58482390	58482916	+	527	3	5	18	8	17	20	31	17
Interval_2003	chr18	58483086	58483517	+	432	3	2	10	4	31	19	24	9
Interval_2004	chr18	58502790	58503092	+	303	1	0	6	0	5	8	19	3
Interval_2005	chr18	58509842	58510128	+	287	2	0	5	1	10	14	10	1
Interval_2006	chr18	58520321	58520837	+	517	2	1	23	8	28	39	30	4
Interval_2007	chr18	58555535	58556490	+	956	12	14	137	24	247	295	275	33
Interval_2008	chr18	58561216	58561519	+	304	0	3	7	4	20	18	15	5
Interval_2009	chr18	58561771	58562147	+	377	3	1	13	0	18	16	14	4
Interval_2010	chr18	58562547	58562807	+	261	2	1	2	1	15	6	8	1
Interval_2011	chr18	58570224	58571172	+	949	3	2	10	6	36	27	38	8
Interval_2012	chr18	58614515	58615058	+	544	8	7	17	13	28	16	34	18
Interval_2013	chr18	58618603	58618822	+	220	0	4	8	4	9	14	19	4
Interval_2014	chr18	58659128	58660497	+	1370	153	173	99	237	182	198	170	545
Interval_2015	chr18	58671007	58671518	+	512	20	20	11	28	7	11	12	57
Interval_2016	chr18	58703605	58703939	+	335	0	3	7	2	18	30	16	8
Interval_2017	chr18	58741931	58742659	+	729	2	4	30	3	62	67	74	4
Interval_2018	chr18	58810969	58811618	+	650	4	2	12	2	17	25	29	8
Interval_2019	chr18	58835865	58838038	+	2174	21	14	182	40	230	334	289	58
Interval_2020	chr18	58889769	58890047	+	279	0	0	5	1	12	11	8	3
Interval_2021	chr18	59061885	59063302	+	1418	8	4	65	12	88	128	125	11
Interval_2022	chr18	59076846	59077798	+	953	7	5	70	7	80	114	101	10
Interval_2023	chr18	59078061	59078338	+	278	4	2	17	8	35	42	45	11
Interval_2024	chr18	59087675	59088041	+	367	8	20	12	14	7	5	4	15
Interval_2025	chr18	59174680	59176316	+	1637	76	127	221	144	413	520	432	204
Interval_2026	chr18	59198388	59198940	+	553	10	16	8	17	13	13	25	29
Interval_2027	chr18	59237331	59237745	+	415	5	2	5	4	19	23	26	1
Interval_2028	chr18	59352396	59352826	+	431	3	2	16	2	18	35	21	6
Interval_2029	chr18	59421677	59422232	+	556	37	59	9	48	8	3	13	131
Interval_2030	chr18	59422986	59424014	+	1029	54	66	19	70	41	49	44	214
Interval_2031	chr18	59792196	59792577	+	382	4	3	15	4	30	23	21	6
Interval_2032	chr18	59809607	59810100	+	494	4	2	19	3	35	28	17	7
Interval_2033	chr18	59967374	59967653	+	280	1	0	5	2	4	15	9	1
Interval_2034	chr18	60065262	60065870	+	609	5	2	14	5	22	28	36	5
Interval_2035	chr18	60202677	60202893	+	217	6	2	5	6	3	12	3	7
Interval_2036	chr18	60272980	60273397	+	418	4	3	10	3	15	16	24	6
Interval_2037	chr18	60292984	60293627	+	644	2	2	22	7	41	48	41	9
Interval_2038	chr18	60375304	60376219	+	916	5	6	32	6	50	84	62	12
Interval_2039	chr18	60382387	60382758	+	372	4	3	5	3	18	13	18	11
Interval_2040	chr18	60438769	60439637	+	869	6	3	43	10	66	77	77	11
Interval_2041	chr18	60462428	60462742	+	315	6	8	20	11	16	12	16	22
Interval_2042	chr18	60468509	60468799	+	291	3	4	6	1	10	4	4	24
Interval_2043	chr18	60480937	60481785	+	849	27	19	34	36	28	38	44	77
Interval_2044	chr18	60482769	60483341	+	573	9	10	23	8	33	47	23	27
Interval_2045	chr18	60500268	60503106	+	2839	768	842	188	1254	328	311	335	2402
Interval_2046	chr18	60507152	60507631	+	480	66	72	4	102	7	6	10	197
Interval_2047	chr18	60513123	60513666	+	544	3	5	34	3	39	41	43	12
Interval_2048	chr18	60514066	60514614	+	549	6	2	17	5	30	40	26	10
Interval_2049	chr18	60516898	60517817	+	920	52	41	9	63	15	15	25	154
Interval_2050	chr18	60519953	60520465	+	513	15	18	17	28	48	51	40	41
Interval_2051	chr18	60522959	60523715	+	757	88	68	19	160	29	21	27	253
Interval_2052	chr18	60524305	60524586	+	282	10	10	15	18	13	14	15	35
Interval_2053	chr18	60560213	60561665	+	1453	214	248	157	298	207	274	271	700
Interval_2054	chr18	60595777	60596707	+	931	54	64	125	97	128	199	171	180
Interval_2055	chr18	60600278	60600758	+	481	7	7	40	10	64	59	74	20
Interval_2056	chr18	60604256	60605006	+	751	46	80	25	107	35	37	44	117
Interval_2057	chr18	60606086	60606581	+	496	25	31	56	38	99	82	114	49
Interval_2058	chr18	60623495	60624580	+	1086	33	45	70	60	79	116	117	57
Interval_2059	chr18	60625475	60625711	+	237	3	2	23	7	16	22	22	10
Interval_2060	chr18	60643708	60643934	+	227	5	8	27	8	26	31	28	13
Interval_2061	chr18	60648039	60649466	+	1428	48	67	108	95	123	177	134	102
Interval_2062	chr18	60651971	60652410	+	440	4	10	27	16	44	43	64	28
Interval_2063	chr18	60663806	60664534	+	729	16	17	71	23	96	120	112	30
Interval_2064	chr18	60669646	60670021	+	376	6	7	22	14	26	30	43	17
Interval_2065	chr18	60670470	60671174	+	705	9	7	52	14	42	63	42	17
Interval_2066	chr18	60680459	60681338	+	880	13	20	54	38	51	80	51	64
Interval_2067	chr18	60698819	60699969	+	1151	40	62	28	122	28	24	27	106
Interval_2068	chr18	60706067	60706354	+	288	6	7	16	15	14	40	12	15
Interval_2069	chr18	60709110	60710748	+	1639	114	103	46	188	78	71	71	413
Interval_2070	chr18	60712132	60712706	+	575	13	15	42	32	55	54	64	41
Interval_2071	chr18	60718206	60718492	+	287	7	2	13	7	30	25	23	9
Interval_2072	chr18	60718557	60718841	+	285	9	6	24	16	31	43	35	12
Interval_2073	chr18	60722475	60723541	+	1067	49	74	39	113	36	46	49	118
Interval_2074	chr18	60727561	60727962	+	402	23	52	19	85	54	36	52	62
Interval_2075	chr18	60735383	60735884	+	502	9	16	36	24	50	66	53	34
Interval_2076	chr18	60746922	60747323	+	402	21	23	27	38	42	56	36	57
Interval_2077	chr18	60747532	60749284	+	1753	47	64	173	107	248	303	261	125
Interval_2078	chr18	60761641	60762550	+	910	24	32	32	39	32	37	47	93
Interval_2079	chr18	60766930	60767362	+	433	11	12	24	18	21	29	26	30
Interval_2080	chr18	60774082	60775223	+	1142	181	204	142	272	216	275	279	594
Interval_2081	chr18	60779671	60780573	+	903	26	20	44	29	33	43	36	77
Interval_2082	chr18	60787195	60787465	+	271	8	9	27	19	25	35	25	26
Interval_2083	chr18	60795777	60795995	+	219	3	2	14	1	7	4	1	3
Interval_2084	chr18	60806530	60807111	+	582	9	12	27	15	20	42	21	21
Interval_2085	chr18	60811960	60812725	+	766	13	11	59	18	66	63	51	22
Interval_2086	chr18	60823036	60823283	+	248	2	5	10	13	15	27	11	14
Interval_2087	chr18	60832784	60833114	+	331	4	9	2	9	13	7	21	18
Interval_2088	chr18	60848198	60849468	+	1271	128	170	194	233	226	293	275	472
Interval_2089	chr18	60901312	60901642	+	331	3	2	20	5	21	28	25	2
Interval_2090	chr18	60905697	60906205	+	509	3	3	8	2	29	19	41	10
Interval_2091	chr18	60911452	60912313	+	862	16	13	54	11	80	93	70	25
Interval_2092	chr18	60913651	60913937	+	287	0	4	11	4	41	21	41	3
Interval_2093	chr18	60947439	60948994	+	1556	48	103	101	138	112	111	105	109
Interval_2094	chr18	60950739	60950957	+	219	2	4	16	2	12	34	20	9
Interval_2095	chr18	60952233	60952625	+	393	0	9	43	13	50	42	49	23
Interval_2096	chr18	60952776	60952997	+	222	5	6	11	4	21	23	20	9
Interval_2097	chr18	60962919	60964175	+	1257	18	18	81	35	98	161	115	40
Interval_2098	chr18	60977831	60978728	+	898	28	37	93	35	93	113	90	55
Interval_2099	chr18	60989153	60989468	+	316	8	11	35	13	36	34	36	16
Interval_2100	chr18	61013807	61014193	+	387	6	4	18	2	26	32	21	3
Interval_2101	chr18	61025411	61025996	+	586	8	10	22	17	56	62	79	20
Interval_2102	chr18	61035857	61036085	+	229	3	3	10	6	14	23	23	6
Interval_2103	chr18	61039562	61039993	+	432	15	11	35	15	35	39	41	26
Interval_2104	chr18	61045045	61045637	+	593	12	14	75	23	78	86	70	20
Interval_2105	chr18	61054435	61054841	+	407	9	4	54	21	61	85	70	22
Interval_2106	chr18	61056524	61056825	+	302	4	8	26	11	25	32	41	11
Interval_2107	chr18	61058444	61058903	+	460	12	31	41	42	61	69	67	51
Interval_2108	chr18	61068132	61068550	+	419	9	9	31	13	30	30	22	21
Interval_2109	chr18	61076552	61076784	+	233	7	5	6	6	4	7	15	5
Interval_2110	chr18	61077255	61078082	+	828	16	16	20	37	21	16	20	70
Interval_2111	chr18	61091982	61092462	+	481	4	3	17	11	46	25	38	11
Interval_2112	chr18	61107911	61108895	+	985	31	42	31	59	31	34	33	70
Interval_2113	chr18	61144993	61145432	+	440	4	4	10	6	25	31	21	8
Interval_2114	chr18	61147364	61147589	+	226	2	4	8	5	6	15	3	4
Interval_2115	chr18	61155006	61155412	+	407	47	41	10	67	7	11	10	156
Interval_2116	chr18	61162366	61162633	+	268	4	6	4	4	5	6	14	7
Interval_2117	chr18	61176376	61177582	+	1207	159	188	155	233	204	244	236	528
Interval_2118	chr18	61189972	61190177	+	206	5	3	17	7	10	8	11	8
Interval_2119	chr18	61198526	61199018	+	493	4	3	10	3	19	19	23	12
Interval_2120	chr18	61211011	61212122	+	1112	239	265	134	464	184	210	225	805
Interval_2121	chr18	61220082	61220547	+	466	15	18	5	35	12	13	9	62
Interval_2122	chr18	61256655	61257468	+	814	7	9	27	4	18	29	32	16
Interval_2123	chr18	61277890	61279331	+	1442	188	228	18	375	29	24	38	712
Interval_2124	chr18	61283223	61283532	+	310	3	0	7	3	10	9	20	8
Interval_2125	chr18	61287101	61287435	+	335	6	8	5	19	6	6	12	16
Interval_2126	chr18	61294082	61294417	+	336	2	7	11	7	9	21	10	13
Interval_2127	chr18	61305352	61305616	+	265	10	10	2	11	2	5	5	37
Interval_2128	chr18	61313703	61314385	+	683	17	10	28	24	42	39	40	54
Interval_2129	chr18	61331117	61331350	+	234	14	11	12	17	26	18	15	38
Interval_2130	chr18	61331687	61332254	+	568	10	19	24	30	59	48	68	37
Interval_2131	chr18	61335716	61336435	+	720	6	9	49	11	76	91	74	20
Interval_2132	chr18	61350685	61350980	+	296	3	4	16	9	16	10	24	10
Interval_2133	chr18	61360029	61361102	+	1074	19	27	73	29	120	148	154	34
Interval_2134	chr18	61362539	61362870	+	332	22	20	12	30	13	14	9	71
Interval_2135	chr18	61368072	61368866	+	795	14	10	55	16	67	72	86	26
Interval_2136	chr18	61373869	61374548	+	680	7	21	23	29	31	58	64	22
Interval_2137	chr18	61376087	61376437	+	351	4	2	12	7	15	23	18	17
Interval_2138	chr18	61397744	61398241	+	498	10	15	66	22	61	67	56	57
Interval_2139	chr18	61398471	61400771	+	2301	162	174	261	282	339	384	317	597
Interval_2140	chr18	61408691	61409267	+	577	3	0	18	8	40	36	45	4
Interval_2141	chr18	61415924	61417170	+	1247	33	21	70	36	85	94	92	115
Interval_2142	chr18	61421584	61422012	+	429	2	6	18	6	33	25	34	4
Interval_2143	chr18	61438030	61438443	+	414	1	21	5	32	6	6	8	9
Interval_2144	chr18	61446791	61447133	+	343	4	4	8	6	8	8	22	8
Interval_2145	chr18	61452356	61452919	+	564	3	8	14	4	10	29	29	10
Interval_2146	chr18	61489224	61489876	+	653	19	21	69	28	40	75	54	48
Interval_2147	chr18	61498270	61498573	+	304	4	7	12	13	22	32	16	16
Interval_2148	chr18	61501807	61502136	+	330	5	6	23	7	15	22	32	9
Interval_2149	chr18	61505372	61506015	+	644	100	106	12	144	27	24	33	384
Interval_2150	chr18	61536029	61537099	+	1071	10	11	63	16	58	67	88	25
Interval_2151	chr18	61544732	61545112	+	381	6	7	12	8	26	21	29	13
Interval_2152	chr18	61548977	61549317	+	341	8	7	25	9	10	27	12	14
Interval_2153	chr18	61554717	61555754	+	1038	449	450	242	855	314	375	374	1401
Interval_2154	chr18	61592202	61592469	+	268	7	6	15	9	11	12	20	8
Interval_2155	chr18	61594879	61595149	+	271	4	0	7	7	2	18	4	7
Interval_2156	chr18	61609685	61610212	+	528	6	7	29	10	35	44	39	13
Interval_2157	chr18	61619292	61619913	+	622	1	6	17	14	26	32	32	11
Interval_2158	chr18	61626308	61626842	+	535	20	17	17	30	15	14	17	61
Interval_2159	chr18	61632415	61633085	+	671	17	32	23	58	47	51	61	66
Interval_2160	chr18	61637651	61638472	+	822	21	25	68	59	75	94	78	81
Interval_2161	chr18	61639740	61639959	+	220	6	8	22	8	39	29	40	9
Interval_2162	chr18	61643614	61644253	+	640	20	16	62	23	60	110	75	41
Interval_2163	chr18	61647319	61647580	+	262	11	4	31	11	22	42	28	21
Interval_2164	chr18	61653008	61654018	+	1011	30	19	313	58	366	536	475	40
Interval_2165	chr18	61660151	61660390	+	240	5	8	17	6	30	28	39	7
Interval_2166	chr18	61665041	61666774	+	1734	30	28	169	43	222	267	240	68
Interval_2167	chr18	61675762	61676132	+	371	6	27	25	33	25	32	19	23
Interval_2168	chr18	61679552	61680034	+	483	16	37	11	54	10	8	18	51
Interval_2169	chr18	61684759	61685314	+	556	17	16	49	20	48	76	68	45
Interval_2170	chr18	61697119	61697548	+	430	28	18	14	24	19	18	6	78
Interval_2171	chr18	61706962	61708110	+	1149	215	188	173	330	251	355	298	630
Interval_2172	chr18	61725808	61726713	+	906	182	200	138	319	208	222	212	571
Interval_2173	chr18	61734740	61735461	+	722	22	22	17	63	18	17	20	140
Interval_2174	chr18	61737321	61737552	+	232	5	5	20	6	17	25	20	9
Interval_2175	chr18	61741807	61742025	+	219	4	2	15	6	10	23	14	11
Interval_2176	chr18	61746733	61747170	+	438	9	4	30	17	29	42	53	19
Interval_2177	chr18	61758789	61759239	+	451	20	22	12	30	23	25	28	49
Interval_2178	chr18	61767829	61768407	+	579	7	12	17	22	28	26	23	42
Interval_2179	chr18	61785897	61787015	+	1119	18	29	64	37	110	105	99	55
Interval_2180	chr18	61789026	61789440	+	415	19	19	8	22	8	8	12	81
Interval_2181	chr18	61803514	61803822	+	309	1	2	10	6	6	15	6	3
Interval_2182	chr18	61815156	61815541	+	386	16	14	8	35	12	14	17	36
Interval_2183	chr18	61835811	61836279	+	469	3	4	22	2	26	21	19	9
Interval_2184	chr18	61910840	61912144	+	1305	15	19	79	20	106	151	145	42
Interval_2185	chr18	61935441	61935668	+	228	2	2	18	3	16	6	11	8
Interval_2186	chr18	61938290	61938680	+	391	8	5	12	12	12	23	12	37
Interval_2187	chr18	61944580	61945034	+	455	19	12	19	15	27	15	20	31
Interval_2188	chr18	61946012	61946975	+	964	122	168	19	289	21	19	32	376
Interval_2189	chr18	61952005	61953976	+	1972	489	585	114	1020	240	241	307	1520
Interval_2190	chr18	61959540	61959960	+	421	18	27	3	25	10	15	24	32
Interval_2191	chr18	61960231	61961157	+	927	180	239	9	411	18	14	31	561
Interval_2192	chr18	61967673	61968252	+	580	15	11	31	25	18	30	17	34
Interval_2193	chr18	61976567	61976948	+	382	7	13	7	16	5	11	3	35
Interval_2194	chr18	61978283	61978494	+	212	3	1	8	4	4	10	4	8
Interval_2195	chr18	62001697	62002189	+	493	6	7	22	13	24	32	33	10
Interval_2196	chr18	62023053	62023499	+	447	11	5	21	15	10	27	17	17
Interval_2197	chr18	62037036	62037256	+	221	1	2	6	4	5	4	18	6
Interval_2198	chr18	62043984	62044630	+	647	3	4	25	9	30	43	55	10
Interval_2199	chr18	62046817	62047333	+	517	12	16	10	35	14	13	12	22
Interval_2200	chr18	62061926	62062274	+	349	18	12	7	35	10	6	14	41
Interval_2201	chr18	62072727	62073114	+	388	11	29	6	23	3	5	5	58
Interval_2202	chr18	62073877	62074235	+	359	18	9	3	24	4	4	5	31
Interval_2203	chr18	62110506	62111483	+	978	52	67	2	73	9	12	20	155
Interval_2204	chr18	62119841	62120169	+	329	18	17	3	32	4	3	2	55
Interval_2205	chr18	62126599	62126939	+	341	9	20	4	10	4	2	3	22
Interval_2206	chr18	62140203	62140528	+	326	15	22	6	28	5	5	4	22
Interval_2207	chr18	62149949	62150594	+	646	14	13	13	25	14	11	10	49
Interval_2208	chr18	62155774	62156735	+	962	16	27	32	21	20	43	35	57
Interval_2209	chr18	62165994	62166791	+	798	700	740	18	1249	45	20	84	1925
Interval_2210	chr18	62169408	62169674	+	267	57	68	4	122	10	10	13	182
Interval_2211	chr18	62174324	62175148	+	825	176	194	18	296	38	34	40	618
Interval_2212	chr18	62179602	62180544	+	943	626	779	89	1190	135	159	217	1774
Interval_2213	chr18	62188820	62189563	+	744	18	35	23	74	16	16	26	99
Interval_2214	chr18	62229942	62230167	+	226	6	2	12	15	12	7	6	23
Interval_2215	chr18	62231329	62231940	+	612	19	30	9	45	17	22	12	49
Interval_2216	chr18	62250065	62250953	+	889	21	27	41	24	42	50	54	61
Interval_2217	chr18	62323648	62324517	+	870	6	5	43	15	42	65	75	24
Interval_2218	chr18	62525672	62526133	+	462	19	11	5	12	4	3	7	79
Interval_2219	chr18	62548287	62549164	+	878	366	371	202	587	294	328	326	1098
Interval_2220	chr18	62570098	62570397	+	300	1	1	4	3	16	20	18	3
Interval_2221	chr18	62652367	62652726	+	360	1	3	11	2	9	19	18	2
Interval_2222	chr18	62663294	62663774	+	481	2	2	15	3	20	30	20	3
Interval_2223	chr18	62684115	62685660	+	1546	10	17	49	30	67	80	75	26
Interval_2224	chr18	62720000	62720378	+	379	7	13	9	29	6	9	6	17
Interval_2225	chr18	62734182	62734892	+	711	3	6	19	3	35	54	55	9
Interval_2226	chr18	62755508	62756418	+	911	5	5	38	15	23	39	45	11
Interval_2227	chr18	62769249	62769601	+	353	2	2	7	5	16	12	13	4
Interval_2228	chr18	62799616	62799843	+	228	1	2	7	6	5	13	2	8
Interval_2229	chr18	62810644	62811008	+	365	1	4	11	6	21	12	15	7
Interval_2230	chr18	62819827	62820560	+	734	3	3	25	8	26	20	18	6
Interval_2231	chr18	62848130	62848852	+	723	3	4	18	3	30	34	34	6
Interval_2232	chr18	62878659	62879538	+	880	5	3	21	3	27	28	20	7
Interval_2233	chr18	62906238	62906701	+	464	1	3	11	6	21	21	31	3
Interval_2234	chr18	62921786	62922894	+	1109	43	54	196	79	283	345	351	103
Interval_2235	chr18	62940698	62941299	+	602	5	2	15	7	49	59	47	6
Interval_2236	chr18	62971209	62971740	+	532	11	4	27	16	48	44	41	30
Interval_2237	chr18	62977368	62978495	+	1128	166	130	106	212	171	206	168	502
Interval_2238	chr18	62992267	62992772	+	506	7	2	15	6	16	38	23	12
Interval_2239	chr18	63119268	63119741	+	474	15	20	7	38	8	9	7	26
Interval_2240	chr18	63201090	63201567	+	478	8	2	36	10	43	63	45	11
Interval_2241	chr18	63203434	63205166	+	1733	158	160	18	257	26	25	28	567
Interval_2242	chr18	63208934	63209262	+	329	7	13	7	12	23	13	26	36
Interval_2243	chr18	63211623	63212049	+	427	10	23	3	25	7	6	6	76
Interval_2244	chr18	63232860	63233244	+	385	1	1	6	7	14	11	10	3
Interval_2245	chr18	63295616	63295899	+	284	3	1	7	5	16	15	19	9
Interval_2246	chr18	63299350	63299997	+	648	6	6	12	8	27	21	33	17
Interval_2247	chr18	63337956	63338363	+	408	3	1	13	2	16	21	11	6
Interval_2248	chr18	63338988	63339292	+	305	3	3	18	4	20	20	30	5
Interval_2249	chr18	63348211	63348790	+	580	6	4	30	8	28	44	37	11
Interval_2250	chr18	63386193	63387411	+	1219	12	10	93	31	168	175	188	25
Interval_2251	chr18	63409647	63409966	+	320	1	0	8	1	18	9	21	2
Interval_2252	chr18	63495859	63496495	+	637	5	4	41	8	49	56	51	14
Interval_2253	chr18	63501482	63501878	+	397	1	6	4	6	11	26	13	4
Interval_2254	chr18	63532082	63532398	+	317	0	4	6	1	9	21	25	4
Interval_2255	chr18	63548675	63549409	+	735	3	2	24	4	32	38	30	8
Interval_2256	chr18	63555164	63555417	+	254	0	3	5	3	9	9	13	5
Interval_2257	chr18	63555481	63555697	+	217	0	3	8	5	7	17	8	4
Interval_2258	chr18	63601921	63602378	+	458	4	6	19	4	40	32	29	5
Interval_2259	chr18	63643589	63643857	+	269	12	6	6	6	5	8	10	6
Interval_2260	chr18	63644276	63644529	+	254	5	1	6	5	13	8	7	9
Interval_2261	chr18	63653225	63653973	+	749	58	45	81	57	68	113	114	118
Interval_2262	chr18	63672473	63672775	+	303	35	22	5	49	7	4	4	120
Interval_2263	chr18	63691722	63692947	+	1226	441	572	202	881	342	357	395	1649
Interval_2264	chr18	63708001	63709392	+	1392	245	267	160	412	223	247	246	931
Interval_2265	chr18	63727657	63728516	+	860	164	183	10	298	18	11	24	525
Interval_2266	chr18	63744691	63745432	+	742	31	24	11	27	7	5	9	91
Interval_2267	chr18	63769330	63769720	+	391	2	2	15	8	8	23	28	13
Interval_2268	chr18	63847128	63847368	+	241	0	2	7	6	14	8	13	3
Interval_2269	chr18	63859783	63860158	+	376	7	5	12	6	18	33	20	14
Interval_2270	chr18	63863690	63864560	+	871	12	19	33	31	39	60	52	30
Interval_2271	chr18	63952501	63952796	+	296	7	13	2	18	7	6	7	14
Interval_2272	chr18	63971764	63972019	+	256	3	1	1	3	2	7	6	4
Interval_2273	chr18	64010026	64010388	+	363	8	14	6	19	6	6	4	28
Interval_2274	chr18	64013707	64014402	+	696	7	9	26	11	42	50	49	33
Interval_2275	chr18	64075737	64076061	+	325	13	13	8	27	8	4	9	36
Interval_2276	chr18	64188618	64189269	+	652	1	2	15	3	22	35	24	6
Interval_2277	chr18	64265504	64266894	+	1391	37	40	54	72	65	108	70	91
Interval_2278	chr18	64325829	64326097	+	269	12	13	5	14	3	6	7	38
Interval_2279	chr18	64331965	64333464	+	1500	29	30	52	44	62	71	64	67
Interval_2280	chr18	64339354	64340478	+	1125	43	49	79	76	107	177	143	98
Interval_2281	chr18	64340731	64341192	+	462	12	12	29	17	24	42	49	18
Interval_2282	chr18	64446881	64447190	+	310	13	9	10	14	4	2	5	26
Interval_2283	chr18	64447366	64447927	+	562	22	16	7	19	5	11	7	37
Interval_2284	chr18	64457009	64457373	+	365	4	10	6	14	2	5	8	33
Interval_2285	chr18	64461672	64462095	+	424	23	14	5	17	7	9	15	44
Interval_2286	chr18	64466407	64467095	+	689	19	18	37	19	40	70	44	45
Interval_2287	chr18	64482522	64482871	+	350	136	114	8	240	13	11	18	369
Interval_2288	chr18	64485541	64486321	+	781	278	296	13	583	22	18	44	917
Interval_2289	chr18	64488440	64489510	+	1071	306	377	153	685	195	266	267	1150
Interval_2290	chr18	64491029	64491572	+	544	181	215	18	388	24	17	28	593
Interval_2291	chr18	64500952	64501326	+	375	27	18	15	44	12	13	7	71
Interval_2292	chr18	64505198	64505700	+	503	27	24	5	25	11	7	12	64
Interval_2293	chr18	64515978	64517250	+	1273	281	282	156	416	226	254	271	795
Interval_2294	chr18	64527307	64527786	+	480	33	28	23	28	25	47	31	99
Interval_2295	chr18	64538950	64539415	+	466	60	75	4	148	13	9	11	228
Interval_2296	chr18	64543049	64543823	+	775	194	203	8	327	20	12	39	613
Interval_2297	chr18	64550235	64550670	+	436	18	19	1	28	6	3	5	65
Interval_2298	chr18	64599660	64600418	+	759	45	33	12	58	11	9	21	98
Interval_2299	chr18	64618352	64619130	+	779	26	27	13	54	13	8	21	54
Interval_2300	chr18	64619906	64620172	+	267	6	18	3	22	11	10	3	19
Interval_2301	chr18	64627551	64627859	+	309	2	11	10	10	14	18	20	9
Interval_2302	chr18	64632341	64633195	+	855	24	48	12	74	15	19	22	66
Interval_2303	chr18	64633725	64634115	+	391	6	11	6	10	24	17	27	9
Interval_2304	chr18	64643498	64643975	+	478	5	15	7	13	8	10	13	20
Interval_2305	chr18	64651657	64651992	+	336	3	6	5	7	7	8	24	10
Interval_2306	chr18	64660260	64661491	+	1232	47	95	97	130	201	196	200	163
Interval_2307	chr18	64678120	64678457	+	338	16	11	6	22	4	10	10	48
Interval_2308	chr18	64682494	64683056	+	563	3	8	13	9	35	27	28	12
Interval_2309	chr18	64699801	64700701	+	901	4	5	21	12	35	46	35	13
Interval_2310	chr18	64750798	64751084	+	287	2	6	5	5	3	8	9	9
Interval_2311	chr18	64814939	64815171	+	233	0	2	3	0	11	5	7	2
Interval_2312	chr18	64853747	64854043	+	297	2	2	9	4	8	9	21	7
Interval_2313	chr18	64858885	64859108	+	224	3	2	9	6	18	16	19	6
Interval_2314	chr18	64887059	64889313	+	2255	153	219	331	327	421	524	520	518
Interval_2315	chr18	64920980	64921697	+	718	21	17	12	29	19	19	32	68
Interval_2316	chr18	64931259	64931965	+	707	14	6	23	13	57	44	47	10
Interval_2317	chr18	64956985	64957860	+	876	30	44	45	87	142	101	149	109
Interval_2318	chr18	64959215	64959442	+	228	15	13	7	12	10	13	11	37
Interval_2319	chr18	64961647	64961961	+	315	15	23	8	29	7	12	12	89
Interval_2320	chr18	64964968	64965625	+	658	11	5	37	21	65	66	64	15
Interval_2321	chr18	64972169	64972430	+	262	3	1	0	2	2	14	8	10
Interval_2322	chr18	64991268	64991901	+	634	15	18	26	27	31	29	34	52
Interval_2323	chr18	65001027	65001264	+	238	3	5	12	10	21	26	22	13
Interval_2324	chr18	65006060	65006351	+	292	5	7	6	8	4	2	10	27
Interval_2325	chr18	65023382	65024036	+	655	7	12	27	18	46	44	76	16
Interval_2326	chr18	65025533	65026286	+	754	18	26	35	39	96	68	89	25
Interval_2327	chr18	65040456	65040841	+	386	13	17	15	38	20	23	19	28
Interval_2328	chr18	65052860	65053913	+	1054	13	47	14	102	26	25	27	48
Interval_2329	chr18	65071490	65072484	+	995	10	16	14	21	58	57	85	24
Interval_2330	chr18	65083141	65083421	+	281	3	7	7	6	16	16	12	9
Interval_2331	chr18	65083825	65084111	+	287	3	8	7	9	18	10	19	10
Interval_2332	chr18	65095642	65095952	+	311	3	28	6	33	13	9	10	23
Interval_2333	chr18	65101620	65102119	+	500	6	8	11	13	20	20	27	14
Interval_2334	chr18	65134980	65135225	+	246	2	1	7	4	15	14	17	4
Interval_2335	chr18	65143890	65144576	+	687	3	5	30	10	48	40	34	10
Interval_2336	chr18	65149438	65150542	+	1105	4	10	35	11	51	75	54	16
Interval_2337	chr18	65156024	65156474	+	451	4	5	24	11	27	24	21	8
Interval_2338	chr18	65169282	65169629	+	348	4	5	9	3	11	14	24	3
Interval_2339	chr18	65175151	65175540	+	390	6	0	14	4	17	32	25	0
Interval_2340	chr18	65220674	65221190	+	517	47	65	16	100	28	14	22	84
Interval_2341	chr18	65225971	65226392	+	422	25	45	5	69	6	7	8	76
Interval_2342	chr18	65243792	65244433	+	642	30	53	11	106	10	11	14	86
Interval_2343	chr18	65249014	65251476	+	2463	157	283	22	483	34	16	43	398
Interval_2344	chr18	65251555	65251827	+	273	15	34	5	53	9	2	7	46
Interval_2345	chr18	65255979	65256362	+	384	11	12	17	37	19	17	27	39
Interval_2346	chr18	65271756	65272543	+	788	18	8	68	23	64	75	38	50
Interval_2347	chr18	65272807	65273311	+	505	7	5	24	12	21	27	29	8
Interval_2348	chr18	65273657	65273898	+	242	4	3	10	7	9	19	22	8
Interval_2349	chr18	65300631	65301056	+	426	7	5	24	3	25	27	32	24
Interval_2350	chr18	65304340	65304705	+	366	0	3	3	6	6	4	13	6
Interval_2351	chr18	65430252	65431597	+	1346	622	705	384	1240	473	600	586	2170
Interval_2352	chr18	65445654	65446516	+	863	46	65	6	105	10	5	15	207
Interval_2353	chr18	65489787	65490810	+	1024	18	14	64	36	52	72	67	40
Interval_2354	chr18	65496853	65498019	+	1167	39	79	37	115	52	57	70	116
Interval_2355	chr18	65506735	65507373	+	639	14	27	18	45	28	29	27	47
Interval_2356	chr18	65512373	65512738	+	366	15	14	48	19	33	51	52	37
Interval_2357	chr18	65520106	65520986	+	881	15	20	132	30	126	172	151	41
Interval_2358	chr18	65550531	65550751	+	221	1	0	14	4	11	17	18	0
Interval_2359	chr18	65550909	65551295	+	387	2	4	31	2	30	52	31	4
Interval_2360	chr18	65565429	65566021	+	593	8	5	33	16	34	32	38	18
Interval_2361	chr18	65580598	65582361	+	1764	35	50	300	104	369	466	429	126
Interval_2362	chr18	65611222	65611520	+	299	2	5	18	5	7	8	18	8
Interval_2363	chr18	65616011	65616648	+	638	14	21	23	30	28	29	38	44
Interval_2364	chr18	65620111	65620540	+	430	4	3	18	9	27	32	35	11
Interval_2365	chr18	65632140	65632535	+	396	2	4	9	5	11	19	28	10
Interval_2366	chr18	65635226	65635476	+	251	0	2	9	2	5	11	24	8
Interval_2367	chr18	65679895	65680249	+	355	1	3	7	5	13	26	20	10
Interval_2368	chr18	65683263	65683535	+	273	5	5	17	6	18	25	18	4
Interval_2369	chr18	65693405	65693765	+	361	8	13	23	19	15	27	25	18
Interval_2370	chr18	65694969	65695402	+	434	4	12	19	14	34	35	29	17
Interval_2371	chr18	65697575	65698671	+	1097	11	18	101	19	94	155	111	26
Interval_2372	chr18	65703866	65704585	+	720	9	9	36	19	40	62	43	29
Interval_2373	chr18	65711965	65712732	+	768	6	1	25	8	30	26	39	11
Interval_2374	chr18	65725586	65726173	+	588	0	2	38	3	53	80	67	11
Interval_2375	chr18	65739558	65740455	+	898	9	6	78	16	96	94	110	17
Interval_2376	chr18	65742370	65742611	+	242	2	3	10	8	12	13	23	3
Interval_2377	chr18	65764125	65764601	+	477	4	3	24	5	17	32	32	10
Interval_2378	chr18	65799884	65801038	+	1155	525	501	308	962	428	483	488	1975
Interval_2379	chr18	65873145	65873572	+	428	4	6	18	6	14	27	11	4
Interval_2380	chr18	65888106	65888369	+	264	0	3	7	1	7	16	12	3
Interval_2381	chr18	65921682	65922118	+	437	2	1	20	11	34	43	29	20
Interval_2382	chr18	65924716	65925497	+	782	12	24	57	21	54	75	76	51
Interval_2383	chr18	65934802	65935468	+	667	15	22	59	31	69	94	88	46
Interval_2384	chr18	65960095	65960954	+	860	8	12	17	14	23	42	36	40
Interval_2385	chr18	65965228	65965556	+	329	7	7	27	10	26	21	22	8
Interval_2386	chr18	66001981	66003079	+	1099	266	261	197	521	324	382	348	956
Interval_2387	chr18	66039928	66040365	+	438	8	6	11	10	27	18	28	18
Interval_2388	chr18	66040956	66041572	+	617	7	12	28	16	27	44	42	22
Interval_2389	chr18	66075408	66075804	+	397	4	9	21	14	32	53	36	10
Interval_2390	chr18	66076527	66077194	+	668	11	17	34	30	21	25	25	35
Interval_2391	chr18	66078189	66078683	+	495	5	7	34	13	37	51	39	15
Interval_2392	chr18	66083709	66084106	+	398	9	11	22	18	22	27	12	16
Interval_2393	chr18	66113153	66113423	+	271	4	4	7	2	10	10	18	6
Interval_2394	chr18	66147223	66147660	+	438	4	3	14	6	14	31	18	2
Interval_2395	chr18	66162241	66162479	+	239	1	0	6	1	14	18	16	3
Interval_2396	chr18	66170263	66170496	+	234	2	2	13	3	5	11	23	4
Interval_2397	chr18	66173045	66173539	+	495	4	1	18	2	27	34	35	1
Interval_2398	chr18	66178274	66179205	+	932	8	7	27	9	48	55	48	10
Interval_2399	chr18	66187885	66188697	+	813	8	5	34	8	27	42	36	6
Interval_2400	chr18	66208072	66208360	+	289	2	3	7	3	27	21	15	7
Interval_2401	chr18	66209638	66210317	+	680	0	6	12	11	11	14	35	13
Interval_2402	chr18	66210695	66211112	+	418	5	5	9	10	24	15	14	33
Interval_2403	chr18	66223069	66223686	+	618	8	5	18	17	19	30	22	19
Interval_2404	chr18	66236465	66236891	+	427	9	5	24	15	11	13	11	46
Interval_2405	chr18	66243361	66243845	+	485	3	8	8	11	20	19	33	20
Interval_2406	chr18	66269377	66269846	+	470	4	8	9	6	9	11	24	12
Interval_2407	chr18	66291287	66292333	+	1047	20	39	80	40	104	127	140	62
Interval_2408	chr18	66366566	66367067	+	502	4	6	15	5	20	37	24	15
Interval_2409	chr18	66372938	66373354	+	417	1	3	11	7	19	37	36	7
Interval_2410	chr18	66396251	66396582	+	332	1	3	10	0	12	22	8	5
Interval_2411	chr18	66404324	66404856	+	533	3	5	16	12	25	28	34	16
Interval_2412	chr18	66410508	66411011	+	504	7	3	25	17	27	27	28	24
Interval_2413	chr18	66421222	66421930	+	709	4	6	31	5	43	42	44	7
Interval_2414	chr18	66427329	66427591	+	263	7	12	4	18	3	1	10	25
Interval_2415	chr18	66442155	66442674	+	520	6	17	9	20	9	12	11	34
Interval_2416	chr18	66457982	66459165	+	1184	84	67	60	98	69	99	92	316
Interval_2417	chr18	66467989	66468365	+	377	21	11	7	18	10	8	13	42
Interval_2418	chr18	66470903	66471529	+	627	13	9	12	9	25	15	18	44
Interval_2419	chr18	66475469	66475978	+	510	4	15	20	24	19	30	18	26
Interval_2420	chr18	66476288	66476542	+	255	5	5	7	9	14	14	17	7
Interval_2421	chr18	66477913	66478240	+	328	2	10	5	10	5	5	12	11
Interval_2422	chr18	66488458	66489132	+	675	17	9	15	21	12	14	10	66
Interval_2423	chr18	66492277	66492473	+	197	4	5	11	7	5	3	6	4
Interval_2424	chr18	66503121	66503370	+	250	1	1	6	1	3	9	2	3
Interval_2425	chr18	66504092	66504398	+	307	2	4	5	3	20	8	11	7
Interval_2426	chr18	66519117	66519504	+	388	4	4	25	6	13	17	20	16
Interval_2427	chr18	66519777	66520787	+	1011	22	16	41	19	72	67	63	45
Interval_2428	chr18	66529447	66529693	+	247	2	0	7	2	16	4	7	3
Interval_2429	chr18	66583420	66583657	+	238	2	3	3	2	9	6	5	4
Interval_2430	chr18	66648751	66648983	+	233	2	3	8	5	6	7	18	1
Interval_2431	chr18	66703017	66703291	+	275	2	1	10	4	10	12	14	2
Interval_2432	chr18	66721241	66721579	+	339	10	6	2	12	11	2	6	27
Interval_2433	chr18	66860116	66860908	+	793	4	5	61	10	94	104	101	15
Interval_2434	chr18	66861658	66861912	+	255	2	1	11	2	14	12	21	3
Interval_2435	chr18	66916505	66916905	+	401	1	3	4	3	10	11	19	10
Interval_2436	chr18	66984237	66984649	+	413	16	13	6	14	6	6	5	42
Interval_2437	chr18	67088125	67089383	+	1259	10	16	74	18	76	100	116	41
Interval_2438	chr18	67115800	67116449	+	650	7	10	31	16	42	40	36	19
Interval_2439	chr18	67132931	67134039	+	1109	10	4	38	7	41	43	59	14
Interval_2440	chr18	67204696	67206193	+	1498	78	136	109	181	149	195	194	428
Interval_2441	chr18	67222719	67223005	+	287	3	12	6	5	5	7	8	20
Interval_2442	chr18	67244159	67246271	+	2113	290	342	105	532	197	220	225	914
Interval_2443	chr18	67248592	67249096	+	505	46	36	11	73	22	14	21	161
Interval_2444	chr18	67251990	67252886	+	897	5	5	47	13	73	95	81	16
Interval_2445	chr18	67262859	67263350	+	492	6	3	17	4	29	36	31	12
Interval_2446	chr18	67267408	67267880	+	473	6	5	13	11	7	4	13	33
Interval_2447	chr18	67269978	67270277	+	300	8	7	24	13	23	30	28	34
Interval_2448	chr18	67270739	67271096	+	358	5	11	16	8	22	23	13	14
Interval_2449	chr18	67278458	67279073	+	616	12	14	36	15	39	46	57	39
Interval_2450	chr18	67288593	67290220	+	1628	122	176	291	280	304	413	349	657
Interval_2451	chr18	67295068	67295495	+	428	10	4	8	10	31	33	23	7
Interval_2452	chr18	67307896	67308364	+	469	7	10	16	16	22	27	25	33
Interval_2453	chr18	67311992	67312409	+	418	9	4	26	13	38	33	39	11
Interval_2454	chr18	67322895	67323133	+	239	1	2	6	4	10	13	8	11
Interval_2455	chr18	67324253	67324828	+	576	27	15	30	25	28	31	37	58
Interval_2456	chr18	67343415	67343951	+	537	9	8	37	7	33	43	31	13
Interval_2457	chr18	67348605	67349187	+	583	14	24	6	23	8	6	6	88
Interval_2458	chr18	67364307	67364760	+	454	10	12	37	16	34	47	48	22
Interval_2459	chr18	67369414	67370364	+	951	27	58	55	77	88	121	128	80
Interval_2460	chr18	67390300	67391735	+	1436	52	77	165	125	186	221	220	150
Interval_2461	chr18	67396513	67397112	+	600	15	12	45	33	56	88	66	25
Interval_2462	chr18	67435622	67437240	+	1619	303	384	18	593	44	22	42	1085
Interval_2463	chr18	67448321	67450102	+	1782	285	329	265	581	270	315	307	1189
Interval_2464	chr18	67460472	67461264	+	793	61	60	55	93	68	76	79	181
Interval_2465	chr18	67464344	67465338	+	995	20	32	82	40	101	152	112	80
Interval_2466	chr18	67469284	67469688	+	405	11	11	14	14	9	11	13	43
Interval_2467	chr18	67490885	67491187	+	303	5	8	6	11	4	4	4	15
Interval_2468	chr18	67497901	67498207	+	307	1	0	16	9	28	39	36	11
Interval_2469	chr18	67539977	67540369	+	393	8	4	5	9	9	5	10	28
Interval_2470	chr18	67540480	67540724	+	245	8	4	4	10	9	20	6	14
Interval_2471	chr18	67560609	67561987	+	1379	277	363	32	600	41	40	61	975
Interval_2472	chr18	67573090	67573963	+	874	238	187	9	305	29	20	28	696
Interval_2473	chr18	67576352	67576783	+	432	76	87	11	113	17	14	26	204
Interval_2474	chr18	67581542	67582280	+	739	9	13	22	18	58	73	91	21
Interval_2475	chr18	67592841	67593296	+	456	25	20	6	29	16	11	16	82
Interval_2476	chr18	67597925	67598498	+	574	7	12	9	10	29	33	28	14
Interval_2477	chr18	67609968	67611722	+	1755	265	347	180	545	258	381	298	973
Interval_2478	chr18	67639491	67639853	+	363	46	47	10	82	15	11	16	181
Interval_2479	chr18	67640731	67641999	+	1269	342	440	149	723	191	220	218	1248
Interval_2480	chr18	67666590	67667220	+	631	63	88	4	119	12	10	16	237
Interval_2481	chr18	67670221	67670942	+	722	86	89	7	143	5	8	10	265
Interval_2482	chr18	67699450	67700013	+	564	6	18	12	30	9	15	9	34
Interval_2483	chr18	67723817	67725153	+	1337	564	656	328	1078	517	625	618	1955
Interval_2484	chr18	67740644	67741100	+	457	7	10	13	14	20	22	19	31
Interval_2485	chr18	67749199	67749519	+	321	6	3	10	2	13	14	23	9
Interval_2486	chr18	67765116	67765805	+	690	14	36	26	46	50	40	54	52
Interval_2487	chr18	67768395	67768818	+	424	8	14	34	27	39	48	39	44
Interval_2488	chr18	67774406	67775596	+	1191	409	553	300	943	454	531	505	1644
Interval_2489	chr18	67799643	67800725	+	1083	182	258	159	379	211	270	229	712
Interval_2490	chr18	67817931	67818876	+	946	51	49	5	104	10	7	11	203
Interval_2491	chr18	67876375	67877327	+	953	27	21	15	23	21	30	15	65
Interval_2492	chr18	67890263	67890631	+	369	3	3	3	2	14	10	22	3
Interval_2493	chr18	67932597	67934148	+	1552	37	50	138	71	190	217	202	78
Interval_2494	chr18	67938495	67939218	+	724	3	7	31	17	36	56	62	18
Interval_2495	chr18	67973477	67973887	+	411	3	2	10	4	29	12	31	8
Interval_2496	chr18	68009503	68010132	+	630	2	5	33	3	39	50	52	6
Interval_2497	chr18	68020407	68020644	+	238	0	0	5	1	9	12	7	2
Interval_2498	chr18	68042700	68042927	+	228	1	1	4	8	4	2	17	10
Interval_2499	chr18	68049578	68049813	+	236	3	2	2	3	1	12	10	0
Interval_2500	chr18	68058323	68058611	+	289	4	4	14	13	23	21	29	10
Interval_2501	chr18	68059144	68059425	+	282	5	9	12	13	10	18	21	19
Interval_2502	chr18	68062159	68062484	+	326	5	9	7	16	9	5	17	23
Interval_2503	chr18	68064127	68064491	+	365	7	5	10	10	24	27	25	4
Interval_2504	chr18	68084559	68085506	+	948	6	8	55	12	97	90	88	15
Interval_2505	chr18	68111784	68112009	+	226	7	4	14	10	7	15	19	11
Interval_2506	chr18	68117643	68118318	+	676	4	5	28	6	65	59	75	17
Interval_2507	chr18	68119053	68119463	+	411	5	5	28	8	43	40	42	10
Interval_2508	chr18	68136546	68137304	+	759	5	5	28	11	62	56	57	11
Interval_2509	chr18	68148231	68148476	+	246	3	4	6	1	8	8	11	6
Interval_2510	chr18	68156770	68156994	+	225	2	1	9	1	9	12	5	4
Interval_2511	chr18	68157182	68157705	+	524	5	8	20	12	22	27	41	19
Interval_2512	chr18	68159871	68160574	+	704	11	6	18	35	23	27	23	27
Interval_2513	chr18	68178077	68178462	+	386	4	2	15	5	20	24	17	5
Interval_2514	chr18	68189707	68190350	+	644	84	81	27	126	33	38	32	232
Interval_2515	chr18	68194398	68195619	+	1222	113	188	64	269	82	111	89	460
Interval_2516	chr18	68195915	68196396	+	482	117	183	11	242	23	33	37	369
Interval_2517	chr18	68198871	68199748	+	878	246	265	15	464	14	12	30	832
Interval_2518	chr18	68208871	68209491	+	621	27	22	8	37	10	7	6	74
Interval_2519	chr18	68218634	68220502	+	1869	111	116	27	187	40	58	49	363
Interval_2520	chr18	68227258	68228052	+	795	88	104	12	202	16	14	30	276
Interval_2521	chr18	68230051	68231020	+	970	223	271	19	381	32	12	45	619
Interval_2522	chr18	68236116	68236401	+	286	5	3	20	9	14	35	24	16
Interval_2523	chr18	68244198	68245160	+	963	40	36	33	72	39	60	49	143
Interval_2524	chr18	68273988	68275415	+	1428	347	382	13	704	38	17	52	1179
Interval_2525	chr18	68299671	68301000	+	1330	442	557	206	784	377	473	452	1389
Interval_2526	chr18	68337052	68337865	+	814	35	20	56	39	76	81	84	59
Interval_2527	chr18	68397426	68398195	+	770	23	20	10	28	11	16	7	82
Interval_2528	chr18	68403483	68404040	+	558	10	10	4	13	4	3	6	40
Interval_2529	chr18	68429149	68429686	+	538	11	3	9	26	15	18	17	39
Interval_2530	chr18	68430267	68430553	+	287	4	5	8	1	12	17	6	10
Interval_2531	chr18	68440670	68441197	+	528	13	9	12	19	11	11	12	39
Interval_2532	chr18	68499111	68499367	+	257	10	7	10	12	10	11	23	13
Interval_2533	chr18	68573517	68573711	+	195	5	2	8	5	1	2	3	4
Interval_2534	chr18	68590361	68590973	+	613	2	3	16	5	37	27	31	11
Interval_2535	chr18	68679006	68679261	+	256	1	0	3	6	10	16	25	6
Interval_2536	chr18	68710106	68710377	+	272	3	0	15	6	20	32	15	5
Interval_2537	chr18	68711103	68711532	+	430	1	3	14	6	19	43	21	6
Interval_2538	chr18	68794361	68795036	+	676	2	7	19	10	38	51	50	5
Interval_2539	chr18	68829165	68829521	+	357	6	4	7	7	9	19	31	15
Interval_2540	chr18	68870862	68871939	+	1078	2	2	62	6	81	98	70	12
Interval_2541	chr18	68942319	68944200	+	1882	20	13	139	30	192	260	190	36
Interval_2542	chr18	68975645	68975977	+	333	2	5	11	6	17	11	7	3
Interval_2543	chr18	68976258	68976797	+	540	4	1	19	13	28	34	36	6
Interval_2544	chr18	69015866	69016311	+	446	4	3	20	5	27	38	38	9
Interval_2545	chr18	69077725	69078423	+	699	3	3	8	12	28	13	30	9
Interval_2546	chr18	69083998	69085219	+	1222	9	7	43	19	53	84	83	13
Interval_2547	chr18	69118445	69118678	+	234	0	2	0	2	6	7	9	2
Interval_2548	chr18	69125457	69125791	+	335	7	6	14	1	19	12	13	11
Interval_2549	chr18	69144113	69144400	+	288	3	2	10	4	12	13	23	5
Interval_2550	chr18	69152131	69152716	+	586	7	5	29	11	33	38	50	10
Interval_2551	chr18	69169284	69169663	+	380	5	0	5	15	5	12	10	6
Interval_2552	chr18	69196513	69197580	+	1068	11	14	60	18	70	101	76	24
Interval_2553	chr18	69198145	69198861	+	717	8	8	40	12	68	52	60	26
Interval_2554	chr18	69214990	69215244	+	255	1	2	6	1	12	11	8	2
Interval_2555	chr18	69225969	69226184	+	216	0	1	6	4	7	13	13	4
Interval_2556	chr18	69270591	69270963	+	373	2	0	9	3	17	9	18	4
Interval_2557	chr18	69343890	69344727	+	838	204	160	172	264	295	331	267	675
Interval_2558	chr18	69346146	69346745	+	600	45	52	69	67	82	98	103	152
Interval_2559	chr18	69352009	69352701	+	693	4	3	28	9	49	49	43	13
Interval_2560	chr18	69352833	69353294	+	462	18	5	11	5	15	23	24	14
Interval_2561	chr18	69384223	69384725	+	503	6	12	22	14	35	42	36	11
Interval_2562	chr18	69393342	69393661	+	320	5	12	9	12	9	13	15	19
Interval_2563	chr18	69394824	69395575	+	752	14	11	11	16	17	32	14	54
Interval_2564	chr18	69404898	69405130	+	233	5	1	5	2	8	6	10	3
Interval_2565	chr18	69415529	69416116	+	588	10	16	10	17	24	28	35	30
Interval_2566	chr18	69428619	69429264	+	646	7	5	22	4	25	42	35	8
Interval_2567	chr18	69462466	69463543	+	1078	5	6	36	11	51	44	32	16
Interval_2568	chr18	69464016	69464361	+	346	2	5	12	5	18	18	30	6
Interval_2569	chr18	69469327	69469816	+	490	4	3	20	7	34	35	30	6
Interval_2570	chr18	69477022	69477273	+	252	5	2	12	2	16	15	6	9
Interval_2571	chr18	69498937	69499580	+	644	1	9	37	13	47	66	58	16
Interval_2572	chr18	69507960	69508208	+	249	0	2	5	8	6	16	7	7
Interval_2573	chr18	69521404	69521792	+	389	8	10	9	18	25	19	19	18
Interval_2574	chr18	69527969	69528422	+	454	10	8	2	22	10	11	12	24
Interval_2575	chr18	69537516	69537946	+	431	3	1	16	4	17	27	19	11
Interval_2576	chr18	69547439	69548081	+	643	5	4	16	13	28	27	36	11
Interval_2577	chr18	69570245	69570644	+	400	3	1	8	10	19	10	8	9
Interval_2578	chr18	69571035	69571281	+	247	4	7	12	5	13	21	19	9
Interval_2579	chr18	69586265	69586645	+	381	6	6	6	18	13	8	13	17
Interval_2580	chr18	69592335	69593799	+	1465	127	141	124	195	175	215	220	475
Interval_2581	chr18	69613669	69615093	+	1425	12	22	94	26	133	175	177	33
Interval_2582	chr18	69652982	69653271	+	290	3	2	8	6	11	9	12	10
Interval_2583	chr18	69660440	69660775	+	336	8	6	17	13	30	30	37	12
Interval_2584	chr18	69662241	69662813	+	573	17	19	15	22	16	15	10	51
Interval_2585	chr18	69665470	69665724	+	255	4	4	11	7	17	27	21	9
Interval_2586	chr18	69666307	69666690	+	384	5	6	29	7	28	44	28	17
Interval_2587	chr18	69675432	69675674	+	243	3	7	8	5	13	27	17	15
Interval_2588	chr18	69689620	69689832	+	213	6	3	13	4	13	8	9	3
Interval_2589	chr18	69711285	69711829	+	545	5	3	11	4	27	33	14	6
Interval_2590	chr18	69781856	69782620	+	765	10	12	27	32	25	26	37	40
Interval_2591	chr18	69794266	69795280	+	1015	9	5	131	6	178	203	193	22
Interval_2592	chr18	69795978	69796367	+	390	4	6	50	7	66	94	74	20
Interval_2593	chr18	69805994	69806261	+	268	3	1	9	2	15	27	19	6
Interval_2594	chr18	69832689	69832978	+	290	4	1	13	1	9	27	21	9
Interval_2595	chr18	69898834	69899692	+	859	9	15	22	18	43	59	44	19
Interval_2596	chr18	69925001	69926100	+	1100	32	44	58	63	127	112	131	75
Interval_2597	chr18	69937920	69938252	+	333	1	2	10	5	10	24	22	6
Interval_2598	chr18	69938752	69939064	+	313	5	2	11	5	26	26	22	10
Interval_2599	chr18	69946730	69947029	+	300	3	10	4	13	6	3	5	30
Interval_2600	chr18	69948498	69948817	+	320	9	9	4	19	4	5	6	29
Interval_2601	chr18	70000518	70001345	+	828	93	94	12	104	6	7	10	343
Interval_2602	chr18	70024350	70024745	+	396	3	1	5	6	11	17	9	12
Interval_2603	chr18	70028749	70030476	+	1728	29	20	8	48	16	15	24	81
Interval_2604	chr18	70035664	70036915	+	1252	64	71	13	103	13	9	16	318
Interval_2605	chr18	70052751	70053669	+	919	92	83	103	96	255	264	319	266
Interval_2606	chr18	70055124	70055432	+	309	123	98	7	173	9	12	20	321
Interval_2607	chr18	70063934	70064725	+	792	40	19	9	40	20	8	20	105
Interval_2608	chr18	70070294	70070766	+	473	17	12	2	18	6	7	11	48
Interval_2609	chr18	70102786	70103189	+	404	11	16	8	15	2	4	4	50
Interval_2610	chr18	70140952	70141842	+	891	10	12	46	10	95	99	90	30
Interval_2611	chr18	70184481	70185099	+	619	9	3	23	8	32	53	38	29
Interval_2612	chr18	70261591	70262505	+	915	8	7	91	14	121	155	114	24
Interval_2613	chr18	70372516	70372772	+	257	2	1	6	4	14	10	21	2
Interval_2614	chr18	70375664	70376264	+	601	8	2	27	7	37	53	46	6
Interval_2615	chr18	70385950	70386463	+	514	4	5	19	4	17	21	32	5
Interval_2616	chr18	70420055	70420680	+	626	11	12	37	17	23	52	52	21
Interval_2617	chr18	70422069	70422411	+	343	7	7	14	22	14	8	9	19
Interval_2618	chr18	70437570	70438042	+	473	13	14	14	19	27	28	28	20
Interval_2619	chr18	70471779	70473392	+	1614	210	196	210	273	288	337	270	659
Interval_2620	chr18	70522176	70522761	+	586	10	16	21	24	46	45	44	21
Interval_2621	chr18	70529635	70530726	+	1092	475	476	165	803	312	371	343	1780
Interval_2622	chr18	70536392	70537088	+	697	31	32	14	49	16	12	6	99
Interval_2623	chr18	70545543	70546403	+	861	9	36	22	36	29	38	25	33
Interval_2624	chr18	70550796	70551203	+	408	9	6	25	10	32	41	34	22
Interval_2625	chr18	70552594	70553712	+	1119	123	118	77	198	83	100	94	418
Interval_2626	chr18	70562912	70563784	+	873	364	325	23	622	38	22	43	1291
Interval_2627	chr18	70567720	70569296	+	1577	533	515	324	1001	486	546	464	1842
Interval_2628	chr18	70573009	70573608	+	600	52	55	11	87	16	15	23	228
Interval_2629	chr18	70577511	70577744	+	234	15	9	10	15	27	44	33	24
Interval_2630	chr18	70578040	70578564	+	525	25	42	15	39	24	35	33	105
Interval_2631	chr18	70579111	70579430	+	320	11	10	15	10	33	41	49	21
Interval_2632	chr18	70582165	70582965	+	801	8	11	67	10	111	131	108	26
Interval_2633	chr18	70588786	70589218	+	433	7	4	7	4	26	23	21	9
Interval_2634	chr18	70599958	70600298	+	341	11	10	9	11	9	6	10	33
Interval_2635	chr18	70608268	70608892	+	625	18	17	36	17	66	64	47	41
Interval_2636	chr18	70610738	70611833	+	1096	38	46	26	73	62	61	61	81
Interval_2637	chr18	70618463	70618856	+	394	14	4	16	19	26	32	27	28
Interval_2638	chr18	70622428	70622691	+	264	6	11	12	21	12	13	16	30
Interval_2639	chr18	70644047	70645191	+	1145	37	55	47	51	75	86	87	117
Interval_2640	chr18	70652058	70652918	+	861	20	10	41	19	64	57	59	52
Interval_2641	chr18	70652977	70653385	+	409	13	12	20	4	23	17	34	22
Interval_2642	chr18	70657157	70658034	+	878	46	25	9	46	12	4	7	177
Interval_2643	chr18	70672987	70673602	+	616	14	5	20	10	25	29	38	21
Interval_2644	chr18	70697459	70698289	+	831	5	2	32	4	61	78	57	12
Interval_2645	chr18	70760697	70761765	+	1069	4	8	30	10	35	50	54	9
Interval_2646	chr18	70796593	70797176	+	584	12	6	13	5	24	20	19	8
Interval_2647	chr18	70804226	70804575	+	350	4	4	9	1	14	9	8	4
Interval_2648	chr18	70805096	70805397	+	302	3	6	20	13	20	16	20	8
Interval_2649	chr18	70856910	70857174	+	265	1	2	4	3	5	14	1	1
Interval_2650	chr18	70868393	70868701	+	309	2	0	3	1	17	1	7	6
Interval_2651	chr18	70911049	70911353	+	305	5	5	17	10	15	28	19	8
Interval_2652	chr18	70926859	70927324	+	466	5	4	8	6	16	10	26	6
Interval_2653	chr18	70937898	70938363	+	466	0	3	13	2	20	28	27	4
Interval_2654	chr18	70947109	70947696	+	588	3	5	16	8	24	32	27	10
Interval_2655	chr18	70947965	70948581	+	617	1	0	12	3	26	36	30	4
Interval_2656	chr18	71016285	71016898	+	614	7	5	14	7	41	51	45	9
Interval_2657	chr18	71281231	71281676	+	446	4	3	23	5	46	72	52	7
Interval_2658	chr18	71305809	71306035	+	227	2	2	6	4	11	12	7	5
Interval_2659	chr18	71442840	71443309	+	470	6	3	14	6	47	64	43	4
Interval_2660	chr18	71456732	71457157	+	426	3	4	24	7	55	46	43	8
Interval_2661	chr18	71541096	71541391	+	296	3	2	3	4	11	2	8	8
Interval_2662	chr18	71595328	71595644	+	317	1	2	4	4	9	13	5	4
Interval_2663	chr18	71601906	71603330	+	1425	7	6	65	6	117	158	139	12
Interval_2664	chr18	71608222	71608526	+	305	0	1	7	3	15	20	15	10
Interval_2665	chr18	71622182	71622532	+	351	3	3	10	3	14	5	20	5
Interval_2666	chr18	71741208	71741511	+	304	4	0	1	2	13	1	4	2
Interval_2667	chr18	71840626	71841525	+	900	3	3	38	4	65	90	106	13
Interval_2668	chr18	71858887	71859199	+	313	1	2	9	2	17	18	17	0
Interval_2669	chr18	71869718	71869993	+	276	1	1	5	4	9	15	9	0
Interval_2670	chr18	71886256	71886499	+	244	5	2	9	3	5	11	6	3
Interval_2671	chr18	72005841	72006367	+	527	0	1	10	3	15	23	15	5
Interval_2672	chr18	72049079	72049383	+	305	0	3	5	1	13	18	13	3
Interval_2673	chr18	72112934	72113440	+	507	0	5	21	7	17	35	30	7
Interval_2674	chr18	72348755	72349534	+	780	7	5	42	9	69	89	62	19
Interval_2675	chr18	72350634	72351236	+	603	5	5	34	5	37	63	45	7
Interval_2676	chr18	72358628	72358993	+	366	2	2	3	1	18	5	7	3
Interval_2677	chr18	72611044	72611662	+	619	4	4	32	8	54	61	51	12
Interval_2678	chr18	72914985	72915395	+	411	5	2	16	6	14	28	14	6
Interval_2679	chr18	72918571	72918807	+	237	4	1	11	1	12	6	20	3
Interval_2680	chr18	73022963	73023733	+	771	2	4	26	8	40	46	32	5
Interval_2681	chr18	73121893	73123016	+	1124	11	6	36	14	77	69	52	24
Interval_2682	chr18	73165720	73166481	+	762	8	8	26	13	47	57	39	8
Interval_2683	chr18	73182676	73183290	+	615	6	6	34	16	48	81	46	11
Interval_2684	chr18	73189358	73189574	+	217	2	0	5	3	7	8	12	2
Interval_2685	chr18	73215780	73216098	+	319	3	1	15	2	7	15	10	7
Interval_2686	chr18	73286564	73286802	+	239	1	0	3	4	16	20	19	2
Interval_2687	chr18	73287117	73287574	+	458	1	3	10	3	12	23	17	4
Interval_2688	chr18	73338300	73338569	+	270	1	3	7	4	9	5	15	4
Interval_2689	chr18	73433890	73434618	+	729	2	4	24	4	53	69	41	6
Interval_2690	chr18	73489642	73490306	+	665	12	6	21	5	55	31	54	18
Interval_2691	chr18	73541751	73542310	+	560	14	13	9	22	11	20	14	40
Interval_2692	chr18	73571895	73573507	+	1613	1322	1505	629	2658	1081	1271	1127	4864
Interval_2693	chr18	73595440	73595703	+	264	7	2	5	7	3	9	5	22
Interval_2694	chr18	73603600	73604505	+	906	6	9	35	18	65	70	66	11
Interval_2695	chr18	73622584	73623725	+	1142	29	14	81	37	121	151	127	55
Interval_2696	chr18	73674230	73674544	+	315	3	5	11	10	16	33	26	13
Interval_2697	chr18	73696845	73697131	+	287	5	13	4	22	8	12	12	18
Interval_2698	chr18	73703175	73704352	+	1178	146	196	188	328	307	365	332	599
Interval_2699	chr18	73718888	73719115	+	228	3	0	6	3	7	7	18	8
Interval_2700	chr18	73746657	73747137	+	481	4	10	11	25	14	16	19	28
Interval_2701	chr18	73754020	73754828	+	809	71	92	114	127	146	205	169	246
Interval_2702	chr18	73762141	73762841	+	701	41	38	75	59	89	110	88	92
Interval_2703	chr18	73787584	73789045	+	1462	72	64	17	84	19	13	34	235
Interval_2704	chr18	73814975	73816157	+	1183	799	820	307	1355	498	587	567	2296
Interval_2705	chr18	73822577	73822812	+	236	4	1	6	4	7	12	3	8
Interval_2706	chr18	73830167	73831086	+	920	15	33	15	36	40	29	30	70
Interval_2707	chr18	73835257	73835687	+	431	14	8	9	28	18	16	15	36
Interval_2708	chr18	73846722	73847168	+	447	5	3	10	7	22	32	18	13
Interval_2709	chr18	73855394	73856301	+	908	9	5	71	11	93	96	102	8
Interval_2710	chr18	73863266	73863755	+	490	15	9	38	11	34	56	37	28
Interval_2711	chr18	73865333	73865879	+	547	8	10	22	20	42	23	47	15
Interval_2712	chr18	73872092	73872692	+	601	7	5	14	14	39	34	41	22
Interval_2713	chr18	73898262	73898834	+	573	4	2	31	5	60	65	62	10
Interval_2714	chr18	73905193	73905636	+	444	4	3	16	5	25	29	34	8
Interval_2715	chr18	73935047	73935708	+	662	12	9	46	30	52	48	55	37
Interval_2716	chr18	73948070	73949010	+	941	15	15	83	24	98	126	82	32
Interval_2717	chr18	73963063	73963818	+	756	13	18	48	25	56	68	49	63
Interval_2718	chr18	73971145	73971636	+	492	5	2	24	3	31	39	43	7
Interval_2719	chr18	73979538	73980303	+	766	1	3	23	10	66	72	59	11
Interval_2720	chr18	73997319	73997781	+	463	14	9	19	10	24	36	18	36
Interval_2721	chr18	74002022	74002600	+	579	4	5	30	8	52	61	59	9
Interval_2722	chr18	74004150	74004390	+	241	2	3	15	1	20	29	20	6
Interval_2723	chr18	74007842	74008507	+	666	87	50	24	76	33	36	24	284
Interval_2724	chr18	74014467	74015221	+	755	10	9	39	13	43	43	60	17
Interval_2725	chr18	74017218	74017874	+	657	7	8	17	10	14	13	18	39
Interval_2726	chr18	74022952	74024054	+	1103	10	5	66	9	92	69	96	15
Interval_2727	chr18	74043723	74043965	+	243	0	3	7	2	7	20	7	7
Interval_2728	chr18	74063811	74065554	+	1744	20	23	163	46	251	289	248	75
Interval_2729	chr18	74121948	74122196	+	249	4	2	6	3	4	14	6	6
Interval_2730	chr18	74158620	74158914	+	295	5	3	5	6	14	9	18	13
Interval_2731	chr18	74190211	74191042	+	832	32	30	10	37	20	23	27	80
Interval_2732	chr18	74207205	74208335	+	1131	155	161	77	275	92	109	144	569
Interval_2733	chr18	74215763	74217045	+	1283	412	430	259	668	341	482	403	1320
Interval_2734	chr18	74252236	74252956	+	721	26	22	14	35	12	9	16	97
Interval_2735	chr18	74267630	74268728	+	1099	331	361	171	503	269	363	309	998
Interval_2736	chr18	74282869	74283503	+	635	17	20	51	36	65	94	72	54
Interval_2737	chr18	74287897	74288175	+	279	1	3	15	8	15	27	9	16
Interval_2738	chr18	74330083	74331395	+	1313	4	12	57	16	57	88	59	14
Interval_2739	chr18	74347669	74348487	+	819	9	15	46	27	68	71	88	29
Interval_2740	chr18	74364757	74365036	+	280	3	4	14	5	6	15	3	6
Interval_2741	chr18	74393006	74393272	+	267	10	9	7	19	6	12	5	28
Interval_2742	chr18	74422533	74423325	+	793	20	18	8	32	17	11	22	47
Interval_2743	chr18	74431130	74432056	+	927	8	4	41	13	35	52	48	23
Interval_2744	chr18	74442282	74443099	+	818	24	34	63	39	74	69	86	70
Interval_2745	chr18	74443820	74444648	+	829	20	23	66	38	99	92	92	52
Interval_2746	chr18	74456100	74456422	+	323	3	6	25	6	35	39	27	3
Interval_2747	chr18	74459273	74459862	+	590	3	9	30	19	66	50	52	16
Interval_2748	chr18	74471970	74473013	+	1044	6	4	23	18	30	39	47	11
Interval_2749	chr18	74478629	74479044	+	416	6	3	15	5	35	26	25	2
Interval_2750	chr18	74489553	74490011	+	459	7	1	18	4	38	32	48	5
Interval_2751	chr18	74498608	74499092	+	485	4	1	18	9	32	31	39	7
Interval_2752	chr18	74505187	74506033	+	847	4	6	29	5	71	52	66	7
Interval_2753	chr18	74523797	74524029	+	233	2	1	3	2	15	8	5	9
Interval_2754	chr18	74546639	74546914	+	276	3	4	8	18	16	12	21	10
Interval_2755	chr18	74570028	74570813	+	786	10	18	34	20	66	58	84	29
Interval_2756	chr18	74571751	74572256	+	506	10	11	32	11	42	43	26	24
Interval_2757	chr18	74624979	74625752	+	774	24	44	14	67	14	12	23	50
Interval_2758	chr18	74666892	74667142	+	251	3	2	11	12	4	6	8	2
Interval_2759	chr18	74688449	74689261	+	813	14	13	43	22	41	62	40	23
Interval_2760	chr18	74727692	74728334	+	643	12	9	39	13	73	77	48	24
Interval_2761	chr18	74729037	74730149	+	1113	306	294	44	402	50	82	78	970
Interval_2762	chr18	74739814	74740072	+	259	16	19	8	32	7	9	7	37
Interval_2763	chr18	74741055	74741665	+	611	15	20	16	19	39	43	49	24
Interval_2764	chr18	74767836	74768280	+	445	13	11	9	23	10	4	13	36
Interval_2765	chr18	74778232	74779586	+	1355	537	602	394	1040	553	660	655	1830
Interval_2766	chr18	74821694	74822661	+	968	8	6	62	9	88	86	91	19
Interval_2767	chr18	74822953	74823412	+	460	12	11	39	9	36	53	37	12
Interval_2768	chr18	74823440	74824143	+	704	10	16	42	14	62	65	48	27
Interval_2769	chr18	74829701	74830633	+	933	6	16	122	13	123	177	166	15
Interval_2770	chr18	74846946	74847419	+	474	1	2	20	7	26	23	36	3
Interval_2771	chr18	74890690	74890957	+	268	1	3	13	5	13	11	21	1
Interval_2772	chr18	74904682	74905430	+	749	4	5	82	7	86	116	102	8
Interval_2773	chr18	74907064	74907752	+	689	7	4	60	8	61	77	73	16
Interval_2774	chr18	74940162	74940908	+	747	7	3	21	14	26	32	41	19
Interval_2775	chr18	74959084	74959448	+	365	6	6	24	9	26	26	32	10
Interval_2776	chr18	74960675	74961836	+	1162	15	19	64	43	78	95	89	42
Interval_2777	chr18	74980854	74982078	+	1225	10	18	57	24	69	85	80	30
Interval_2778	chr18	74990924	74991195	+	272	8	8	18	8	12	7	21	13
Interval_2779	chr18	74994644	74994924	+	281	3	2	6	6	19	9	6	8
Interval_2780	chr18	74999948	75001031	+	1084	151	173	152	264	178	215	197	583
Interval_2781	chr18	75005392	75006246	+	855	402	361	190	546	211	253	232	1073
Interval_2782	chr18	75018408	75019827	+	1420	351	351	168	498	229	269	272	1129
Interval_2783	chr18	75021977	75022438	+	462	51	49	19	55	27	34	21	129
Interval_2784	chr18	75038365	75039357	+	993	65	60	21	96	29	26	23	230
Interval_2785	chr18	75040252	75040920	+	669	14	17	18	17	27	26	30	32
Interval_2786	chr18	75058013	75058547	+	535	26	21	24	38	11	11	9	73
Interval_2787	chr18	75065552	75066177	+	626	9	4	39	15	50	51	51	24
Interval_2788	chr18	75075556	75075962	+	407	6	2	9	10	13	23	16	24
Interval_2789	chr18	75076994	75077274	+	281	4	5	2	16	9	6	6	2
Interval_2790	chr18	75105577	75105916	+	340	5	3	9	5	9	23	12	7
Interval_2791	chr18	75117734	75118405	+	672	6	7	24	10	21	38	25	15
Interval_2792	chr18	75138971	75139346	+	376	6	9	25	3	45	30	32	14
Interval_2793	chr18	75139867	75140261	+	395	4	4	17	7	34	35	43	13
Interval_2794	chr18	75149777	75149981	+	205	2	1	16	5	8	8	10	8
Interval_2795	chr18	75164574	75165846	+	1273	16	18	48	23	63	69	47	28
Interval_2796	chr18	75172312	75172549	+	238	4	3	10	8	6	10	14	7
Interval_2797	chr18	75183457	75183857	+	401	9	6	12	10	10	29	19	18
Interval_2798	chr18	75190838	75191234	+	397	9	15	5	19	7	7	11	17
Interval_2799	chr18	75215461	75215951	+	491	11	10	14	9	33	32	31	16
Interval_2800	chr18	75222414	75224260	+	1847	19	17	99	26	115	126	122	32
Interval_2801	chr18	75261962	75263125	+	1164	163	176	23	243	26	20	29	537
Interval_2802	chr18	75278450	75278920	+	471	12	16	15	23	22	24	33	41
Interval_2803	chr18	75284372	75284663	+	292	8	9	12	12	11	6	14	30
Interval_2804	chr18	75295441	75295665	+	225	5	6	20	12	18	21	29	21
Interval_2805	chr18	75301285	75301538	+	254	1	7	3	6	11	6	15	13
Interval_2806	chr18	75307302	75307743	+	442	14	8	8	16	13	14	14	45
Interval_2807	chr18	75312626	75313147	+	522	20	21	8	41	5	4	17	75
Interval_2808	chr18	75319368	75319672	+	305	7	3	16	6	20	17	18	7
Interval_2809	chr18	75342211	75343478	+	1268	60	90	182	120	245	271	256	254
Interval_2810	chr18	75366310	75367869	+	1560	112	150	338	294	434	524	467	482
Interval_2811	chr18	75375499	75375806	+	308	8	10	60	10	79	88	93	24
Interval_2812	chr18	75377359	75377934	+	576	13	21	50	35	42	54	43	69
Interval_2813	chr18	75378416	75379116	+	701	16	10	86	37	95	135	126	49
Interval_2814	chr18	75385085	75385347	+	263	21	18	38	30	46	68	67	42
Interval_2815	chr18	75385953	75386637	+	685	50	83	156	141	251	275	282	149
Interval_2816	chr18	75387230	75387881	+	652	32	39	51	54	73	88	77	80
Interval_2817	chr18	75391207	75391768	+	562	5	6	54	18	73	95	86	14
Interval_2818	chr18	75392369	75392651	+	283	3	9	31	5	29	58	36	12
Interval_2819	chr18	75397770	75398106	+	337	7	9	22	12	13	17	17	26
Interval_2820	chr18	75401990	75402300	+	311	3	0	33	6	33	41	39	8
Interval_2821	chr18	75405134	75406143	+	1010	19	26	106	36	129	151	149	48
Interval_2822	chr18	75410268	75410581	+	314	7	5	51	9	43	63	50	21
Interval_2823	chr18	75423053	75423247	+	195	3	7	18	5	11	13	8	6
Interval_2824	chr18	75423419	75423726	+	308	5	10	11	9	17	30	11	13
Interval_2825	chr18	75434148	75435412	+	1265	11	19	135	32	173	201	159	42
Interval_2826	chr18	75444546	75444833	+	288	7	9	14	30	12	9	18	27
Interval_2827	chr18	75446548	75447521	+	974	9	17	56	28	94	100	90	33
Interval_2828	chr18	75456316	75457231	+	916	7	17	58	22	124	107	123	18
Interval_2829	chr18	75462047	75463176	+	1130	13	4	98	19	132	152	141	30
Interval_2830	chr18	75464627	75465783	+	1157	13	8	112	35	203	177	190	37
Interval_2831	chr18	75471944	75472196	+	253	6	9	6	16	13	9	11	7
Interval_2832	chr18	75479145	75479452	+	308	5	4	20	7	14	17	22	5
Interval_2833	chr18	75489386	75490612	+	1227	185	242	28	342	33	29	42	697
Interval_2834	chr18	75492940	75493464	+	525	17	16	21	27	39	48	47	40
Interval_2835	chr18	75494041	75494290	+	250	8	4	12	10	29	21	29	16
Interval_2836	chr18	75494569	75495576	+	1008	40	58	91	95	118	145	145	149
Interval_2837	chr18	75502339	75503914	+	1576	346	454	126	678	174	187	244	1039
Interval_2838	chr18	75510953	75511614	+	662	7	9	63	9	84	103	91	19
Interval_2839	chr18	75519284	75519926	+	643	9	1	59	9	47	57	56	13
Interval_2840	chr18	75534732	75534977	+	246	4	4	13	6	14	11	18	8
Interval_2841	chr18	75548750	75548937	+	188	5	2	15	5	9	4	6	11
Interval_2842	chr18	75563097	75563630	+	534	3	8	32	16	39	41	34	18
Interval_2843	chr18	75571545	75571823	+	279	1	4	11	3	15	17	10	2
Interval_2844	chr18	75578442	75578807	+	366	14	12	18	20	15	21	17	22
Interval_2845	chr18	75580086	75580940	+	855	5	7	38	5	42	53	63	12
Interval_2846	chr18	75593912	75594427	+	516	17	16	35	23	37	35	49	42
Interval_2847	chr18	75597923	75598182	+	260	11	6	20	12	27	37	30	20
Interval_2848	chr18	75606741	75608011	+	1271	27	22	86	33	58	73	94	38
Interval_2849	chr18	75650389	75650736	+	348	8	3	8	4	19	16	10	9
Interval_2850	chr18	75657444	75657711	+	268	8	17	13	22	19	21	19	29
Interval_2851	chr18	75666175	75666659	+	485	16	21	9	30	13	13	11	35
Interval_2852	chr18	75675004	75675372	+	369	5	2	8	2	16	23	9	4
Interval_2853	chr18	75690554	75690984	+	431	8	6	35	11	32	41	65	16
Interval_2854	chr18	75695185	75696053	+	869	20	37	101	61	130	160	157	62
Interval_2855	chr18	75696643	75698201	+	1559	44	66	219	67	235	339	261	118
Interval_2856	chr18	75715924	75716392	+	469	2	7	22	7	20	27	36	16
Interval_2857	chr18	75740599	75740995	+	397	5	12	22	12	29	28	30	20
Interval_2858	chr18	75757440	75757879	+	440	8	4	28	9	20	36	30	12
Interval_2859	chr18	75807511	75808078	+	568	18	6	11	18	9	7	17	35
Interval_2860	chr18	75810591	75810936	+	346	5	3	7	8	11	20	8	11
Interval_2861	chr18	75818997	75820889	+	1893	29	45	178	54	246	226	240	87
Interval_2862	chr18	75840100	75840323	+	224	1	0	11	1	3	6	1	4
Interval_2863	chr18	75891585	75892411	+	827	6	8	35	12	23	36	53	20
Interval_2864	chr18	75901586	75902158	+	573	11	20	23	36	21	17	22	25
Interval_2865	chr18	75936678	75937250	+	573	3	7	32	10	34	56	27	8
Interval_2866	chr18	75958581	75959233	+	653	7	6	25	9	32	37	27	8
Interval_2867	chr18	75973818	75974638	+	821	20	27	16	46	21	24	25	55
Interval_2868	chr18	75982399	75983201	+	803	4	7	35	16	48	55	54	13
Interval_2869	chr18	75983878	75984621	+	744	4	6	28	10	35	59	41	14
Interval_2870	chr18	76003542	76003817	+	276	6	6	8	9	7	3	3	40
Interval_2871	chr18	76011069	76011937	+	869	9	8	55	11	51	67	68	18
Interval_2872	chr18	76015740	76016517	+	778	25	14	18	29	12	18	17	106
Interval_2873	chr18	76034696	76035755	+	1060	69	89	115	148	171	197	176	211
Interval_2874	chr18	76051492	76051969	+	478	7	8	13	5	11	23	12	42
Interval_2875	chr18	76057203	76057717	+	515	2	4	64	14	77	96	59	12
Interval_2876	chr18	76058579	76058926	+	348	6	4	55	13	41	52	55	13
Interval_2877	chr18	76059371	76059769	+	399	10	17	33	30	48	66	50	11
Interval_2878	chr18	76063085	76063372	+	288	5	6	21	5	34	52	45	7
Interval_2879	chr18	76069789	76070220	+	432	5	1	34	10	39	58	40	8
Interval_2880	chr18	76071872	76072806	+	935	6	18	86	34	81	132	123	24
Interval_2881	chr18	76084180	76084979	+	800	3	4	78	16	89	115	92	12
Interval_2882	chr18	76087568	76088488	+	921	6	6	124	8	113	140	124	20
Interval_2883	chr18	76111280	76112030	+	751	12	3	25	9	33	36	34	17
Interval_2884	chr18	76112606	76112936	+	331	4	2	15	6	20	20	18	6
Interval_2885	chr18	76119635	76120172	+	538	6	6	18	18	26	37	39	18
Interval_2886	chr18	76128159	76128500	+	342	1	6	11	10	6	25	22	4
Interval_2887	chr18	76140327	76141299	+	973	9	5	62	5	68	105	106	16
Interval_2888	chr18	76150928	76151197	+	270	5	5	21	9	18	28	17	9
Interval_2889	chr18	76154170	76154411	+	242	7	0	6	3	4	8	11	0
Interval_2890	chr18	76160569	76161770	+	1202	23	26	88	29	83	127	100	53
Interval_2891	chr18	76171625	76172228	+	604	13	8	28	21	69	40	61	27
Interval_2892	chr18	76173329	76173839	+	511	11	17	9	24	20	19	13	44
Interval_2893	chr18	76200458	76200708	+	251	4	3	11	4	17	11	7	9
Interval_2894	chr18	76204876	76205244	+	369	6	9	13	18	6	10	16	21
Interval_2895	chr18	76224260	76224504	+	245	2	1	12	6	8	14	14	8
Interval_2896	chr18	76224539	76224775	+	237	1	1	11	4	9	12	13	10
Interval_2897	chr18	76240769	76242426	+	1658	781	982	401	1716	587	689	656	3044
Interval_2898	chr18	76265721	76265987	+	267	6	6	10	24	13	3	14	14
Interval_2899	chr18	76332940	76333200	+	261	3	0	5	6	10	9	19	2
Interval_2900	chr18	76360583	76360856	+	274	1	2	4	5	15	4	10	0
Interval_2901	chr18	76378809	76379412	+	604	14	14	44	18	39	52	46	42
Interval_2902	chr18	76380127	76380508	+	382	5	8	31	12	26	38	34	18
Interval_2903	chr18	76396467	76396813	+	347	1	4	6	9	6	4	22	4
Interval_2904	chr18	76458623	76459111	+	489	4	4	12	3	24	29	34	3
Interval_2905	chr18	76465806	76466683	+	878	2	5	55	11	81	92	79	12
Interval_2906	chr18	76476627	76476965	+	339	1	3	19	6	9	9	11	8
Interval_2907	chr18	76532066	76532655	+	590	6	11	15	8	14	35	30	15
Interval_2908	chr18	76542592	76543302	+	711	15	12	96	5	85	144	105	24
Interval_2909	chr18	76662368	76663082	+	715	16	24	12	43	11	12	13	46
Interval_2910	chr18	76703077	76703814	+	738	3	4	32	6	44	55	39	10
Interval_2911	chr18	76809461	76809890	+	430	0	4	15	2	20	24	24	7
Interval_2912	chr18	76846624	76847185	+	562	1	6	21	11	14	21	20	11
Interval_2913	chr18	76847237	76847628	+	392	2	2	10	6	15	15	20	4
Interval_2914	chr18	76853109	76853581	+	473	5	4	20	11	23	35	15	6
Interval_2915	chr18	76929382	76930449	+	1068	154	132	106	192	103	183	133	507
Interval_2916	chr18	76943731	76944808	+	1078	189	197	89	304	141	199	145	651
Interval_2917	chr18	76960925	76961631	+	707	5	3	22	15	28	32	25	15
Interval_2918	chr18	76963546	76963833	+	288	0	2	4	2	15	6	18	9
Interval_2919	chr18	76971918	76972332	+	415	3	5	7	8	11	11	17	11
Interval_2920	chr18	76977974	76978363	+	390	14	11	11	19	16	25	18	18
Interval_2921	chr18	76987755	76988118	+	364	3	0	7	9	8	12	20	8
Interval_2922	chr18	77018225	77018456	+	232	1	1	5	3	3	9	8	7
Interval_2923	chr18	77046755	77047722	+	968	133	109	127	182	178	237	212	419
Interval_2924	chr18	77064664	77066181	+	1518	158	157	159	228	231	252	220	497
Interval_2925	chr18	77072048	77072283	+	236	5	2	6	3	17	13	1	6
Interval_2926	chr18	77076009	77076217	+	209	3	4	12	4	7	8	6	3
Interval_2927	chr18	77077647	77078242	+	596	0	2	54	4	76	56	66	5
Interval_2928	chr18	77094623	77094951	+	329	4	7	6	9	4	6	6	32
Interval_2929	chr18	77185287	77186290	+	1004	15	16	60	26	63	59	82	30
Interval_2930	chr18	77317101	77317484	+	384	3	10	19	7	14	10	23	3
Interval_2931	chr18	77358743	77359079	+	337	2	1	16	3	24	40	28	1
Interval_2932	chr18	77366458	77366998	+	541	9	4	25	7	34	25	34	11
Interval_2933	chr18	77372336	77372645	+	310	1	1	4	5	10	17	7	5
Interval_2934	chr18	77459024	77459338	+	315	4	2	10	4	20	21	22	3
Interval_2935	chr18	77484178	77484535	+	358	5	8	6	7	22	19	38	1
Interval_2936	chr18	77487769	77488238	+	470	4	4	48	11	57	70	81	14
Interval_2937	chr18	77489929	77490974	+	1046	19	11	135	20	181	215	203	28
Interval_2938	chr18	77501485	77501813	+	329	3	2	15	6	19	23	36	5
Interval_2939	chr18	77535776	77536076	+	301	2	0	13	1	13	8	15	5
Interval_2940	chr18	77550736	77550977	+	242	3	1	13	1	9	11	18	8
Interval_2941	chr18	77560362	77560783	+	422	7	7	24	7	24	50	37	16
Interval_2942	chr18	77564858	77565918	+	1061	12	13	111	30	122	162	126	38
Interval_2943	chr18	77570718	77571045	+	328	3	6	12	7	22	24	21	12
Interval_2944	chr18	77606941	77607260	+	320	0	4	4	5	15	11	21	10
Interval_2945	chr18	77608353	77609032	+	680	42	34	11	51	13	8	16	151
Interval_2946	chr18	77644465	77644700	+	236	2	1	4	1	11	10	11	1
Interval_2947	chr18	77646396	77646652	+	257	10	4	3	3	7	5	9	6
Interval_2948	chr18	77682648	77683170	+	523	14	21	15	15	14	16	19	35
Interval_2949	chr18	77683176	77683625	+	450	16	13	5	15	11	11	17	24
Interval_2950	chr18	77683742	77684147	+	406	8	13	6	21	14	21	18	25
Interval_2951	chr18	77704329	77705473	+	1145	109	116	12	209	16	7	25	368
Interval_2952	chr18	77713101	77715059	+	1959	450	565	231	786	269	348	326	1624
Interval_2953	chr18	77719940	77720254	+	315	3	8	9	8	4	23	11	6
Interval_2954	chr18	77732222	77733647	+	1426	435	474	133	773	179	250	216	1396
Interval_2955	chr18	77742332	77742571	+	240	7	1	4	3	15	6	7	14
Interval_2956	chr18	77743429	77744024	+	596	24	31	11	34	5	11	16	88
Interval_2957	chr18	77758892	77759161	+	270	2	5	6	5	14	4	3	3
Interval_2958	chr18	77767080	77768272	+	1193	206	231	138	340	179	232	188	702
Interval_2959	chr18	77773270	77774627	+	1358	247	260	200	358	222	300	243	711
Interval_2960	chr18	77781722	77782074	+	353	34	28	11	46	10	9	11	145
Interval_2961	chr18	77794211	77795248	+	1038	67	116	49	151	76	83	88	156
Interval_2962	chr18	77795610	77795979	+	370	8	10	14	14	21	17	33	20
Interval_2963	chr18	77806136	77807245	+	1110	297	344	23	589	46	27	46	1304
Interval_2964	chr18	77811657	77812220	+	564	110	97	4	174	16	9	26	360
Interval_2965	chr18	77818904	77819226	+	323	29	27	4	33	3	3	12	124
Interval_2966	chr18	77820789	77821135	+	347	10	12	5	15	8	7	3	35
Interval_2967	chr18	77821392	77822031	+	640	20	20	10	37	19	17	10	61
Interval_2968	chr18	77828013	77828402	+	390	4	3	6	12	8	5	19	10
Interval_2969	chr18	77849112	77849872	+	761	33	28	7	42	13	10	8	117
Interval_2970	chr18	77869739	77870489	+	751	74	91	43	120	44	66	61	171
Interval_2971	chr18	77879196	77880405	+	1210	22	25	43	38	45	62	52	38
Interval_2972	chr18	77880531	77880857	+	327	3	4	9	2	14	11	8	10
Interval_2973	chr18	77937948	77938912	+	965	497	514	155	881	212	263	254	1604
Interval_2974	chr18	77956230	77956797	+	568	46	47	9	52	12	13	16	139
Interval_2975	chr18	77966925	77967161	+	237	2	7	2	6	3	5	12	9
Interval_2976	chr18	78006629	78006947	+	319	6	1	15	12	6	11	14	11
Interval_2977	chr18	78014204	78015289	+	1086	23	16	33	31	40	56	43	58
Interval_2978	chr18	78028847	78029455	+	609	35	30	16	54	10	18	7	121
Interval_2979	chr18	78032094	78032489	+	396	22	27	18	47	11	12	8	102
Interval_2980	chr18	78047249	78047611	+	363	10	7	19	12	24	24	22	23
Interval_2981	chr18	78048209	78048964	+	756	9	14	42	19	42	55	70	32
Interval_2982	chr18	78052537	78053006	+	470	29	22	7	31	7	11	7	78
Interval_2983	chr18	78097338	78097954	+	617	4	6	27	9	44	57	33	10
Interval_2984	chr18	78122496	78124420	+	1925	452	432	62	706	60	53	79	1426
Interval_2985	chr18	78132253	78132520	+	268	12	2	14	10	7	4	10	15
Interval_2986	chr18	78138075	78138588	+	514	28	19	25	41	46	48	35	56
Interval_2987	chr18	78166910	78167304	+	395	20	18	9	25	8	8	8	56
Interval_2988	chr18	78179320	78179558	+	239	2	2	5	9	9	12	11	9
Interval_2989	chr18	78181369	78181838	+	470	5	0	10	7	31	10	31	7
Interval_2990	chr18	78185725	78186214	+	490	6	6	21	14	72	44	73	17
Interval_2991	chr18	78205497	78206279	+	783	5	7	18	21	30	35	59	30
Interval_2992	chr18	78212191	78213135	+	945	123	93	24	151	30	32	37	431
Interval_2993	chr18	78237143	78237959	+	817	6	4	91	9	116	191	140	19
Interval_2994	chr18	78238316	78238554	+	239	1	3	21	2	28	52	20	1
Interval_2995	chr18	78255480	78256658	+	1179	11	11	93	22	151	171	178	28
Interval_2996	chr18	78267345	78268357	+	1013	5	4	48	3	61	97	68	16
Interval_2997	chr18	78280403	78280948	+	546	5	7	30	6	34	28	30	4
Interval_2998	chr18	78294508	78294980	+	473	4	5	12	4	9	11	17	10
Interval_2999	chr18	78313021	78313391	+	371	3	5	13	3	15	14	27	8
Interval_3000	chr18	78335509	78336622	+	1114	250	250	22	409	17	14	29	829
Interval_3001	chr18	78337338	78337716	+	379	18	17	14	25	30	28	27	55
Interval_3002	chr18	78344436	78344977	+	542	36	31	7	43	12	9	16	107
Interval_3003	chr18	78351137	78351842	+	706	169	141	11	237	30	18	37	518
Interval_3004	chr18	78357405	78358008	+	604	4	3	15	5	30	18	21	16
Interval_3005	chr18	78371495	78372120	+	626	4	2	36	6	31	48	17	8
Interval_3006	chr18	78392877	78393757	+	881	8	8	25	16	39	50	46	9
Interval_3007	chr18	78431039	78431641	+	603	5	2	21	5	29	40	26	7
Interval_3008	chr18	78432203	78433194	+	992	13	11	37	11	43	47	49	24
Interval_3009	chr18	78455744	78456234	+	491	8	3	16	3	15	26	19	16
Interval_3010	chr18	78483268	78483561	+	294	2	1	2	9	14	3	1	8
Interval_3011	chr18	78488581	78489216	+	636	8	5	46	5	61	68	54	12
Interval_3012	chr18	78495369	78495889	+	521	9	4	20	11	24	26	33	14
Interval_3013	chr18	78501797	78502358	+	562	12	14	18	19	10	8	10	49
Interval_3014	chr18	78547248	78547751	+	504	5	7	13	4	23	23	14	6
Interval_3015	chr18	78601300	78601523	+	224	2	3	7	3	8	17	8	9
Interval_3016	chr18	78633800	78634018	+	219	3	1	7	4	6	11	10	2
Interval_3017	chr18	78669127	78669759	+	633	11	10	8	12	6	17	7	42
Interval_3018	chr18	78730838	78731151	+	314	3	4	7	2	9	5	4	8
Interval_3019	chr18	78801137	78801563	+	427	2	4	15	10	18	27	19	8
Interval_3020	chr18	78826042	78826418	+	377	0	3	6	1	10	21	8	4
Interval_3021	chr18	78849645	78850118	+	474	0	2	15	2	31	37	32	2
Interval_3022	chr18	78973016	78973401	+	386	2	5	11	3	11	26	25	7
Interval_3023	chr18	78980818	78981290	+	473	10	17	8	22	14	14	14	37
Interval_3024	chr18	78984036	78984291	+	256	3	1	12	2	16	9	10	8
Interval_3025	chr18	78995910	78996559	+	650	2	7	28	7	51	54	45	11
Interval_3026	chr18	79009084	79009974	+	891	5	7	25	14	55	47	52	16
Interval_3027	chr18	79013920	79014304	+	385	2	4	12	3	18	26	16	3
Interval_3028	chr18	79020170	79020832	+	663	6	6	24	12	55	52	38	7
Interval_3029	chr18	79026533	79027211	+	679	9	16	26	21	39	41	56	21
Interval_3030	chr18	79049510	79049813	+	304	3	3	16	6	17	29	23	12
Interval_3031	chr18	79050972	79051882	+	911	3	7	24	11	38	31	33	14
Interval_3032	chr18	79068447	79068766	+	320	2	2	15	7	32	19	16	12
Interval_3033	chr18	79070530	79070826	+	297	3	4	20	4	17	28	14	7
Interval_3034	chr18	79078431	79078759	+	329	4	2	13	6	15	13	18	5
Interval_3035	chr18	79106169	79106531	+	363	5	7	45	4	77	77	95	10
Interval_3036	chr18	79108718	79110489	+	1772	33	30	237	68	345	421	377	106
Interval_3037	chr18	79256992	79258183	+	1192	40	38	52	87	65	78	67	118
Interval_3038	chr18	79325997	79326388	+	392	3	3	9	8	24	14	18	9
Interval_3039	chr18	79426657	79426904	+	248	4	3	5	6	8	4	12	11
Interval_3040	chr18	79466949	79467700	+	752	1	5	24	5	40	51	40	7
Interval_3041	chr18	79473050	79473320	+	271	1	4	4	1	20	17	14	3
Interval_3042	chr18	79588897	79589635	+	739	6	6	22	10	18	43	27	18
Interval_3043	chr18	79626260	79626506	+	247	1	0	4	4	11	14	15	5
Interval_3044	chr18	79830562	79830772	+	211	3	1	9	5	8	4	8	8
Interval_3045	chr18	79925916	79926271	+	356	6	7	8	10	13	14	14	12
Interval_3046	chr18	80004853	80005438	+	586	11	10	45	13	52	74	40	55
Interval_3047	chr18	80040215	80040867	+	653	4	7	46	5	72	121	78	19
Interval_3048	chr18	80046584	80047939	+	1356	51	51	224	75	301	389	354	179
Interval_3049	chr18	80073376	80073623	+	248	3	2	8	3	18	21	18	9
Interval_3050	chr18	80090310	80090768	+	459	6	7	18	10	30	29	39	11
Interval_3051	chr18	80103540	80103770	+	231	4	1	13	7	8	14	7	3
Interval_3052	chr18	80118640	80119046	+	407	10	1	17	10	20	26	19	14
Interval_3053	chr18	80129153	80129390	+	238	4	2	13	7	9	13	22	14
Interval_3054	chr18	80130001	80130500	+	500	4	4	10	7	15	8	17	29
Interval_3055	chr18	80150615	80152234	+	1620	281	279	398	552	536	661	540	1287
Interval_3056	chr18	80160384	80161219	+	836	17	24	25	25	25	31	26	69
Interval_3057	chr18	80169203	80170527	+	1325	64	60	38	104	35	42	35	238
Interval_3058	chr18	80178322	80178953	+	632	25	32	6	49	10	10	10	44
Interval_3059	chr18	80179338	80179806	+	469	12	13	15	28	11	13	11	44
Interval_3060	chr18	80193456	80194360	+	905	186	157	25	252	39	37	47	590
Interval_3061	chr18	80200208	80201051	+	844	108	101	104	193	110	139	118	435
Interval_3062	chr18	80206444	80207622	+	1179	473	519	194	809	254	324	299	1589
Interval_3063	chr18	80215328	80215581	+	254	14	10	17	17	12	21	11	22
Interval_3064	chr18	80219857	80220845	+	989	132	128	20	188	29	18	27	338
Interval_3065	chr18	80227072	80227692	+	621	31	45	22	56	34	33	37	49
Interval_3066	chr18	80236151	80237406	+	1256	23	40	73	48	86	87	81	74
Interval_3067	chr18	80254934	80257014	+	2081	664	760	238	1202	401	437	436	2278
Interval_3068	chr18	80259988	80260337	+	350	198	242	14	437	14	7	24	678
Interval_3069	chr18	80271337	80271899	+	563	11	21	17	27	46	32	50	33
Interval_3070	chr18	80272473	80272850	+	378	6	5	9	10	23	29	27	17
Interval_3071	chr18	80280445	80280784	+	340	9	18	25	27	22	19	19	58
Interval_3072	chr18	80287424	80287898	+	475	14	21	12	40	20	16	46	62
Interval_3073	chr18	80293162	80293499	+	338	12	10	7	23	4	8	13	43
Interval_3074	chr18	80295484	80296446	+	963	28	16	45	38	84	89	80	52
Interval_3075	chr18	80313036	80313601	+	566	9	8	26	18	35	34	36	17
Interval_3076	chr18	80322267	80323117	+	851	11	8	36	24	65	87	80	35
Interval_3077	chr18	80339815	80340270	+	456	25	12	7	22	5	4	4	72
Interval_3078	chr18	80349233	80349518	+	286	4	8	8	10	13	21	12	14
Interval_3079	chr18	80363015	80364048	+	1034	27	24	77	40	99	129	94	75
Interval_3080	chr18	80372812	80373307	+	496	21	19	7	21	12	13	14	64
Interval_3081	chr18	80379017	80379369	+	353	4	2	8	7	13	7	11	24
Interval_3082	chr18	80384312	80384867	+	556	6	15	25	7	36	39	26	18
Interval_3083	chr18	80390669	80391103	+	435	7	9	18	13	34	31	33	19
Interval_3084	chr18	80442656	80443602	+	947	16	22	59	32	72	79	83	37
Interval_3085	chr18	80449680	80450149	+	470	18	15	18	38	17	20	25	41
Interval_3086	chr18	80454763	80455292	+	530	6	12	18	9	18	23	21	26
Interval_3087	chr18	80527733	80528449	+	717	16	21	12	43	20	14	8	40
Interval_3088	chr18	80533729	80534842	+	1114	14	22	50	42	125	110	148	53
Interval_3089	chr18	80535686	80536076	+	391	7	10	33	15	52	55	49	17
Interval_3090	chr18	80547963	80549295	+	1333	8	17	125	23	149	170	179	34
Interval_3091	chr18	80554681	80555771	+	1091	27	59	59	89	76	87	81	77
Interval_3092	chr18	80608323	80608790	+	468	17	9	19	39	22	21	28	58
Interval_3093	chr18	80624187	80625667	+	1481	56	39	110	76	117	163	122	181
Interval_3094	chr18	80628939	80629225	+	287	9	5	33	14	40	51	33	12
Interval_3095	chr18	80631378	80631826	+	449	6	3	13	14	31	22	46	23
Interval_3096	chr18	80655613	80655950	+	338	5	4	16	10	17	27	28	27
Interval_3097	chr18	80662660	80663141	+	482	8	11	6	25	16	12	18	31
Interval_3098	chr18	80697081	80697683	+	603	25	39	26	48	24	21	23	140
Interval_3099	chr18	80707638	80708703	+	1066	69	95	124	127	153	157	164	276
Interval_3100	chr18	80712458	80712720	+	263	6	4	35	12	29	35	51	8
Interval_3101	chr18	80712829	80713366	+	538	6	10	53	13	60	63	59	16
Interval_3102	chr18	80714487	80715600	+	1114	32	22	124	66	125	176	166	84
Interval_3103	chr18	80724191	80724646	+	456	4	2	21	6	36	38	26	8
Interval_3104	chr18	80729387	80729864	+	478	15	11	37	20	31	42	32	33
Interval_3105	chr18	80734722	80735565	+	844	15	23	63	30	74	96	98	39
Interval_3106	chr18	80771659	80771954	+	296	1	2	5	1	5	15	1	4
Interval_3107	chr18	80804622	80805207	+	586	5	3	14	9	69	43	59	9
Interval_3108	chr18	80810845	80812132	+	1288	6	7	40	13	58	64	49	27
Interval_3109	chr18	80818829	80819356	+	528	2	2	13	6	13	20	21	5
Interval_3110	chr18	80836472	80836968	+	497	3	1	13	7	33	20	29	6
Interval_3111	chr18	80849394	80850162	+	769	3	5	27	13	50	44	45	20
Interval_3112	chr18	80855098	80855530	+	433	6	6	11	11	29	20	30	20
Interval_3113	chr18	80857674	80858135	+	462	17	7	7	11	5	4	2	37
Interval_3114	chr18	80926390	80926838	+	449	2	3	17	11	27	31	29	15
Interval_3115	chr18	80933415	80934348	+	934	165	142	129	203	165	218	190	564
Interval_3116	chr18	80937994	80938558	+	565	53	46	50	67	89	105	87	176
Interval_3117	chr18	80950741	80951323	+	583	11	6	51	12	55	61	61	14
Interval_3118	chr18	80957852	80958126	+	275	0	1	11	4	25	24	28	6
Interval_3119	chr18	80973642	80974039	+	398	5	8	3	12	26	12	21	17
Interval_3120	chr18	80980027	80980296	+	270	1	0	10	2	23	26	24	3
Interval_3121	chr18	80985746	80988040	+	2295	35	33	165	59	255	284	282	91
Interval_3122	chr18	80992185	80993043	+	859	5	6	46	17	39	46	55	11
Interval_3123	chr18	81000315	81000783	+	469	4	5	9	21	12	11	22	8
Interval_3124	chr18	81001897	81002909	+	1013	5	3	33	13	57	37	55	18
Interval_3125	chr18	81030819	81031155	+	337	2	3	6	4	12	6	16	6
Interval_3126	chr18	81042834	81043278	+	445	3	4	7	3	23	27	40	14
Interval_3127	chr18	81047315	81047834	+	520	7	15	14	10	19	24	27	31
Interval_3128	chr18	81049239	81049526	+	288	2	4	9	4	11	16	20	4
Interval_3129	chr18	81090846	81091718	+	873	5	5	59	6	90	86	66	8
Interval_3130	chr18	81098370	81098614	+	245	2	2	2	6	13	5	11	6
Interval_3131	chr18	81178535	81178850	+	316	6	2	7	4	13	26	13	7
Interval_3132	chr18	81253007	81253472	+	466	14	11	9	16	16	11	9	45
Interval_3133	chr18	81321944	81322346	+	403	4	2	13	8	31	22	22	5
Interval_3134	chr18	81383188	81383470	+	283	2	1	5	9	4	2	9	6
Interval_3135	chr18	81398015	81398243	+	229	2	2	3	2	14	6	12	7
Interval_3136	chr18	81398412	81398636	+	225	2	1	6	3	10	7	17	8
Interval_3137	chr18	81414935	81416123	+	1189	36	22	9	32	13	9	13	109
Interval_3138	chr18	81428308	81428510	+	203	3	3	9	5	3	4	7	11
Interval_3139	chr18	81444144	81444411	+	268	1	4	10	6	11	15	6	7
Interval_3140	chr18	81452993	81453298	+	306	2	2	10	6	13	24	16	7
Interval_3141	chr18	81471597	81472147	+	551	2	3	5	4	37	15	17	7
Interval_3142	chr18	81510616	81511592	+	977	8	6	39	10	43	40	53	23
Interval_3143	chr18	81521038	81521726	+	689	6	3	15	8	24	25	34	7
Interval_3144	chr18	81571716	81572236	+	521	6	10	3	21	16	13	24	18
Interval_3145	chr18	81644387	81645109	+	723	3	3	13	2	24	39	45	4
Interval_3146	chr18	81652652	81652951	+	300	4	4	10	3	12	22	14	5
Interval_3147	chr18	81699069	81699294	+	226	5	6	7	15	8	3	12	10
Interval_3148	chr18	81705314	81705523	+	210	0	1	7	3	0	6	7	4
Interval_3149	chr18	81711838	81712096	+	259	4	7	7	9	12	12	8	6
Interval_3150	chr18	81796904	81797232	+	329	2	9	18	6	12	19	12	4
Interval_3151	chr18	81838970	81839764	+	795	7	5	29	6	25	51	26	11
Interval_3152	chr18	81901605	81902831	+	1227	224	317	14	432	23	23	48	777
Interval_3153	chr18	81915906	81916805	+	900	31	21	50	43	59	53	50	74
Interval_3154	chr18	81925121	81925455	+	335	4	4	6	5	8	4	8	18
Interval_3155	chr18	81928015	81928492	+	478	7	7	22	18	18	47	16	19
Interval_3156	chr18	82007696	82007927	+	232	3	1	6	6	12	2	2	6
Interval_3157	chr18	82094200	82094474	+	275	2	0	9	2	16	7	5	2
Interval_3158	chr18	82405597	82406666	+	1070	8	11	20	17	26	31	52	12
Interval_3159	chr18	82418740	82419148	+	409	2	5	11	3	27	34	39	8
Interval_3160	chr18	82461942	82462637	+	696	46	47	37	59	59	57	67	84
Interval_3161	chr18	82471493	82472415	+	923	168	186	85	325	106	159	119	636
Interval_3162	chr18	82474665	82476263	+	1599	324	316	136	518	205	251	238	1129
Interval_3163	chr18	82484542	82484957	+	416	7	8	14	12	18	27	20	26
Interval_3164	chr18	82488930	82489931	+	1002	219	246	23	339	39	31	73	721
Interval_3165	chr18	82490595	82491071	+	477	58	66	14	98	21	9	26	186
Interval_3166	chr18	82504289	82504686	+	398	17	13	19	32	28	26	34	60
Interval_3167	chr18	82509153	82509424	+	272	3	5	11	9	21	22	15	8
Interval_3168	chr18	82509521	82510047	+	527	8	10	21	17	36	29	53	24
Interval_3169	chr18	82512114	82512370	+	257	5	6	14	15	16	16	31	20
Interval_3170	chr18	82513461	82514305	+	845	99	79	15	171	20	16	22	350
Interval_3171	chr18	82514685	82515387	+	703	63	73	22	112	25	12	24	242
Interval_3172	chr18	82522457	82523222	+	766	193	222	12	387	27	28	31	622
Interval_3173	chr18	82526008	82526545	+	538	32	50	29	73	27	32	38	123
Interval_3174	chr18	82532083	82532433	+	351	11	12	11	20	11	15	15	50
Interval_3175	chr18	82534537	82535023	+	487	9	8	24	11	28	38	38	27
Interval_3176	chr18	82546143	82546422	+	280	5	4	9	9	11	18	13	6
Interval_3177	chr18	82560552	82560948	+	397	10	9	16	17	27	34	25	41
Interval_3178	chr18	82567603	82569098	+	1496	143	210	51	290	55	83	72	669
Interval_3179	chr18	82569663	82569913	+	251	44	29	10	61	4	5	12	153
Interval_3180	chr18	82576312	82576993	+	682	38	43	12	86	13	8	17	202
Interval_3181	chr18	82577679	82578228	+	550	62	51	12	98	13	11	22	203
Interval_3182	chr18	82583428	82584071	+	644	25	19	13	28	18	28	20	83
Interval_3183	chr18	82589013	82589565	+	553	18	13	15	17	13	17	14	52
Interval_3184	chr18	82605275	82605752	+	478	26	20	9	38	10	9	8	85
Interval_3185	chr18	82607638	82608082	+	445	32	27	7	43	11	12	11	107
Interval_3186	chr18	82615256	82615718	+	463	47	37	6	64	9	8	8	162
Interval_3187	chr18	82618947	82619267	+	321	4	7	9	13	11	3	18	19
Interval_3188	chr18	82625839	82626357	+	519	7	5	21	7	37	37	35	16
Interval_3189	chr18	82633734	82634845	+	1112	62	61	10	91	19	17	15	204
Interval_3190	chr18	82644509	82645056	+	548	53	48	12	82	14	8	16	173
Interval_3191	chr18	82659547	82659895	+	349	7	3	18	6	19	21	22	22
Interval_3192	chr18	82666183	82666886	+	704	20	15	20	33	15	15	10	84
Interval_3193	chr18	82675106	82675404	+	299	5	5	11	17	4	5	11	19
Interval_3194	chr18	82681176	82681865	+	690	51	34	10	77	13	16	17	142
Interval_3195	chr18	82685389	82685683	+	295	14	7	3	23	16	8	10	70
Interval_3196	chr18	82691436	82692912	+	1477	243	280	182	469	207	324	275	895
Interval_3197	chr18	82718668	82719316	+	649	7	18	26	22	47	53	59	30
Interval_3198	chr18	82721682	82722506	+	825	5	3	49	5	63	63	57	15
Interval_3199	chr18	82733277	82733701	+	425	1	4	30	3	29	38	48	16
Interval_3200	chr18	82750928	82751563	+	636	5	13	56	14	49	88	48	21
Interval_3201	chr18	82753099	82753822	+	724	5	9	55	13	66	85	78	21
Interval_3202	chr18	82764439	82765482	+	1044	18	10	42	21	44	74	60	58
Interval_3203	chr18	82770982	82771544	+	563	104	88	9	150	11	18	12	310
Interval_3204	chr18	82791437	82792925	+	1489	28	20	83	45	101	134	121	53
Interval_3205	chr18	82798187	82799004	+	818	7	8	30	13	54	70	58	19
Interval_3206	chr18	82812135	82813330	+	1196	31	32	168	40	170	214	192	64
Interval_3207	chr18	82821585	82822540	+	956	29	29	58	41	53	90	78	94
Interval_3208	chr18	82849071	82849638	+	568	11	12	17	13	29	20	38	34
Interval_3209	chr18	82854836	82856622	+	1787	55	56	115	90	157	194	137	194
Interval_3210	chr18	82863585	82863829	+	245	3	3	4	6	17	13	11	12
Interval_3211	chr18	82867926	82868648	+	723	14	19	42	23	52	71	45	41
Interval_3212	chr18	82869018	82869316	+	299	6	2	24	3	29	28	22	6
Interval_3213	chr18	82870008	82870503	+	496	7	4	45	11	56	69	70	14
Interval_3214	chr18	82875833	82876211	+	379	8	8	8	9	9	5	6	22
Interval_3215	chr18	82880929	82881337	+	409	3	13	22	14	27	20	30	18
Interval_3216	chr18	82888345	82889722	+	1378	21	20	187	40	211	308	215	37
Interval_3217	chr18	82901992	82903208	+	1217	41	51	156	85	176	256	204	107
Interval_3218	chr18	82909551	82911163	+	1613	61	83	266	136	350	495	396	264
Interval_3219	chr18	82913108	82913732	+	625	47	53	134	67	167	196	174	128
Interval_3220	chr18	82914012	82915060	+	1049	60	79	264	129	256	333	308	175
Interval_3221	chr18	82917708	82917964	+	257	11	10	46	14	52	75	46	22
Interval_3222	chr18	82921665	82922038	+	374	3	12	11	21	34	29	30	17
Interval_3223	chr18	82926722	82927920	+	1199	11	14	55	29	91	119	90	32
Interval_3224	chr18	82933610	82933818	+	209	4	3	19	4	13	19	10	9
Interval_3225	chr18	82944356	82944857	+	502	14	10	18	19	32	25	18	55
Interval_3226	chr18	82953868	82954574	+	707	21	16	54	28	72	87	83	73
Interval_3227	chr18	82975848	82976410	+	563	21	10	34	32	40	61	58	38
Interval_3228	chr18	82983254	82983913	+	660	11	19	21	45	33	34	42	61
Interval_3229	chr18	82993019	82993424	+	406	2	8	23	9	35	31	24	7
Interval_3230	chr18	83003760	83004337	+	578	4	5	18	5	42	40	39	12
Interval_3231	chr18	83011559	83012100	+	542	8	7	52	7	39	60	66	23
Interval_3232	chr18	83067305	83067524	+	220	1	1	10	1	6	19	11	6
Interval_3233	chr18	83068739	83069537	+	799	20	17	20	26	27	31	34	49
Interval_3234	chr18	83074350	83074580	+	231	2	0	12	4	9	12	23	4
Interval_3235	chr18	83088308	83088679	+	372	3	5	6	5	17	22	9	6
Interval_3236	chr18	83096288	83097118	+	831	5	5	25	9	54	63	48	11
Interval_3237	chr18	83125660	83125959	+	300	1	5	8	3	16	6	9	6
Interval_3238	chr18	83134701	83135497	+	797	6	4	34	6	45	49	62	20
Interval_3239	chr18	83146215	83146778	+	564	5	4	10	11	29	16	29	12
Interval_3240	chr18	83184752	83186292	+	1541	13	6	85	14	111	141	143	17
Interval_3241	chr18	83219314	83220146	+	833	6	4	77	6	67	78	77	16
Interval_3242	chr18	83221089	83221371	+	283	3	0	13	6	22	38	20	2
Interval_3243	chr18	83232178	83232443	+	266	2	4	12	2	16	11	13	2
Interval_3244	chr18	83245959	83246311	+	353	6	0	9	1	22	18	11	9
Interval_3245	chr18	83257023	83257764	+	742	4	5	43	12	17	37	33	13
Interval_3246	chr18	83282676	83283337	+	662	5	4	43	3	34	51	44	10
Interval_3247	chr18	83286929	83287520	+	592	10	4	35	3	27	42	21	17
Interval_3248	chr18	83300440	83300754	+	315	2	0	3	2	5	18	11	2
Interval_3249	chr18	83306552	83306803	+	252	3	0	7	2	6	15	6	3
Interval_3250	chr18	83334924	83335659	+	736	7	5	29	7	43	42	42	9
Interval_3251	chr18	83399361	83400344	+	984	6	7	23	16	31	44	52	24
Interval_3252	chr18	83423054	83423573	+	520	7	9	16	13	17	35	34	28
Interval_3253	chr18	83430595	83430784	+	190	2	0	13	4	9	12	6	6
Interval_3254	chr18	83491275	83492125	+	851	1	2	30	7	28	53	41	13
Interval_3255	chr18	83495464	83495805	+	342	2	1	8	6	24	12	24	0
Interval_3256	chr18	83526196	83526536	+	341	1	0	14	6	24	33	16	4
Interval_3257	chr18	83607320	83607711	+	392	3	2	9	3	18	26	30	9
Interval_3258	chr18	83634096	83635105	+	1010	5	12	41	16	61	91	76	10
Interval_3259	chr18	83656712	83657156	+	445	5	0	13	4	18	13	22	11
Interval_3260	chr18	83681827	83682180	+	354	2	3	15	5	16	25	12	7
Interval_3261	chr18	83740471	83740766	+	296	13	11	11	12	20	18	28	10
Interval_3262	chr18	83781027	83781353	+	327	6	3	11	5	19	30	16	9
Interval_3263	chr18	83830453	83830915	+	463	1	3	21	3	33	27	33	9
Interval_3264	chr18	83839759	83840050	+	292	4	4	27	10	10	19	16	15
Interval_3265	chr18	83840253	83840489	+	237	1	3	3	4	9	9	10	8
Interval_3266	chr18	83840904	83841167	+	264	2	1	9	5	18	32	33	12
Interval_3267	chr18	83870531	83870766	+	236	0	3	12	11	8	5	5	5
Interval_3268	chr18	83924310	83924658	+	349	4	0	6	5	17	19	23	12
Interval_3269	chr18	83936304	83937011	+	708	5	5	31	8	23	39	47	20
Interval_3270	chr18	83954772	83955639	+	868	5	4	30	9	36	40	39	17
Interval_3271	chr18	83967139	83968010	+	872	13	3	55	9	61	89	87	18
Interval_3272	chr18	83992188	83992742	+	555	10	4	3	17	6	11	7	31
Interval_3273	chr18	84015607	84016437	+	831	5	6	55	11	67	89	86	31
Interval_3274	chr18	84069510	84069792	+	283	4	2	21	3	30	33	26	14
Interval_3275	chr18	84070259	84071024	+	766	10	13	70	9	147	161	139	28
Interval_3276	chr18	84073483	84073772	+	290	3	0	44	3	62	75	45	6
Interval_3277	chr18	84080315	84080593	+	279	10	8	27	10	50	48	66	19
Interval_3278	chr18	84085104	84086015	+	912	80	85	81	159	153	164	133	329
Interval_3279	chr18	84087409	84088755	+	1347	318	324	337	577	419	524	472	1232
Interval_3280	chr18	84092295	84092626	+	332	18	21	36	33	53	76	59	68
Interval_3281	chr18	84102974	84103839	+	866	19	12	48	25	50	62	75	29
Interval_3282	chr18	84149120	84149794	+	675	3	5	27	17	31	29	32	17
Interval_3283	chr18	84155068	84155327	+	260	5	4	5	2	12	15	23	7
Interval_3284	chr18	84192383	84192602	+	220	2	3	6	4	5	10	17	8
Interval_3285	chr18	84198203	84198608	+	406	3	3	13	5	22	19	26	9
Interval_3286	chr18	84199207	84199680	+	474	5	7	13	10	36	43	43	9
Interval_3287	chr18	84209646	84210127	+	482	7	5	9	22	21	18	17	20
Interval_3288	chr18	84229099	84229441	+	343	6	6	4	13	5	5	10	25
Interval_3289	chr18	84233319	84233752	+	434	3	9	9	4	31	21	14	9
Interval_3290	chr18	84276728	84277182	+	455	13	7	14	14	18	21	22	33
Interval_3291	chr18	84293594	84293936	+	343	8	5	16	9	15	17	18	32
Interval_3292	chr18	84329529	84329754	+	226	11	3	15	11	10	17	9	9
Interval_3293	chr18	84350366	84350595	+	230	5	3	15	7	9	7	14	8
Interval_3294	chr18	84376552	84377204	+	653	13	21	16	57	18	24	24	39
Interval_3295	chr18	84390043	84390297	+	255	2	1	7	4	13	17	13	6
Interval_3296	chr18	84407570	84407799	+	230	1	1	9	3	10	19	9	8
Interval_3297	chr18	84409607	84409862	+	256	6	2	5	1	10	13	9	5
Interval_3298	chr18	84414329	84414963	+	635	23	21	19	27	18	30	19	87
Interval_3299	chr18	84434529	84434828	+	300	3	2	4	6	7	5	3	17
Interval_3300	chr18	84450573	84451228	+	656	7	10	54	15	83	93	103	14
Interval_3301	chr18	84480816	84481245	+	430	2	2	13	10	28	18	34	7
Interval_3302	chr18	84483423	84483958	+	536	4	4	8	4	25	11	12	13
Interval_3303	chr18	84496563	84496859	+	297	8	6	7	7	4	7	21	13
Interval_3304	chr18	84514658	84515015	+	358	5	2	10	7	9	13	18	5
Interval_3305	chr18	84520582	84520925	+	344	3	8	10	7	14	7	14	15
Interval_3306	chr18	84526531	84527239	+	709	18	30	9	38	11	10	20	31
Interval_3307	chr18	84532139	84532404	+	266	2	3	7	1	13	13	21	7
Interval_3308	chr18	84535927	84536326	+	400	7	10	25	12	25	31	31	24
Interval_3309	chr18	84540783	84541966	+	1184	18	11	19	23	20	48	31	84
Interval_3310	chr18	84579750	84580386	+	637	30	29	10	36	4	8	6	67
Interval_3311	chr18	84588627	84590435	+	1809	491	560	207	903	362	448	420	1776
Interval_3312	chr18	84625473	84625874	+	402	18	19	19	41	20	23	31	41
Interval_3313	chr18	84646220	84646466	+	247	3	3	13	9	32	21	24	11
Interval_3314	chr18	84649789	84650399	+	611	6	7	26	5	42	56	66	9
Interval_3315	chr18	84671565	84672388	+	824	16	7	66	13	197	159	170	24
Interval_3316	chr18	84674505	84674935	+	431	8	5	28	7	51	45	45	9
Interval_3317	chr18	84684957	84686090	+	1134	412	360	264	670	466	561	474	1371
Interval_3318	chr18	84708618	84709014	+	397	5	2	9	9	14	17	20	18
Interval_3319	chr18	84719459	84720947	+	1489	23	19	83	28	106	125	137	41
Interval_3320	chr18	84730309	84730574	+	266	4	2	9	10	11	9	9	23
Interval_3321	chr18	84739509	84739756	+	248	4	6	8	9	18	22	11	9
Interval_3322	chr18	84763869	84764159	+	291	3	4	24	3	21	36	30	5
Interval_3323	chr18	84768520	84769151	+	632	8	7	41	6	65	74	102	20
Interval_3324	chr18	84776848	84777053	+	206	2	0	11	8	6	5	10	8
Interval_3325	chr18	84786160	84786644	+	485	3	4	13	13	30	25	29	9
Interval_3326	chr18	84799113	84799943	+	831	14	12	29	14	35	62	45	12
Interval_3327	chr18	84804511	84804876	+	366	21	21	12	37	29	20	34	44
Interval_3328	chr18	84808837	84809146	+	310	9	8	9	7	7	10	9	35
Interval_3329	chr18	84818515	84819685	+	1171	41	42	20	72	13	11	16	102
Interval_3330	chr18	84838477	84839294	+	818	25	17	24	33	16	16	35	57
Interval_3331	chr18	84848642	84849609	+	968	257	282	14	489	32	35	41	990
Interval_3332	chr18	84850783	84851935	+	1153	902	961	264	1558	551	681	621	2483
Interval_3333	chr18	84858449	84858677	+	229	9	8	2	20	17	11	19	24
Interval_3334	chr18	84867275	84867725	+	451	29	15	6	19	10	14	12	56
Interval_3335	chr18	84868252	84868485	+	234	4	7	6	16	19	12	14	15
Interval_3336	chr18	84868730	84869675	+	946	19	20	21	22	70	62	82	38
Interval_3337	chr18	84872065	84872485	+	421	23	22	9	37	6	6	6	47
Interval_3338	chr18	84874477	84874903	+	427	25	22	8	47	2	8	15	42
Interval_3339	chr18	84884434	84885688	+	1255	929	1009	27	1767	68	30	105	2822
Interval_3340	chr18	84888922	84889289	+	368	63	52	11	104	34	34	26	284
Interval_3341	chr18	84895281	84895635	+	355	26	31	5	57	8	10	11	112
Interval_3342	chr18	84903323	84903824	+	502	26	35	7	30	13	7	8	72
Interval_3343	chr18	84909671	84910222	+	552	13	25	5	59	5	11	11	61
Interval_3344	chr18	84916187	84916471	+	285	10	12	5	13	4	3	4	37
Interval_3345	chr18	84922611	84923205	+	595	16	26	22	32	24	26	21	69
Interval_3346	chr18	84950937	84952502	+	1566	682	708	294	1161	530	695	593	2174
Interval_3347	chr18	84966907	84967815	+	909	43	31	13	53	25	24	23	131
Interval_3348	chr18	84970199	84970942	+	744	5	4	31	8	38	41	40	16
Interval_3349	chr18	85000248	85000527	+	280	4	4	5	4	4	19	13	6
Interval_3350	chr18	85089785	85090049	+	265	4	4	5	10	10	1	8	21
Interval_3351	chr18	85205173	85205453	+	281	7	4	11	3	14	23	17	8
Interval_3352	chr18	85399934	85400189	+	256	4	3	5	6	15	10	11	11
Interval_3353	chr18	85427899	85428734	+	836	3	1	24	10	46	73	37	16
Interval_3354	chr18	85462902	85463168	+	267	3	2	4	3	12	4	9	8
Interval_3355	chr18	85465116	85465423	+	308	1	2	3	4	12	4	12	5
Interval_3356	chr18	85469929	85470151	+	223	0	0	4	1	15	9	13	2
Interval_3357	chr18	85473697	85474258	+	562	9	22	5	29	9	7	4	34
Interval_3358	chr18	85633251	85633603	+	353	4	2	8	7	12	26	16	4
Interval_3359	chr18	85660473	85661405	+	933	9	7	35	6	73	98	70	9
Interval_3360	chr18	85762864	85763104	+	241	6	8	9	7	15	6	13	11
Interval_3361	chr18	85832726	85832941	+	216	1	3	3	11	9	12	13	9
Interval_3362	chr18	85847947	85848220	+	274	13	9	4	9	4	10	10	14
Interval_3363	chr18	85956341	85956680	+	340	1	3	6	5	10	10	14	6
Interval_3364	chr18	85964986	85965431	+	446	6	4	3	8	21	12	12	14
Interval_3365	chr18	85980939	85981510	+	572	5	5	8	5	29	25	28	5
Interval_3366	chr18	86101317	86101929	+	613	5	3	7	6	30	19	25	4
Interval_3367	chr18	86199733	86200065	+	333	2	1	17	5	6	3	15	3
Interval_3368	chr18	86394078	86394461	+	384	4	1	15	3	22	50	23	13
Interval_3369	chr18	86394665	86396159	+	1495	15	13	71	24	108	143	134	32
Interval_3370	chr18	86470915	86471230	+	316	7	1	10	10	11	8	14	4
Interval_3371	chr18	86480878	86481319	+	442	1	5	1	17	6	5	17	7
Interval_3372	chr18	86490766	86491107	+	342	5	8	27	5	19	29	23	10
Interval_3373	chr18	86557886	86558345	+	460	5	2	16	2	20	20	15	9
Interval_3374	chr18	86710493	86710838	+	346	5	3	26	12	43	51	43	16
Interval_3375	chr18	86711210	86712046	+	837	15	8	46	15	51	90	66	25
Interval_3376	chr18	86712889	86713388	+	500	11	7	23	11	41	37	35	11
Interval_3377	chr18	86816546	86816800	+	255	2	1	8	1	17	18	11	3
Interval_3378	chr18	86950723	86951093	+	371	2	1	17	4	20	31	22	2
Interval_3379	chr18	87017769	87018481	+	713	3	3	33	5	84	100	88	7
Interval_3380	chr18	87028854	87029276	+	423	3	2	3	7	6	16	5	5
Interval_3381	chr18	87071146	87071369	+	224	0	0	3	4	9	11	2	4
Interval_3382	chr18	87212035	87212338	+	304	1	1	2	7	6	4	15	4
Interval_3383	chr18	87306442	87306801	+	360	1	1	7	2	20	23	11	3
Interval_3384	chr18	87386952	87387331	+	380	6	5	7	11	14	11	17	8
Interval_3385	chr18	87411229	87411775	+	547	3	5	8	5	26	19	14	3
Interval_3386	chr18	87764590	87764946	+	357	2	2	5	2	27	18	19	6
Interval_3387	chr18	87877405	87877662	+	258	4	5	2	6	13	7	11	9
Interval_3388	chr18	87901384	87901702	+	319	1	1	8	2	25	18	8	4
Interval_3389	chr18	87901915	87902465	+	551	6	2	18	5	17	32	24	5
Interval_3390	chr18	88216942	88217393	+	452	6	3	5	8	26	15	26	13
Interval_3391	chr18	88389486	88389794	+	309	2	2	4	14	6	10	6	14
Interval_3392	chr18	88441219	88442678	+	1460	6	12	89	11	196	217	197	30
Interval_3393	chr18	88492832	88493544	+	713	5	4	9	5	32	31	26	5
Interval_3394	chr18	88569997	88570236	+	240	3	2	5	6	1	8	13	8
Interval_3395	chr18	88588312	88588669	+	358	11	7	23	14	29	28	21	13
Interval_3396	chr18	88673902	88674354	+	453	2	1	20	1	19	41	29	7
Interval_3397	chr18	88717046	88717386	+	341	0	0	8	3	12	20	9	2
Interval_3398	chr18	88726000	88726278	+	279	10	5	8	12	3	9	5	8
Interval_3399	chr18	88735784	88736005	+	222	4	6	9	6	11	18	17	23
Interval_3400	chr18	88737120	88737457	+	338	6	3	9	7	23	12	10	15
Interval_3401	chr18	88746751	88747497	+	747	10	7	49	21	130	135	112	26
Interval_3402	chr18	88754557	88755497	+	941	163	250	26	354	25	28	35	591
Interval_3403	chr18	88757565	88758729	+	1165	73	86	23	164	47	51	51	278
Interval_3404	chr18	88770416	88771029	+	614	13	9	19	21	26	28	34	45
Interval_3405	chr18	88774406	88774748	+	343	5	3	9	6	8	16	10	5
Interval_3406	chr18	88794695	88794956	+	262	1	1	8	1	9	13	10	6
Interval_3407	chr18	88837976	88838297	+	322	3	17	6	8	3	3	8	9
Interval_3408	chr18	88850859	88851615	+	757	3	3	15	8	21	40	28	14
Interval_3409	chr18	88869746	88870466	+	721	14	12	16	26	17	20	29	47
Interval_3410	chr18	88893510	88894731	+	1222	299	300	276	414	636	752	663	980
Interval_3411	chr18	88905434	88905749	+	316	4	14	2	11	8	5	4	15
Interval_3412	chr18	88922604	88922835	+	232	4	4	4	4	10	19	11	5
Interval_3413	chr18	88924477	88925124	+	648	12	11	11	24	20	20	12	63
Interval_3414	chr18	88971424	88972426	+	1003	208	234	139	268	293	359	319	674
Interval_3415	chr18	88980409	88981410	+	1002	18	20	20	22	41	51	52	49
Interval_3416	chr18	88995881	88996535	+	655	32	37	9	28	13	11	11	109
Interval_3417	chr18	89007167	89007480	+	314	10	6	8	13	10	8	8	18
Interval_3418	chr18	89019388	89019845	+	458	7	11	5	22	8	3	11	55
Interval_3419	chr18	89050377	89050603	+	227	13	6	4	9	7	11	10	11
Interval_3420	chr18	89117915	89118679	+	765	12	9	17	20	28	18	20	50
Interval_3421	chr18	89121250	89121483	+	234	2	0	4	3	6	11	8	11
Interval_3422	chr18	89176667	89177323	+	657	22	16	6	32	11	8	12	59
Interval_3423	chr18	89263692	89263985	+	294	5	0	8	3	10	8	14	13
Interval_3424	chr18	89288879	89289294	+	416	3	1	13	10	31	32	37	6
Interval_3425	chr18	89529476	89529826	+	351	8	5	1	7	5	5	11	18
Interval_3426	chr18	89551446	89551700	+	255	2	3	2	15	3	6	8	6
Interval_3427	chr18	89597030	89597400	+	371	7	5	4	12	8	9	8	12
Interval_3428	chr18	89608225	89608927	+	703	15	8	8	18	7	8	10	42
Interval_3429	chr18	89690747	89691196	+	450	4	4	6	5	11	20	15	9
Interval_3430	chr18	89734354	89734663	+	310	3	2	7	5	12	6	10	5
Interval_3431	chr18	89768679	89770115	+	1437	25	25	128	21	223	253	209	65
Interval_3432	chr18	89799198	89799639	+	442	8	8	19	15	29	32	26	21
Interval_3433	chr18	89836985	89837466	+	482	9	8	15	7	26	20	24	18
Interval_3434	chr18	89844009	89844282	+	274	3	0	8	2	7	23	11	3
Interval_3435	chr18	89903688	89903991	+	304	1	2	10	5	5	20	6	7
Interval_3436	chr18	90018124	90018898	+	775	5	14	18	19	10	21	43	21
Interval_3437	chr18	90171380	90171617	+	238	2	3	2	4	15	4	6	5
Interval_3438	chr18	90373501	90373798	+	298	4	1	6	10	11	10	14	8
Interval_3439	chr18	90509564	90510834	+	1271	255	271	239	418	453	543	447	985
Interval_3440	chr18	90545789	90546034	+	246	7	5	11	4	20	13	18	10
Interval_3441	chr18	90579131	90580202	+	1072	289	265	196	410	420	517	463	806
Interval_3442	chr19	3282358	3283486	+	1129	96	66	87	137	134	148	159	239
Interval_3443	chr19	3291816	3292548	+	733	14	21	31	14	40	42	46	45
Interval_3444	chr19	3296867	3297243	+	377	6	8	9	13	8	7	12	28
Interval_3445	chr19	3307433	3307652	+	220	2	3	10	6	7	9	13	17
Interval_3446	chr19	3322437	3323955	+	1519	297	295	147	424	202	220	236	937
Interval_3447	chr19	3325067	3325658	+	592	75	102	82	132	106	124	127	285
Interval_3448	chr19	3333084	3334848	+	1765	94	82	65	119	139	114	153	245
Interval_3449	chr19	3344817	3345783	+	967	8	6	46	13	76	58	100	9
Interval_3450	chr19	3353588	3353829	+	242	3	4	11	14	5	6	16	8
Interval_3451	chr19	3377210	3377502	+	293	5	12	7	15	6	9	10	25
Interval_3452	chr19	3388314	3389524	+	1211	165	219	177	291	195	230	235	658
Interval_3453	chr19	3392450	3392759	+	310	53	35	5	72	5	11	12	162
Interval_3454	chr19	3400254	3400520	+	267	2	1	14	2	15	7	24	2
Interval_3455	chr19	3433116	3433452	+	337	2	5	9	7	8	7	20	5
Interval_3456	chr19	3451342	3451764	+	423	8	13	24	12	17	31	32	27
Interval_3457	chr19	3466472	3466849	+	378	5	16	6	5	1	3	5	4
Interval_3458	chr19	3505941	3506216	+	276	3	5	11	6	4	1	3	4
Interval_3459	chr19	3541115	3541397	+	283	13	17	10	12	7	4	1	28
Interval_3460	chr19	3562695	3562982	+	288	6	9	3	12	6	3	3	9
Interval_3461	chr19	3575285	3576518	+	1234	581	706	383	1252	529	638	576	2125
Interval_3462	chr19	3589505	3590252	+	748	60	78	15	123	14	10	23	298
Interval_3463	chr19	3595920	3596177	+	258	7	4	5	18	4	6	9	14
Interval_3464	chr19	3611870	3612232	+	363	5	9	10	15	17	23	14	17
Interval_3465	chr19	3612635	3613043	+	409	14	26	10	31	16	9	5	24
Interval_3466	chr19	3623814	3624139	+	326	7	10	18	26	28	27	23	23
Interval_3467	chr19	3638522	3639244	+	723	17	28	61	31	73	100	84	40
Interval_3468	chr19	3645493	3646056	+	564	24	15	17	34	10	11	25	37
Interval_3469	chr19	3648180	3648429	+	250	7	15	10	14	24	11	17	20
Interval_3470	chr19	3665374	3665801	+	428	7	24	15	28	13	28	30	16
Interval_3471	chr19	3674159	3675104	+	946	45	63	20	135	52	36	45	139
Interval_3472	chr19	3681139	3681797	+	659	10	33	33	37	68	84	96	30
Interval_3473	chr19	3685849	3686995	+	1147	36	72	103	79	106	111	127	110
Interval_3474	chr19	3687512	3688136	+	625	47	61	42	100	43	59	43	95
Interval_3475	chr19	3699565	3699944	+	380	15	14	25	29	23	32	16	39
Interval_3476	chr19	3707757	3708784	+	1028	181	225	172	367	188	290	226	618
Interval_3477	chr19	3718791	3719903	+	1113	48	71	100	102	113	131	99	149
Interval_3478	chr19	3744194	3744670	+	477	7	7	21	6	26	26	18	19
Interval_3479	chr19	3767302	3769282	+	1981	268	422	273	861	252	305	323	1143
Interval_3480	chr19	3800635	3800841	+	207	0	0	9	1	3	3	5	2
Interval_3481	chr19	3813643	3813862	+	220	3	7	14	7	1	2	8	7
Interval_3482	chr19	3815677	3816185	+	509	7	21	11	39	11	7	6	29
Interval_3483	chr19	3819513	3820104	+	592	7	8	22	13	23	17	30	26
Interval_3484	chr19	3831689	3832391	+	703	71	57	27	107	21	16	28	200
Interval_3485	chr19	3832918	3833574	+	657	38	71	29	113	44	51	64	118
Interval_3486	chr19	3842419	3842689	+	271	2	3	17	5	31	14	28	7
Interval_3487	chr19	3850829	3852500	+	1672	233	367	289	506	287	375	339	831
Interval_3488	chr19	3880542	3880955	+	414	3	12	10	29	8	6	9	21
Interval_3489	chr19	3890129	3890653	+	525	8	7	9	3	12	23	9	14
Interval_3490	chr19	3895067	3895499	+	433	29	29	16	45	17	14	15	52
Interval_3491	chr19	3906263	3907786	+	1524	120	206	161	308	167	240	192	371
Interval_3492	chr19	3912448	3913422	+	975	473	592	267	949	292	383	382	1499
Interval_3493	chr19	3923419	3923907	+	489	5	18	41	20	41	27	45	28
Interval_3494	chr19	3923916	3924396	+	481	8	14	30	28	29	29	25	30
Interval_3495	chr19	3929235	3929876	+	642	26	41	43	62	34	44	61	67
Interval_3496	chr19	3934768	3936319	+	1552	38	67	119	105	130	113	128	138
Interval_3497	chr19	3943055	3943669	+	615	39	60	26	70	40	21	29	146
Interval_3498	chr19	3946727	3947198	+	472	7	14	32	14	23	26	35	29
Interval_3499	chr19	3972040	3972633	+	594	33	40	17	41	16	20	26	100
Interval_3500	chr19	3980008	3980626	+	619	11	17	47	25	49	55	41	33
Interval_3501	chr19	3984899	3986778	+	1880	79	85	225	151	241	256	266	192
Interval_3502	chr19	3999964	4001400	+	1437	252	321	251	503	286	318	323	903
Interval_3503	chr19	4012360	4013334	+	975	404	472	218	749	222	271	262	1239
Interval_3504	chr19	4018978	4019625	+	648	34	43	52	61	41	39	39	101
Interval_3505	chr19	4037383	4038299	+	917	51	58	73	91	72	82	87	172
Interval_3506	chr19	4045823	4047171	+	1349	123	186	29	294	28	24	46	528
Interval_3507	chr19	4058774	4059890	+	1117	131	187	24	327	28	18	37	535
Interval_3508	chr19	4068485	4069236	+	752	14	24	10	40	17	11	16	29
Interval_3509	chr19	4070500	4070929	+	430	14	13	10	19	11	6	4	32
Interval_3510	chr19	4080422	4081106	+	685	64	77	11	127	9	14	24	162
Interval_3511	chr19	4083775	4084358	+	584	10	12	15	20	30	24	37	34
Interval_3512	chr19	4096711	4097799	+	1089	738	867	326	1489	343	438	434	2348
Interval_3513	chr19	4113278	4114592	+	1315	57	57	74	129	120	117	137	145
Interval_3514	chr19	4121067	4121776	+	710	146	189	151	350	181	217	187	720
Interval_3515	chr19	4125388	4126445	+	1058	446	480	282	874	276	323	359	1502
Interval_3516	chr19	4131029	4131965	+	937	74	79	25	176	31	33	31	299
Interval_3517	chr19	4135984	4136695	+	712	27	38	26	51	14	20	19	111
Interval_3518	chr19	4142265	4142501	+	237	12	9	6	8	9	7	9	13
Interval_3519	chr19	4148154	4149099	+	946	123	143	135	187	147	169	189	333
Interval_3520	chr19	4154606	4155101	+	496	23	17	18	35	17	26	18	63
Interval_3521	chr19	4155736	4155974	+	239	7	8	15	9	10	27	11	17
Interval_3522	chr19	4162654	4163714	+	1061	105	120	125	162	124	144	120	327
Interval_3523	chr19	4169064	4170153	+	1090	198	244	243	461	250	343	295	846
Interval_3524	chr19	4175277	4175990	+	714	15	13	37	25	57	62	61	32
Interval_3525	chr19	4184855	4185685	+	831	23	36	44	50	33	50	52	46
Interval_3526	chr19	4191429	4192740	+	1312	340	392	284	697	248	354	352	1169
Interval_3527	chr19	4200949	4202312	+	1364	128	135	145	249	126	158	162	441
Interval_3528	chr19	4206960	4207301	+	342	11	9	22	24	23	32	40	37
Interval_3529	chr19	4207881	4208160	+	280	7	2	18	25	15	9	13	13
Interval_3530	chr19	4213650	4214152	+	503	11	14	56	15	62	55	54	20
Interval_3531	chr19	4214271	4215581	+	1311	18	36	139	52	124	167	174	65
Interval_3532	chr19	4220643	4221252	+	610	5	8	35	22	49	46	58	37
Interval_3533	chr19	4222178	4222670	+	493	7	9	29	18	46	28	38	19
Interval_3534	chr19	4229610	4230254	+	645	7	20	54	24	49	88	70	36
Interval_3535	chr19	4231393	4232425	+	1033	97	152	95	257	111	156	153	332
Interval_3536	chr19	4240150	4240547	+	398	4	8	27	4	10	34	16	17
Interval_3537	chr19	4257021	4258210	+	1190	90	82	126	142	133	163	157	219
Interval_3538	chr19	4261189	4261580	+	392	12	24	12	37	12	10	15	39
Interval_3539	chr19	4268819	4269439	+	621	26	27	47	49	68	77	103	52
Interval_3540	chr19	4282674	4283613	+	940	64	67	156	135	134	215	197	216
Interval_3541	chr19	4294341	4294946	+	606	21	35	19	44	30	22	39	86
Interval_3542	chr19	4299983	4300629	+	647	25	39	25	68	18	26	25	74
Interval_3543	chr19	4301856	4302419	+	564	10	18	36	40	26	66	28	38
Interval_3544	chr19	4305278	4306634	+	1357	154	211	133	338	134	189	182	528
Interval_3545	chr19	4315336	4315833	+	498	11	13	17	25	12	16	17	25
Interval_3546	chr19	4332749	4333018	+	270	21	16	19	19	19	34	22	51
Interval_3547	chr19	4333338	4334425	+	1088	135	182	128	251	150	236	237	401
Interval_3548	chr19	4396511	4398471	+	1961	427	595	374	982	312	462	440	1699
Interval_3549	chr19	4420245	4420539	+	295	13	9	12	11	6	6	4	1
Interval_3550	chr19	4439008	4440037	+	1030	20	29	79	52	72	94	96	69
Interval_3551	chr19	4441081	4441370	+	290	6	9	23	12	28	21	29	29
Interval_3552	chr19	4441479	4442590	+	1112	33	45	89	81	79	123	104	89
Interval_3553	chr19	4456262	4456825	+	564	9	7	32	15	31	32	26	22
Interval_3554	chr19	4462035	4462694	+	660	24	28	12	60	9	7	13	56
Interval_3555	chr19	4464482	4464876	+	395	7	6	5	15	4	5	16	29
Interval_3556	chr19	4476415	4477583	+	1169	17	24	76	34	81	97	100	58
Interval_3557	chr19	4484996	4485895	+	900	14	5	40	12	53	54	59	18
Interval_3558	chr19	4491230	4491497	+	268	1	3	8	10	5	21	13	9
Interval_3559	chr19	4497232	4497985	+	754	24	40	40	54	35	43	38	61
Interval_3560	chr19	4498081	4498298	+	218	10	7	16	11	6	14	14	14
Interval_3561	chr19	4509923	4510874	+	952	761	895	332	1655	448	514	582	2597
Interval_3562	chr19	4517733	4518010	+	278	4	5	4	10	3	4	7	15
Interval_3563	chr19	4518892	4519079	+	188	4	3	10	5	7	2	5	6
Interval_3564	chr19	4558209	4559294	+	1086	675	881	25	1509	47	31	84	2104
Interval_3565	chr19	4566925	4567211	+	287	65	86	3	148	8	1	5	244
Interval_3566	chr19	4568663	4569511	+	849	178	259	20	408	28	19	42	556
Interval_3567	chr19	4593875	4594620	+	746	17	64	25	134	16	18	17	51
Interval_3568	chr19	4603960	4604800	+	841	15	22	49	38	55	50	38	53
Interval_3569	chr19	4614740	4616266	+	1527	116	143	320	198	287	385	404	363
Interval_3570	chr19	4624975	4626188	+	1214	179	234	172	365	186	202	208	655
Interval_3571	chr19	4697964	4699030	+	1067	9	7	65	12	59	59	65	13
Interval_3572	chr19	4711770	4712450	+	681	3	4	33	12	32	23	44	12
Interval_3573	chr19	4719100	4719748	+	649	5	10	70	26	64	80	94	21
Interval_3574	chr19	4721022	4721336	+	315	10	3	26	9	21	30	31	13
Interval_3575	chr19	4755678	4757154	+	1477	196	233	260	403	251	378	283	643
Interval_3576	chr19	4767424	4767968	+	545	12	28	10	35	10	14	18	42
Interval_3577	chr19	4793419	4794546	+	1128	405	526	189	929	210	293	257	1469
Interval_3578	chr19	4802890	4803121	+	232	6	5	10	16	10	6	12	13
Interval_3579	chr19	4803432	4803833	+	402	8	7	12	17	15	11	19	28
Interval_3580	chr19	4810890	4812121	+	1232	514	633	297	1105	304	374	351	1768
Interval_3581	chr19	4817218	4817486	+	269	8	15	11	27	7	9	9	24
Interval_3582	chr19	4820263	4821121	+	859	11	31	15	49	37	22	41	45
Interval_3583	chr19	4828589	4829016	+	428	7	8	22	12	26	15	24	23
Interval_3584	chr19	4838708	4839857	+	1150	195	234	139	310	134	165	157	569
Interval_3585	chr19	4854915	4855809	+	895	52	41	87	65	70	97	100	122
Interval_3586	chr19	4858755	4859672	+	918	273	350	22	578	22	14	38	906
Interval_3587	chr19	4864892	4865343	+	452	11	6	24	12	11	32	25	17
Interval_3588	chr19	4877878	4879172	+	1295	303	368	218	624	179	263	259	1153
Interval_3589	chr19	4883781	4884473	+	693	48	60	13	67	12	10	15	145
Interval_3590	chr19	4891688	4892488	+	801	111	100	6	161	17	9	28	364
Interval_3591	chr19	4897271	4897746	+	476	7	7	33	10	25	39	26	18
Interval_3592	chr19	4906178	4906937	+	760	14	25	29	24	28	45	45	63
Interval_3593	chr19	4927632	4928785	+	1154	247	270	173	389	214	278	258	735
Interval_3594	chr19	4942465	4943487	+	1023	41	47	107	99	116	164	156	154
Interval_3595	chr19	4961911	4962629	+	719	72	95	71	144	79	78	82	234
Interval_3596	chr19	4989084	4989454	+	371	6	9	17	9	22	19	22	19
Interval_3597	chr19	5001666	5002485	+	820	8	7	67	21	44	66	52	34
Interval_3598	chr19	5014986	5015274	+	289	5	2	12	8	8	17	7	6
Interval_3599	chr19	5016160	5016776	+	617	5	6	34	11	29	30	30	20
Interval_3600	chr19	5023498	5024708	+	1211	105	101	234	153	203	288	246	268
Interval_3601	chr19	5038217	5039551	+	1335	89	126	186	162	159	236	192	395
Interval_3602	chr19	5040994	5041744	+	751	126	138	84	214	71	110	103	377
Interval_3603	chr19	5050295	5051655	+	1361	24	25	76	38	104	105	116	64
Interval_3604	chr19	5058817	5059615	+	799	15	21	83	26	58	78	68	57
Interval_3605	chr19	5060600	5060932	+	333	4	7	21	15	18	40	35	17
Interval_3606	chr19	5067145	5068515	+	1371	114	118	140	212	104	140	129	370
Interval_3607	chr19	5071584	5073357	+	1774	92	92	258	135	187	325	231	317
Interval_3608	chr19	5087801	5088897	+	1097	334	402	250	609	240	392	325	1114
Interval_3609	chr19	5094170	5095009	+	840	34	50	109	50	78	119	89	109
Interval_3610	chr19	5097916	5098960	+	1045	28	55	117	56	82	118	115	101
Interval_3611	chr19	5106528	5107436	+	909	202	260	182	371	161	239	207	717
Interval_3612	chr19	5108335	5109082	+	748	18	18	70	52	65	100	102	67
Interval_3613	chr19	5117186	5118863	+	1678	72	112	269	171	273	365	356	247
Interval_3614	chr19	5151456	5151672	+	217	6	4	8	3	7	19	7	7
Interval_3615	chr19	5167419	5168117	+	699	21	17	3	28	3	4	7	81
Interval_3616	chr19	5180477	5180676	+	200	1	0	11	2	5	3	2	5
Interval_3617	chr19	5267008	5267474	+	467	41	40	9	68	7	7	10	164
Interval_3618	chr19	5268972	5269616	+	645	45	55	8	92	11	11	10	233
Interval_3619	chr19	5272163	5273698	+	1536	153	179	241	312	240	327	276	612
Interval_3620	chr19	5295020	5295954	+	935	218	294	178	419	196	250	223	788
Interval_3621	chr19	5323963	5324202	+	240	4	5	16	3	16	15	12	6
Interval_3622	chr19	5348906	5349303	+	398	4	12	15	15	13	14	15	19
Interval_3623	chr19	5366137	5367367	+	1231	205	306	241	489	213	247	232	821
Interval_3624	chr19	5388021	5390033	+	2013	231	287	208	445	218	254	262	804
Interval_3625	chr19	5400930	5401222	+	293	12	2	7	5	7	6	8	12
Interval_3626	chr19	5406241	5407536	+	1296	167	242	119	395	120	154	112	683
Interval_3627	chr19	5424125	5425877	+	1753	200	323	326	559	291	408	337	987
Interval_3628	chr19	5433034	5433825	+	792	22	25	59	47	48	66	67	61
Interval_3629	chr19	5447509	5448050	+	542	16	12	40	30	38	49	43	55
Interval_3630	chr19	5448449	5448937	+	489	16	18	36	28	26	23	29	68
Interval_3631	chr19	5456638	5457922	+	1285	120	152	162	236	168	213	198	432
Interval_3632	chr19	5460353	5461078	+	726	52	56	83	91	83	93	86	155
Interval_3633	chr19	5463901	5464358	+	458	7	11	52	20	38	47	52	23
Interval_3634	chr19	5473563	5475376	+	1814	43	43	162	74	146	183	178	114
Interval_3635	chr19	5487899	5489504	+	1606	492	612	484	1006	405	561	551	1723
Interval_3636	chr19	5490305	5491664	+	1360	343	435	276	666	266	357	339	1285
Interval_3637	chr19	5496876	5497105	+	230	4	6	11	10	9	16	14	26
Interval_3638	chr19	5510082	5511263	+	1182	345	417	150	795	169	196	189	1212
Interval_3639	chr19	5529173	5530230	+	1058	37	45	123	79	110	113	143	104
Interval_3640	chr19	5544057	5544295	+	239	3	0	6	3	3	15	4	3
Interval_3641	chr19	5554128	5554393	+	266	2	5	18	7	15	18	24	9
Interval_3642	chr19	5558189	5558425	+	237	5	3	28	7	47	37	43	6
Interval_3643	chr19	5559818	5562109	+	2292	20	25	186	38	195	215	223	49
Interval_3644	chr19	5567292	5569038	+	1747	229	358	290	482	270	316	290	900
Interval_3645	chr19	5601709	5602891	+	1183	73	98	69	116	93	109	97	213
Interval_3646	chr19	5609057	5610704	+	1648	135	166	218	244	181	267	204	527
Interval_3647	chr19	5636862	5638108	+	1247	117	171	164	224	130	171	155	435
Interval_3648	chr19	5648622	5649568	+	947	77	75	81	131	93	116	111	190
Interval_3649	chr19	5653990	5654701	+	712	18	18	75	32	49	68	86	43
Interval_3650	chr19	5662976	5664083	+	1108	284	369	163	579	158	196	236	973
Interval_3651	chr19	5665197	5665946	+	750	266	363	34	635	40	20	49	913
Interval_3652	chr19	5688119	5690169	+	2051	461	557	414	1006	386	563	478	1589
Interval_3653	chr19	5696027	5696596	+	570	11	11	48	12	41	30	49	26
Interval_3654	chr19	5704325	5705432	+	1108	105	119	49	175	46	75	68	290
Interval_3655	chr19	5713722	5714147	+	426	26	37	40	60	35	59	59	76
Interval_3656	chr19	5715997	5716616	+	620	34	35	52	57	34	57	58	68
Interval_3657	chr19	5722757	5723369	+	613	150	247	19	355	16	11	20	541
Interval_3658	chr19	5724193	5725247	+	1055	207	300	57	457	59	68	71	678
Interval_3659	chr19	5726135	5727595	+	1461	236	336	88	548	75	68	88	934
Interval_3660	chr19	5729203	5729845	+	643	102	116	103	180	98	134	111	308
Interval_3661	chr19	5731376	5732121	+	746	51	56	104	99	92	120	128	210
Interval_3662	chr19	5741495	5742731	+	1237	20	20	103	33	100	137	143	30
Interval_3663	chr19	5746830	5747311	+	482	21	15	33	20	28	29	23	62
Interval_3664	chr19	5756704	5757788	+	1085	19	15	62	20	59	73	63	49
Interval_3665	chr19	5770636	5771888	+	1253	124	157	160	279	174	215	190	430
Interval_3666	chr19	5786424	5787632	+	1209	65	61	109	93	74	96	102	194
Interval_3667	chr19	5792997	5795303	+	2307	155	151	189	216	170	230	168	343
Interval_3668	chr19	5798741	5799286	+	546	60	86	20	155	13	23	29	259
Interval_3669	chr19	5802399	5802737	+	339	36	63	28	96	38	45	50	171
Interval_3670	chr19	5802869	5804163	+	1295	289	436	239	731	252	329	304	1257
Interval_3671	chr19	5810176	5810710	+	535	13	25	45	42	42	51	66	56
Interval_3672	chr19	5812077	5812348	+	272	9	10	27	17	36	59	45	28
Interval_3673	chr19	5815944	5816297	+	354	21	37	22	51	39	29	32	70
Interval_3674	chr19	5817805	5818699	+	895	54	62	64	98	90	82	90	175
Interval_3675	chr19	5823294	5823746	+	453	23	23	33	55	35	39	39	66
Interval_3676	chr19	5833528	5834318	+	791	20	43	18	86	25	12	18	69
Interval_3677	chr19	5834404	5834856	+	453	6	8	31	15	24	34	26	20
Interval_3678	chr19	5845278	5847000	+	1723	231	352	299	662	234	281	261	956
Interval_3679	chr19	5847629	5848643	+	1015	127	213	66	335	71	59	94	427
Interval_3680	chr19	5849991	5850480	+	490	64	112	62	180	53	77	74	311
Interval_3681	chr19	5871231	5871764	+	534	17	19	52	34	60	59	66	49
Interval_3682	chr19	5874756	5875648	+	893	62	71	112	119	114	131	153	206
Interval_3683	chr19	5877779	5878613	+	835	28	49	48	90	63	47	64	86
Interval_3684	chr19	5883710	5884629	+	920	96	101	25	187	31	12	29	319
Interval_3685	chr19	5893478	5894537	+	1060	142	185	163	307	166	228	201	623
Interval_3686	chr19	5912185	5913605	+	1421	229	285	156	479	156	210	175	756
Interval_3687	chr19	5921803	5922895	+	1093	151	208	54	322	62	49	68	610
Interval_3688	chr19	5923998	5925107	+	1110	175	219	193	301	205	271	256	528
Interval_3689	chr19	5929621	5930328	+	708	22	26	47	29	66	64	72	44
Interval_3690	chr19	5935189	5935916	+	728	13	17	63	27	64	83	70	36
Interval_3691	chr19	5937916	5938888	+	973	33	44	32	85	31	41	38	167
Interval_3692	chr19	5944700	5945478	+	779	18	15	47	38	56	50	49	54
Interval_3693	chr19	5952168	5952615	+	448	18	28	35	50	44	41	49	57
Interval_3694	chr19	5955728	5956230	+	503	11	22	50	19	46	44	49	22
Interval_3695	chr19	5956446	5957617	+	1172	31	49	59	66	51	64	73	112
Interval_3696	chr19	5963764	5964480	+	717	102	82	90	188	70	105	79	313
Interval_3697	chr19	5966663	5968063	+	1401	234	315	36	590	46	34	57	819
Interval_3698	chr19	5988816	5989539	+	724	28	35	60	54	45	43	53	60
Interval_3699	chr19	5990025	5990282	+	258	6	10	10	23	11	8	18	20
Interval_3700	chr19	6003871	6004138	+	268	3	1	12	11	3	4	4	6
Interval_3701	chr19	6007046	6007325	+	280	7	4	9	3	16	8	7	15
Interval_3702	chr19	6014738	6016193	+	1456	387	498	128	849	139	148	166	1389
Interval_3703	chr19	6018665	6018970	+	306	48	46	22	81	16	16	21	164
Interval_3704	chr19	6046014	6047668	+	1655	314	495	281	783	246	323	293	1275
Interval_3705	chr19	6057324	6058370	+	1047	181	269	209	429	181	263	223	820
Interval_3706	chr19	6060992	6062245	+	1254	162	201	125	309	128	161	175	563
Interval_3707	chr19	6066783	6068333	+	1551	185	221	225	353	211	310	223	564
Interval_3708	chr19	6076074	6077554	+	1481	64	83	100	132	92	102	106	210
Interval_3709	chr19	6084236	6085933	+	1698	160	225	181	334	172	207	202	570
Interval_3710	chr19	6102198	6103020	+	823	62	101	17	144	16	10	22	160
Interval_3711	chr19	6117562	6119061	+	1500	168	216	175	391	163	229	183	663
Interval_3712	chr19	6127734	6128451	+	718	238	244	138	513	166	197	220	868
Interval_3713	chr19	6132291	6133951	+	1661	228	298	48	491	36	32	69	747
Interval_3714	chr19	6140511	6141819	+	1309	302	343	270	605	230	343	281	1125
Interval_3715	chr19	6164151	6164396	+	246	3	0	15	6	4	9	6	11
Interval_3716	chr19	6223587	6223808	+	222	0	1	9	4	7	11	19	5
Interval_3717	chr19	6226270	6226550	+	281	6	3	25	6	22	25	20	22
Interval_3718	chr19	6226998	6227440	+	443	9	16	25	13	30	27	19	23
Interval_3719	chr19	6235370	6236651	+	1282	211	293	242	460	220	304	278	761
Interval_3720	chr19	6241221	6242680	+	1460	296	356	209	625	203	252	228	1046
Interval_3721	chr19	6260198	6260477	+	280	2	8	26	13	15	12	20	23
Interval_3722	chr19	6262581	6263637	+	1057	39	77	48	114	42	36	48	164
Interval_3723	chr19	6267976	6268918	+	943	27	51	54	81	31	63	47	84
Interval_3724	chr19	6276088	6277441	+	1354	336	479	302	743	295	417	375	1373
Interval_3725	chr19	6278182	6278465	+	284	51	65	40	93	74	60	79	130
Interval_3726	chr19	6284361	6286604	+	2244	208	290	43	397	44	38	69	727
Interval_3727	chr19	6291108	6292084	+	977	74	77	30	149	43	36	60	202
Interval_3728	chr19	6297459	6297952	+	494	72	63	12	156	15	14	23	194
Interval_3729	chr19	6300029	6301156	+	1128	165	253	38	391	41	31	54	590
Interval_3730	chr19	6304746	6305147	+	402	38	40	51	72	42	63	46	114
Interval_3731	chr19	6306122	6306908	+	787	149	202	139	312	152	173	151	544
Interval_3732	chr19	6321781	6322233	+	453	3	7	15	25	20	20	17	22
Interval_3733	chr19	6334475	6335713	+	1239	156	178	227	299	207	346	290	531
Interval_3734	chr19	6340322	6341553	+	1232	135	212	147	325	146	160	147	538
Interval_3735	chr19	6349094	6349689	+	596	27	28	39	38	37	40	51	82
Interval_3736	chr19	6354327	6354546	+	220	4	6	13	12	3	12	15	15
Interval_3737	chr19	6363179	6364598	+	1420	711	939	495	1801	552	716	641	2906
Interval_3738	chr19	6373758	6374582	+	825	23	18	52	26	24	36	29	61
Interval_3739	chr19	6383609	6384662	+	1054	11	15	94	25	88	121	94	37
Interval_3740	chr19	6389683	6390184	+	502	10	32	40	41	30	41	38	39
Interval_3741	chr19	6398424	6399139	+	716	31	46	81	68	74	84	85	82
Interval_3742	chr19	6399362	6400557	+	1196	19	57	106	92	92	114	82	99
Interval_3743	chr19	6400845	6402395	+	1551	68	99	159	196	126	171	165	209
Interval_3744	chr19	6418252	6418915	+	664	34	38	90	71	67	124	84	99
Interval_3745	chr19	6428075	6429100	+	1026	15	12	61	31	51	71	69	33
Interval_3746	chr19	6445951	6447011	+	1061	10	6	70	18	72	72	80	13
Interval_3747	chr19	6448743	6449097	+	355	13	14	11	15	12	13	11	39
Interval_3748	chr19	6451989	6452552	+	564	7	9	47	20	46	57	47	21
Interval_3749	chr19	6464825	6465460	+	636	10	8	25	11	26	29	45	6
Interval_3750	chr19	6489108	6489563	+	456	9	15	42	10	27	38	25	19
Interval_3751	chr19	6497299	6497874	+	576	3	3	40	12	34	55	60	13
Interval_3752	chr19	6502112	6502769	+	658	4	8	62	20	46	85	64	15
Interval_3753	chr19	6529076	6529375	+	300	0	4	14	2	28	39	22	7
Interval_3754	chr19	6529566	6530354	+	789	10	9	68	15	70	90	49	15
Interval_3755	chr19	6532307	6532597	+	291	3	3	41	5	32	35	48	6
Interval_3756	chr19	6542995	6543666	+	672	3	3	14	10	39	29	39	11
Interval_3757	chr19	6548429	6548954	+	526	2	2	10	6	34	23	37	10
Interval_3758	chr19	6576901	6577829	+	929	7	6	26	13	41	43	49	17
Interval_3759	chr19	6633597	6634410	+	814	9	13	19	10	33	23	31	23
Interval_3760	chr19	6660020	6660906	+	887	94	101	16	175	13	12	15	324
Interval_3761	chr19	6663314	6663625	+	312	4	11	17	20	14	25	19	22
Interval_3762	chr19	6670027	6670317	+	291	1	3	4	13	6	2	5	11
Interval_3763	chr19	6819020	6819380	+	361	1	1	15	12	17	27	21	10
Interval_3764	chr19	6829891	6830353	+	463	5	3	24	10	11	27	20	9
Interval_3765	chr19	6831576	6831888	+	313	3	9	19	11	22	14	22	14
Interval_3766	chr19	6832340	6833014	+	675	95	76	15	142	17	19	22	272
Interval_3767	chr19	6839905	6841022	+	1118	41	52	76	80	90	112	118	92
Interval_3768	chr19	6848007	6848417	+	411	5	3	22	9	29	33	30	17
Interval_3769	chr19	6855066	6855693	+	628	19	8	55	22	44	57	37	42
Interval_3770	chr19	6869168	6869693	+	526	23	20	10	27	9	12	18	30
Interval_3771	chr19	6871426	6872202	+	777	12	19	29	22	29	29	43	38
Interval_3772	chr19	6909341	6910776	+	1436	213	269	256	355	257	319	298	629
Interval_3773	chr19	6915351	6915680	+	330	35	24	11	40	8	13	18	120
Interval_3774	chr19	6921254	6922624	+	1371	569	685	379	1236	373	496	546	2106
Interval_3775	chr19	6933461	6934236	+	776	8	13	36	23	53	51	56	27
Interval_3776	chr19	6941051	6942961	+	1911	329	392	294	638	347	383	389	1172
Interval_3777	chr19	6950568	6952895	+	2328	170	243	312	359	307	435	386	587
Interval_3778	chr19	6969422	6970300	+	879	79	71	132	146	118	148	122	246
Interval_3779	chr19	6974257	6975215	+	959	132	169	183	310	226	237	238	565
Interval_3780	chr19	6979317	6980888	+	1572	815	994	676	1915	685	788	738	3335
Interval_3781	chr19	6986348	6987849	+	1502	68	111	131	221	115	141	139	277
Interval_3782	chr19	6992199	6993112	+	914	219	267	174	471	181	242	198	841
Interval_3783	chr19	6995919	6996456	+	538	76	79	98	139	90	95	98	217
Interval_3784	chr19	7017801	7019708	+	1908	217	238	63	450	50	51	55	752
Interval_3785	chr19	7020482	7020667	+	186	15	15	16	28	13	8	15	53
Interval_3786	chr19	7030933	7031397	+	465	5	5	4	14	5	6	20	12
Interval_3787	chr19	7039489	7040805	+	1317	1068	1269	459	2240	515	674	629	3366
Interval_3788	chr19	7056334	7058260	+	1927	124	164	215	225	215	235	254	389
Interval_3789	chr19	7064717	7064989	+	273	14	18	31	29	36	46	30	60
Interval_3790	chr19	7067002	7068283	+	1282	90	87	86	143	87	96	87	293
Interval_3791	chr19	7069741	7070445	+	705	10	13	84	19	83	101	102	22
Interval_3792	chr19	7070666	7070980	+	315	8	4	57	7	36	37	56	9
Interval_3793	chr19	7072210	7072756	+	547	4	9	41	10	57	69	60	26
Interval_3794	chr19	7089937	7090337	+	401	13	25	13	49	13	17	24	50
Interval_3795	chr19	7091136	7091716	+	581	8	18	20	19	32	37	40	19
Interval_3796	chr19	7103791	7104505	+	715	7	12	48	15	49	90	57	21
Interval_3797	chr19	7105637	7105974	+	338	2	6	50	8	52	93	66	5
Interval_3798	chr19	7111578	7112021	+	444	10	7	33	10	44	47	51	16
Interval_3799	chr19	7116818	7118379	+	1562	125	149	60	204	49	60	63	434
Interval_3800	chr19	7121148	7121612	+	465	9	10	50	11	56	70	50	17
Interval_3801	chr19	7134705	7135149	+	445	19	23	49	28	66	70	60	26
Interval_3802	chr19	7135296	7136294	+	999	13	32	178	39	228	239	222	36
Interval_3803	chr19	7136698	7137286	+	589	26	28	50	59	74	72	85	44
Interval_3804	chr19	7143597	7144184	+	588	18	18	62	21	45	51	45	37
Interval_3805	chr19	7153209	7153581	+	373	12	4	16	17	37	39	34	36
Interval_3806	chr19	7165412	7165693	+	282	3	8	20	11	26	31	23	12
Interval_3807	chr19	7171914	7172689	+	776	11	7	54	24	75	80	86	39
Interval_3808	chr19	7178840	7179237	+	398	7	6	21	9	39	26	55	9
Interval_3809	chr19	7182328	7182796	+	469	6	13	30	19	42	36	71	17
Interval_3810	chr19	7185866	7186230	+	365	9	8	40	9	41	32	42	9
Interval_3811	chr19	7191511	7191996	+	486	7	13	34	18	85	42	59	25
Interval_3812	chr19	7195994	7197858	+	1865	46	56	153	76	147	180	178	127
Interval_3813	chr19	7205606	7206717	+	1112	315	349	195	565	243	336	270	1121
Interval_3814	chr19	7217199	7218102	+	904	287	365	206	521	243	271	287	914
Interval_3815	chr19	7234760	7235102	+	343	15	14	28	20	22	32	28	26
Interval_3816	chr19	7240449	7241693	+	1245	224	272	214	424	224	294	264	872
Interval_3817	chr19	7267145	7269130	+	1986	76	93	265	142	307	398	368	254
Interval_3818	chr19	7279202	7279415	+	214	7	9	33	10	9	25	16	22
Interval_3819	chr19	7294673	7295866	+	1194	122	153	24	246	70	46	75	387
Interval_3820	chr19	7307749	7308725	+	977	98	106	84	151	100	105	105	278
Interval_3821	chr19	7310590	7311407	+	818	65	93	41	101	90	83	76	184
Interval_3822	chr19	7323373	7323679	+	307	3	6	10	9	8	7	8	22
Interval_3823	chr19	7334154	7334450	+	297	8	16	15	16	23	26	22	22
Interval_3824	chr19	7340984	7342384	+	1401	481	602	320	1103	383	474	447	2020
Interval_3825	chr19	7358503	7358731	+	229	3	1	6	7	6	5	14	6
Interval_3826	chr19	7374252	7374733	+	482	6	9	19	16	18	8	19	21
Interval_3827	chr19	7382275	7383727	+	1453	156	177	211	268	280	326	298	494
Interval_3828	chr19	7397269	7397512	+	244	1	4	12	4	8	11	7	10
Interval_3829	chr19	7400566	7400921	+	356	6	5	14	16	8	9	23	28
Interval_3830	chr19	7401298	7401540	+	243	0	1	10	4	12	12	10	6
Interval_3831	chr19	7416519	7418494	+	1976	113	163	243	231	287	381	336	443
Interval_3832	chr19	7421918	7423868	+	1951	57	62	230	94	264	350	281	150
Interval_3833	chr19	7436247	7436793	+	547	8	12	28	12	9	18	19	30
Interval_3834	chr19	7441187	7441670	+	484	8	8	15	15	11	20	15	33
Interval_3835	chr19	7443569	7444333	+	765	10	18	12	23	15	11	16	16
Interval_3836	chr19	7458888	7459411	+	524	3	6	14	10	29	30	34	9
Interval_3837	chr19	7482622	7483877	+	1256	413	499	255	795	364	425	375	1465
Interval_3838	chr19	7493867	7495018	+	1152	306	439	303	630	404	465	486	1038
Interval_3839	chr19	7529014	7529477	+	464	10	6	15	14	15	22	29	24
Interval_3840	chr19	7551642	7552623	+	982	165	188	20	323	23	19	39	580
Interval_3841	chr19	7557178	7558229	+	1052	148	212	45	286	85	57	100	469
Interval_3842	chr19	7568395	7568717	+	323	4	4	7	6	17	20	13	12
Interval_3843	chr19	7578947	7579230	+	284	5	4	3	19	12	5	7	11
Interval_3844	chr19	7581057	7581307	+	251	2	12	3	19	7	9	6	22
Interval_3845	chr19	7592639	7592873	+	235	1	2	2	5	11	10	10	5
Interval_3846	chr19	7605966	7607245	+	1280	11	19	66	26	129	107	137	40
Interval_3847	chr19	7612146	7612874	+	729	8	19	43	19	44	50	55	21
Interval_3848	chr19	7633615	7633976	+	362	2	1	4	2	12	20	17	4
Interval_3849	chr19	7651160	7651503	+	344	3	2	16	7	7	15	12	4
Interval_3850	chr19	7968818	7969116	+	299	1	13	4	19	17	5	12	15
Interval_3851	chr19	8019898	8020464	+	567	8	17	2	21	4	3	9	37
Interval_3852	chr19	8134114	8135248	+	1135	1	3	61	8	65	83	91	18
Interval_3853	chr19	8148902	8149617	+	716	2	3	16	2	44	38	44	7
Interval_3854	chr19	8407094	8408274	+	1181	6	3	30	10	62	73	67	13
Interval_3855	chr19	8518036	8519243	+	1208	38	61	7	105	19	16	17	124
Interval_3856	chr19	8553229	8553808	+	580	6	12	23	3	33	32	32	12
Interval_3857	chr19	8554061	8554607	+	547	2	1	15	1	52	25	53	0
Interval_3858	chr19	8569373	8569901	+	529	6	3	24	18	39	59	39	20
Interval_3859	chr19	8577986	8579132	+	1147	13	14	48	31	72	67	65	41
Interval_3860	chr19	8592037	8592408	+	372	17	22	13	35	15	19	17	52
Interval_3861	chr19	8592775	8593397	+	623	18	20	35	41	55	47	70	44
Interval_3862	chr19	8597311	8597649	+	339	7	6	8	6	22	20	41	12
Interval_3863	chr19	8597888	8598206	+	319	6	3	5	15	17	22	13	7
Interval_3864	chr19	8602773	8603428	+	656	130	160	13	291	13	11	26	475
Interval_3865	chr19	8605104	8605713	+	610	20	42	12	64	31	15	29	106
Interval_3866	chr19	8617847	8618404	+	558	6	9	21	7	56	37	63	21
Interval_3867	chr19	8655916	8656224	+	309	0	4	7	3	8	20	11	3
Interval_3868	chr19	8661785	8662666	+	882	16	17	78	28	65	51	64	56
Interval_3869	chr19	8672824	8674111	+	1288	58	47	16	82	15	18	14	200
Interval_3870	chr19	8679198	8679837	+	640	15	22	27	25	44	37	39	34
Interval_3871	chr19	8682823	8683271	+	449	11	10	31	22	31	47	53	31
Interval_3872	chr19	8695315	8696159	+	845	36	37	23	82	25	25	36	117
Interval_3873	chr19	8706744	8707223	+	480	18	20	17	33	18	19	14	59
Interval_3874	chr19	8712902	8714237	+	1336	344	537	177	804	296	322	328	1238
Interval_3875	chr19	8714821	8715704	+	884	192	226	28	366	32	41	57	581
Interval_3876	chr19	8722709	8723727	+	1019	376	419	268	740	292	323	306	1256
Interval_3877	chr19	8735240	8736316	+	1077	114	112	122	175	95	142	112	354
Interval_3878	chr19	8740849	8742326	+	1478	384	497	296	808	366	475	439	1434
Interval_3879	chr19	8756294	8757719	+	1426	261	329	201	505	253	314	285	962
Interval_3880	chr19	8770937	8771263	+	327	31	31	42	57	42	54	51	98
Interval_3881	chr19	8772895	8773611	+	717	50	78	22	120	35	40	26	184
Interval_3882	chr19	8774183	8775227	+	1045	215	249	176	414	201	248	241	684
Interval_3883	chr19	8785784	8786772	+	989	413	412	219	725	298	332	324	1133
Interval_3884	chr19	8798202	8798903	+	702	92	111	78	182	122	145	154	280
Interval_3885	chr19	8802007	8803052	+	1046	478	550	250	909	351	429	391	1548
Interval_3886	chr19	8819005	8820884	+	1880	860	1195	583	1888	692	867	764	3094
Interval_3887	chr19	8837099	8838245	+	1147	111	111	160	176	158	203	153	348
Interval_3888	chr19	8839126	8839456	+	331	15	19	27	28	21	61	35	33
Interval_3889	chr19	8840367	8840922	+	556	60	73	57	99	60	71	82	158
Interval_3890	chr19	8850404	8851021	+	618	15	17	19	14	34	35	33	28
Interval_3891	chr19	8857527	8857949	+	423	4	9	22	9	29	16	13	24
Interval_3892	chr19	8859153	8859461	+	309	9	14	20	14	13	14	17	15
Interval_3893	chr19	8870995	8872104	+	1110	260	304	188	552	263	298	275	906
Interval_3894	chr19	8880319	8881218	+	900	96	105	102	148	116	163	120	278
Interval_3895	chr19	8888445	8889308	+	864	155	182	134	260	159	190	175	485
Interval_3896	chr19	8892694	8893415	+	722	77	97	65	133	97	110	102	268
Interval_3897	chr19	8897500	8898641	+	1142	268	338	170	564	223	327	308	896
Interval_3898	chr19	8919841	8921288	+	1448	258	369	196	504	278	337	286	792
Interval_3899	chr19	8928144	8928553	+	410	54	62	15	118	13	10	12	222
Interval_3900	chr19	8928751	8930350	+	1600	184	256	172	397	219	216	244	640
Interval_3901	chr19	8941194	8942701	+	1508	299	365	287	539	295	400	396	984
Interval_3902	chr19	8944104	8944380	+	277	54	38	16	81	9	16	12	171
Interval_3903	chr19	8953037	8954342	+	1306	158	196	126	258	186	212	199	526
Interval_3904	chr19	8966434	8967501	+	1068	530	591	312	1065	434	517	507	1699
Interval_3905	chr19	8976356	8976855	+	500	9	18	29	13	52	51	43	23
Interval_3906	chr19	8980588	8980949	+	362	14	12	12	19	17	15	21	38
Interval_3907	chr19	8981741	8981958	+	218	15	8	8	9	13	12	15	18
Interval_3908	chr19	8982932	8983433	+	502	8	18	16	23	23	22	33	44
Interval_3909	chr19	8988813	8990768	+	1956	56	83	231	131	295	386	380	176
Interval_3910	chr19	8992848	8993084	+	237	16	20	46	29	27	41	47	34
Interval_3911	chr19	8997637	8998221	+	585	34	24	38	43	46	53	90	76
Interval_3912	chr19	9025703	9026232	+	530	13	18	7	29	9	12	22	35
Interval_3913	chr19	9026726	9027059	+	334	6	4	13	7	12	11	28	13
Interval_3914	chr19	9033518	9034036	+	519	24	13	11	38	11	13	25	95
Interval_3915	chr19	9050244	9050910	+	667	77	55	18	126	13	12	22	242
Interval_3916	chr19	9066030	9066566	+	537	7	7	32	16	33	47	43	24
Interval_3917	chr19	9082039	9082989	+	951	24	26	71	42	71	99	90	78
Interval_3918	chr19	9106780	9107619	+	840	26	48	36	92	47	54	39	53
Interval_3919	chr19	9110234	9110692	+	459	23	16	25	27	34	56	33	42
Interval_3920	chr19	9134813	9136088	+	1276	47	56	114	87	165	180	147	196
Interval_3921	chr19	9455333	9456208	+	876	2	3	33	5	57	46	49	10
Interval_3922	chr19	9482538	9482799	+	262	2	1	10	2	4	4	4	9
Interval_3923	chr19	9838659	9838919	+	261	6	1	14	2	3	5	9	5
Interval_3924	chr19	9874183	9874398	+	216	2	3	8	7	2	9	6	12
Interval_3925	chr19	9886873	9887241	+	369	10	18	10	44	7	6	5	39
Interval_3926	chr19	9898951	9900110	+	1160	322	417	206	707	256	298	296	1124
Interval_3927	chr19	9900521	9900928	+	408	22	63	12	52	17	20	25	76
Interval_3928	chr19	9911328	9911676	+	349	12	15	22	22	17	24	15	40
Interval_3929	chr19	9924348	9924786	+	439	9	8	16	24	20	29	22	21
Interval_3930	chr19	9931200	9931600	+	401	15	11	13	36	10	11	12	30
Interval_3931	chr19	9935949	9936300	+	352	4	3	9	11	13	6	20	11
Interval_3932	chr19	9938564	9939500	+	937	54	62	26	90	33	18	30	194
Interval_3933	chr19	9941886	9942398	+	513	8	9	21	22	36	39	34	31
Interval_3934	chr19	9954212	9955758	+	1547	72	76	68	146	57	100	91	254
Interval_3935	chr19	9978395	9978924	+	530	119	163	28	250	51	36	51	466
Interval_3936	chr19	9982116	9983534	+	1419	570	669	269	1101	416	454	448	1981
Interval_3937	chr19	9989571	9990315	+	745	69	119	28	158	27	31	34	305
Interval_3938	chr19	9991192	9991562	+	371	19	22	21	38	35	45	37	52
Interval_3939	chr19	9992494	9993457	+	964	49	42	136	81	126	167	164	120
Interval_3940	chr19	10000321	10000769	+	449	8	17	13	30	21	30	28	51
Interval_3941	chr19	10012696	10013526	+	831	27	32	67	50	79	147	92	66
Interval_3942	chr19	10014093	10015601	+	1509	326	396	70	683	87	82	110	1019
Interval_3943	chr19	10015924	10016439	+	516	103	148	14	213	13	7	20	264
Interval_3944	chr19	10017726	10018654	+	929	297	364	152	640	228	242	254	1044
Interval_3945	chr19	10025363	10026036	+	674	24	33	47	59	43	52	53	86
Interval_3946	chr19	10033524	10033872	+	349	15	26	25	43	18	34	15	64
Interval_3947	chr19	10034677	10035285	+	609	36	26	48	53	43	56	67	98
Interval_3948	chr19	10041048	10042408	+	1361	120	152	194	237	207	282	276	375
Interval_3949	chr19	10056208	10056513	+	306	11	8	18	19	17	13	33	24
Interval_3950	chr19	10057337	10058036	+	700	33	43	40	72	84	61	81	98
Interval_3951	chr19	10059868	10061110	+	1243	68	132	45	190	60	77	63	281
Interval_3952	chr19	10100430	10102316	+	1887	265	353	412	587	552	683	623	873
Interval_3953	chr19	10105036	10105517	+	482	60	43	7	100	13	13	16	230
Interval_3954	chr19	10126239	10126561	+	323	3	5	12	7	8	5	19	3
Interval_3955	chr19	10134356	10135008	+	653	7	8	17	8	29	20	31	13
Interval_3956	chr19	10172741	10174064	+	1324	112	147	14	243	26	17	25	418
Interval_3957	chr19	10182295	10183962	+	1668	313	340	317	613	351	442	384	988
Interval_3958	chr19	10191225	10191528	+	304	3	13	13	20	12	18	15	31
Interval_3959	chr19	10203044	10204785	+	1742	312	375	155	589	217	250	226	1146
Interval_3960	chr19	10211006	10211555	+	550	12	23	10	22	24	17	26	44
Interval_3961	chr19	10219310	10219515	+	206	6	9	24	11	11	17	14	28
Interval_3962	chr19	10221657	10222015	+	359	4	12	37	19	43	73	38	18
Interval_3963	chr19	10224550	10225444	+	895	12	24	88	26	72	104	81	49
Interval_3964	chr19	10231104	10231435	+	332	4	3	17	16	26	36	39	16
Interval_3965	chr19	10235600	10236483	+	884	64	82	42	143	36	35	54	152
Interval_3966	chr19	10240290	10241080	+	791	42	78	92	92	89	126	105	114
Interval_3967	chr19	10247362	10248542	+	1181	18	14	102	28	132	147	132	28
Interval_3968	chr19	10258223	10258930	+	708	8	19	69	26	53	56	45	18
Interval_3969	chr19	10266315	10267443	+	1129	22	28	102	35	116	138	137	55
Interval_3970	chr19	10272752	10273227	+	476	7	13	37	16	46	57	59	11
Interval_3971	chr19	10277422	10278378	+	957	10	17	86	22	115	107	129	43
Interval_3972	chr19	10278864	10279227	+	364	8	7	41	22	42	43	49	16
Interval_3973	chr19	10286352	10286671	+	320	7	10	18	7	30	13	27	13
Interval_3974	chr19	10289826	10290684	+	859	22	34	47	58	59	76	57	62
Interval_3975	chr19	10294797	10295123	+	327	7	8	24	11	38	32	43	12
Interval_3976	chr19	10296423	10297383	+	961	6	19	79	31	90	114	102	23
Interval_3977	chr19	10304370	10305326	+	957	8	17	95	46	76	104	84	44
Interval_3978	chr19	10316914	10317883	+	970	6	7	71	8	71	80	76	13
Interval_3979	chr19	10326592	10326863	+	272	4	4	10	8	19	12	24	6
Interval_3980	chr19	10333454	10334062	+	609	7	6	57	10	42	26	40	19
Interval_3981	chr19	10345957	10346405	+	449	3	1	28	9	27	34	25	11
Interval_3982	chr19	10362625	10363160	+	536	4	5	47	12	47	71	60	15
Interval_3983	chr19	10363600	10364402	+	803	8	8	54	14	61	83	79	15
Interval_3984	chr19	10366003	10366684	+	682	12	25	21	48	18	26	25	60
Interval_3985	chr19	10381583	10381897	+	315	4	2	14	6	11	19	26	6
Interval_3986	chr19	10388560	10389816	+	1257	47	59	167	99	177	226	242	119
Interval_3987	chr19	10402964	10403475	+	512	8	8	28	10	38	37	33	19
Interval_3988	chr19	10413278	10414655	+	1378	8	8	124	16	137	171	164	24
Interval_3989	chr19	10422237	10422765	+	529	3	3	41	11	36	61	49	21
Interval_3990	chr19	10425587	10426541	+	955	10	4	105	13	96	125	113	19
Interval_3991	chr19	10431321	10431956	+	636	22	34	20	53	17	29	20	84
Interval_3992	chr19	10444418	10445303	+	886	73	106	19	132	18	8	20	227
Interval_3993	chr19	10449204	10450032	+	829	16	13	70	18	50	64	51	28
Interval_3994	chr19	10456717	10458157	+	1441	40	35	181	63	182	254	229	65
Interval_3995	chr19	10468661	10469583	+	923	6	2	35	10	33	53	47	14
Interval_3996	chr19	10486256	10486794	+	539	8	11	43	8	42	45	40	15
Interval_3997	chr19	10497777	10498044	+	268	3	3	15	4	16	11	11	13
Interval_3998	chr19	10502730	10503005	+	276	10	13	16	6	9	20	21	31
Interval_3999	chr19	10503958	10504292	+	335	5	2	4	2	4	7	16	11
Interval_4000	chr19	10524823	10526148	+	1326	391	524	228	760	301	355	309	1406
Interval_4001	chr19	10539276	10539889	+	614	21	39	6	53	7	8	8	87
Interval_4002	chr19	10555359	10556392	+	1034	125	115	75	204	143	138	133	293
Interval_4003	chr19	10576846	10578004	+	1159	162	226	144	295	201	216	229	529
Interval_4004	chr19	10584976	10585258	+	283	5	10	8	22	9	12	4	18
Interval_4005	chr19	10591762	10592321	+	560	25	69	11	93	9	9	11	84
Interval_4006	chr19	10602685	10603117	+	433	39	40	65	48	68	98	74	90
Interval_4007	chr19	10605044	10606445	+	1402	387	451	245	746	295	400	342	1248
Interval_4008	chr19	10634038	10635487	+	1450	192	235	104	395	139	160	174	587
Interval_4009	chr19	10640079	10640406	+	328	19	13	16	35	9	16	17	68
Interval_4010	chr19	10657629	10658090	+	462	37	62	9	155	11	12	15	107
Interval_4011	chr19	10661162	10662273	+	1112	290	316	24	523	29	19	46	1113
Interval_4012	chr19	10665228	10665668	+	441	29	32	24	41	21	31	35	85
Interval_4013	chr19	10671570	10671948	+	379	6	10	7	19	14	11	10	24
Interval_4014	chr19	10678421	10678813	+	393	6	10	14	16	13	19	16	38
Interval_4015	chr19	10688262	10689652	+	1391	321	396	251	681	318	402	357	1088
Interval_4016	chr19	10691805	10692104	+	300	35	40	7	41	5	10	11	110
Interval_4017	chr19	10698424	10699037	+	614	18	25	25	27	30	44	31	34
Interval_4018	chr19	10699913	10700197	+	285	17	24	10	31	13	15	9	52
Interval_4019	chr19	10709271	10710198	+	928	36	54	61	76	88	83	91	119
Interval_4020	chr19	10714668	10714944	+	277	7	6	14	7	21	33	21	17
Interval_4021	chr19	10723161	10723687	+	527	3	3	27	5	42	35	41	9
Interval_4022	chr19	10739020	10739303	+	284	3	9	9	6	11	10	7	11
Interval_4023	chr19	10740647	10741437	+	791	6	7	48	9	75	58	98	14
Interval_4024	chr19	10768924	10770153	+	1230	5	3	51	15	74	79	88	8
Interval_4025	chr19	10818432	10819051	+	620	5	4	40	19	48	49	67	21
Interval_4026	chr19	10831386	10831769	+	384	4	5	25	9	25	21	29	15
Interval_4027	chr19	10841722	10842507	+	786	19	25	18	30	34	28	27	54
Interval_4028	chr19	10842791	10843144	+	354	5	13	17	13	30	27	26	7
Interval_4029	chr19	10856429	10856668	+	240	4	4	4	5	15	20	22	6
Interval_4030	chr19	10868965	10870283	+	1319	24	36	129	38	203	196	210	52
Interval_4031	chr19	10881017	10882314	+	1298	85	77	164	137	210	246	208	263
Interval_4032	chr19	10894829	10895888	+	1060	182	208	163	285	191	260	236	568
Interval_4033	chr19	10905030	10905925	+	896	10	20	64	30	104	129	98	47
Interval_4034	chr19	10907675	10908074	+	400	8	8	14	15	25	26	23	35
Interval_4035	chr19	10909212	10909775	+	564	14	15	30	12	42	34	47	19
Interval_4036	chr19	10926013	10926837	+	825	3	6	46	7	65	62	61	15
Interval_4037	chr19	10937181	10937639	+	459	43	29	13	59	13	12	8	171
Interval_4038	chr19	10940133	10941403	+	1271	41	49	124	77	146	172	133	143
Interval_4039	chr19	10948530	10949822	+	1293	128	112	142	183	152	216	184	421
Interval_4040	chr19	10952061	10952540	+	480	8	12	21	9	49	44	60	18
Interval_4041	chr19	10952557	10952847	+	291	1	4	19	4	40	33	29	9
Interval_4042	chr19	10973200	10973758	+	559	2	9	35	7	49	71	60	9
Interval_4043	chr19	10979366	10980234	+	869	18	21	57	29	39	56	44	44
Interval_4044	chr19	11018295	11018768	+	474	4	5	10	5	17	1	9	6
Interval_4045	chr19	11044846	11045793	+	948	50	63	124	102	167	200	217	132
Interval_4046	chr19	11052924	11053272	+	349	2	13	1	24	11	5	7	13
Interval_4047	chr19	11121022	11121677	+	656	44	47	90	84	132	167	141	146
Interval_4048	chr19	11293093	11293824	+	732	10	14	24	15	25	58	29	31
Interval_4049	chr19	11349885	11350362	+	478	4	4	20	16	43	30	40	11
Interval_4050	chr19	11611520	11612455	+	936	15	12	42	22	46	64	56	35
Interval_4051	chr19	11618067	11618483	+	417	16	16	6	24	4	1	3	51
Interval_4052	chr19	11624870	11625971	+	1102	28	21	13	45	33	31	39	95
Interval_4053	chr19	11661299	11662051	+	753	22	22	7	37	20	11	15	67
Interval_4054	chr19	11725601	11726482	+	882	78	74	7	140	17	6	15	239
Interval_4055	chr19	11727358	11727736	+	379	51	39	5	69	1	2	8	161
Interval_4056	chr19	11736081	11736752	+	672	15	10	1	30	6	6	8	49
Interval_4057	chr19	11743353	11743846	+	494	11	14	11	16	30	14	24	19
Interval_4058	chr19	11745482	11746161	+	680	28	26	10	56	9	5	10	104
Interval_4059	chr19	11769485	11769837	+	353	7	10	31	11	24	22	23	19
Interval_4060	chr19	11769950	11771081	+	1132	99	98	99	128	123	168	136	304
Interval_4061	chr19	11776643	11777001	+	359	2	2	8	19	7	10	14	15
Interval_4062	chr19	11777255	11777651	+	397	7	4	19	6	18	13	14	25
Interval_4063	chr19	11785549	11785834	+	286	8	3	9	8	20	21	16	10
Interval_4064	chr19	11788999	11789540	+	542	2	3	22	7	34	45	40	8
Interval_4065	chr19	11790660	11790943	+	284	6	0	9	2	11	17	16	4
Interval_4066	chr19	11800617	11801005	+	389	5	8	12	7	21	19	23	26
Interval_4067	chr19	11811674	11812518	+	845	13	11	53	20	105	104	98	18
Interval_4068	chr19	11818076	11819155	+	1080	22	32	120	46	190	175	197	53
Interval_4069	chr19	11819955	11820282	+	328	4	6	38	8	55	51	60	18
Interval_4070	chr19	11837042	11837425	+	384	3	2	10	4	17	17	22	7
Interval_4071	chr19	11911696	11913161	+	1466	403	394	295	597	488	584	574	1125
Interval_4072	chr19	11927855	11928706	+	852	90	61	7	87	10	10	16	249
Interval_4073	chr19	11946342	11946611	+	270	8	5	12	6	10	13	8	12
Interval_4074	chr19	11965004	11966235	+	1232	1842	2144	460	3724	1023	1145	1165	5416
Interval_4075	chr19	11973543	11974113	+	571	34	41	16	62	22	13	13	113
Interval_4076	chr19	11975618	11975884	+	267	10	19	2	15	6	7	1	45
Interval_4077	chr19	11984063	11984315	+	253	3	2	8	6	6	4	9	7
Interval_4078	chr19	11995922	11996404	+	483	11	19	10	34	11	14	19	43
Interval_4079	chr19	12002168	12002611	+	444	84	62	56	119	67	97	65	350
Interval_4080	chr19	12005228	12006500	+	1273	177	209	132	331	209	243	192	749
Interval_4081	chr19	12009495	12009830	+	336	108	73	57	145	80	98	75	391
Interval_4082	chr19	12010213	12012541	+	2329	469	466	440	809	638	824	702	2099
Interval_4083	chr19	12031265	12031554	+	290	2	2	4	8	7	17	6	7
Interval_4084	chr19	12433216	12433480	+	265	3	3	11	5	10	14	20	3
Interval_4085	chr19	12435029	12435551	+	523	11	15	6	22	9	2	15	24
Interval_4086	chr19	12457404	12457929	+	526	10	14	15	16	22	33	30	20
Interval_4087	chr19	12463877	12464310	+	434	4	15	10	22	14	17	16	28
Interval_4088	chr19	12466230	12466855	+	626	7	14	30	14	28	43	41	33
Interval_4089	chr19	12475413	12475936	+	524	5	20	30	47	65	83	82	27
Interval_4090	chr19	12476746	12476993	+	248	2	2	12	4	15	26	29	9
Interval_4091	chr19	12486978	12489586	+	2609	104	155	155	265	264	252	298	275
Interval_4092	chr19	12500905	12502291	+	1387	96	131	204	223	429	459	418	268
Interval_4093	chr19	12518012	12518702	+	691	7	7	37	9	40	65	55	22
Interval_4094	chr19	12550163	12550981	+	819	2	4	31	9	100	80	90	7
Interval_4095	chr19	12572893	12574389	+	1497	321	379	118	596	213	261	294	1012
Interval_4096	chr19	12591799	12592177	+	379	14	16	14	22	23	34	31	50
Interval_4097	chr19	12595198	12596694	+	1497	81	85	127	175	276	294	297	194
Interval_4098	chr19	12600874	12601416	+	543	11	21	4	38	8	7	9	25
Interval_4099	chr19	12608443	12608819	+	377	4	8	5	12	26	10	30	12
Interval_4100	chr19	12640065	12640283	+	219	10	2	4	5	3	3	8	6
Interval_4101	chr19	12684654	12685258	+	605	5	8	5	9	43	19	33	5
Interval_4102	chr19	12708368	12709122	+	755	4	11	14	6	33	45	53	4
Interval_4103	chr19	12719063	12719519	+	457	5	3	9	5	33	16	28	13
Interval_4104	chr19	12735847	12736243	+	397	10	13	4	17	6	9	4	31
Interval_4105	chr19	12758985	12759169	+	185	4	0	5	4	6	2	5	4
Interval_4106	chr19	12762358	12762778	+	421	13	8	11	24	17	19	25	23
Interval_4107	chr19	12765284	12765524	+	241	5	2	11	8	17	27	22	14
Interval_4108	chr19	12785984	12786332	+	349	26	19	8	26	13	21	9	43
Interval_4109	chr19	12794653	12796814	+	2162	1148	1407	652	2374	1110	1145	1156	4167
Interval_4110	chr19	12812692	12813206	+	515	16	14	7	18	15	12	15	41
Interval_4111	chr19	12820546	12820956	+	411	4	8	5	6	14	11	10	29
Interval_4112	chr19	12831759	12832007	+	249	2	2	2	0	7	13	15	5
Interval_4113	chr19	12833386	12833994	+	609	17	18	5	21	13	10	11	72
Interval_4114	chr19	13878526	13879258	+	733	7	1	15	8	32	20	39	15
Interval_4115	chr19	14128264	14129244	+	981	9	1	34	6	42	60	46	10
Interval_4116	chr19	14162531	14163041	+	511	4	1	9	7	33	36	30	5
Interval_4117	chr19	14180207	14181041	+	835	1	3	20	7	42	41	45	10
Interval_4118	chr19	14240263	14241513	+	1251	8	5	81	9	142	163	151	11
Interval_4119	chr19	14258721	14259534	+	814	13	24	9	27	17	6	18	28
Interval_4120	chr19	14289190	14289723	+	534	7	3	11	5	27	24	25	11
Interval_4121	chr19	14308055	14308280	+	226	3	0	5	7	9	8	15	7
Interval_4122	chr19	14314347	14314575	+	229	5	1	1	3	11	3	10	4
Interval_4123	chr19	14333189	14333933	+	745	4	4	24	3	21	45	27	5
Interval_4124	chr19	14355819	14356055	+	237	0	1	2	0	7	3	1	1
Interval_4125	chr19	14368855	14369893	+	1039	5	4	34	12	68	70	76	15
Interval_4126	chr19	14390098	14390518	+	421	1	6	10	3	12	23	29	6
Interval_4127	chr19	14420032	14420536	+	505	19	12	3	16	7	6	10	61
Interval_4128	chr19	14424334	14425039	+	706	9	14	45	17	46	70	68	50
Interval_4129	chr19	14436590	14436805	+	216	2	1	8	1	8	15	7	1
Interval_4130	chr19	14502141	14502940	+	800	7	6	28	9	43	52	57	22
Interval_4131	chr19	14518582	14518879	+	298	2	3	8	3	12	22	24	8
Interval_4132	chr19	14520236	14520532	+	297	5	7	1	7	2	5	4	18
Interval_4133	chr19	14566712	14566994	+	283	4	1	5	4	11	23	16	3
Interval_4134	chr19	14577611	14578281	+	671	17	23	8	13	5	16	16	41
Interval_4135	chr19	14586103	14586415	+	313	11	14	11	26	13	11	12	31
Interval_4136	chr19	14588186	14588914	+	729	7	8	17	6	44	60	58	14
Interval_4137	chr19	14597214	14599084	+	1871	1281	1464	621	2556	1068	1141	1200	4326
Interval_4138	chr19	14616923	14617256	+	334	2	5	5	15	5	6	9	8
Interval_4139	chr19	14635364	14635802	+	439	12	12	7	20	27	16	15	30
Interval_4140	chr19	14681237	14681529	+	293	1	0	7	2	7	13	7	3
Interval_4141	chr19	14785486	14786157	+	672	6	2	46	4	70	95	79	3
Interval_4142	chr19	14791684	14792051	+	368	1	4	6	4	16	6	20	9
Interval_4143	chr19	14871360	14871826	+	467	3	7	17	6	19	21	25	8
Interval_4144	chr19	14890009	14891263	+	1255	5	6	90	11	156	197	215	15
Interval_4145	chr19	15201184	15201749	+	566	5	6	12	16	26	18	28	10
Interval_4146	chr19	15339926	15340972	+	1047	5	2	65	15	105	147	156	11
Interval_4147	chr19	15516615	15517049	+	435	2	1	13	3	16	21	19	13
Interval_4148	chr19	15614738	15615598	+	861	5	7	35	9	43	61	58	7
Interval_4149	chr19	15644882	15645246	+	365	0	4	9	2	15	28	19	6
Interval_4150	chr19	15647132	15647581	+	450	9	0	7	6	27	22	29	8
Interval_4151	chr19	15667973	15668880	+	908	4	8	37	11	97	56	76	8
Interval_4152	chr19	15790949	15791277	+	329	1	3	8	3	14	25	17	4
Interval_4153	chr19	15801277	15802299	+	1023	9	3	55	9	72	88	89	26
Interval_4154	chr19	15820041	15820375	+	335	3	4	19	2	17	23	18	8
Interval_4155	chr19	15827626	15828215	+	590	2	3	22	4	36	61	35	5
Interval_4156	chr19	15828848	15829788	+	941	6	2	49	8	61	98	71	17
Interval_4157	chr19	15835952	15837458	+	1507	12	10	75	19	100	119	129	44
Interval_4158	chr19	15837699	15838223	+	525	6	15	30	20	58	51	48	26
Interval_4159	chr19	15882916	15883476	+	561	14	15	18	30	40	29	40	41
Interval_4160	chr19	15903183	15903479	+	297	3	5	5	8	5	11	7	8
Interval_4161	chr19	15903780	15904196	+	417	4	13	8	11	9	19	27	24
Interval_4162	chr19	15904686	15905235	+	550	16	56	5	82	11	9	14	70
Interval_4163	chr19	15924049	15925852	+	1804	347	371	191	620	395	400	391	1033
Interval_4164	chr19	15940864	15941840	+	977	36	103	32	188	60	42	79	113
Interval_4165	chr19	15946734	15947282	+	549	15	10	29	22	51	48	73	25
Interval_4166	chr19	15963174	15963620	+	447	2	10	12	9	8	7	9	13
Interval_4167	chr19	15964938	15965470	+	533	15	17	26	12	15	17	27	35
Interval_4168	chr19	15973283	15973825	+	543	5	3	11	5	26	30	27	16
Interval_4169	chr19	15984192	15985319	+	1128	137	166	101	217	197	216	227	533
Interval_4170	chr19	15998116	15998372	+	257	3	2	12	5	5	18	15	8
Interval_4171	chr19	16021860	16022761	+	902	6	1	33	14	58	81	41	18
Interval_4172	chr19	16028919	16029644	+	726	9	26	29	19	47	48	46	45
Interval_4173	chr19	16040879	16041268	+	390	3	0	17	2	12	19	17	2
Interval_4174	chr19	16063617	16064540	+	924	14	13	39	14	45	58	54	31
Interval_4175	chr19	16084172	16084484	+	313	7	11	2	12	6	5	7	11
Interval_4176	chr19	16132018	16134014	+	1997	127	202	322	325	493	595	566	349
Interval_4177	chr19	16140844	16141286	+	443	3	4	28	8	28	49	28	11
Interval_4178	chr19	16160926	16161709	+	784	9	9	89	16	108	132	99	13
Interval_4179	chr19	16168305	16169102	+	798	14	14	29	19	36	48	43	21
Interval_4180	chr19	16183581	16184163	+	583	19	25	12	35	14	17	20	33
Interval_4181	chr19	16235631	16235882	+	252	1	3	12	5	27	24	31	8
Interval_4182	chr19	16247887	16248122	+	236	0	2	2	0	6	5	13	4
Interval_4183	chr19	16273082	16273372	+	291	3	2	13	6	6	17	15	8
Interval_4184	chr19	16286038	16286312	+	275	4	7	5	6	19	11	22	11
Interval_4185	chr19	16286534	16287060	+	527	20	23	13	29	28	16	21	74
Interval_4186	chr19	16292061	16292435	+	375	3	4	7	7	37	16	28	7
Interval_4187	chr19	16308737	16309087	+	351	4	0	14	2	9	12	14	4
Interval_4188	chr19	16318212	16319003	+	792	13	15	25	15	33	56	51	19
Interval_4189	chr19	16325848	16326447	+	600	7	20	26	32	66	61	73	21
Interval_4190	chr19	16372753	16373604	+	852	11	20	43	20	29	59	58	21
Interval_4191	chr19	16381312	16381534	+	223	2	2	7	1	5	19	11	3
Interval_4192	chr19	16400401	16400763	+	363	1	4	7	5	18	20	9	7
Interval_4193	chr19	16403344	16403641	+	298	0	2	9	1	10	6	6	6
Interval_4194	chr19	16435142	16436534	+	1393	31	56	85	52	117	115	142	122
Interval_4195	chr19	16439441	16439947	+	507	5	10	27	13	44	49	52	17
Interval_4196	chr19	16447706	16448139	+	434	3	7	15	10	14	17	31	17
Interval_4197	chr19	16448157	16448509	+	353	1	4	14	4	21	14	15	11
Interval_4198	chr19	16449663	16450117	+	455	2	4	3	5	15	17	21	4
Interval_4199	chr19	16478050	16478508	+	459	17	31	7	27	5	2	5	49
Interval_4200	chr19	16481985	16482592	+	608	48	44	6	47	13	9	9	120
Interval_4201	chr19	16494787	16495487	+	701	25	27	22	33	20	16	15	108
Interval_4202	chr19	16510566	16511569	+	1004	94	103	9	150	15	13	32	274
Interval_4203	chr19	16520729	16521180	+	452	7	8	4	11	8	4	3	38
Interval_4204	chr19	16526404	16526824	+	421	2	3	8	12	22	24	33	13
Interval_4205	chr19	16528087	16528648	+	562	12	12	12	15	21	35	27	12
Interval_4206	chr19	16529173	16529534	+	362	6	9	8	8	11	5	6	28
Interval_4207	chr19	16557058	16557409	+	352	1	1	9	2	17	20	21	6
Interval_4208	chr19	16558572	16559026	+	455	2	3	10	7	22	30	25	3
Interval_4209	chr19	16585109	16585341	+	233	8	4	7	2	10	7	10	4
Interval_4210	chr19	16585511	16585857	+	347	11	7	9	14	16	20	13	12
Interval_4211	chr19	16598757	16599726	+	970	12	16	73	15	105	114	107	28
Interval_4212	chr19	16625394	16626469	+	1076	53	42	26	74	38	41	49	178
Interval_4213	chr19	16737625	16737931	+	307	7	3	12	8	6	6	10	18
Interval_4214	chr19	16738103	16738500	+	398	10	0	6	11	10	12	21	17
Interval_4215	chr19	16767415	16767965	+	551	2	11	6	21	8	7	5	32
Interval_4216	chr19	16780272	16781610	+	1339	443	591	228	919	347	377	400	1652
Interval_4217	chr19	16804442	16805319	+	878	25	32	14	51	18	9	30	111
Interval_4218	chr19	16812239	16812516	+	278	7	3	4	12	3	3	5	35
Interval_4219	chr19	16872524	16873289	+	766	8	17	34	17	47	56	59	23
Interval_4220	chr19	16880274	16880663	+	390	6	4	4	1	16	25	15	4
Interval_4221	chr19	16955491	16956568	+	1078	34	43	111	80	240	223	250	104
Interval_4222	chr19	16992159	16992925	+	767	49	61	12	106	7	6	15	229
Interval_4223	chr19	17006175	17007288	+	1114	6	10	64	20	80	98	94	26
Interval_4224	chr19	17014480	17015015	+	536	28	22	8	44	7	4	15	112
Interval_4225	chr19	17045346	17045661	+	316	7	3	4	10	11	9	16	12
Interval_4226	chr19	17046039	17046543	+	505	5	12	14	17	10	11	16	15
Interval_4227	chr19	17078334	17079210	+	877	6	10	17	7	50	32	43	14
Interval_4228	chr19	17124192	17124527	+	336	5	3	7	9	9	21	16	9
Interval_4229	chr19	17136672	17137076	+	405	8	6	24	12	23	41	34	16
Interval_4230	chr19	17137443	17137834	+	392	6	7	7	9	4	8	12	29
Interval_4231	chr19	17163450	17164265	+	816	10	17	49	19	68	78	80	32
Interval_4232	chr19	17180616	17180910	+	295	0	0	16	0	26	14	24	4
Interval_4233	chr19	17230232	17230501	+	270	2	9	1	15	3	5	7	8
Interval_4234	chr19	17263858	17264263	+	406	9	14	8	14	12	9	17	33
Interval_4235	chr19	17271175	17271529	+	355	3	5	13	10	21	25	23	12
Interval_4236	chr19	17275913	17276236	+	324	9	12	8	15	8	5	9	14
Interval_4237	chr19	17323133	17324303	+	1171	616	685	14	1151	51	30	57	1843
Interval_4238	chr19	17334740	17335657	+	918	206	256	24	385	19	25	43	714
Interval_4239	chr19	17336721	17337194	+	474	11	26	5	28	38	44	45	72
Interval_4240	chr19	17337421	17337758	+	338	32	54	5	80	8	10	17	160
Interval_4241	chr19	17354493	17355600	+	1108	98	149	16	222	29	35	47	352
Interval_4242	chr19	17356114	17356940	+	827	205	206	85	340	136	150	127	647
Interval_4243	chr19	17364897	17365172	+	276	11	11	5	22	5	3	8	28
Interval_4244	chr19	17376168	17376455	+	288	8	4	2	5	14	5	11	19
Interval_4245	chr19	17385072	17385460	+	389	16	18	6	38	9	5	17	56
Interval_4246	chr19	17393488	17394769	+	1282	387	440	179	675	338	336	349	1209
Interval_4247	chr19	17406754	17407513	+	760	41	29	1	44	8	9	11	110
Interval_4248	chr19	17410646	17411253	+	608	13	27	6	36	11	8	13	67
Interval_4249	chr19	17412883	17413328	+	446	2	2	16	6	23	24	29	9
Interval_4250	chr19	17439595	17439935	+	341	1	3	8	1	19	14	37	6
Interval_4251	chr19	17442069	17442322	+	254	0	1	6	1	14	15	17	4
Interval_4252	chr19	17451946	17452288	+	343	5	7	11	5	15	26	18	8
Interval_4253	chr19	17467969	17468390	+	422	2	1	7	3	24	20	30	9
Interval_4254	chr19	17471321	17471620	+	300	1	1	4	2	9	30	9	3
Interval_4255	chr19	17504223	17504713	+	491	3	0	13	5	40	20	45	8
Interval_4256	chr19	17511400	17511651	+	252	2	2	7	6	13	19	17	4
Interval_4257	chr19	17519980	17520199	+	220	2	0	3	4	7	4	13	2
Interval_4258	chr19	17525402	17526188	+	787	6	4	21	8	44	34	48	10
Interval_4259	chr19	17551906	17552143	+	238	2	3	9	2	20	7	14	8
Interval_4260	chr19	17558711	17559220	+	510	6	3	10	7	23	13	40	6
Interval_4261	chr19	17591063	17592064	+	1002	6	5	60	10	122	180	169	10
Interval_4262	chr19	17649920	17650186	+	267	3	3	8	7	10	17	22	5
Interval_4263	chr19	17650649	17651351	+	703	3	5	48	13	51	82	78	9
Interval_4264	chr19	17714686	17714895	+	210	4	0	10	4	7	5	7	4
Interval_4265	chr19	17774984	17775286	+	303	2	2	12	4	12	15	9	5
Interval_4266	chr19	17806591	17807156	+	566	14	29	7	39	9	19	16	35
Interval_4267	chr19	17821371	17821858	+	488	3	5	16	5	12	18	26	11
Interval_4268	chr19	17835723	17836280	+	558	13	6	35	25	73	76	83	20
Interval_4269	chr19	17836355	17838010	+	1656	42	66	192	98	362	399	383	101
Interval_4270	chr19	17860208	17860572	+	365	3	1	9	3	13	8	19	6
Interval_4271	chr19	17875767	17876341	+	575	4	2	15	2	10	19	32	9
Interval_4272	chr19	17890638	17891256	+	619	4	7	21	6	34	22	43	13
Interval_4273	chr19	18034783	18035254	+	472	1	0	6	5	7	14	24	9
Interval_4274	chr19	18056326	18057870	+	1545	12	3	55	8	95	112	92	11
Interval_4275	chr19	18067692	18068192	+	501	3	6	16	5	34	21	22	9
Interval_4276	chr19	18068789	18069104	+	316	4	5	4	6	13	16	6	8
Interval_4277	chr19	18176200	18176553	+	354	6	15	6	25	20	12	13	23
Interval_4278	chr19	18188342	18189926	+	1585	9	9	47	10	80	73	89	13
Interval_4279	chr19	18199661	18199943	+	283	0	2	5	2	12	0	7	4
Interval_4280	chr19	18200032	18200857	+	826	16	19	10	38	35	17	32	22
Interval_4281	chr19	18211067	18211384	+	318	1	1	3	5	17	8	12	3
Interval_4282	chr19	18255062	18255873	+	812	5	5	23	5	32	53	21	5
Interval_4283	chr19	18343178	18343508	+	331	0	1	5	2	8	22	15	6
Interval_4284	chr19	18420186	18420822	+	637	6	4	19	8	39	34	29	12
Interval_4285	chr19	18436355	18436881	+	527	2	2	18	3	19	35	22	5
Interval_4286	chr19	18567705	18568186	+	482	7	11	9	21	12	8	10	10
Interval_4287	chr19	18573562	18574017	+	456	8	4	52	7	67	82	49	9
Interval_4288	chr19	18577184	18577538	+	355	2	1	18	6	35	50	32	6
Interval_4289	chr19	18577613	18579068	+	1456	11	8	119	22	235	226	242	30
Interval_4290	chr19	18590420	18590690	+	271	1	1	14	3	16	27	18	5
Interval_4291	chr19	18593045	18593483	+	439	4	3	32	5	30	36	57	11
Interval_4292	chr19	18600423	18600860	+	438	11	8	14	20	14	20	19	20
Interval_4293	chr19	18602980	18603339	+	360	7	13	18	20	23	16	20	41
Interval_4294	chr19	18607555	18607952	+	398	3	2	29	5	22	21	12	9
Interval_4295	chr19	18619709	18619979	+	271	9	10	4	10	7	8	12	21
Interval_4296	chr19	18631261	18632230	+	970	381	428	194	662	378	396	407	1083
Interval_4297	chr19	18644038	18644513	+	476	132	116	7	208	15	7	16	405
Interval_4298	chr19	18646580	18647353	+	774	94	99	22	143	35	40	44	346
Interval_4299	chr19	18650195	18650686	+	492	24	27	10	42	8	9	8	97
Interval_4300	chr19	18661846	18662146	+	301	14	13	3	12	8	10	9	32
Interval_4301	chr19	18670237	18671844	+	1608	465	559	225	902	429	493	512	1714
Interval_4302	chr19	18682104	18682728	+	625	39	25	11	37	7	10	17	106
Interval_4303	chr19	18687341	18687731	+	391	5	5	6	13	17	14	18	29
Interval_4304	chr19	18691917	18693007	+	1091	147	165	13	252	23	13	23	434
Interval_4305	chr19	18695260	18695911	+	652	77	133	6	172	12	7	14	251
Interval_4306	chr19	18712538	18713836	+	1299	472	592	234	1008	377	430	437	1721
Interval_4307	chr19	18724874	18725130	+	257	7	9	4	7	4	10	18	14
Interval_4308	chr19	18725381	18725567	+	187	9	5	9	7	6	3	7	21
Interval_4309	chr19	18738884	18739511	+	628	14	20	8	24	8	8	11	55
Interval_4310	chr19	18749565	18750175	+	611	15	10	17	16	41	37	40	17
Interval_4311	chr19	18758376	18759281	+	906	5	8	57	10	85	112	119	19
Interval_4312	chr19	18761107	18761436	+	330	4	7	6	19	14	11	19	20
Interval_4313	chr19	18774042	18774345	+	304	2	1	11	6	12	20	6	7
Interval_4314	chr19	18814691	18815776	+	1086	2	2	37	11	70	90	85	15
Interval_4315	chr19	18841662	18842521	+	860	8	6	16	5	23	20	36	11
Interval_4316	chr19	18848276	18848502	+	227	4	0	11	5	9	8	16	12
Interval_4317	chr19	18889213	18889728	+	516	4	8	17	10	34	19	23	9
Interval_4318	chr19	18902009	18902951	+	943	2	1	58	8	126	138	110	10
Interval_4319	chr19	18975174	18975441	+	268	4	2	7	5	10	16	16	11
Interval_4320	chr19	19058529	19059245	+	717	1	2	39	5	57	76	57	4
Interval_4321	chr19	19089314	19089574	+	261	3	5	6	1	11	17	12	6
Interval_4322	chr19	19110256	19110643	+	388	7	6	20	14	48	63	51	23
Interval_4323	chr19	19110948	19111729	+	782	29	36	114	58	224	220	266	103
Interval_4324	chr19	19131583	19131773	+	191	3	1	8	3	4	4	6	3
Interval_4325	chr19	19229529	19230297	+	769	2	2	4	1	26	20	31	5
Interval_4326	chr19	19343876	19344387	+	512	3	2	13	4	13	28	25	6
Interval_4327	chr19	20244070	20244304	+	235	3	1	3	4	5	7	5	7
Interval_4328	chr19	20344684	20345788	+	1105	10	11	23	13	60	76	41	22
Interval_4329	chr19	20362131	20362592	+	462	5	4	24	7	23	31	18	10
Interval_4330	chr19	20406443	20406810	+	368	2	4	11	2	20	18	32	8
Interval_4331	chr19	20426578	20427107	+	530	4	3	16	2	32	27	40	4
Interval_4332	chr19	20434196	20434778	+	583	9	8	19	10	22	38	24	19
Interval_4333	chr19	20558557	20559365	+	809	14	21	5	37	4	13	11	71
Interval_4334	chr19	20560858	20561173	+	316	3	2	9	10	14	4	11	7
Interval_4335	chr19	20601465	20602256	+	792	17	22	18	23	43	35	47	30
Interval_4336	chr19	20653912	20654714	+	803	17	36	3	48	26	22	20	63
Interval_4337	chr19	20707354	20707602	+	249	2	3	1	3	6	9	10	4
Interval_4338	chr19	20715533	20715894	+	362	1	3	14	3	36	22	27	5
Interval_4339	chr19	20727429	20727813	+	385	9	13	9	17	33	21	25	38
Interval_4340	chr19	20761248	20762297	+	1050	60	72	7	94	18	11	16	220
Interval_4341	chr19	20861661	20862189	+	529	5	1	6	5	27	34	28	6
Interval_4342	chr19	20923432	20924864	+	1433	2	10	29	9	54	65	69	5
Interval_4343	chr19	20975204	20975493	+	290	2	3	2	5	1	4	13	4
Interval_4344	chr19	21031792	21032672	+	881	18	24	11	41	18	17	17	63
Interval_4345	chr19	21036649	21037826	+	1178	15	25	41	36	81	77	64	61
Interval_4346	chr19	21051175	21051512	+	338	7	4	8	18	13	11	13	18
Interval_4347	chr19	21104403	21105168	+	766	23	22	22	42	24	23	33	101
Interval_4348	chr19	21106901	21107175	+	275	3	5	13	10	22	26	22	10
Interval_4349	chr19	21107398	21108230	+	833	8	10	29	19	48	34	57	15
Interval_4350	chr19	21126945	21127836	+	892	11	11	12	26	25	23	22	34
Interval_4351	chr19	21135517	21135801	+	285	0	1	9	3	6	14	6	6
Interval_4352	chr19	21144404	21145172	+	769	12	15	55	30	45	85	61	32
Interval_4353	chr19	21151040	21151320	+	281	0	1	5	4	15	19	14	5
Interval_4354	chr19	21159334	21160353	+	1020	4	6	41	8	98	90	100	16
Interval_4355	chr19	21165820	21166040	+	221	2	3	8	3	11	10	22	5
Interval_4356	chr19	21167090	21167327	+	238	2	3	10	6	26	17	18	6
Interval_4357	chr19	21174177	21174998	+	822	14	14	31	19	44	51	46	25
Interval_4358	chr19	21189948	21190264	+	317	4	0	9	3	16	8	16	7
Interval_4359	chr19	21252740	21253013	+	274	3	3	8	3	9	5	15	8
Interval_4360	chr19	21271510	21273054	+	1545	779	952	459	1629	897	866	938	3037
Interval_4361	chr19	21315892	21316269	+	378	2	3	9	2	17	16	19	4
Interval_4362	chr19	21340460	21341344	+	885	5	5	35	5	55	66	67	13
Interval_4363	chr19	21373258	21373776	+	519	6	14	17	14	19	29	28	23
Interval_4364	chr19	21376614	21377449	+	836	13	18	11	30	18	8	13	51
Interval_4365	chr19	21407364	21407858	+	495	15	24	6	42	12	6	13	62
Interval_4366	chr19	21423810	21424083	+	274	9	15	1	19	8	2	11	26
Interval_4367	chr19	21432378	21433057	+	680	7	17	10	34	9	5	12	33
Interval_4368	chr19	21436688	21437115	+	428	12	13	5	26	14	10	17	39
Interval_4369	chr19	21461214	21461795	+	582	2	6	4	30	9	9	9	19
Interval_4370	chr19	21472165	21472933	+	769	14	22	38	32	73	63	75	42
Interval_4371	chr19	21478278	21478835	+	558	0	4	18	3	43	51	32	2
Interval_4372	chr19	21563947	21564546	+	600	10	12	27	17	39	39	34	27
Interval_4373	chr19	21568088	21569186	+	1099	100	109	15	187	28	28	28	312
Interval_4374	chr19	21571076	21572078	+	1003	23	17	50	37	55	83	66	50
Interval_4375	chr19	21579419	21580030	+	612	12	11	16	20	21	20	30	36
Interval_4376	chr19	21603846	21604132	+	287	4	10	1	19	10	12	4	30
Interval_4377	chr19	21622317	21622606	+	290	7	4	3	7	2	9	4	18
Interval_4378	chr19	21645107	21645516	+	410	4	3	26	6	30	37	25	12
Interval_4379	chr19	21645966	21646350	+	385	6	3	12	9	22	16	29	17
Interval_4380	chr19	21652433	21653805	+	1373	716	787	330	1292	727	760	753	2239
Interval_4381	chr19	21714576	21715663	+	1088	5	6	56	11	90	94	71	14
Interval_4382	chr19	21737452	21738243	+	792	21	13	21	30	31	36	40	80
Interval_4383	chr19	21777492	21779125	+	1634	289	306	319	489	493	584	570	844
Interval_4384	chr19	21781567	21781922	+	356	3	5	54	10	58	97	67	14
Interval_4385	chr19	21783815	21785141	+	1327	23	35	49	59	87	105	84	61
Interval_4386	chr19	21799513	21800342	+	830	104	102	10	129	19	9	26	322
Interval_4387	chr19	21821936	21822151	+	216	1	4	8	7	13	17	15	4
Interval_4388	chr19	21865754	21866207	+	454	3	6	14	5	13	14	24	15
Interval_4389	chr19	21884017	21884265	+	249	6	1	13	6	21	9	19	6
Interval_4390	chr19	21897242	21897659	+	418	5	14	6	20	18	9	18	40
Interval_4391	chr19	21898343	21899067	+	725	4	5	15	7	33	40	53	6
Interval_4392	chr19	21913203	21914502	+	1300	23	33	26	51	26	27	38	73
Interval_4393	chr19	21919088	21919659	+	572	8	9	27	18	18	19	20	30
Interval_4394	chr19	22138819	22139536	+	718	7	7	45	13	89	136	108	24
Interval_4395	chr19	22304122	22304556	+	435	5	4	23	7	23	20	24	20
Interval_4396	chr19	22337438	22337726	+	289	1	0	4	2	16	21	11	3
Interval_4397	chr19	22354020	22354477	+	458	4	1	28	7	37	28	28	6
Interval_4398	chr19	22447808	22448840	+	1033	9	7	35	12	68	57	63	11
Interval_4399	chr19	22552408	22552630	+	223	1	3	8	4	10	11	12	6
Interval_4400	chr19	22554459	22554819	+	361	3	1	16	6	14	42	30	4
Interval_4401	chr19	22631435	22631691	+	257	3	1	10	6	9	5	11	2
Interval_4402	chr19	22635264	22635931	+	668	0	2	17	6	31	40	36	8
Interval_4403	chr19	22642145	22642905	+	761	2	2	11	8	26	18	41	5
Interval_4404	chr19	22656934	22657649	+	716	3	4	19	7	56	53	47	5
Interval_4405	chr19	22692596	22693820	+	1225	3	1	39	8	56	53	71	11
Interval_4406	chr19	22701284	22701809	+	526	4	6	9	7	36	29	27	6
Interval_4407	chr19	22719227	22719535	+	309	3	2	3	4	4	18	12	3
Interval_4408	chr19	22753688	22754065	+	378	0	2	13	3	8	25	21	10
Interval_4409	chr19	22762303	22762603	+	301	0	0	5	1	10	2	4	1
Interval_4410	chr19	22800427	22801077	+	651	5	1	15	3	61	66	64	7
Interval_4411	chr19	22851485	22851753	+	269	2	3	11	4	11	23	18	7
Interval_4412	chr19	22851834	22852091	+	258	2	1	9	3	16	7	15	3
Interval_4413	chr19	22883644	22884497	+	854	7	2	48	13	42	62	38	23
Interval_4414	chr19	22915909	22917287	+	1379	28	26	77	45	106	143	165	59
Interval_4415	chr19	22938898	22939377	+	480	5	5	13	7	24	14	18	11
Interval_4416	chr19	22960515	22961365	+	851	6	10	44	21	57	44	60	17
Interval_4417	chr19	22962940	22963222	+	283	1	2	13	1	13	26	15	6
Interval_4418	chr19	23033209	23033449	+	241	0	0	1	2	3	2	10	4
Interval_4419	chr19	23056940	23058093	+	1154	8	33	55	53	103	100	120	41
Interval_4420	chr19	23058421	23058659	+	239	2	6	7	2	8	16	9	9
Interval_4421	chr19	23087821	23088076	+	256	1	1	3	2	14	5	10	5
Interval_4422	chr19	23129946	23130428	+	483	12	22	7	19	9	8	11	54
Interval_4423	chr19	23134658	23136443	+	1786	52	86	142	129	205	244	228	171
Interval_4424	chr19	23140536	23142240	+	1705	282	319	226	499	378	436	434	1105
Interval_4425	chr19	23151543	23153009	+	1467	159	156	33	212	48	48	60	555
Interval_4426	chr19	23162332	23162948	+	617	10	7	14	12	29	34	26	16
Interval_4427	chr19	23169410	23170176	+	767	18	18	21	29	14	9	20	72
Interval_4428	chr19	23175651	23175941	+	291	3	0	4	2	12	22	19	1
Interval_4429	chr19	23203592	23204315	+	724	16	16	12	33	8	5	7	91
Interval_4430	chr19	23273274	23274478	+	1205	165	206	105	301	174	205	180	557
Interval_4431	chr19	23282159	23282486	+	328	6	6	15	7	9	13	7	10
Interval_4432	chr19	23334994	23335337	+	344	0	1	12	3	13	10	15	3
Interval_4433	chr19	23342727	23343051	+	325	0	1	8	1	27	13	23	4
Interval_4434	chr19	23349907	23350145	+	239	2	1	14	1	12	22	26	1
Interval_4435	chr19	23351706	23352100	+	395	2	1	31	4	37	56	39	5
Interval_4436	chr19	23353948	23354349	+	402	4	3	18	10	26	45	46	14
Interval_4437	chr19	23373436	23373934	+	499	6	2	18	6	23	16	13	12
Interval_4438	chr19	23401675	23402217	+	543	3	4	21	5	32	34	25	7
Interval_4439	chr19	23447320	23448443	+	1124	3	5	51	15	74	83	72	20
Interval_4440	chr19	23467869	23468640	+	772	1	2	17	2	30	25	26	4
Interval_4441	chr19	23490799	23491616	+	818	5	3	20	11	30	33	30	8
Interval_4442	chr19	23497456	23497647	+	192	0	0	12	1	3	9	5	2
Interval_4443	chr19	23498782	23499050	+	269	0	1	8	1	7	20	9	7
Interval_4444	chr19	23507246	23507482	+	237	3	3	6	5	14	12	13	5
Interval_4445	chr19	23523767	23524071	+	305	2	4	11	6	10	23	12	6
Interval_4446	chr19	23652639	23653317	+	679	6	7	35	16	52	63	66	20
Interval_4447	chr19	23686747	23687986	+	1240	141	180	120	254	201	211	180	597
Interval_4448	chr19	23757995	23759510	+	1516	44	44	177	79	204	292	252	137
Interval_4449	chr19	23768891	23769266	+	376	1	1	18	1	18	16	25	7
Interval_4450	chr19	23779257	23779622	+	366	1	4	19	5	8	32	15	5
Interval_4451	chr19	23788913	23789133	+	221	0	1	8	1	8	9	15	3
Interval_4452	chr19	23806933	23807258	+	326	0	1	10	2	17	24	22	3
Interval_4453	chr19	23816473	23816805	+	333	5	4	12	4	17	11	16	4
Interval_4454	chr19	23864030	23864305	+	276	0	3	5	5	33	18	25	4
Interval_4455	chr19	23879863	23880384	+	522	5	7	9	11	22	23	28	6
Interval_4456	chr19	23893090	23893846	+	757	9	7	49	19	61	48	53	17
Interval_4457	chr19	23948620	23948866	+	247	0	0	7	4	9	8	20	7
Interval_4458	chr19	23956397	23956841	+	445	4	2	11	8	13	14	19	28
Interval_4459	chr19	23959780	23961091	+	1312	14	15	70	24	107	125	102	25
Interval_4460	chr19	23972787	23973277	+	491	2	5	24	8	25	38	37	4
Interval_4461	chr19	23995961	23996292	+	332	1	0	9	4	22	17	16	13
Interval_4462	chr19	24012706	24013446	+	741	3	1	11	4	28	33	23	9
Interval_4463	chr19	24017774	24018098	+	325	2	6	14	9	11	21	18	8
Interval_4464	chr19	24030278	24031472	+	1195	10	21	80	30	133	130	141	23
Interval_4465	chr19	24032736	24033041	+	306	1	1	21	1	29	38	27	6
Interval_4466	chr19	24100344	24100576	+	233	1	1	18	3	9	10	9	6
Interval_4467	chr19	24134327	24135363	+	1037	12	12	54	19	62	103	74	20
Interval_4468	chr19	24155545	24155938	+	394	8	11	22	28	33	23	36	24
Interval_4469	chr19	24156196	24156444	+	249	6	8	9	13	15	13	14	14
Interval_4470	chr19	24159406	24159832	+	427	6	5	41	6	32	48	43	6
Interval_4471	chr19	24166499	24167189	+	691	15	20	31	29	41	42	40	44
Interval_4472	chr19	24173685	24174714	+	1030	71	84	105	145	162	154	186	219
Interval_4473	chr19	24224171	24225623	+	1453	24	49	110	60	116	122	130	99
Interval_4474	chr19	24241768	24242749	+	982	7	3	86	16	97	125	114	8
Interval_4475	chr19	24251696	24252177	+	482	10	5	25	20	28	23	29	18
Interval_4476	chr19	24264966	24265651	+	686	22	27	34	37	38	47	43	75
Interval_4477	chr19	24266060	24266459	+	400	13	30	15	35	23	19	33	43
Interval_4478	chr19	24271334	24272252	+	919	68	79	81	113	87	108	99	180
Interval_4479	chr19	24274341	24274648	+	308	43	43	10	53	9	8	14	114
Interval_4480	chr19	24279669	24281444	+	1776	547	611	221	1033	244	279	303	1897
Interval_4481	chr19	24300777	24301947	+	1171	19	20	67	30	70	95	88	64
Interval_4482	chr19	24308079	24308530	+	452	8	4	25	9	26	13	23	9
Interval_4483	chr19	24317155	24317527	+	373	3	0	20	6	23	29	21	5
Interval_4484	chr19	24323926	24324318	+	393	3	1	6	7	10	21	12	5
Interval_4485	chr19	24362732	24363385	+	654	4	1	33	9	43	54	58	6
Interval_4486	chr19	24372190	24373035	+	846	6	5	24	11	44	46	40	18
Interval_4487	chr19	24391772	24391992	+	221	0	1	9	3	9	16	9	4
Interval_4488	chr19	24452325	24452980	+	656	38	21	8	49	19	12	23	129
Interval_4489	chr19	24469249	24469524	+	276	2	2	14	3	18	15	30	3
Interval_4490	chr19	24476601	24477969	+	1369	222	348	182	503	210	260	234	948
Interval_4491	chr19	24501607	24501973	+	367	3	0	27	5	14	28	26	15
Interval_4492	chr19	24512897	24513896	+	1000	250	322	17	550	27	8	45	906
Interval_4493	chr19	24526931	24527491	+	561	12	19	9	27	8	11	15	49
Interval_4494	chr19	24527917	24529269	+	1353	53	46	7	67	16	14	14	143
Interval_4495	chr19	24534404	24535878	+	1475	237	285	15	487	16	16	45	744
Interval_4496	chr19	24543068	24543292	+	225	3	1	5	6	5	10	5	3
Interval_4497	chr19	24554762	24556762	+	2001	339	438	120	689	176	217	196	1296
Interval_4498	chr19	24557401	24557789	+	389	8	10	35	9	29	27	39	14
Interval_4499	chr19	24603213	24603696	+	484	14	3	8	21	6	7	6	37
Interval_4500	chr19	24621754	24622061	+	308	1	4	24	7	16	21	11	13
Interval_4501	chr19	24652707	24653823	+	1117	4	9	26	5	54	40	58	13
Interval_4502	chr19	24659470	24659842	+	373	4	7	10	5	24	21	20	2
Interval_4503	chr19	24671493	24672141	+	649	8	5	35	7	75	73	71	9
Interval_4504	chr19	24673485	24674170	+	686	3	2	24	6	53	50	54	10
Interval_4505	chr19	24698373	24699085	+	713	1	3	28	3	29	45	33	6
Interval_4506	chr19	24707186	24707487	+	302	1	1	8	4	19	17	11	5
Interval_4507	chr19	24753059	24754182	+	1124	6	6	38	7	41	74	54	3
Interval_4508	chr19	24770438	24770701	+	264	4	2	4	4	12	12	26	3
Interval_4509	chr19	24779833	24780319	+	487	1	2	18	2	16	15	30	4
Interval_4510	chr19	24793723	24794964	+	1242	208	221	10	346	22	17	29	738
Interval_4511	chr19	24797490	24798080	+	591	3	10	14	7	23	23	31	19
Interval_4512	chr19	24800034	24800294	+	261	4	2	9	5	9	16	8	12
Interval_4513	chr19	24812161	24812504	+	344	3	1	7	2	6	7	20	4
Interval_4514	chr19	24815779	24816071	+	293	1	1	7	5	15	19	17	7
Interval_4515	chr19	24842004	24842336	+	333	3	2	10	7	15	12	23	7
Interval_4516	chr19	24847759	24848720	+	962	4	8	51	7	53	81	63	9
Interval_4517	chr19	24861292	24862190	+	899	7	10	39	13	46	66	62	17
Interval_4518	chr19	24871031	24871537	+	507	5	3	23	9	20	31	25	7
Interval_4519	chr19	24899893	24900647	+	755	3	10	31	18	42	34	42	23
Interval_4520	chr19	24935813	24936104	+	292	1	2	13	5	9	20	13	11
Interval_4521	chr19	24961309	24962252	+	944	311	315	196	619	245	286	281	1039
Interval_4522	chr19	24990150	24990753	+	604	15	17	8	25	9	7	13	79
Interval_4523	chr19	24998740	25000210	+	1471	93	134	39	148	71	50	74	325
Interval_4524	chr19	25035626	25036266	+	641	5	7	22	8	30	16	34	18
Interval_4525	chr19	25054865	25055750	+	886	49	43	15	40	10	5	16	142
Interval_4526	chr19	25060196	25060669	+	474	9	7	18	7	26	22	32	10
Interval_4527	chr19	25096796	25097746	+	951	14	20	29	29	29	53	48	35
Interval_4528	chr19	25102056	25102349	+	294	8	6	14	7	10	13	19	8
Interval_4529	chr19	25138231	25138708	+	478	13	19	12	33	20	14	13	30
Interval_4530	chr19	25148634	25148959	+	326	4	3	5	18	12	8	20	17
Interval_4531	chr19	25184460	25184876	+	417	3	0	19	4	15	37	36	8
Interval_4532	chr19	25186159	25186727	+	569	8	11	17	15	28	38	20	14
Interval_4533	chr19	25187788	25188014	+	227	6	9	13	9	25	17	30	14
Interval_4534	chr19	25198308	25198600	+	293	2	5	19	3	23	22	9	6
Interval_4535	chr19	25200437	25201009	+	573	7	5	34	14	66	66	73	17
Interval_4536	chr19	25207614	25208248	+	635	1	9	27	8	32	34	38	12
Interval_4537	chr19	25222029	25223090	+	1062	3	13	64	10	115	88	107	18
Interval_4538	chr19	25230513	25230973	+	461	7	24	17	34	11	16	13	39
Interval_4539	chr19	25236481	25237818	+	1338	34	50	132	45	171	210	185	65
Interval_4540	chr19	25276514	25276901	+	388	2	4	17	2	38	49	33	4
Interval_4541	chr19	25286122	25286783	+	662	8	2	32	10	51	70	54	10
Interval_4542	chr19	25311726	25312374	+	649	12	15	23	39	20	33	23	25
Interval_4543	chr19	25330508	25331001	+	494	4	2	16	2	20	29	27	5
Interval_4544	chr19	25336833	25337145	+	313	8	13	2	17	6	3	6	32
Interval_4545	chr19	25340968	25341489	+	522	5	11	20	12	16	29	29	22
Interval_4546	chr19	25343601	25344056	+	456	15	15	8	35	9	9	11	63
Interval_4547	chr19	25352020	25352289	+	270	0	6	6	4	4	4	6	18
Interval_4548	chr19	25360928	25361299	+	372	9	4	15	14	18	14	17	9
Interval_4549	chr19	25374737	25375365	+	629	15	18	16	42	25	29	29	42
Interval_4550	chr19	25381747	25382727	+	981	44	73	16	124	18	31	22	118
Interval_4551	chr19	25383472	25383792	+	321	7	4	28	16	35	34	36	21
Interval_4552	chr19	25399585	25400729	+	1145	13	15	64	26	86	89	97	39
Interval_4553	chr19	25406371	25407545	+	1175	29	58	84	78	131	126	143	82
Interval_4554	chr19	25451094	25451501	+	408	5	8	13	7	19	21	17	12
Interval_4555	chr19	25461630	25462261	+	632	2	6	25	4	38	33	33	6
Interval_4556	chr19	25505945	25506554	+	610	1	9	30	9	31	17	24	15
Interval_4557	chr19	25536804	25537366	+	563	5	4	13	9	26	15	15	7
Interval_4558	chr19	25575068	25575723	+	656	5	10	17	12	22	38	35	15
Interval_4559	chr19	25605150	25605344	+	195	2	2	18	6	13	12	11	8
Interval_4560	chr19	25605961	25606204	+	244	5	2	15	4	19	27	36	9
Interval_4561	chr19	25610132	25611153	+	1022	6	13	36	8	50	55	63	16
Interval_4562	chr19	25622401	25623195	+	795	13	10	42	22	34	41	47	31
Interval_4563	chr19	25623565	25624016	+	452	1	2	23	8	21	20	25	10
Interval_4564	chr19	25635997	25636323	+	327	5	6	13	3	14	20	14	12
Interval_4565	chr19	25650677	25651010	+	334	6	8	11	9	10	10	8	21
Interval_4566	chr19	25654132	25654870	+	739	2	1	60	6	77	79	82	8
Interval_4567	chr19	25665374	25665743	+	370	4	2	17	2	16	22	11	10
Interval_4568	chr19	25671861	25672897	+	1037	25	35	83	54	84	123	116	82
Interval_4569	chr19	25673913	25674131	+	219	7	2	17	3	16	24	16	6
Interval_4570	chr19	25688332	25688609	+	278	2	2	6	2	7	4	15	2
Interval_4571	chr19	25779499	25779909	+	411	4	3	17	4	17	29	18	5
Interval_4572	chr19	25780929	25781159	+	231	4	1	10	4	12	3	4	3
Interval_4573	chr19	25796099	25796513	+	415	3	3	11	12	7	12	18	7
Interval_4574	chr19	25856217	25856680	+	464	2	1	15	4	24	28	29	7
Interval_4575	chr19	25863069	25863648	+	580	0	2	7	6	25	20	33	2
Interval_4576	chr19	25926969	25927926	+	958	4	5	27	9	39	66	50	11
Interval_4577	chr19	25937266	25937703	+	438	6	13	19	14	34	41	40	18
Interval_4578	chr19	26014803	26015024	+	222	1	3	8	3	8	17	8	3
Interval_4579	chr19	26021127	26021661	+	535	1	0	20	2	22	37	29	5
Interval_4580	chr19	26037241	26037755	+	515	4	2	24	4	20	27	28	8
Interval_4581	chr19	26135393	26136384	+	992	0	3	31	4	53	63	57	7
Interval_4582	chr19	26521430	26521785	+	356	3	2	5	3	14	3	5	3
Interval_4583	chr19	26604428	26605409	+	982	132	187	140	245	250	308	286	382
Interval_4584	chr19	26605837	26607760	+	1924	87	92	161	134	236	278	269	194
Interval_4585	chr19	26612756	26614059	+	1304	41	57	22	74	42	38	37	147
Interval_4586	chr19	26630832	26631195	+	364	3	4	10	2	10	10	23	2
Interval_4587	chr19	26669910	26670691	+	782	19	28	11	31	9	12	11	60
Interval_4588	chr19	26704886	26705313	+	428	2	2	22	2	21	26	17	9
Interval_4589	chr19	26728117	26728360	+	244	2	0	6	4	7	9	9	1
Interval_4590	chr19	26731881	26732196	+	316	0	1	8	3	16	4	18	2
Interval_4591	chr19	26747084	26748498	+	1415	42	47	159	66	239	267	257	94
Interval_4592	chr19	26754090	26754685	+	596	12	12	36	24	48	37	55	23
Interval_4593	chr19	26770793	26771059	+	267	1	5	10	2	5	12	6	9
Interval_4594	chr19	26814753	26815130	+	378	0	1	5	5	17	10	16	5
Interval_4595	chr19	26844818	26846196	+	1379	16	25	133	38	168	243	213	45
Interval_4596	chr19	26852266	26852768	+	503	5	4	25	5	23	38	30	5
Interval_4597	chr19	26858477	26859358	+	882	5	7	26	4	32	46	37	5
Interval_4598	chr19	26865571	26866333	+	763	6	4	103	7	124	190	171	8
Interval_4599	chr19	26877352	26877805	+	454	0	1	19	3	24	33	41	4
Interval_4600	chr19	26880035	26880318	+	284	3	2	16	4	23	32	28	5
Interval_4601	chr19	26881939	26882441	+	503	3	1	26	7	34	36	37	3
Interval_4602	chr19	26914098	26914498	+	401	1	2	5	3	21	14	13	2
Interval_4603	chr19	26920042	26920328	+	287	0	1	10	4	10	14	10	0
Interval_4604	chr19	26934017	26934725	+	709	3	6	46	4	100	85	124	10
Interval_4605	chr19	26977847	26978345	+	499	6	5	7	6	17	26	27	5
Interval_4606	chr19	26994411	26995274	+	864	5	5	22	4	31	48	42	2
Interval_4607	chr19	27032595	27032851	+	257	5	5	2	2	20	21	17	4
Interval_4608	chr19	27037958	27038563	+	606	5	4	28	3	22	36	32	6
Interval_4609	chr19	27066862	27067139	+	278	4	3	11	7	20	9	24	2
Interval_4610	chr19	27099877	27100239	+	363	2	1	9	5	10	29	8	4
Interval_4611	chr19	27124383	27124717	+	335	2	3	15	4	18	9	15	11
Interval_4612	chr19	27157399	27157632	+	234	0	2	3	0	4	9	11	2
Interval_4613	chr19	27216784	27218296	+	1513	24	55	141	69	212	239	267	77
Interval_4614	chr19	27218491	27219380	+	890	18	21	105	36	158	143	147	47
Interval_4615	chr19	27327596	27328028	+	433	16	32	6	50	10	7	11	57
Interval_4616	chr19	27328734	27328987	+	254	27	22	7	43	8	6	8	40
Interval_4617	chr19	27332069	27332586	+	518	6	6	15	9	18	16	12	13
Interval_4618	chr19	27364089	27364962	+	874	16	16	27	28	61	42	60	31
Interval_4619	chr19	27395496	27396096	+	601	6	10	16	22	37	20	45	10
Interval_4620	chr19	27397263	27397635	+	373	4	5	13	6	29	9	25	8
Interval_4621	chr19	27429401	27430557	+	1157	225	227	171	427	285	343	278	811
Interval_4622	chr19	27447488	27447940	+	453	3	1	19	9	11	18	16	10
Interval_4623	chr19	27581987	27582551	+	565	16	12	9	23	8	9	8	41
Interval_4624	chr19	27870898	27871238	+	341	18	14	4	30	12	1	9	55
Interval_4625	chr19	27872217	27872700	+	484	19	17	4	24	4	10	11	65
Interval_4626	chr19	27884329	27884796	+	468	14	19	9	29	9	13	10	70
Interval_4627	chr19	27904504	27904812	+	309	12	8	1	21	10	8	3	34
Interval_4628	chr19	27905953	27906555	+	603	53	43	6	88	12	6	15	224
Interval_4629	chr19	27907111	27907457	+	347	11	9	4	15	4	2	10	55
Interval_4630	chr19	28010632	28012357	+	1726	553	599	400	954	598	673	643	1834
Interval_4631	chr19	28165874	28166484	+	611	2	7	32	18	45	41	38	19
Interval_4632	chr19	28171906	28172422	+	517	2	1	18	2	22	15	24	5
Interval_4633	chr19	28182629	28182897	+	269	3	1	6	2	18	17	20	7
Interval_4634	chr19	28190485	28190796	+	312	3	4	10	2	21	15	10	5
Interval_4635	chr19	28192497	28192716	+	220	0	1	9	1	5	9	6	3
Interval_4636	chr19	28192750	28193006	+	257	4	0	9	2	4	12	13	3
Interval_4637	chr19	28381628	28382301	+	674	4	2	23	6	23	24	25	7
Interval_4638	chr19	28394958	28396198	+	1241	3	9	31	13	41	56	51	13
Interval_4639	chr19	28436337	28436885	+	549	4	3	18	4	30	35	41	6
Interval_4640	chr19	28512627	28512914	+	288	1	2	12	2	12	25	12	6
Interval_4641	chr19	28520541	28521520	+	980	7	6	16	7	70	37	55	12
Interval_4642	chr19	28550598	28550825	+	228	2	1	3	2	12	10	16	1
Interval_4643	chr19	28550839	28551260	+	422	1	1	3	4	19	11	16	3
Interval_4644	chr19	28559524	28560410	+	887	4	6	35	4	86	74	77	7
Interval_4645	chr19	28560692	28561642	+	951	4	5	33	8	75	70	82	13
Interval_4646	chr19	28579995	28580234	+	240	3	1	8	3	9	13	10	1
Interval_4647	chr19	28623859	28624327	+	469	0	3	6	3	3	6	21	4
Interval_4648	chr19	28636172	28636484	+	313	3	3	10	5	22	32	25	4
Interval_4649	chr19	28641006	28641276	+	271	2	2	12	5	19	12	15	4
Interval_4650	chr19	28649600	28649941	+	342	1	0	10	6	27	20	38	3
Interval_4651	chr19	28660850	28661416	+	567	8	4	21	4	47	50	55	3
Interval_4652	chr19	28662649	28662996	+	348	4	4	9	3	20	20	27	2
Interval_4653	chr19	28677918	28678316	+	399	8	7	32	15	34	44	32	12
Interval_4654	chr19	28679441	28680353	+	913	10	30	66	22	123	146	157	32
Interval_4655	chr19	28686335	28686864	+	530	2	0	22	5	30	28	33	6
Interval_4656	chr19	28743488	28743756	+	269	4	1	1	4	19	14	13	5
Interval_4657	chr19	28750351	28750681	+	331	1	1	6	6	16	11	12	5
Interval_4658	chr19	28776976	28777247	+	272	2	4	17	7	17	19	14	7
Interval_4659	chr19	28834553	28835498	+	946	13	14	49	19	47	49	50	20
Interval_4660	chr19	28902027	28902612	+	586	0	2	26	6	39	45	45	7
Interval_4661	chr19	28903049	28903584	+	536	6	1	15	5	18	29	9	6
Interval_4662	chr19	28916006	28916537	+	532	5	12	9	19	16	13	19	14
Interval_4663	chr19	28924774	28925054	+	281	2	0	13	5	12	20	9	8
Interval_4664	chr19	28928985	28929562	+	578	12	28	18	39	27	27	57	37
Interval_4665	chr19	28963627	28964743	+	1117	31	40	70	57	105	101	120	80
Interval_4666	chr19	28975186	28975620	+	435	13	9	21	24	21	22	26	22
Interval_4667	chr19	28989972	28991090	+	1119	167	187	117	316	183	194	167	506
Interval_4668	chr19	29014590	29015039	+	450	2	1	11	3	14	24	33	7
Interval_4669	chr19	29016225	29016601	+	377	3	1	8	7	11	21	19	4
Interval_4670	chr19	29047403	29048296	+	894	106	109	108	151	142	165	152	314
Interval_4671	chr19	29057952	29058229	+	278	7	10	11	10	4	7	11	13
Interval_4672	chr19	29063744	29065036	+	1293	417	542	51	893	87	87	100	1596
Interval_4673	chr19	29066945	29067678	+	734	128	209	23	330	39	35	42	595
Interval_4674	chr19	29083149	29083594	+	446	6	14	5	10	3	2	11	11
Interval_4675	chr19	29100750	29101869	+	1120	500	557	309	878	469	573	576	1504
Interval_4676	chr19	29112489	29113024	+	536	6	11	13	15	25	18	31	29
Interval_4677	chr19	29121831	29122196	+	366	5	5	14	8	23	9	15	9
Interval_4678	chr19	29126217	29126972	+	756	36	61	9	76	9	8	24	53
Interval_4679	chr19	29128285	29128621	+	337	28	36	8	67	4	5	7	34
Interval_4680	chr19	29134163	29134605	+	443	19	45	9	56	4	7	11	42
Interval_4681	chr19	29135188	29135758	+	571	48	37	8	82	13	9	11	173
Interval_4682	chr19	29140769	29141263	+	495	16	30	3	47	8	12	14	67
Interval_4683	chr19	29149736	29150731	+	996	10	11	36	14	43	68	68	31
Interval_4684	chr19	29198706	29199128	+	423	5	2	7	7	18	17	23	4
Interval_4685	chr19	29203221	29203770	+	550	30	29	8	28	10	13	10	95
Interval_4686	chr19	29228205	29228467	+	263	2	8	2	14	7	9	2	8
Interval_4687	chr19	29229616	29229886	+	271	1	6	4	3	7	1	2	21
Interval_4688	chr19	29236919	29237355	+	437	29	30	5	63	5	15	14	107
Interval_4689	chr19	29238214	29238443	+	230	1	10	3	7	5	6	14	15
Interval_4690	chr19	29241527	29242416	+	890	43	49	11	51	16	21	31	152
Interval_4691	chr19	29251118	29252300	+	1183	661	877	229	1491	353	437	436	2331
Interval_4692	chr19	29253337	29254093	+	757	100	182	53	254	67	73	70	443
Interval_4693	chr19	29267442	29267726	+	285	3	11	6	9	13	6	15	25
Interval_4694	chr19	29270254	29270595	+	342	4	2	19	12	12	19	7	13
Interval_4695	chr19	29311067	29311391	+	325	6	11	3	8	5	7	5	11
Interval_4696	chr19	29325070	29326147	+	1078	65	56	77	78	102	126	122	197
Interval_4697	chr19	29334160	29334946	+	787	5	5	28	6	47	33	46	13
Interval_4698	chr19	29354929	29355986	+	1058	29	27	47	45	50	52	50	91
Interval_4699	chr19	29361490	29362394	+	905	181	196	85	295	132	145	150	438
Interval_4700	chr19	29367049	29367698	+	650	62	65	17	109	32	41	32	172
Interval_4701	chr19	29419844	29420131	+	288	1	8	4	11	0	2	4	18
Interval_4702	chr19	29469710	29470087	+	378	8	4	8	13	10	5	9	32
Interval_4703	chr19	29472559	29472916	+	358	8	9	9	18	6	9	14	28
Interval_4704	chr19	29482101	29482617	+	517	19	16	7	21	11	9	12	40
Interval_4705	chr19	29488145	29488634	+	490	14	16	9	21	13	14	17	35
Interval_4706	chr19	29497003	29498170	+	1168	47	45	18	78	19	17	21	109
Interval_4707	chr19	29501239	29501754	+	516	24	16	23	26	23	30	27	60
Interval_4708	chr19	29521693	29523431	+	1739	304	367	315	576	438	493	509	1045
Interval_4709	chr19	29541474	29541714	+	241	2	1	12	3	5	6	4	3
Interval_4710	chr19	29542536	29542731	+	196	0	0	8	1	5	11	5	5
Interval_4711	chr19	29557413	29557820	+	408	5	12	7	33	8	9	6	38
Interval_4712	chr19	29563443	29563722	+	280	9	10	14	11	12	12	21	22
Interval_4713	chr19	29610822	29611490	+	669	34	115	2	202	14	13	11	149
Interval_4714	chr19	29640874	29642022	+	1149	16	22	40	26	59	48	63	37
Interval_4715	chr19	29647354	29648727	+	1374	281	329	130	547	188	215	240	821
Interval_4716	chr19	29649753	29650062	+	310	71	93	6	175	11	4	11	292
Interval_4717	chr19	29660949	29661288	+	340	3	2	15	6	8	15	12	7
Interval_4718	chr19	29666938	29667439	+	502	11	11	26	11	33	28	50	17
Interval_4719	chr19	29710401	29710735	+	335	6	3	4	5	24	20	14	9
Interval_4720	chr19	29804935	29806839	+	1905	411	502	361	899	449	563	464	1614
Interval_4721	chr19	29812387	29813660	+	1274	73	81	87	110	79	122	131	267
Interval_4722	chr19	29823433	29824017	+	585	14	17	14	15	28	19	32	10
Interval_4723	chr19	29826818	29827338	+	521	5	7	25	18	34	41	33	16
Interval_4724	chr19	29835403	29835932	+	530	1	0	27	6	41	45	36	2
Interval_4725	chr19	29842995	29843289	+	295	2	2	14	2	14	21	14	3
Interval_4726	chr19	29858935	29859219	+	285	0	4	11	3	10	19	8	5
Interval_4727	chr19	29866643	29867336	+	694	1	3	44	12	25	30	43	5
Interval_4728	chr19	29877469	29878473	+	1005	2	7	54	11	80	85	72	14
Interval_4729	chr19	29878772	29879012	+	241	1	5	11	7	12	16	17	4
Interval_4730	chr19	29879036	29879433	+	398	1	14	15	28	21	17	18	13
Interval_4731	chr19	29902691	29902986	+	296	4	1	10	0	10	23	14	0
Interval_4732	chr19	29924503	29925235	+	733	3	4	49	4	66	111	72	8
Interval_4733	chr19	29925997	29926715	+	719	3	8	43	7	69	93	59	10
Interval_4734	chr19	29940031	29940742	+	712	3	10	19	21	30	28	35	23
Interval_4735	chr19	29948001	29948795	+	795	14	24	56	32	96	112	114	32
Interval_4736	chr19	29967797	29968284	+	488	1	6	13	8	23	10	17	9
Interval_4737	chr19	29984097	29985277	+	1181	8	8	58	18	121	149	129	16
Interval_4738	chr19	30010718	30011008	+	291	2	8	3	2	7	6	7	6
Interval_4739	chr19	30029790	30031329	+	1540	312	415	269	769	347	414	408	1326
Interval_4740	chr19	30050379	30051204	+	826	94	78	12	134	16	11	16	276
Interval_4741	chr19	30095461	30095777	+	317	4	6	7	8	20	9	11	15
Interval_4742	chr19	30096216	30096588	+	373	6	4	17	13	13	19	30	15
Interval_4743	chr19	30105952	30106266	+	315	8	3	7	4	5	13	7	10
Interval_4744	chr19	30107339	30107766	+	428	4	11	3	23	3	15	7	16
Interval_4745	chr19	30118773	30119435	+	663	33	60	11	98	13	13	23	76
Interval_4746	chr19	30145005	30145639	+	635	15	36	6	54	5	13	16	37
Interval_4747	chr19	30149126	30149863	+	738	7	6	39	12	27	54	39	10
Interval_4748	chr19	30157242	30157836	+	595	9	17	5	27	10	8	13	24
Interval_4749	chr19	30174908	30175782	+	875	21	37	74	66	135	166	160	55
Interval_4750	chr19	30187481	30187870	+	390	5	6	6	17	7	3	5	13
Interval_4751	chr19	30195039	30196052	+	1014	26	50	18	63	23	21	26	78
Interval_4752	chr19	30202288	30202814	+	527	9	20	5	33	33	22	29	20
Interval_4753	chr19	30205483	30206034	+	552	6	11	21	11	22	24	24	29
Interval_4754	chr19	30331829	30332158	+	330	1	3	13	2	26	38	39	5
Interval_4755	chr19	30332515	30332839	+	325	4	2	3	6	16	7	10	7
Interval_4756	chr19	30371014	30371250	+	237	5	6	4	1	10	21	15	9
Interval_4757	chr19	30371890	30372548	+	659	1	1	26	5	31	46	30	4
Interval_4758	chr19	30379452	30380148	+	697	2	2	21	2	13	28	16	6
Interval_4759	chr19	30380263	30381046	+	784	2	1	18	4	31	29	37	4
Interval_4760	chr19	30406791	30407421	+	631	1	3	26	3	38	30	47	1
Interval_4761	chr19	30419648	30420185	+	538	3	4	20	7	47	38	33	9
Interval_4762	chr19	30435540	30435816	+	277	2	2	5	2	10	13	15	4
Interval_4763	chr19	30446858	30447298	+	441	1	2	13	3	13	13	32	3
Interval_4764	chr19	30510319	30510698	+	380	3	4	7	3	21	15	25	4
Interval_4765	chr19	30516803	30517034	+	232	2	3	5	1	17	13	24	3
Interval_4766	chr19	30539378	30539776	+	399	7	4	18	3	27	25	29	6
Interval_4767	chr19	30548700	30550020	+	1321	11	13	101	22	160	172	148	33
Interval_4768	chr19	30554422	30555063	+	642	13	3	37	11	59	40	46	13
Interval_4769	chr19	30625908	30626246	+	339	2	0	3	1	16	7	9	6
Interval_4770	chr19	30842938	30844226	+	1289	6	12	46	13	61	71	64	24
Interval_4771	chr19	30938005	30938339	+	335	11	7	5	14	10	9	12	31
Interval_4772	chr19	30942524	30942807	+	284	5	5	5	17	6	6	6	23
Interval_4773	chr19	30947922	30948435	+	514	3	3	11	4	23	21	33	9
Interval_4774	chr19	31031687	31031940	+	254	3	2	2	1	7	15	2	2
Interval_4775	chr19	31072674	31073057	+	384	3	2	12	6	10	17	15	8
Interval_4776	chr19	31082392	31083395	+	1004	350	398	172	581	284	324	365	964
Interval_4777	chr19	31097763	31098150	+	388	12	14	4	9	1	3	6	37
Interval_4778	chr19	31104819	31105167	+	349	16	7	7	11	7	5	6	44
Interval_4779	chr19	31106932	31107757	+	826	58	48	20	52	19	26	33	128
Interval_4780	chr19	31113400	31113628	+	229	10	2	6	7	5	11	13	6
Interval_4781	chr19	31171040	31171533	+	494	6	4	20	5	34	33	32	4
Interval_4782	chr19	31219055	31219714	+	660	22	26	4	23	9	8	11	58
Interval_4783	chr19	31329949	31330672	+	724	12	2	17	8	30	42	25	15
Interval_4784	chr19	31337069	31337971	+	903	21	43	4	39	14	14	9	67
Interval_4785	chr19	31341183	31341410	+	228	5	3	16	5	4	4	7	5
Interval_4786	chr19	31342001	31342732	+	732	13	6	20	12	31	26	29	21
Interval_4787	chr19	31433477	31433706	+	230	0	1	9	2	7	14	8	3
Interval_4788	chr19	31530735	31531773	+	1039	9	11	30	13	60	76	79	19
Interval_4789	chr19	31545987	31546379	+	393	4	3	11	3	22	37	29	9
Interval_4790	chr19	31547908	31548145	+	238	1	0	5	3	2	4	10	8
Interval_4791	chr19	31663680	31665121	+	1442	19	9	48	29	109	97	104	40
Interval_4792	chr19	31756119	31756613	+	495	9	6	22	6	26	32	24	27
Interval_4793	chr19	31762639	31763321	+	683	14	5	44	20	56	74	78	35
Interval_4794	chr19	31763837	31765475	+	1639	31	35	112	52	156	203	179	100
Interval_4795	chr19	31780791	31781788	+	998	180	255	11	373	15	15	22	733
Interval_4796	chr19	31868643	31869025	+	383	3	10	2	22	14	8	18	25
Interval_4797	chr19	31871397	31871656	+	260	9	6	2	22	5	3	7	15
Interval_4798	chr19	31923657	31924476	+	820	5	6	19	7	30	37	39	10
Interval_4799	chr19	31976004	31976223	+	220	1	2	21	8	21	28	28	9
Interval_4800	chr19	32026316	32026617	+	302	1	3	8	2	21	29	11	2
Interval_4801	chr19	32107678	32108431	+	754	25	26	62	45	108	118	119	65
Interval_4802	chr19	32111869	32112437	+	569	3	3	13	4	54	36	33	8
Interval_4803	chr19	32120491	32121123	+	633	9	7	15	8	36	35	25	22
Interval_4804	chr19	32127141	32127902	+	762	16	14	23	28	33	33	33	37
Interval_4805	chr19	32132063	32132368	+	306	6	4	14	18	18	11	15	30
Interval_4806	chr19	32137107	32137397	+	291	4	5	9	11	9	19	19	5
Interval_4807	chr19	32138402	32139048	+	647	14	16	9	31	8	5	21	62
Interval_4808	chr19	32157084	32157580	+	497	31	28	9	57	14	7	19	111
Interval_4809	chr19	32172353	32173094	+	742	84	82	16	151	17	13	22	259
Interval_4810	chr19	32179649	32181702	+	2054	313	411	39	639	131	79	134	970
Interval_4811	chr19	32186690	32187509	+	820	14	22	23	36	28	22	25	57
Interval_4812	chr19	32188966	32189793	+	828	13	11	15	28	43	47	54	27
Interval_4813	chr19	32196153	32196671	+	519	38	37	6	70	15	9	17	94
Interval_4814	chr19	32200192	32200556	+	365	14	16	5	19	9	10	10	59
Interval_4815	chr19	32202183	32202988	+	806	6	17	13	36	41	26	39	19
Interval_4816	chr19	32212192	32213014	+	823	15	12	33	23	21	31	30	36
Interval_4817	chr19	32213431	32213749	+	319	3	8	6	14	6	7	5	18
Interval_4818	chr19	32221946	32222706	+	761	109	149	12	208	19	22	20	386
Interval_4819	chr19	32227308	32227693	+	386	12	35	4	40	7	2	7	81
Interval_4820	chr19	32237252	32238053	+	802	112	108	32	203	47	57	79	387
Interval_4821	chr19	32238684	32240620	+	1937	349	394	53	644	70	43	65	1273
Interval_4822	chr19	32254360	32255321	+	962	27	23	21	53	34	31	32	91
Interval_4823	chr19	32263750	32264280	+	531	39	38	12	75	7	19	12	155
Interval_4824	chr19	32268605	32269164	+	560	13	16	19	19	23	39	27	25
Interval_4825	chr19	32271493	32271916	+	424	65	70	8	156	21	10	11	185
Interval_4826	chr19	32272226	32273187	+	962	254	333	11	532	38	14	35	791
Interval_4827	chr19	32276954	32277177	+	224	17	25	6	38	16	15	30	43
Interval_4828	chr19	32277445	32277721	+	277	13	15	3	29	20	12	26	45
Interval_4829	chr19	32277791	32278079	+	289	14	21	6	32	12	13	12	51
Interval_4830	chr19	32287877	32288101	+	225	5	3	14	7	10	18	14	12
Interval_4831	chr19	32292974	32293951	+	978	6	6	35	15	93	75	98	18
Interval_4832	chr19	32304137	32305179	+	1043	17	20	38	29	45	55	68	49
Interval_4833	chr19	32319593	32319913	+	321	7	4	11	18	23	22	34	19
Interval_4834	chr19	32319951	32320557	+	607	15	19	20	43	23	38	35	41
Interval_4835	chr19	32322490	32323401	+	912	14	29	38	43	80	60	81	29
Interval_4836	chr19	32325028	32325353	+	326	5	17	28	11	43	32	34	14
Interval_4837	chr19	32337647	32338219	+	573	5	4	37	10	51	59	55	11
Interval_4838	chr19	32344095	32344560	+	466	8	13	17	9	44	32	30	14
Interval_4839	chr19	32346114	32346783	+	670	7	17	33	19	74	69	66	28
Interval_4840	chr19	32349141	32349544	+	404	5	6	34	7	42	55	59	16
Interval_4841	chr19	32359146	32359488	+	343	15	19	12	41	25	22	27	36
Interval_4842	chr19	32367105	32367662	+	558	2	2	9	10	23	19	33	15
Interval_4843	chr19	32372218	32372679	+	462	15	16	7	23	5	5	7	97
Interval_4844	chr19	32377688	32377919	+	232	3	5	23	4	15	14	12	13
Interval_4845	chr19	32380670	32381046	+	377	11	10	13	18	11	16	9	49
Interval_4846	chr19	32381386	32382051	+	666	6	5	34	10	51	66	71	15
Interval_4847	chr19	32387783	32389845	+	2063	145	218	345	296	499	572	560	479
Interval_4848	chr19	32438833	32439642	+	810	37	48	16	81	14	18	19	127
Interval_4849	chr19	32470167	32470759	+	593	13	18	12	23	18	26	18	39
Interval_4850	chr19	32470766	32471266	+	501	23	19	14	19	16	12	33	38
Interval_4851	chr19	32475779	32476959	+	1181	123	175	6	252	18	17	27	464
Interval_4852	chr19	32485439	32487001	+	1563	239	337	148	498	245	263	232	922
Interval_4853	chr19	32487643	32488124	+	482	51	47	11	70	14	19	14	144
Interval_4854	chr19	32498157	32498416	+	260	5	5	8	3	30	23	19	5
Interval_4855	chr19	32501721	32502022	+	302	5	3	5	7	8	7	15	13
Interval_4856	chr19	32510288	32511344	+	1057	184	256	16	399	31	18	42	633
Interval_4857	chr19	32523813	32524273	+	461	41	39	6	42	13	8	8	118
Interval_4858	chr19	32569371	32570205	+	835	32	48	4	84	15	7	17	89
Interval_4859	chr19	32587771	32588141	+	371	4	2	4	6	21	10	17	6
Interval_4860	chr19	32595347	32596228	+	882	29	44	59	62	105	103	123	50
Interval_4861	chr19	32601210	32601565	+	356	2	3	14	5	18	28	23	8
Interval_4862	chr19	32626740	32627470	+	731	25	35	19	79	30	22	29	56
Interval_4863	chr19	32628668	32629001	+	334	0	7	5	7	26	17	27	6
Interval_4864	chr19	32637017	32638132	+	1116	34	68	16	129	12	14	19	111
Interval_4865	chr19	32647975	32648265	+	291	10	13	9	32	8	7	9	28
Interval_4866	chr19	32653213	32653595	+	383	9	14	5	19	7	7	9	16
Interval_4867	chr19	32711826	32713110	+	1285	221	241	207	305	333	398	409	602
Interval_4868	chr19	32723825	32724217	+	393	0	4	10	1	28	33	33	2
Interval_4869	chr19	32755804	32758133	+	2330	577	738	517	1262	746	824	817	2217
Interval_4870	chr19	32788264	32788683	+	420	8	7	10	9	11	14	14	23
Interval_4871	chr19	32861740	32862251	+	512	4	5	9	2	20	14	16	6
Interval_4872	chr19	32867414	32867673	+	260	0	1	10	1	6	9	15	2
Interval_4873	chr19	32868972	32869226	+	255	3	0	6	8	4	1	8	4
Interval_4874	chr19	32885779	32886198	+	420	4	1	21	8	42	34	41	7
Interval_4875	chr19	32903806	32904132	+	327	2	3	17	19	17	14	11	11
Interval_4876	chr19	32905744	32906044	+	301	5	8	4	10	10	7	12	28
Interval_4877	chr19	32916569	32917309	+	741	5	4	41	5	47	61	57	9
Interval_4878	chr19	32959955	32960890	+	936	23	48	26	47	46	43	42	58
Interval_4879	chr19	32980185	32980516	+	332	3	1	15	6	18	24	41	8
Interval_4880	chr19	33029894	33030506	+	613	5	3	10	4	18	34	31	8
Interval_4881	chr19	33035537	33036063	+	527	2	3	15	7	18	20	30	6
Interval_4882	chr19	33100088	33100522	+	435	7	12	20	14	20	16	16	25
Interval_4883	chr19	33101003	33102111	+	1109	23	31	14	40	23	16	19	90
Interval_4884	chr19	33110244	33110526	+	283	2	7	4	6	9	15	14	7
Interval_4885	chr19	33130132	33130644	+	513	0	4	6	4	13	14	31	4
Interval_4886	chr19	33167483	33168412	+	930	13	7	27	5	45	48	46	14
Interval_4887	chr19	33222581	33223064	+	484	7	12	28	21	40	37	53	31
Interval_4888	chr19	33223369	33223681	+	313	2	2	12	5	21	29	36	0
Interval_4889	chr19	33224332	33224518	+	187	4	1	15	2	18	27	19	20
Interval_4890	chr19	33271653	33272076	+	424	1	4	4	6	29	25	40	5
Interval_4891	chr19	33273661	33273900	+	240	2	1	10	6	16	15	23	7
Interval_4892	chr19	33391503	33392403	+	901	88	96	155	141	301	315	287	216
Interval_4893	chr19	33589522	33590220	+	699	31	26	60	58	94	131	116	69
Interval_4894	chr19	33672296	33672756	+	461	5	4	4	4	12	14	29	9
Interval_4895	chr19	33761306	33761630	+	325	7	5	14	8	23	22	20	9
Interval_4896	chr19	34118802	34119573	+	772	4	0	13	2	37	34	24	9
Interval_4897	chr19	34161605	34162153	+	549	0	4	16	5	18	26	11	11
Interval_4898	chr19	34191749	34193133	+	1385	50	53	119	108	186	174	189	171
Interval_4899	chr19	34198122	34198400	+	279	3	8	12	6	10	14	24	6
Interval_4900	chr19	34208716	34209306	+	591	9	7	14	14	26	26	36	15
Interval_4901	chr19	34210212	34210465	+	254	6	5	13	4	24	25	23	8
Interval_4902	chr19	34212741	34213523	+	783	23	47	19	51	14	8	19	47
Interval_4903	chr19	34220741	34221153	+	413	7	13	8	10	9	9	11	43
Interval_4904	chr19	34233993	34234484	+	492	4	5	15	6	33	30	34	9
Interval_4905	chr19	34248889	34249232	+	344	5	10	6	6	4	1	4	4
Interval_4906	chr19	34255202	34255681	+	480	10	8	27	11	53	38	54	12
Interval_4907	chr19	34290172	34291214	+	1043	23	46	64	83	92	104	123	55
Interval_4908	chr19	34334442	34334714	+	273	1	0	5	3	12	19	13	8
Interval_4909	chr19	34345801	34346037	+	237	3	1	4	1	11	5	6	9
Interval_4910	chr19	34406391	34406981	+	591	3	2	20	4	26	28	27	5
Interval_4911	chr19	34435223	34435806	+	584	4	3	16	5	22	28	34	6
Interval_4912	chr19	34445585	34445837	+	253	3	1	5	2	9	16	12	6
Interval_4913	chr19	34461455	34461722	+	268	2	2	8	4	7	8	17	5
Interval_4914	chr19	34468011	34468981	+	971	2	0	15	8	55	41	65	11
Interval_4915	chr19	34474520	34475820	+	1301	19	22	57	21	63	98	101	42
Interval_4916	chr19	34496211	34496858	+	648	27	46	18	80	13	12	29	84
Interval_4917	chr19	34500737	34501137	+	401	32	18	14	49	25	30	35	67
Interval_4918	chr19	34511382	34511980	+	599	24	58	11	84	29	27	35	106
Interval_4919	chr19	34526373	34527769	+	1397	284	269	155	437	329	299	373	732
Interval_4920	chr19	34550359	34551162	+	804	83	80	74	122	158	155	152	287
Interval_4921	chr19	34560184	34560691	+	508	6	4	13	16	26	16	20	16
Interval_4922	chr19	34562375	34562889	+	515	7	12	7	15	7	9	11	39
Interval_4923	chr19	34566300	34566760	+	461	5	6	28	11	47	42	45	18
Interval_4924	chr19	34569714	34570343	+	630	7	4	35	11	73	68	71	19
Interval_4925	chr19	34637052	34637466	+	415	14	16	11	24	29	34	36	32
Interval_4926	chr19	34656102	34657204	+	1103	377	397	16	767	33	15	40	1119
Interval_4927	chr19	34661880	34662994	+	1115	111	113	66	171	78	94	87	369
Interval_4928	chr19	34685014	34685348	+	335	3	1	11	10	16	20	13	10
Interval_4929	chr19	34696451	34696975	+	525	16	10	6	20	15	10	16	25
Interval_4930	chr19	34698427	34699282	+	856	6	11	10	9	43	27	39	24
Interval_4931	chr19	34711827	34712491	+	665	21	37	9	57	4	6	9	81
Interval_4932	chr19	34714388	34714629	+	242	7	3	9	8	8	19	11	3
Interval_4933	chr19	34718768	34719184	+	417	3	5	7	6	30	9	24	10
Interval_4934	chr19	34746328	34747607	+	1280	34	40	55	80	116	137	159	69
Interval_4935	chr19	34752450	34753221	+	772	8	16	20	42	20	21	23	18
Interval_4936	chr19	34758723	34759289	+	567	19	19	4	25	32	14	25	25
Interval_4937	chr19	34819453	34820168	+	716	24	60	12	88	17	9	19	63
Interval_4938	chr19	34826624	34826856	+	233	6	2	14	6	10	8	13	13
Interval_4939	chr19	34844841	34845136	+	296	22	14	4	27	5	7	8	85
Interval_4940	chr19	34846528	34847031	+	504	11	14	17	32	11	14	15	29
Interval_4941	chr19	34848341	34848692	+	352	12	8	4	19	8	6	6	50
Interval_4942	chr19	34859832	34860520	+	689	13	6	22	6	43	53	49	16
Interval_4943	chr19	34861034	34861228	+	195	0	4	10	6	10	14	6	10
Interval_4944	chr19	34877749	34879528	+	1780	250	293	288	488	567	606	607	807
Interval_4945	chr19	34901360	34901636	+	277	2	2	5	4	20	12	20	0
Interval_4946	chr19	34907754	34908557	+	804	10	10	31	7	44	58	35	26
Interval_4947	chr19	34921530	34922792	+	1263	192	214	156	314	241	246	238	644
Interval_4948	chr19	34993128	34993377	+	250	6	1	11	4	11	9	19	4
Interval_4949	chr19	35066332	35066922	+	591	2	5	18	1	37	42	30	11
Interval_4950	chr19	35150846	35151909	+	1064	13	14	19	18	72	42	71	41
Interval_4951	chr19	35151919	35152626	+	708	28	32	10	47	21	17	14	119
Interval_4952	chr19	35157725	35158260	+	536	5	2	7	6	21	28	21	11
Interval_4953	chr19	35170396	35171109	+	714	22	26	5	31	4	5	9	84
Interval_4954	chr19	35204003	35204378	+	376	13	4	7	5	9	10	12	11
Interval_4955	chr19	35298370	35298681	+	312	10	1	4	2	3	2	5	1
Interval_4956	chr19	35833068	35833528	+	461	6	4	9	4	25	34	21	10
Interval_4957	chr19	35883247	35883762	+	516	4	5	12	2	25	31	22	9
Interval_4958	chr19	35889146	35889432	+	287	1	6	2	5	7	4	12	8
Interval_4959	chr19	35966531	35966940	+	410	2	2	17	4	25	25	20	3
Interval_4960	chr19	36056968	36057800	+	833	17	7	54	13	85	116	90	28
Interval_4961	chr19	36082799	36084257	+	1459	73	84	111	133	202	215	227	270
Interval_4962	chr19	36090863	36091142	+	280	6	5	5	7	9	14	10	30
Interval_4963	chr19	36110922	36111578	+	657	5	4	34	8	36	43	35	17
Interval_4964	chr19	36129389	36129960	+	572	14	11	11	11	22	22	25	37
Interval_4965	chr19	36183101	36183371	+	271	5	2	12	11	23	18	26	16
Interval_4966	chr19	36207841	36208200	+	360	4	5	16	9	26	30	20	7
Interval_4967	chr19	36214266	36215201	+	936	6	3	43	6	66	82	81	13
Interval_4968	chr19	36319639	36320519	+	881	40	22	8	25	14	6	13	115
Interval_4969	chr19	36328750	36329018	+	269	6	9	6	10	2	3	6	29
Interval_4970	chr19	36347818	36349434	+	1617	35	41	109	76	174	194	200	123
Interval_4971	chr19	36380648	36381349	+	702	4	0	13	5	16	31	14	7
Interval_4972	chr19	36409192	36410400	+	1209	414	475	188	925	305	330	366	1666
Interval_4973	chr19	36440198	36440511	+	314	8	1	9	7	14	23	9	9
Interval_4974	chr19	36450667	36452657	+	1991	245	280	37	452	52	34	61	761
Interval_4975	chr19	36470115	36470351	+	237	5	3	10	11	14	9	14	22
Interval_4976	chr19	36511366	36511776	+	411	16	11	4	17	4	7	5	33
Interval_4977	chr19	36515277	36515832	+	556	21	15	4	22	6	6	9	48
Interval_4978	chr19	36519429	36519773	+	345	6	2	5	11	17	11	19	10
Interval_4979	chr19	36534044	36534909	+	866	8	6	38	19	47	69	58	28
Interval_4980	chr19	36553934	36555311	+	1378	42	57	138	120	188	262	214	211
Interval_4981	chr19	36610133	36610681	+	549	64	56	8	120	5	6	6	297
Interval_4982	chr19	36629552	36629903	+	352	9	15	9	24	8	8	19	17
Interval_4983	chr19	36630166	36630394	+	229	5	5	14	10	11	11	14	14
Interval_4984	chr19	36638066	36638399	+	334	11	13	7	19	27	8	19	13
Interval_4985	chr19	36646299	36646876	+	578	7	6	15	14	28	36	62	10
Interval_4986	chr19	36668142	36668790	+	649	4	5	28	8	52	41	47	6
Interval_4987	chr19	36669042	36669560	+	519	2	8	20	7	18	19	32	11
Interval_4988	chr19	36670870	36671173	+	304	8	13	10	23	17	12	22	25
Interval_4989	chr19	36679084	36679744	+	661	11	16	30	12	44	53	68	17
Interval_4990	chr19	36687879	36688977	+	1099	11	15	71	25	96	143	126	35
Interval_4991	chr19	36696576	36696890	+	315	5	4	4	11	23	17	15	6
Interval_4992	chr19	36730599	36731009	+	411	5	3	14	7	12	23	7	6
Interval_4993	chr19	36736400	36737469	+	1070	45	80	179	163	286	331	372	125
Interval_4994	chr19	36782972	36783434	+	463	6	10	13	15	9	15	22	17
Interval_4995	chr19	36789588	36790626	+	1039	11	9	81	16	137	134	139	23
Interval_4996	chr19	36795188	36795717	+	530	13	40	15	47	10	15	12	43
Interval_4997	chr19	36796950	36797474	+	525	6	11	28	23	39	32	36	27
Interval_4998	chr19	36808524	36808915	+	392	8	17	17	32	36	27	28	39
Interval_4999	chr19	36815652	36816243	+	592	11	15	37	17	46	60	51	38
Interval_5000	chr19	36818013	36818540	+	528	6	6	24	24	36	57	62	26
Interval_5001	chr19	36828458	36828781	+	324	2	5	14	9	12	15	21	23
Interval_5002	chr19	36833605	36835270	+	1666	182	204	205	300	310	336	316	570
Interval_5003	chr19	36883450	36883732	+	283	4	9	10	10	7	10	5	16
Interval_5004	chr19	36896900	36897310	+	411	6	8	16	5	20	32	29	18
Interval_5005	chr19	36904124	36904696	+	573	11	14	36	17	53	68	56	31
Interval_5006	chr19	36909845	36910137	+	293	12	8	15	16	9	14	21	39
Interval_5007	chr19	36918427	36919788	+	1362	101	92	120	151	166	206	211	311
Interval_5008	chr19	36925624	36926809	+	1186	263	347	177	530	256	284	277	986
Interval_5009	chr19	36932145	36932462	+	318	6	11	7	21	2	2	8	36
Interval_5010	chr19	36943971	36944209	+	239	4	2	3	3	8	4	3	4
Interval_5011	chr19	36953685	36954078	+	394	15	9	2	20	7	5	6	50
Interval_5012	chr19	36962658	36963432	+	775	19	18	9	36	11	2	12	82
Interval_5013	chr19	37009654	37010642	+	989	47	62	20	120	16	16	17	258
Interval_5014	chr19	37018186	37019135	+	950	66	61	89	92	114	137	125	222
Interval_5015	chr19	37026080	37026804	+	725	5	10	27	19	24	46	32	20
Interval_5016	chr19	37100729	37101277	+	549	43	46	5	66	7	4	9	106
Interval_5017	chr19	37141519	37142312	+	794	39	42	9	88	10	12	9	120
Interval_5018	chr19	37174032	37175048	+	1017	30	46	61	49	104	115	125	71
Interval_5019	chr19	37178018	37179103	+	1086	74	107	38	163	41	59	67	260
Interval_5020	chr19	37198265	37198574	+	310	24	26	13	53	1	3	7	73
Interval_5021	chr19	37206719	37208254	+	1536	391	518	204	838	282	291	361	1271
Interval_5022	chr19	37219167	37219419	+	253	9	5	4	7	3	3	3	9
Interval_5023	chr19	37225287	37225736	+	450	8	22	3	18	7	4	7	67
Interval_5024	chr19	37232672	37232998	+	327	64	71	9	151	7	4	12	241
Interval_5025	chr19	37233689	37234372	+	684	124	148	24	216	27	37	33	388
Interval_5026	chr19	37237402	37238800	+	1399	518	777	28	1411	56	34	85	2119
Interval_5027	chr19	37264012	37264284	+	273	11	18	5	36	10	16	8	31
Interval_5028	chr19	37265501	37266374	+	874	33	28	35	57	39	35	20	82
Interval_5029	chr19	37375560	37376980	+	1421	177	237	159	422	209	242	254	712
Interval_5030	chr19	37424951	37425377	+	427	7	5	9	10	9	16	12	25
Interval_5031	chr19	37425501	37425778	+	278	13	4	2	7	5	7	5	7
Interval_5032	chr19	37433999	37435945	+	1947	138	175	98	274	126	153	159	369
Interval_5033	chr19	37440786	37441518	+	733	17	26	19	38	26	9	29	54
Interval_5034	chr19	37442550	37442999	+	450	8	20	2	43	3	2	9	33
Interval_5035	chr19	37493984	37494521	+	538	31	28	10	76	17	15	20	136
Interval_5036	chr19	37506187	37506843	+	657	6	3	19	5	31	24	16	8
Interval_5037	chr19	37509652	37510153	+	502	18	10	18	25	20	16	19	31
Interval_5038	chr19	37514878	37515293	+	416	7	6	12	6	26	13	16	16
Interval_5039	chr19	37517545	37517943	+	399	9	22	6	22	7	8	12	44
Interval_5040	chr19	37523583	37523978	+	396	24	11	5	24	12	11	9	61
Interval_5041	chr19	37530106	37530514	+	409	7	8	12	11	10	17	14	26
Interval_5042	chr19	37537823	37538253	+	431	8	17	6	18	5	6	9	42
Interval_5043	chr19	37543651	37544112	+	462	19	14	8	23	16	20	18	38
Interval_5044	chr19	37549952	37551242	+	1291	208	277	104	460	142	169	185	770
Interval_5045	chr19	37555978	37556647	+	670	69	78	13	114	16	14	17	277
Interval_5046	chr19	37559510	37560637	+	1128	24	49	37	47	66	56	51	90
Interval_5047	chr19	37561619	37562041	+	423	31	36	12	74	19	31	27	79
Interval_5048	chr19	37579662	37580015	+	354	1	3	13	5	30	16	11	8
Interval_5049	chr19	37585389	37585914	+	526	5	6	15	23	10	16	26	16
Interval_5050	chr19	37602017	37602811	+	795	33	22	17	38	17	26	24	102
Interval_5051	chr19	37651650	37651891	+	242	1	2	6	6	9	6	2	7
Interval_5052	chr19	37667909	37668898	+	990	104	99	8	146	28	13	16	373
Interval_5053	chr19	37687002	37687702	+	701	8	14	31	17	44	49	40	24
Interval_5054	chr19	37692946	37693352	+	407	8	4	18	9	40	31	36	11
Interval_5055	chr19	37702452	37703395	+	944	18	31	15	48	11	8	20	30
Interval_5056	chr19	37703797	37704588	+	792	14	8	16	13	24	34	34	23
Interval_5057	chr19	37778644	37778876	+	233	1	3	7	1	17	7	9	2
Interval_5058	chr19	37790078	37790439	+	362	3	0	5	1	11	13	12	4
Interval_5059	chr19	37790510	37791156	+	647	3	1	22	4	31	19	27	7
Interval_5060	chr19	37814527	37814864	+	338	1	4	10	6	17	18	26	7
Interval_5061	chr19	37866849	37867823	+	975	7	24	11	42	10	13	9	39
Interval_5062	chr19	37877377	37877737	+	361	3	3	7	5	10	13	20	4
Interval_5063	chr19	37886568	37887041	+	474	5	4	20	4	26	21	28	10
Interval_5064	chr19	37907430	37908085	+	656	3	6	31	8	45	50	49	9
Interval_5065	chr19	37918429	37918961	+	533	10	13	14	24	27	26	41	21
Interval_5066	chr19	37945736	37946064	+	329	4	0	6	2	12	10	20	7
Interval_5067	chr19	37955412	37955932	+	521	6	9	34	13	27	34	30	21
Interval_5068	chr19	37969920	37970738	+	819	5	1	20	8	43	34	51	13
Interval_5069	chr19	37975229	37975613	+	385	5	8	10	9	13	15	30	9
Interval_5070	chr19	37993393	37993974	+	582	13	11	11	19	22	19	30	29
Interval_5071	chr19	38009315	38009557	+	243	4	1	3	6	3	10	5	2
Interval_5072	chr19	38015479	38016053	+	575	9	13	25	24	34	32	49	19
Interval_5073	chr19	38024928	38026117	+	1190	12	18	76	29	127	126	144	51
Interval_5074	chr19	38028242	38028505	+	264	10	28	11	33	23	14	22	31
Interval_5075	chr19	38029953	38031164	+	1212	16	27	86	29	124	116	143	35
Interval_5076	chr19	38042416	38042996	+	581	5	7	37	16	37	37	48	10
Interval_5077	chr19	38043223	38044009	+	787	14	20	61	26	84	88	84	30
Interval_5078	chr19	38053902	38055406	+	1505	98	153	354	223	464	522	501	358
Interval_5079	chr19	38087167	38087463	+	297	8	14	15	27	24	30	26	14
Interval_5080	chr19	38091564	38092168	+	605	11	7	32	21	61	46	49	21
Interval_5081	chr19	38096678	38097611	+	934	9	12	54	24	56	39	65	34
Interval_5082	chr19	38114871	38115341	+	471	14	9	7	21	12	12	8	41
Interval_5083	chr19	38119953	38120343	+	391	14	16	8	39	18	16	10	49
Interval_5084	chr19	38124265	38125357	+	1093	41	66	54	108	54	76	61	127
Interval_5085	chr19	38133921	38134459	+	539	28	38	16	67	29	16	22	88
Interval_5086	chr19	38161606	38162628	+	1023	24	53	16	88	12	16	15	75
Interval_5087	chr19	38191107	38192122	+	1016	16	38	10	59	14	9	18	58
Interval_5088	chr19	38223496	38224613	+	1118	105	107	118	170	140	214	186	295
Interval_5089	chr19	38232105	38233001	+	897	4	5	71	11	83	101	63	17
Interval_5090	chr19	38266405	38266870	+	466	6	1	8	2	4	23	8	3
Interval_5091	chr19	38282446	38283032	+	587	4	2	31	3	49	45	38	9
Interval_5092	chr19	38325104	38325597	+	494	4	3	8	7	14	18	9	7
Interval_5093	chr19	38338906	38339128	+	223	0	2	13	3	7	6	4	6
Interval_5094	chr19	38339481	38340192	+	712	5	6	30	10	57	51	66	8
Interval_5095	chr19	38348208	38348725	+	518	2	1	13	3	28	19	18	5
Interval_5096	chr19	38364020	38365151	+	1132	9	9	48	10	66	59	80	12
Interval_5097	chr19	38365458	38365752	+	295	0	9	7	8	10	10	5	13
Interval_5098	chr19	38372471	38373546	+	1076	9	27	30	50	83	68	75	26
Interval_5099	chr19	38395547	38396618	+	1072	145	155	74	260	103	119	134	483
Interval_5100	chr19	38410078	38411023	+	946	37	33	7	69	7	11	10	130
Interval_5101	chr19	38458286	38458527	+	242	0	3	4	1	7	3	4	5
Interval_5102	chr19	38478328	38478596	+	269	1	1	35	3	29	53	46	3
Interval_5103	chr19	38480709	38481599	+	891	18	20	90	45	132	144	155	43
Interval_5104	chr19	38507550	38507799	+	250	1	2	4	6	3	8	11	5
Interval_5105	chr19	38514646	38514923	+	278	1	8	7	15	3	5	6	8
Interval_5106	chr19	38566618	38567119	+	502	3	7	13	8	23	28	28	7
Interval_5107	chr19	38621765	38622188	+	424	1	1	13	7	21	16	17	7
Interval_5108	chr19	38639772	38640358	+	587	5	4	12	4	12	26	33	9
Interval_5109	chr19	38644959	38645485	+	527	1	4	9	3	22	35	14	8
Interval_5110	chr19	38704190	38705246	+	1057	2	8	38	12	45	53	38	8
Interval_5111	chr19	38746330	38746634	+	305	2	3	12	5	7	18	17	2
Interval_5112	chr19	38818724	38820950	+	2227	311	301	103	486	135	171	158	922
Interval_5113	chr19	38836178	38837653	+	1476	335	432	171	677	272	273	324	1204
Interval_5114	chr19	38869412	38869631	+	220	5	4	8	3	5	9	6	15
Interval_5115	chr19	38884620	38884896	+	277	4	3	8	2	12	6	9	5
Interval_5116	chr19	38930315	38932020	+	1706	89	104	143	154	181	268	210	324
Interval_5117	chr19	39740964	39741499	+	536	5	8	3	29	5	4	3	27
Interval_5118	chr19	40226683	40227220	+	538	7	11	11	33	14	4	12	23
Interval_5119	chr19	40232084	40232823	+	740	6	21	14	30	12	9	16	20
Interval_5120	chr19	40240950	40241471	+	522	15	8	19	13	26	14	17	21
Interval_5121	chr19	40257281	40257654	+	374	11	5	3	15	8	9	12	11
Interval_5122	chr19	40258497	40258798	+	302	5	8	2	6	8	3	7	17
Interval_5123	chr19	40270645	40272004	+	1360	106	144	68	217	87	102	122	422
Interval_5124	chr19	40278080	40278767	+	688	18	26	8	39	13	14	14	46
Interval_5125	chr19	40297184	40298149	+	966	133	163	20	243	10	18	38	453
Interval_5126	chr19	40331836	40332463	+	628	7	7	22	9	33	27	38	17
Interval_5127	chr19	40345964	40346564	+	601	10	8	20	9	28	36	39	16
Interval_5128	chr19	40366310	40366912	+	603	8	12	38	29	79	59	74	16
Interval_5129	chr19	40370086	40371040	+	955	43	92	34	137	36	41	37	144
Interval_5130	chr19	40391593	40391916	+	324	10	11	16	18	24	42	27	37
Interval_5131	chr19	40392590	40392898	+	309	6	5	10	18	14	8	9	15
Interval_5132	chr19	40401229	40401587	+	359	14	23	19	44	21	22	26	33
Interval_5133	chr19	40405828	40406456	+	629	13	22	27	35	37	28	45	50
Interval_5134	chr19	40410235	40410774	+	540	11	31	8	53	15	10	34	43
Interval_5135	chr19	40414314	40415549	+	1236	21	43	73	56	125	116	179	65
Interval_5136	chr19	40436444	40437101	+	658	9	13	21	18	30	27	53	19
Interval_5137	chr19	40437788	40438044	+	257	12	10	13	35	13	6	23	15
Interval_5138	chr19	40442416	40442904	+	489	31	25	7	55	11	3	9	73
Interval_5139	chr19	40460804	40461355	+	552	10	21	12	40	14	18	16	65
Interval_5140	chr19	40464644	40465006	+	363	7	6	17	7	25	18	22	14
Interval_5141	chr19	40477773	40478378	+	606	23	28	14	22	19	21	26	37
Interval_5142	chr19	40488979	40489913	+	935	62	48	24	74	35	34	46	166
Interval_5143	chr19	40499811	40500546	+	736	21	31	16	41	28	15	29	43
Interval_5144	chr19	40511949	40512230	+	282	65	100	23	114	24	29	26	213
Interval_5145	chr19	40513030	40514176	+	1147	608	704	231	1188	380	470	449	1871
Interval_5146	chr19	40531167	40531465	+	299	0	1	6	5	13	5	5	5
Interval_5147	chr19	40536439	40537317	+	879	86	129	6	226	21	8	26	299
Interval_5148	chr19	40544815	40545266	+	452	8	21	21	16	23	20	20	44
Interval_5149	chr19	40548585	40549395	+	811	9	4	38	18	91	68	73	23
Interval_5150	chr19	40552867	40553689	+	823	227	208	13	385	24	20	39	712
Interval_5151	chr19	40570772	40571143	+	372	8	6	7	13	20	17	27	17
Interval_5152	chr19	40581274	40581508	+	235	4	6	10	7	3	5	5	14
Interval_5153	chr19	40587018	40587270	+	253	17	25	11	41	8	10	14	57
Interval_5154	chr19	40587684	40589541	+	1858	143	177	205	295	235	293	293	594
Interval_5155	chr19	40611828	40612655	+	828	220	181	138	315	221	260	256	619
Interval_5156	chr19	40637216	40637867	+	652	11	10	10	24	21	14	17	32
Interval_5157	chr19	40647817	40648229	+	413	4	9	5	6	7	7	7	10
Interval_5158	chr19	40678483	40678760	+	278	10	9	6	16	12	3	11	16
Interval_5159	chr19	40708175	40708478	+	304	2	10	2	28	9	7	10	18
Interval_5160	chr19	40722332	40722828	+	497	4	4	14	4	28	27	26	14
Interval_5161	chr19	40736835	40737586	+	752	8	10	48	13	44	55	36	35
Interval_5162	chr19	40738574	40738914	+	341	10	12	9	12	9	2	7	13
Interval_5163	chr19	40762216	40762607	+	392	11	8	14	17	22	19	15	31
Interval_5164	chr19	40769205	40769987	+	783	154	112	13	208	8	11	23	485
Interval_5165	chr19	40812594	40814176	+	1583	209	222	11	340	25	17	31	636
Interval_5166	chr19	40818107	40819196	+	1090	45	43	12	80	10	9	13	171
Interval_5167	chr19	40830748	40832308	+	1561	222	244	193	415	256	306	291	745
Interval_5168	chr19	40872946	40873914	+	969	57	59	94	85	110	151	123	175
Interval_5169	chr19	40894220	40895475	+	1256	72	74	92	139	114	152	106	282
Interval_5170	chr19	40962855	40963440	+	586	10	8	22	11	16	13	14	41
Interval_5171	chr19	40971406	40971968	+	563	18	20	10	32	10	6	16	65
Interval_5172	chr19	40976714	40977806	+	1093	96	137	14	182	18	8	23	329
Interval_5173	chr19	40993811	40994911	+	1101	9	12	68	32	112	108	101	27
Interval_5174	chr19	40996055	40996351	+	297	2	9	13	7	36	19	20	4
Interval_5175	chr19	40999315	41000071	+	757	48	62	12	86	13	12	15	166
Interval_5176	chr19	41013480	41013742	+	263	2	4	7	12	11	9	13	3
Interval_5177	chr19	41016046	41016516	+	471	13	17	25	20	26	24	23	43
Interval_5178	chr19	41045650	41046099	+	450	4	0	10	6	7	4	14	6
Interval_5179	chr19	41051956	41052615	+	660	5	7	29	13	40	35	47	17
Interval_5180	chr19	41086846	41087113	+	268	4	8	22	3	21	14	14	14
Interval_5181	chr19	41160471	41160902	+	432	4	2	19	4	9	9	13	6
Interval_5182	chr19	41206263	41207308	+	1046	14	13	68	18	93	101	96	57
Interval_5183	chr19	41249095	41249417	+	323	2	6	11	6	6	7	18	7
Interval_5184	chr19	41263108	41264515	+	1408	214	276	154	401	195	255	269	660
Interval_5185	chr19	41270311	41270628	+	318	3	5	7	4	12	13	18	8
Interval_5186	chr19	41275658	41276139	+	482	7	19	3	37	4	7	8	22
Interval_5187	chr19	41303438	41304113	+	676	7	9	25	11	38	39	31	12
Interval_5188	chr19	41310710	41311600	+	891	54	38	38	44	42	35	41	221
Interval_5189	chr19	41339134	41339753	+	620	24	18	10	41	11	20	26	59
Interval_5190	chr19	41345155	41345433	+	279	4	8	2	8	6	9	12	17
Interval_5191	chr19	41347361	41347614	+	254	7	12	4	31	6	4	10	19
Interval_5192	chr19	41348244	41348534	+	291	3	13	4	24	3	4	4	12
Interval_5193	chr19	41382190	41382682	+	493	9	15	12	15	12	9	21	30
Interval_5194	chr19	41384705	41385392	+	688	12	21	22	39	27	42	28	37
Interval_5195	chr19	41474852	41475080	+	229	14	13	7	21	12	12	20	12
Interval_5196	chr19	41482221	41483652	+	1432	424	583	230	1043	276	326	286	1856
Interval_5197	chr19	41495447	41496266	+	820	45	90	16	125	18	18	26	147
Interval_5198	chr19	41524018	41524386	+	369	10	13	3	13	8	3	6	22
Interval_5199	chr19	41573832	41574092	+	261	3	10	9	25	6	4	2	13
Interval_5200	chr19	41585458	41585699	+	242	1	3	4	0	3	13	7	5
Interval_5201	chr19	41597433	41597697	+	265	6	4	6	18	6	6	11	17
Interval_5202	chr19	41600786	41601324	+	539	5	5	22	9	23	26	37	18
Interval_5203	chr19	41606578	41606845	+	268	0	2	15	4	7	7	9	5
Interval_5204	chr19	41618542	41619351	+	810	7	6	42	6	39	44	37	11
Interval_5205	chr19	41627899	41628148	+	250	5	4	9	6	8	13	13	8
Interval_5206	chr19	41629640	41629989	+	350	4	5	19	4	12	13	21	15
Interval_5207	chr19	41669985	41670564	+	580	3	2	24	8	31	34	49	13
Interval_5208	chr19	41675625	41675903	+	279	3	1	22	3	12	38	28	4
Interval_5209	chr19	41677522	41677868	+	347	16	8	14	18	16	10	16	29
Interval_5210	chr19	41688006	41688224	+	219	2	2	9	5	5	10	10	4
Interval_5211	chr19	41697369	41698006	+	638	4	4	26	8	40	35	39	9
Interval_5212	chr19	41707081	41707376	+	296	2	1	14	4	11	16	19	5
Interval_5213	chr19	41716059	41716780	+	722	4	1	93	8	90	123	86	12
Interval_5214	chr19	41723231	41723783	+	553	1	2	45	3	33	46	45	8
Interval_5215	chr19	41724956	41725441	+	486	4	6	44	13	26	46	33	12
Interval_5216	chr19	41734825	41735105	+	281	8	9	21	9	14	22	17	18
Interval_5217	chr19	41737778	41739080	+	1303	56	57	21	62	25	41	45	200
Interval_5218	chr19	41743134	41743961	+	828	4	7	68	15	55	80	78	25
Interval_5219	chr19	41745868	41746748	+	881	8	12	73	13	89	91	119	13
Interval_5220	chr19	41761443	41762057	+	615	3	4	34	10	29	42	36	10
Interval_5221	chr19	41763782	41764483	+	702	20	12	35	30	39	37	34	55
Interval_5222	chr19	41764484	41764849	+	366	5	9	16	12	13	27	18	18
Interval_5223	chr19	41774114	41774428	+	315	6	11	4	7	8	6	9	14
Interval_5224	chr19	41780508	41780727	+	220	6	4	5	4	3	2	4	10
Interval_5225	chr19	41801591	41802616	+	1026	311	364	172	656	245	266	261	1053
Interval_5226	chr19	41807309	41808152	+	844	52	54	18	89	17	14	20	166
Interval_5227	chr19	41810282	41810592	+	311	4	2	19	2	17	17	28	12
Interval_5228	chr19	41813207	41813672	+	466	10	19	12	22	10	9	7	66
Interval_5229	chr19	41817298	41817612	+	315	2	7	13	5	29	22	13	12
Interval_5230	chr19	41829672	41830966	+	1295	276	301	157	471	180	190	208	1004
Interval_5231	chr19	41835573	41836406	+	834	160	186	16	294	22	42	45	580
Interval_5232	chr19	41837684	41838326	+	643	64	86	9	170	14	15	18	326
Interval_5233	chr19	41847049	41848669	+	1621	248	271	252	430	253	301	300	830
Interval_5234	chr19	41857193	41858019	+	827	21	17	17	35	8	22	31	65
Interval_5235	chr19	41895617	41896676	+	1060	71	78	57	109	78	85	95	234
Interval_5236	chr19	41906216	41907342	+	1127	68	132	23	221	21	16	25	309
Interval_5237	chr19	41911585	41912953	+	1369	258	304	187	553	229	296	270	854
Interval_5238	chr19	41932804	41933853	+	1050	385	392	202	590	251	334	326	982
Interval_5239	chr19	41980601	41982183	+	1583	732	883	589	1601	727	848	827	2917
Interval_5240	chr19	41987276	41987607	+	332	2	6	19	9	40	27	40	7
Interval_5241	chr19	41992179	41992758	+	580	5	12	32	5	52	43	45	13
Interval_5242	chr19	41994393	41994643	+	251	0	1	14	8	11	15	9	5
Interval_5243	chr19	41995158	41995415	+	258	1	2	19	2	26	23	29	3
Interval_5244	chr19	42000379	42000817	+	439	5	5	38	12	15	35	27	14
Interval_5245	chr19	42014153	42014823	+	671	8	5	62	9	59	101	65	18
Interval_5246	chr19	42026309	42026672	+	364	10	8	22	6	17	22	21	26
Interval_5247	chr19	42034187	42034600	+	414	4	5	14	17	20	23	24	19
Interval_5248	chr19	42034679	42035028	+	350	5	8	10	11	27	15	15	15
Interval_5249	chr19	42035197	42036150	+	954	16	23	69	37	91	78	77	37
Interval_5250	chr19	42044973	42046108	+	1136	44	88	93	201	163	157	179	202
Interval_5251	chr19	42054313	42054598	+	286	3	3	6	8	30	15	28	15
Interval_5252	chr19	42061224	42061873	+	650	15	28	18	76	24	14	35	55
Interval_5253	chr19	42068681	42068982	+	302	6	7	21	11	16	9	20	14
Interval_5254	chr19	42071836	42072598	+	763	23	59	15	77	20	11	34	69
Interval_5255	chr19	42086005	42086506	+	502	45	24	102	50	105	130	113	115
Interval_5256	chr19	42089951	42090935	+	985	573	657	315	1187	308	378	410	1804
Interval_5257	chr19	42118298	42118887	+	590	19	25	6	48	5	7	10	45
Interval_5258	chr19	42128575	42129613	+	1039	231	293	250	500	267	303	290	899
Interval_5259	chr19	42147103	42148708	+	1606	45	59	116	94	168	172	187	140
Interval_5260	chr19	42158417	42159001	+	585	9	17	23	22	11	19	17	40
Interval_5261	chr19	42164038	42164290	+	253	0	2	9	9	11	18	13	6
Interval_5262	chr19	42169617	42171178	+	1562	162	184	144	278	134	168	154	528
Interval_5263	chr19	42176813	42177747	+	935	30	34	16	71	9	7	17	98
Interval_5264	chr19	42190476	42191118	+	643	9	17	21	20	24	41	27	35
Interval_5265	chr19	42201696	42202217	+	522	5	6	25	12	29	32	41	11
Interval_5266	chr19	42230202	42230754	+	553	9	14	14	25	6	13	7	62
Interval_5267	chr19	42255540	42256517	+	978	16	15	61	28	82	125	101	40
Interval_5268	chr19	42306964	42307342	+	379	2	12	22	7	31	24	24	12
Interval_5269	chr19	42315881	42316323	+	443	5	10	32	16	26	29	26	12
Interval_5270	chr19	42380507	42381221	+	715	0	3	31	5	19	26	21	9
Interval_5271	chr19	42422577	42422866	+	290	1	3	13	4	15	26	10	8
Interval_5272	chr19	42426110	42426383	+	274	4	1	12	2	10	20	18	5
Interval_5273	chr19	42431368	42432795	+	1428	5	8	121	34	133	210	158	25
Interval_5274	chr19	42442410	42443100	+	691	2	2	37	16	39	39	45	4
Interval_5275	chr19	42460692	42461005	+	314	14	5	3	5	4	3	6	13
Interval_5276	chr19	42510343	42510863	+	521	13	25	7	29	7	9	15	44
Interval_5277	chr19	42518209	42519296	+	1088	214	242	119	387	156	173	167	654
Interval_5278	chr19	42529932	42530319	+	388	8	10	6	17	4	8	5	33
Interval_5279	chr19	42582902	42584811	+	1910	74	94	18	139	18	20	20	223
Interval_5280	chr19	42612764	42613136	+	373	3	6	28	11	25	27	33	13
Interval_5281	chr19	42631284	42632029	+	746	4	7	35	10	33	56	58	29
Interval_5282	chr19	42638533	42639286	+	754	5	2	34	14	19	41	37	13
Interval_5283	chr19	42668501	42669048	+	548	3	13	29	17	51	61	55	14
Interval_5284	chr19	42673112	42673516	+	405	2	1	21	2	34	43	42	5
Interval_5285	chr19	42678454	42678663	+	210	2	0	10	0	5	7	4	2
Interval_5286	chr19	42689791	42690453	+	663	13	22	12	42	21	13	26	30
Interval_5287	chr19	42697119	42697829	+	711	6	4	44	9	29	73	39	11
Interval_5288	chr19	42722478	42722887	+	410	6	14	39	18	30	60	37	38
Interval_5289	chr19	42725097	42726266	+	1170	10	10	108	10	92	164	107	24
Interval_5290	chr19	42744138	42745355	+	1218	78	76	41	99	52	74	69	230
Interval_5291	chr19	42752328	42753494	+	1167	70	109	160	161	206	237	247	242
Interval_5292	chr19	42779302	42780342	+	1041	165	140	178	185	162	220	203	514
Interval_5293	chr19	42794991	42795674	+	684	10	15	56	15	60	82	56	33
Interval_5294	chr19	42838338	42838571	+	234	0	1	12	3	13	15	10	2
Interval_5295	chr19	42936815	42937158	+	344	1	2	10	5	11	14	19	4
Interval_5296	chr19	42937354	42937719	+	366	1	2	5	3	16	18	16	2
Interval_5297	chr19	42948124	42948606	+	483	2	1	33	4	27	65	46	6
Interval_5298	chr19	42977859	42978521	+	663	6	6	24	3	45	44	31	12
Interval_5299	chr19	42980778	42981042	+	265	1	1	15	4	12	8	15	2
Interval_5300	chr19	43231403	43231844	+	442	6	1	9	0	20	15	17	6
Interval_5301	chr19	43358469	43359109	+	641	16	12	5	29	6	7	8	57
Interval_5302	chr19	43384656	43384912	+	257	1	0	4	0	8	13	5	1
Interval_5303	chr19	43440182	43441755	+	1574	18	28	77	43	77	93	99	74
Interval_5304	chr19	43452691	43453433	+	743	89	91	13	163	4	9	13	387
Interval_5305	chr19	43463729	43464563	+	835	13	36	23	50	57	37	56	47
Interval_5306	chr19	43493345	43493832	+	488	83	57	15	102	19	16	24	225
Interval_5307	chr19	43494560	43495454	+	895	84	63	26	99	30	37	30	289
Interval_5308	chr19	43495863	43496084	+	222	9	7	10	10	5	13	15	30
Interval_5309	chr19	43513959	43514287	+	329	20	22	8	63	9	17	16	48
Interval_5310	chr19	43524046	43525226	+	1181	571	566	236	1026	299	376	357	1801
Interval_5311	chr19	43530205	43530856	+	652	31	28	38	34	30	53	35	116
Interval_5312	chr19	43546354	43546984	+	631	6	4	19	10	13	30	23	5
Interval_5313	chr19	43571045	43571569	+	525	10	11	16	7	17	34	29	22
Interval_5314	chr19	43612299	43612596	+	298	4	8	12	6	6	18	16	10
Interval_5315	chr19	43614688	43614982	+	295	3	4	12	3	16	24	16	7
Interval_5316	chr19	43616354	43616538	+	185	3	2	19	3	12	12	9	4
Interval_5317	chr19	43629063	43629518	+	456	4	8	29	10	23	48	37	15
Interval_5318	chr19	43630789	43631138	+	350	7	6	16	17	16	18	16	30
Interval_5319	chr19	43660572	43660912	+	341	4	5	4	6	10	6	7	20
Interval_5320	chr19	43662247	43662566	+	320	5	8	23	8	32	19	35	14
Interval_5321	chr19	43667212	43667488	+	277	9	6	16	17	9	7	15	12
Interval_5322	chr19	43674444	43675939	+	1496	1065	1300	410	2072	604	648	696	3673
Interval_5323	chr19	43689259	43690304	+	1046	423	511	214	662	295	333	324	1258
Interval_5324	chr19	43695391	43695871	+	481	7	3	13	12	13	23	31	19
Interval_5325	chr19	43704867	43705145	+	279	2	3	8	4	14	14	18	12
Interval_5326	chr19	43711494	43712215	+	722	12	13	18	30	23	17	21	39
Interval_5327	chr19	43729691	43730119	+	429	2	5	18	7	24	25	21	12
Interval_5328	chr19	43752576	43753639	+	1064	219	246	124	484	125	172	165	868
Interval_5329	chr19	43767660	43768230	+	571	11	24	4	31	28	10	23	24
Interval_5330	chr19	43781941	43782384	+	444	21	30	3	72	16	7	10	56
Interval_5331	chr19	43797209	43797916	+	708	25	33	11	75	8	10	9	51
Interval_5332	chr19	43845349	43845857	+	509	9	7	19	10	26	26	25	15
Interval_5333	chr19	43868733	43869143	+	411	2	9	6	6	4	4	11	9
Interval_5334	chr19	43879387	43880025	+	639	11	10	88	23	89	102	102	23
Interval_5335	chr19	43883063	43883346	+	284	1	6	23	9	22	37	25	5
Interval_5336	chr19	43884830	43885238	+	409	5	11	15	19	13	19	27	26
Interval_5337	chr19	43890459	43890999	+	541	4	13	39	21	68	48	72	17
Interval_5338	chr19	43894231	43894540	+	310	2	13	14	15	11	26	14	4
Interval_5339	chr19	43896500	43896779	+	280	6	1	9	15	5	5	12	17
Interval_5340	chr19	43898575	43898875	+	301	3	3	16	12	9	17	8	14
Interval_5341	chr19	43913120	43913379	+	260	3	7	16	4	15	11	21	8
Interval_5342	chr19	43916805	43917124	+	320	12	9	13	20	3	15	8	15
Interval_5343	chr19	43918839	43919217	+	379	19	42	13	50	10	11	11	31
Interval_5344	chr19	43920553	43921165	+	613	9	8	33	25	32	38	48	32
Interval_5345	chr19	43939586	43940515	+	930	28	47	69	61	66	87	88	94
Interval_5346	chr19	43949120	43949798	+	679	14	16	54	19	31	57	44	26
Interval_5347	chr19	43959148	43959643	+	496	10	13	30	14	23	36	23	28
Interval_5348	chr19	43968434	43968918	+	485	2	4	46	7	55	38	58	8
Interval_5349	chr19	43985993	43986702	+	710	28	45	19	96	35	49	50	88
Interval_5350	chr19	43998967	43999503	+	537	22	30	7	63	6	2	6	38
Interval_5351	chr19	44021509	44022069	+	561	15	27	4	35	7	6	7	48
Interval_5352	chr19	44026955	44027499	+	545	5	8	16	9	32	15	24	14
Interval_5353	chr19	44032195	44032657	+	463	5	3	5	5	14	16	33	7
Interval_5354	chr19	44068974	44070281	+	1308	84	107	135	129	117	173	133	263
Interval_5355	chr19	44076480	44077529	+	1050	8	9	69	11	81	105	73	17
Interval_5356	chr19	44106901	44107978	+	1078	193	192	126	308	141	151	158	550
Interval_5357	chr19	44135327	44136429	+	1103	58	76	55	135	67	95	78	247
Interval_5358	chr19	44237741	44238054	+	314	2	6	10	7	15	14	8	6
Interval_5359	chr19	44247482	44248998	+	1517	391	494	274	787	292	371	338	1056
Interval_5360	chr19	44266608	44267600	+	993	433	570	149	1062	181	211	227	1287
Interval_5361	chr19	44283875	44284985	+	1111	414	517	303	986	338	450	420	1400
Interval_5362	chr19	44292905	44295178	+	2274	327	431	339	790	398	487	404	1201
Interval_5363	chr19	44295708	44295995	+	288	50	62	29	89	37	40	47	107
Interval_5364	chr19	44301250	44302278	+	1029	48	51	33	138	25	32	34	139
Interval_5365	chr19	44311430	44312268	+	839	13	13	50	29	70	93	60	30
Interval_5366	chr19	44314298	44315335	+	1038	73	122	91	239	82	127	134	227
Interval_5367	chr19	44363406	44363974	+	569	14	11	25	21	19	29	24	43
Interval_5368	chr19	44367001	44367246	+	246	5	2	5	5	17	13	14	6
Interval_5369	chr19	44372943	44373393	+	451	22	24	33	19	26	17	22	56
Interval_5370	chr19	44377995	44378593	+	599	11	13	26	24	7	31	29	30
Interval_5371	chr19	44387986	44389333	+	1348	272	404	100	742	128	165	156	946
Interval_5372	chr19	44394069	44395412	+	1344	78	90	11	155	11	12	16	267
Interval_5373	chr19	44396697	44397039	+	343	6	21	6	29	0	4	8	58
Interval_5374	chr19	44407325	44408624	+	1300	139	237	86	328	83	127	125	408
Interval_5375	chr19	44418677	44419176	+	500	13	12	27	16	14	21	37	23
Interval_5376	chr19	44438784	44439018	+	235	1	0	1	2	3	10	3	5
Interval_5377	chr19	44465508	44466142	+	635	5	3	16	5	20	24	14	3
Interval_5378	chr19	44466183	44466437	+	255	2	2	7	2	8	10	18	1
Interval_5379	chr19	44487379	44487810	+	432	7	9	26	11	13	18	29	18
Interval_5380	chr19	44491730	44492263	+	534	5	14	17	16	18	15	28	15
Interval_5381	chr19	44498709	44499153	+	445	2	1	16	5	6	24	12	8
Interval_5382	chr19	44500182	44500668	+	487	3	1	25	3	24	37	26	3
Interval_5383	chr19	44509977	44510285	+	309	4	2	16	0	21	23	27	3
Interval_5384	chr19	44511388	44512086	+	699	9	7	44	12	51	71	50	13
Interval_5385	chr19	44514551	44514994	+	444	3	4	41	7	49	46	33	8
Interval_5386	chr19	44519213	44519478	+	266	4	3	19	5	32	31	41	11
Interval_5387	chr19	44533945	44534347	+	403	6	1	9	5	10	21	19	3
Interval_5388	chr19	44534406	44534643	+	238	3	4	6	4	13	9	11	7
Interval_5389	chr19	44535415	44535734	+	320	6	1	23	6	18	17	16	7
Interval_5390	chr19	44544931	44546134	+	1204	29	33	66	40	58	59	64	88
Interval_5391	chr19	44554721	44555730	+	1010	83	81	97	113	59	107	79	212
Interval_5392	chr19	44562492	44563394	+	903	151	148	106	272	89	113	111	475
Interval_5393	chr19	44571255	44571453	+	199	1	1	14	11	5	1	10	5
Interval_5394	chr19	44582481	44583159	+	679	13	21	64	24	46	77	67	48
Interval_5395	chr19	44631248	44632132	+	885	2	2	69	10	92	80	86	6
Interval_5396	chr19	44632336	44633033	+	698	0	0	51	8	40	53	53	6
Interval_5397	chr19	44640055	44640602	+	548	5	2	52	4	45	49	64	8
Interval_5398	chr19	44640767	44641073	+	307	7	1	23	9	25	38	22	5
Interval_5399	chr19	44642228	44642726	+	499	3	1	52	6	57	67	40	2
Interval_5400	chr19	44655658	44656085	+	428	2	4	40	7	30	39	35	10
Interval_5401	chr19	44659512	44659752	+	241	6	1	12	6	21	6	20	4
Interval_5402	chr19	44669476	44671004	+	1529	10	4	203	14	187	258	175	16
Interval_5403	chr19	44671715	44672509	+	795	8	8	93	14	95	120	106	17
Interval_5404	chr19	44677205	44678052	+	848	6	9	71	10	92	90	73	18
Interval_5405	chr19	44684088	44684393	+	306	3	3	21	9	10	24	21	4
Interval_5406	chr19	44692613	44693049	+	437	2	6	15	5	15	23	20	4
Interval_5407	chr19	44719551	44720519	+	969	4	7	111	6	98	109	104	11
Interval_5408	chr19	44723933	44724474	+	542	0	5	44	9	60	56	52	12
Interval_5409	chr19	44725927	44726895	+	969	4	8	53	20	49	93	64	9
Interval_5410	chr19	44734467	44735237	+	771	2	3	36	3	42	43	37	10
Interval_5411	chr19	44740198	44740846	+	649	8	5	48	6	48	73	43	8
Interval_5412	chr19	44741175	44742552	+	1378	8	11	111	19	125	153	150	16
Interval_5413	chr19	44742810	44743203	+	394	3	2	30	6	42	36	49	3
Interval_5414	chr19	44746511	44746960	+	450	3	5	59	5	57	70	53	11
Interval_5415	chr19	44750443	44751171	+	729	19	39	75	43	114	131	116	59
Interval_5416	chr19	44753231	44753829	+	599	2	7	98	6	93	133	113	8
Interval_5417	chr19	44755903	44757212	+	1310	15	9	262	21	232	331	242	38
Interval_5418	chr19	44771538	44771815	+	278	6	12	17	24	11	8	14	13
Interval_5419	chr19	44776007	44776267	+	261	3	1	13	2	7	15	12	5
Interval_5420	chr19	44800306	44800758	+	453	1	0	24	6	21	49	47	7
Interval_5421	chr19	44812704	44813535	+	832	2	6	32	8	36	50	38	19
Interval_5422	chr19	44825972	44826212	+	241	3	1	14	5	13	18	21	7
Interval_5423	chr19	44834237	44835289	+	1053	6	5	156	13	194	209	193	10
Interval_5424	chr19	44836098	44836847	+	750	9	8	67	13	76	88	64	13
Interval_5425	chr19	44849576	44849887	+	312	6	4	15	5	19	36	29	9
Interval_5426	chr19	44882617	44882990	+	374	2	0	20	5	20	35	30	8
Interval_5427	chr19	44892805	44893830	+	1026	9	6	138	14	125	179	153	17
Interval_5428	chr19	44899318	44899721	+	404	5	11	12	17	14	12	17	34
Interval_5429	chr19	44900431	44900670	+	240	5	9	11	5	15	17	28	19
Interval_5430	chr19	44902106	44902634	+	529	7	10	45	12	38	75	56	9
Interval_5431	chr19	44903509	44903866	+	358	1	2	32	5	39	71	46	7
Interval_5432	chr19	44907976	44908458	+	483	2	2	35	11	33	43	44	7
Interval_5433	chr19	44914789	44915446	+	658	3	7	32	12	21	34	29	7
Interval_5434	chr19	44930529	44931753	+	1225	282	423	264	657	272	304	304	1158
Interval_5435	chr19	44988672	44989721	+	1050	21	52	84	102	77	116	94	83
Interval_5436	chr19	44989930	44991456	+	1527	23	67	98	107	90	83	94	136
Interval_5437	chr19	45002446	45002726	+	281	14	15	9	10	12	8	15	18
Interval_5438	chr19	45113595	45114456	+	862	21	25	49	54	45	51	46	50
Interval_5439	chr19	45143296	45143519	+	224	0	1	4	1	9	4	16	5
Interval_5440	chr19	45176278	45176872	+	595	10	5	21	19	19	22	15	45
Interval_5441	chr19	45176944	45177849	+	906	8	6	46	13	32	41	28	21
Interval_5442	chr19	45207833	45208994	+	1162	12	15	74	32	77	54	67	40
Interval_5443	chr19	45220694	45221705	+	1012	12	18	68	16	46	66	48	53
Interval_5444	chr19	45236124	45236913	+	790	3	7	59	22	40	45	45	30
Interval_5445	chr19	45257450	45257830	+	381	2	4	15	4	17	32	16	4
Interval_5446	chr19	45277136	45277319	+	184	0	1	11	1	3	2	7	6
Interval_5447	chr19	45283226	45283524	+	299	5	1	10	7	13	15	7	1
Interval_5448	chr19	45293637	45294034	+	398	5	3	27	10	17	24	20	7
Interval_5449	chr19	45294962	45295395	+	434	5	4	19	6	28	34	15	7
Interval_5450	chr19	45300916	45301496	+	581	6	6	44	13	35	60	37	16
Interval_5451	chr19	45301926	45302642	+	717	5	13	45	7	38	64	50	12
Interval_5452	chr19	45304566	45304824	+	259	3	3	33	7	18	26	26	7
Interval_5453	chr19	45310710	45311421	+	712	6	11	69	16	41	63	58	35
Interval_5454	chr19	45312871	45313333	+	463	2	11	32	5	49	67	48	8
Interval_5455	chr19	45317471	45317878	+	408	0	6	29	10	28	43	36	10
Interval_5456	chr19	45322733	45323182	+	450	12	13	4	39	5	5	11	26
Interval_5457	chr19	45363318	45364358	+	1041	434	526	278	870	317	424	416	1337
Interval_5458	chr19	45422104	45422368	+	265	1	6	5	9	7	12	8	5
Interval_5459	chr19	45435811	45436327	+	517	19	21	11	40	6	18	18	70
Interval_5460	chr19	45445131	45445818	+	688	141	149	7	255	18	12	29	451
Interval_5461	chr19	45460903	45461271	+	369	4	4	12	15	10	16	9	12
Interval_5462	chr19	45475919	45476263	+	345	4	3	8	3	9	19	9	7
Interval_5463	chr19	45486787	45487141	+	355	7	12	7	11	8	5	8	26
Interval_5464	chr19	45496836	45497167	+	332	2	11	5	1	3	8	4	12
Interval_5465	chr19	45510720	45511059	+	340	9	10	1	15	4	6	4	42
Interval_5466	chr19	45527513	45527870	+	358	10	7	6	23	8	8	6	41
Interval_5467	chr19	45537738	45538064	+	327	10	15	26	16	12	15	11	48
Interval_5468	chr19	45538699	45539042	+	344	15	18	7	19	11	15	15	47
Interval_5469	chr19	45541482	45541927	+	446	23	18	40	32	29	52	34	71
Interval_5470	chr19	45544766	45545255	+	490	21	24	56	34	38	78	65	85
Interval_5471	chr19	45548107	45548829	+	723	209	199	98	346	84	114	119	500
Interval_5472	chr19	45552322	45552766	+	445	7	10	59	9	37	56	45	28
Interval_5473	chr19	45560048	45560994	+	947	31	34	87	54	69	108	91	115
Interval_5474	chr19	45573103	45574361	+	1259	45	36	50	72	51	61	59	193
Interval_5475	chr19	45575371	45575824	+	454	19	9	26	28	20	18	37	53
Interval_5476	chr19	45581336	45581610	+	275	6	8	7	12	13	16	11	33
Interval_5477	chr19	45596772	45597025	+	254	1	0	6	1	9	9	18	6
Interval_5478	chr19	45602521	45603078	+	558	52	34	15	68	9	10	13	202
Interval_5479	chr19	45615295	45616125	+	831	24	15	31	27	35	52	45	59
Interval_5480	chr19	45620910	45621634	+	725	2	3	48	8	61	72	55	13
Interval_5481	chr19	45622096	45622811	+	716	3	4	62	8	60	77	73	7
Interval_5482	chr19	45628475	45629077	+	603	3	2	26	5	23	49	35	3
Interval_5483	chr19	45631572	45631843	+	272	32	17	5	40	4	9	6	89
Interval_5484	chr19	45675407	45676619	+	1213	23	30	27	34	18	15	31	105
Interval_5485	chr19	45676896	45677263	+	368	6	0	11	10	14	17	11	13
Interval_5486	chr19	45691069	45691532	+	464	1	0	19	3	17	24	23	9
Interval_5487	chr19	45695545	45695961	+	417	4	4	19	6	14	14	25	6
Interval_5488	chr19	45716231	45716681	+	451	4	1	19	6	18	33	18	7
Interval_5489	chr19	45717578	45718306	+	729	5	5	35	3	28	44	34	8
Interval_5490	chr19	45725732	45726378	+	647	3	1	51	2	47	57	42	8
Interval_5491	chr19	45727129	45727388	+	260	1	1	15	2	13	13	9	6
Interval_5492	chr19	45734659	45735587	+	929	2	7	32	5	66	50	59	12
Interval_5493	chr19	45736988	45737191	+	204	5	8	26	9	19	27	21	26
Interval_5494	chr19	45737352	45737740	+	389	6	4	32	13	34	34	35	21
Interval_5495	chr19	45746316	45746583	+	268	12	15	21	20	18	30	20	42
Interval_5496	chr19	45748397	45749837	+	1441	64	81	133	137	136	130	130	226
Interval_5497	chr19	45782635	45784348	+	1714	574	665	323	1223	366	515	439	1977
Interval_5498	chr19	45789359	45789700	+	342	4	5	31	6	35	40	33	12
Interval_5499	chr19	45790394	45791192	+	799	82	106	38	175	30	40	34	296
Interval_5500	chr19	45796161	45796554	+	394	10	16	26	16	31	32	26	29
Interval_5501	chr19	45802416	45803688	+	1273	79	95	36	156	28	30	29	263
Interval_5502	chr19	45804946	45805381	+	436	14	28	37	36	20	20	16	73
Interval_5503	chr19	45812096	45812749	+	654	20	9	43	29	43	46	40	38
Interval_5504	chr19	45815703	45816419	+	717	11	20	69	19	69	88	68	27
Interval_5505	chr19	45816746	45816998	+	253	3	2	16	4	32	30	33	4
Interval_5506	chr19	45896759	45897080	+	322	4	1	10	3	12	10	17	5
Interval_5507	chr19	45997910	45998832	+	923	146	195	156	273	190	218	184	489
Interval_5508	chr19	46003285	46004106	+	822	99	111	96	160	105	131	116	231
Interval_5509	chr19	46014492	46015004	+	513	15	20	38	27	16	34	34	37
Interval_5510	chr19	46031900	46032324	+	425	21	33	20	73	23	15	19	61
Interval_5511	chr19	46037080	46038023	+	944	138	151	46	273	50	63	56	523
Interval_5512	chr19	46038784	46040177	+	1394	194	275	195	405	203	265	221	663
Interval_5513	chr19	46041956	46042525	+	570	42	66	88	91	103	122	119	172
Interval_5514	chr19	46044718	46046320	+	1603	123	160	305	284	286	423	316	428
Interval_5515	chr19	46055956	46057577	+	1622	268	355	237	552	270	400	302	921
Interval_5516	chr19	46074164	46074523	+	360	36	29	16	46	17	16	14	142
Interval_5517	chr19	46075440	46076426	+	987	198	196	198	362	184	237	184	778
Interval_5518	chr19	46119367	46119843	+	477	20	9	7	36	5	4	5	86
Interval_5519	chr19	46135402	46136672	+	1271	42	43	89	60	84	112	105	103
Interval_5520	chr19	46136947	46137825	+	879	49	48	47	73	40	43	55	114
Interval_5521	chr19	46141105	46141482	+	378	9	3	19	13	22	23	40	8
Interval_5522	chr19	46148192	46148720	+	529	35	46	86	79	93	118	107	175
Interval_5523	chr19	46152013	46152823	+	811	339	367	184	633	232	293	261	981
Interval_5524	chr19	46194958	46195231	+	274	11	4	5	10	6	8	6	11
Interval_5525	chr19	46242513	46242790	+	278	10	4	1	14	3	2	4	27
Interval_5526	chr19	46304234	46306121	+	1888	302	371	272	522	299	339	348	1036
Interval_5527	chr19	46309012	46309232	+	221	25	19	47	35	31	37	35	87
Interval_5528	chr19	46314215	46316036	+	1822	368	448	50	705	60	62	86	1445
Interval_5529	chr19	46317977	46318197	+	221	2	9	8	10	16	14	26	20
Interval_5530	chr19	46327868	46329377	+	1510	265	328	196	518	221	242	271	886
Interval_5531	chr19	46337999	46339246	+	1248	115	144	143	217	120	179	144	475
Interval_5532	chr19	46348298	46349687	+	1390	43	74	114	103	105	137	110	142
Interval_5533	chr19	46356588	46357322	+	735	47	69	40	83	47	43	61	150
Interval_5534	chr19	46357952	46358554	+	603	17	36	20	37	23	22	17	64
Interval_5535	chr19	46369167	46369451	+	285	3	6	15	12	13	29	21	22
Interval_5536	chr19	46374403	46375006	+	604	24	16	37	40	36	32	37	55
Interval_5537	chr19	46394960	46395918	+	959	397	552	225	875	285	307	365	1505
Interval_5538	chr19	46396664	46397421	+	758	216	249	225	440	239	325	285	811
Interval_5539	chr19	46406615	46407304	+	690	8	18	10	24	93	50	98	26
Interval_5540	chr19	46422520	46422844	+	325	6	6	8	7	16	26	17	9
Interval_5541	chr19	46443977	46444545	+	569	17	21	41	26	36	39	40	46
Interval_5542	chr19	46447945	46448206	+	262	3	3	24	7	27	37	24	6
Interval_5543	chr19	46454266	46455704	+	1439	152	186	94	268	101	135	128	430
Interval_5544	chr19	46462629	46463002	+	374	9	17	32	25	22	38	24	26
Interval_5545	chr19	46471119	46471398	+	280	14	11	12	15	20	20	23	39
Interval_5546	chr19	46471451	46472177	+	727	19	10	71	20	85	106	87	29
Interval_5547	chr19	46478688	46479506	+	819	33	19	86	37	52	81	76	59
Interval_5548	chr19	46483723	46483923	+	201	7	7	28	11	20	20	21	15
Interval_5549	chr19	46490684	46490925	+	242	3	10	29	9	13	18	12	10
Interval_5550	chr19	46499758	46500517	+	760	165	195	246	416	231	354	269	745
Interval_5551	chr19	46501214	46502319	+	1106	115	183	162	295	164	200	213	508
Interval_5552	chr19	46502572	46503165	+	594	103	162	51	289	68	107	80	397
Interval_5553	chr19	46503491	46504272	+	782	294	333	116	567	125	140	198	1056
Interval_5554	chr19	46518133	46519078	+	946	22	20	139	38	115	177	125	71
Interval_5555	chr19	46523596	46524296	+	701	15	24	107	29	110	136	139	49
Interval_5556	chr19	46524477	46524993	+	517	18	28	59	34	66	67	82	55
Interval_5557	chr19	46528547	46529173	+	627	41	52	91	59	129	113	145	132
Interval_5558	chr19	46532067	46532496	+	430	26	23	52	32	67	71	49	92
Interval_5559	chr19	46533087	46533430	+	344	6	11	59	12	48	67	49	14
Interval_5560	chr19	46542919	46543227	+	309	8	7	6	23	1	4	4	13
Interval_5561	chr19	46553467	46554101	+	635	70	46	11	93	15	9	11	202
Interval_5562	chr19	46562123	46562607	+	485	17	16	14	26	15	14	16	32
Interval_5563	chr19	46572601	46573835	+	1235	321	368	250	667	305	405	379	1219
Interval_5564	chr19	46587123	46587473	+	351	10	7	8	9	21	5	11	9
Interval_5565	chr19	46587687	46588384	+	698	13	15	35	33	17	36	43	26
Interval_5566	chr19	46598590	46599707	+	1118	265	315	204	571	279	362	362	922
Interval_5567	chr19	46607423	46607759	+	337	6	12	10	24	11	10	10	21
Interval_5568	chr19	46623047	46624635	+	1589	28	56	184	109	173	217	199	80
Interval_5569	chr19	46635944	46636482	+	539	17	6	17	30	18	17	12	46
Interval_5570	chr19	46638995	46639280	+	286	11	10	10	10	8	8	8	21
Interval_5571	chr19	46641789	46642303	+	515	8	7	27	28	36	39	38	21
Interval_5572	chr19	46644693	46645513	+	821	14	24	50	36	47	67	53	41
Interval_5573	chr19	46658103	46658632	+	530	16	19	12	29	14	18	19	39
Interval_5574	chr19	46662272	46662578	+	307	9	17	17	30	7	3	10	21
Interval_5575	chr19	46667995	46668809	+	815	36	73	14	130	11	13	17	92
Interval_5576	chr19	46689562	46690652	+	1091	62	71	78	109	90	110	96	233
Interval_5577	chr19	46699046	46699355	+	310	2	6	15	7	5	13	16	5
Interval_5578	chr19	46707262	46708072	+	811	26	25	37	50	51	57	47	51
Interval_5579	chr19	46727189	46728525	+	1337	44	55	33	104	44	51	44	186
Interval_5580	chr19	46760870	46762134	+	1265	605	826	413	1450	476	548	533	2446
Interval_5581	chr19	46779118	46779798	+	681	14	23	12	43	12	12	14	49
Interval_5582	chr19	46784210	46785441	+	1232	30	25	31	35	49	23	29	50
Interval_5583	chr19	46806066	46806380	+	315	5	6	3	20	3	6	10	16
Interval_5584	chr19	46849051	46849975	+	925	317	424	15	745	48	29	66	1126
Interval_5585	chr19	46857573	46858004	+	432	23	18	17	37	9	29	19	50
Interval_5586	chr19	46863345	46863834	+	490	24	25	10	29	14	15	9	65
Interval_5587	chr19	46865027	46865669	+	643	26	35	21	37	12	18	20	106
Interval_5588	chr19	46869150	46869947	+	798	29	13	47	42	34	37	40	80
Interval_5589	chr19	46875817	46876355	+	539	39	23	34	47	24	44	21	63
Interval_5590	chr19	46888060	46888791	+	732	17	11	7	22	11	7	13	59
Interval_5591	chr19	46900616	46901333	+	718	67	94	13	140	8	7	22	215
Interval_5592	chr19	46905082	46906113	+	1032	73	114	4	175	16	3	18	314
Interval_5593	chr19	46909097	46909349	+	253	3	5	9	6	12	18	17	5
Interval_5594	chr19	46912270	46912653	+	384	10	7	8	13	4	5	6	25
Interval_5595	chr19	46915696	46916007	+	312	4	6	6	7	17	7	10	21
Interval_5596	chr19	46926221	46926676	+	456	17	19	17	35	15	23	13	60
Interval_5597	chr19	46929221	46929515	+	295	1	6	12	6	7	27	14	7
Interval_5598	chr19	46932944	46933396	+	453	3	5	6	5	6	7	3	27
Interval_5599	chr19	46956518	46956787	+	270	10	10	8	30	3	4	6	35
Interval_5600	chr19	46956827	46957347	+	521	26	56	5	64	10	9	11	122
Interval_5601	chr19	46961521	46963015	+	1495	233	301	207	490	253	311	276	902
Interval_5602	chr19	46983360	46984418	+	1059	79	100	29	180	44	39	43	280
Interval_5603	chr19	46988194	46989308	+	1115	174	199	128	298	183	169	213	670
Interval_5604	chr19	46998702	46999223	+	522	13	10	12	16	11	4	10	65
Interval_5605	chr19	46999540	47000179	+	640	34	29	8	58	8	8	3	97
Interval_5606	chr19	47014406	47015733	+	1328	23	32	78	31	46	91	86	50
Interval_5607	chr19	47050031	47051134	+	1104	69	86	117	138	140	152	141	258
Interval_5608	chr19	47067441	47068932	+	1492	224	245	141	367	162	225	194	708
Interval_5609	chr19	47090055	47091176	+	1122	144	172	103	254	118	170	159	415
Interval_5610	chr19	47137089	47138616	+	1528	23	44	74	64	86	87	106	96
Interval_5611	chr19	47168877	47169445	+	569	8	8	30	18	22	29	35	27
Interval_5612	chr19	47178213	47179700	+	1488	13	21	79	46	86	115	112	57
Interval_5613	chr19	47202347	47202743	+	397	6	1	18	12	11	30	26	13
Interval_5614	chr19	47222320	47222788	+	469	6	4	24	16	21	41	16	14
Interval_5615	chr19	47228478	47229555	+	1078	10	23	106	43	104	165	134	29
Interval_5616	chr19	47239995	47240730	+	736	11	11	48	24	52	63	67	27
Interval_5617	chr19	47247941	47248526	+	586	13	18	18	28	26	35	38	30
Interval_5618	chr19	47259501	47260015	+	515	12	16	31	20	39	47	42	24
Interval_5619	chr19	47264521	47264860	+	340	7	6	26	13	24	30	28	21
Interval_5620	chr19	47291278	47291618	+	341	3	6	24	15	40	41	67	13
Interval_5621	chr19	47292578	47292930	+	353	1	2	13	10	17	32	35	6
Interval_5622	chr19	47301589	47303054	+	1466	14	20	113	22	164	192	208	30
Interval_5623	chr19	47311168	47311535	+	368	16	29	11	68	12	15	9	39
Interval_5624	chr19	47313814	47315092	+	1279	24	41	142	53	175	202	192	53
Interval_5625	chr19	47320133	47320568	+	436	15	22	30	27	27	48	41	22
Interval_5626	chr19	47327923	47329097	+	1175	16	28	163	26	110	181	168	27
Interval_5627	chr19	47330684	47331423	+	740	14	32	67	47	83	111	106	66
Interval_5628	chr19	47337766	47338544	+	779	7	16	38	17	40	61	68	24
Interval_5629	chr19	47348766	47349050	+	285	1	5	21	13	17	8	30	12
Interval_5630	chr19	47356344	47357109	+	766	32	22	52	39	41	56	58	90
Interval_5631	chr19	47359005	47359402	+	398	15	10	20	15	19	30	31	50
Interval_5632	chr19	47378855	47379716	+	862	207	198	22	356	26	28	57	568
Interval_5633	chr19	47383977	47385285	+	1309	152	233	35	360	34	21	49	575
Interval_5634	chr19	47387468	47388289	+	822	14	9	110	15	99	120	110	27
Interval_5635	chr19	47395377	47395735	+	359	15	17	10	42	8	15	10	26
Interval_5636	chr19	47397834	47398684	+	851	10	12	51	17	42	85	51	34
Interval_5637	chr19	47402562	47403711	+	1150	549	558	51	913	82	72	82	1622
Interval_5638	chr19	47415557	47415830	+	274	7	7	15	5	15	11	5	14
Interval_5639	chr19	47420525	47421555	+	1031	14	15	24	25	27	30	55	46
Interval_5640	chr19	47427827	47429069	+	1243	55	60	74	80	80	96	96	154
Interval_5641	chr19	47431304	47432197	+	894	266	234	24	443	39	23	41	744
Interval_5642	chr19	47438569	47438818	+	250	7	8	21	10	24	29	32	9
Interval_5643	chr19	47448560	47448958	+	399	15	15	12	25	9	14	20	48
Interval_5644	chr19	47451664	47452197	+	534	17	22	35	25	52	52	47	32
Interval_5645	chr19	47457915	47458435	+	521	30	39	16	72	29	23	26	59
Interval_5646	chr19	47463362	47463751	+	390	7	15	35	14	34	42	40	20
Interval_5647	chr19	47463784	47465155	+	1372	102	153	190	259	204	242	246	335
Interval_5648	chr19	47471831	47472268	+	438	17	22	3	23	11	5	9	76
Interval_5649	chr19	47472894	47473134	+	241	6	7	16	10	9	23	18	15
Interval_5650	chr19	47485896	47486366	+	471	6	2	22	5	16	29	25	10
Interval_5651	chr19	47492086	47492318	+	233	4	1	1	3	7	11	10	7
Interval_5652	chr19	47510280	47511238	+	959	49	52	38	82	64	57	70	113
Interval_5653	chr19	47518368	47519604	+	1237	98	102	22	133	26	20	26	301
Interval_5654	chr19	47531323	47531974	+	652	51	49	10	87	17	8	20	137
Interval_5655	chr19	47536648	47537750	+	1103	106	131	169	227	174	228	183	420
Interval_5656	chr19	47560594	47561211	+	618	32	31	8	45	7	9	12	97
Interval_5657	chr19	47564305	47564527	+	223	6	1	9	8	13	18	8	9
Interval_5658	chr19	47578691	47580504	+	1814	253	378	187	541	227	257	271	983
Interval_5659	chr19	47659030	47659677	+	648	11	11	29	10	38	62	34	9
Interval_5660	chr19	47705399	47705692	+	294	6	2	18	3	13	10	11	11
Interval_5661	chr19	47730731	47732186	+	1456	475	587	401	1005	515	644	616	1855
Interval_5662	chr19	47794765	47795156	+	392	4	3	9	3	18	13	15	6
Interval_5663	chr19	47822336	47822672	+	337	3	3	10	4	11	23	14	6
Interval_5664	chr19	47836964	47837760	+	797	16	7	60	22	53	80	74	50
Interval_5665	chr19	47854400	47855733	+	1334	78	87	149	132	162	184	172	220
Interval_5666	chr19	47865276	47866105	+	830	210	212	138	312	217	300	237	495
Interval_5667	chr19	47882538	47883188	+	651	19	10	35	24	40	56	51	51
Interval_5668	chr19	47890575	47890972	+	398	14	8	22	11	41	40	52	20
Interval_5669	chr19	47891774	47892362	+	589	4	5	31	11	39	46	65	17
Interval_5670	chr19	47898353	47898990	+	638	75	70	16	112	28	21	17	297
Interval_5671	chr19	47903029	47903302	+	274	7	5	15	6	15	21	24	19
Interval_5672	chr19	47909050	47910664	+	1615	41	43	102	69	100	120	116	84
Interval_5673	chr19	47918563	47920118	+	1556	91	100	129	126	190	220	216	371
Interval_5674	chr19	47931923	47932499	+	577	6	12	34	12	32	52	32	19
Interval_5675	chr19	47934438	47935001	+	564	7	14	16	19	25	22	31	31
Interval_5676	chr19	47937207	47938360	+	1154	9	16	58	20	85	96	79	44
Interval_5677	chr19	47946974	47947319	+	346	3	0	10	4	24	17	25	7
Interval_5678	chr19	47997698	47998027	+	330	2	2	12	4	15	21	13	5
Interval_5679	chr19	48008817	48009732	+	916	6	4	36	14	53	53	60	8
Interval_5680	chr19	48019960	48020552	+	593	0	2	30	8	19	36	29	4
Interval_5681	chr19	48049547	48050116	+	570	1	3	10	2	21	38	25	7
Interval_5682	chr19	48058527	48058851	+	325	5	2	17	7	15	25	8	9
Interval_5683	chr19	48205473	48206156	+	684	5	4	36	6	42	44	51	9
Interval_5684	chr19	48206203	48206794	+	592	7	3	28	15	37	52	41	8
Interval_5685	chr19	48285769	48286138	+	370	2	1	11	5	20	22	18	3
Interval_5686	chr19	48337465	48337802	+	338	1	1	17	2	40	48	41	4
Interval_5687	chr19	48371804	48372524	+	721	10	2	9	11	32	47	52	15
Interval_5688	chr19	48378264	48378622	+	359	4	1	17	2	20	21	33	4
Interval_5689	chr19	48408012	48408679	+	668	2	5	8	6	41	25	64	7
Interval_5690	chr19	48504125	48504372	+	248	0	0	4	1	3	5	13	3
Interval_5691	chr19	48524728	48524972	+	245	1	2	8	2	7	14	19	5
Interval_5692	chr19	48559361	48559652	+	292	5	3	4	3	15	8	8	5
Interval_5693	chr19	48603779	48604148	+	370	1	1	4	2	21	8	8	7
Interval_5694	chr19	48617004	48617223	+	220	1	1	2	7	7	16	4	5
Interval_5695	chr19	48630294	48630751	+	458	4	3	11	6	24	19	31	12
Interval_5696	chr19	48686162	48686821	+	660	4	1	24	7	44	28	30	8
Interval_5697	chr19	48703932	48704487	+	556	12	22	8	12	16	19	14	17
Interval_5698	chr19	48706272	48706802	+	531	7	3	21	8	48	44	38	13
Interval_5699	chr19	48737523	48737824	+	302	1	2	7	1	16	7	27	3
Interval_5700	chr19	48756994	48757244	+	251	0	0	2	4	16	1	15	0
Interval_5701	chr19	48779094	48779714	+	621	3	3	15	3	23	29	26	11
Interval_5702	chr19	48820788	48821561	+	774	1	3	51	9	75	95	81	9
Interval_5703	chr19	48881574	48882280	+	707	7	1	19	6	34	35	40	8
Interval_5704	chr19	49019486	49020109	+	624	3	3	9	9	16	30	22	7
Interval_5705	chr19	49115604	49116026	+	423	3	2	13	0	15	22	16	12
Interval_5706	chr19	49131626	49131845	+	220	1	0	6	1	8	12	13	4
Interval_5707	chr19	49171704	49172433	+	730	5	2	37	5	28	48	36	4
Interval_5708	chr19	49207925	49208347	+	423	2	1	14	2	27	38	12	2
Interval_5709	chr19	49301388	49302290	+	903	4	6	12	8	23	29	48	17
Interval_5710	chr19	49314238	49314635	+	398	3	2	8	7	36	18	32	6
Interval_5711	chr19	49375802	49376140	+	339	3	2	14	2	22	15	15	3
Interval_5712	chr19	49686005	49686237	+	233	3	4	2	4	7	6	19	12
Interval_5713	chr19	49771921	49772137	+	217	0	1	13	4	6	5	8	6
Interval_5714	chr19	49783057	49783294	+	238	2	0	9	1	11	11	6	3
Interval_5715	chr19	49830767	49831404	+	638	8	2	24	6	32	45	46	7
Interval_5716	chr19	49837542	49838093	+	552	0	1	2	2	25	30	28	4
Interval_5717	chr19	49958176	49958836	+	661	2	6	25	5	38	41	33	10
Interval_5718	chr19	50024737	50025435	+	699	5	7	13	10	23	24	36	12
Interval_5719	chr19	50026550	50026931	+	382	2	2	9	4	13	21	8	1
Interval_5720	chr19	50026932	50027151	+	220	0	3	13	5	8	10	4	2
Interval_5721	chr19	50185158	50186708	+	1551	2	9	43	11	64	71	54	20
Interval_5722	chr19	50258949	50259270	+	322	2	5	8	9	14	20	11	9
Interval_5723	chr19	50360621	50360930	+	310	3	2	10	5	11	10	18	2
Interval_5724	chr19	50419158	50419790	+	633	4	1	13	4	26	46	24	5
Interval_5725	chr19	50439693	50440420	+	728	5	4	18	4	27	23	39	10
Interval_5726	chr19	50441370	50441885	+	516	9	3	15	4	28	23	14	5
Interval_5727	chr19	50490700	50491210	+	511	1	2	8	2	12	29	12	5
Interval_5728	chr19	50504217	50504592	+	376	1	2	4	4	25	12	6	6
Interval_5729	chr19	50534066	50534778	+	713	6	2	22	10	37	32	36	6
Interval_5730	chr19	50582781	50583215	+	435	0	2	10	4	26	15	25	4
Interval_5731	chr19	50603831	50604138	+	308	6	4	7	6	5	10	24	8
Interval_5732	chr19	50611637	50612194	+	558	0	2	17	2	24	28	35	6
Interval_5733	chr19	50614102	50614548	+	447	4	3	4	7	26	22	31	14
Interval_5734	chr19	50622093	50622365	+	273	1	2	7	2	19	15	18	4
Interval_5735	chr19	50677899	50679201	+	1303	17	13	108	40	186	216	213	40
Interval_5736	chr19	51059890	51060513	+	624	0	2	11	4	15	30	15	5
Interval_5737	chr19	51237458	51238388	+	931	3	3	44	2	80	88	67	11
Interval_5738	chr19	51329842	51330671	+	830	7	3	18	4	43	39	38	5
Interval_5739	chr19	51332794	51333095	+	302	1	0	11	1	14	25	24	4
Interval_5740	chr19	51348447	51348747	+	301	1	2	13	3	8	13	19	6
Interval_5741	chr19	51755712	51755903	+	192	0	1	11	1	5	1	7	3
Interval_5742	chr19	51773970	51774592	+	623	7	8	22	12	59	52	56	8
Interval_5743	chr19	51860392	51861046	+	655	2	0	21	1	36	67	47	4
Interval_5744	chr19	51869813	51870418	+	606	4	1	12	1	25	29	35	5
Interval_5745	chr19	52070833	52071225	+	393	3	1	17	6	15	20	10	2
Interval_5746	chr19	52078238	52078852	+	615	2	5	20	2	23	11	22	6
Interval_5747	chr19	52534803	52535031	+	229	1	4	5	1	15	12	17	6
Interval_5748	chr19	52621957	52622535	+	579	1	0	8	4	32	16	18	2
Interval_5749	chr19	52623731	52624086	+	356	5	4	13	6	8	12	24	3
Interval_5750	chr19	52637150	52637443	+	294	2	1	9	1	15	10	9	2
Interval_5751	chr19	52731761	52732105	+	345	2	0	9	7	10	11	19	3
Interval_5752	chr19	52771288	52771650	+	363	3	2	17	8	10	11	9	7
Interval_5753	chr19	52853444	52853727	+	284	2	2	6	4	15	8	3	11
Interval_5754	chr19	52992643	52993459	+	817	16	15	40	25	40	44	31	42
Interval_5755	chr19	53002028	53002791	+	764	91	80	14	112	21	22	28	260
Interval_5756	chr19	53003341	53004218	+	878	120	117	26	170	37	20	34	408
Interval_5757	chr19	53008305	53008795	+	491	12	13	21	19	37	27	25	25
Interval_5758	chr19	53015118	53015565	+	448	8	8	22	9	37	43	28	17
Interval_5759	chr19	53020136	53020513	+	378	13	10	13	26	20	14	14	40
Interval_5760	chr19	53021498	53021762	+	265	3	1	12	7	9	22	10	7
Interval_5761	chr19	53032116	53033481	+	1366	168	199	24	325	37	39	59	571
Interval_5762	chr19	53037857	53039339	+	1483	403	424	263	713	440	473	472	1440
Interval_5763	chr19	53051345	53051860	+	516	10	6	37	16	23	28	36	14
Interval_5764	chr19	53052169	53053030	+	862	23	22	61	29	56	75	46	63
Interval_5765	chr19	53058833	53059647	+	815	243	300	24	536	37	37	54	716
Interval_5766	chr19	53066342	53067349	+	1008	6	11	82	9	91	143	102	29
Interval_5767	chr19	53080982	53081297	+	316	3	4	21	7	42	32	27	11
Interval_5768	chr19	53084807	53085330	+	524	8	11	43	20	58	82	69	26
Interval_5769	chr19	53087027	53087859	+	833	23	38	48	49	58	67	86	70
Interval_5770	chr19	53093336	53093747	+	412	25	24	11	42	9	11	10	82
Interval_5771	chr19	53101853	53102123	+	271	6	6	8	7	15	20	15	10
Interval_5772	chr19	53103038	53103620	+	583	9	19	5	21	12	6	10	21
Interval_5773	chr19	53105718	53106233	+	516	12	15	41	29	36	35	37	28
Interval_5774	chr19	53122971	53123454	+	484	8	2	15	8	19	15	26	10
Interval_5775	chr19	53127900	53128129	+	230	3	6	6	5	15	14	21	7
Interval_5776	chr19	53128683	53129000	+	318	7	16	6	13	9	9	18	20
Interval_5777	chr19	53130471	53130895	+	425	8	4	19	9	21	25	44	17
Interval_5778	chr19	53141529	53143230	+	1702	584	605	507	1079	717	798	731	2008
Interval_5779	chr19	53180963	53181945	+	983	15	15	50	28	61	53	66	54
Interval_5780	chr19	53184853	53186104	+	1252	162	230	34	370	43	31	52	659
Interval_5781	chr19	53186583	53187070	+	488	4	8	12	23	28	20	15	38
Interval_5782	chr19	53193977	53194706	+	730	51	56	9	105	8	8	23	195
Interval_5783	chr19	53198933	53199451	+	519	22	15	2	33	10	14	21	54
Interval_5784	chr19	53247418	53248362	+	945	61	83	25	115	35	42	30	217
Interval_5785	chr19	53256621	53258463	+	1843	720	1027	63	1735	86	40	106	2421
Interval_5786	chr19	53261323	53261640	+	318	6	9	9	13	10	21	7	21
Interval_5787	chr19	53265077	53265532	+	456	5	11	21	14	19	26	26	20
Interval_5788	chr19	53275185	53275807	+	623	15	23	24	36	37	32	44	42
Interval_5789	chr19	53284260	53285147	+	888	16	26	17	39	24	29	31	57
Interval_5790	chr19	53310352	53311131	+	780	167	198	127	248	156	170	157	524
Interval_5791	chr19	53311664	53314740	+	3077	476	542	402	790	472	590	516	1641
Interval_5792	chr19	53320214	53320516	+	303	12	26	8	38	16	7	16	51
Interval_5793	chr19	53321518	53321850	+	333	5	7	23	9	26	28	22	19
Interval_5794	chr19	53325494	53326261	+	768	237	210	40	449	61	60	75	765
Interval_5795	chr19	53329096	53330755	+	1660	355	441	294	733	439	446	476	1315
Interval_5796	chr19	53340176	53340575	+	400	9	6	13	13	17	29	27	20
Interval_5797	chr19	53347943	53348240	+	298	1	7	21	6	13	17	14	15
Interval_5798	chr19	53363126	53363434	+	309	12	9	9	15	5	11	16	32
Interval_5799	chr19	53369249	53369957	+	709	20	15	30	35	59	60	35	37
Interval_5800	chr19	53375173	53375551	+	379	9	6	6	6	29	11	18	11
Interval_5801	chr19	53389892	53391147	+	1256	541	626	310	1086	370	482	396	2052
Interval_5802	chr19	53412023	53412719	+	697	4	3	42	8	73	76	66	8
Interval_5803	chr19	53413793	53414348	+	556	6	9	33	14	84	40	61	27
Interval_5804	chr19	53414542	53414970	+	429	17	23	12	36	24	16	13	88
Interval_5805	chr19	53420896	53421879	+	984	82	58	137	104	207	218	187	206
Interval_5806	chr19	53437039	53438062	+	1024	18	31	95	64	118	170	139	60
Interval_5807	chr19	53444495	53444756	+	262	2	2	16	8	13	9	19	10
Interval_5808	chr19	53444909	53445224	+	316	2	3	17	4	17	29	21	7
Interval_5809	chr19	53453578	53454066	+	489	5	6	15	9	21	10	28	12
Interval_5810	chr19	53459213	53459693	+	481	3	4	23	9	34	38	32	13
Interval_5811	chr19	53464400	53465046	+	647	11	20	15	27	12	13	13	47
Interval_5812	chr19	53476934	53477317	+	384	13	10	15	34	14	13	14	24
Interval_5813	chr19	53479643	53479874	+	232	6	7	7	14	14	6	13	9
Interval_5814	chr19	53490053	53490329	+	277	3	2	8	3	8	24	11	9
Interval_5815	chr19	53492740	53493057	+	318	15	8	12	12	10	12	7	18
Interval_5816	chr19	53500244	53500885	+	642	11	18	21	15	40	33	52	33
Interval_5817	chr19	53511028	53512358	+	1331	12	10	107	19	109	176	131	15
Interval_5818	chr19	53519786	53520203	+	418	5	6	11	20	5	3	6	13
Interval_5819	chr19	53521187	53521797	+	611	17	17	9	14	11	18	9	60
Interval_5820	chr19	53528584	53530162	+	1579	90	85	166	130	209	280	229	245
Interval_5821	chr19	53552454	53552705	+	252	4	5	6	6	9	18	22	18
Interval_5822	chr19	53554403	53554827	+	425	5	19	6	27	14	3	7	40
Interval_5823	chr19	53557329	53557840	+	512	10	9	30	13	37	34	40	23
Interval_5824	chr19	53564201	53564467	+	267	11	12	5	18	7	8	12	15
Interval_5825	chr19	53576902	53577322	+	421	3	2	10	10	16	11	28	7
Interval_5826	chr19	53579013	53579258	+	246	2	2	15	5	11	10	13	11
Interval_5827	chr19	53593392	53593646	+	255	10	2	8	5	4	3	5	5
Interval_5828	chr19	53599760	53601233	+	1474	484	544	328	903	394	447	451	1787
Interval_5829	chr19	53608680	53609130	+	451	3	11	17	12	28	13	27	27
Interval_5830	chr19	53648304	53649249	+	946	20	20	82	30	84	103	87	62
Interval_5831	chr19	53649406	53650175	+	770	19	19	111	38	109	156	120	42
Interval_5832	chr19	53653763	53654608	+	846	7	11	137	14	140	202	172	23
Interval_5833	chr19	53670677	53671113	+	437	4	4	32	9	39	31	35	11
Interval_5834	chr19	53676411	53677802	+	1392	10	13	97	20	115	139	123	23
Interval_5835	chr19	53703105	53703409	+	305	2	4	20	4	10	8	7	10
Interval_5836	chr19	53704747	53705608	+	862	12	12	47	17	58	58	44	33
Interval_5837	chr19	53706007	53706262	+	256	4	4	3	3	9	8	16	5
Interval_5838	chr19	53711017	53712065	+	1049	9	10	45	10	51	56	58	17
Interval_5839	chr19	53726060	53726683	+	624	6	8	52	7	45	56	59	13
Interval_5840	chr19	53733568	53733784	+	217	2	1	11	3	9	16	8	6
Interval_5841	chr19	53746208	53746430	+	223	1	3	22	2	21	29	23	7
Interval_5842	chr19	53754201	53754937	+	737	8	9	36	16	50	65	50	27
Interval_5843	chr19	53755447	53755791	+	345	4	3	15	20	14	13	11	15
Interval_5844	chr19	53762416	53763149	+	734	12	9	32	13	25	33	36	20
Interval_5845	chr19	53778973	53780194	+	1222	35	36	22	52	12	21	18	112
Interval_5846	chr19	53780345	53780576	+	232	6	3	11	8	6	8	6	16
Interval_5847	chr19	53781353	53781659	+	307	5	2	3	6	4	11	6	8
Interval_5848	chr19	53788690	53789422	+	733	43	38	24	74	21	17	31	139
Interval_5849	chr19	53792015	53792678	+	664	6	4	31	7	51	55	42	17
Interval_5850	chr19	53799874	53800563	+	690	60	60	18	104	18	12	24	199
Interval_5851	chr19	53801882	53802504	+	623	55	51	16	91	20	21	16	203
Interval_5852	chr19	53808182	53808522	+	341	13	9	19	20	24	26	26	56
Interval_5853	chr19	53809183	53810714	+	1532	101	111	56	169	80	93	107	416
Interval_5854	chr19	53819091	53820075	+	985	119	93	19	150	25	22	27	356
Interval_5855	chr19	53821431	53822282	+	852	22	10	54	26	67	109	84	47
Interval_5856	chr19	53823775	53824138	+	364	12	8	26	12	32	37	30	20
Interval_5857	chr19	53824722	53825444	+	723	41	54	18	66	23	31	25	139
Interval_5858	chr19	53830115	53831153	+	1039	25	16	101	27	146	197	161	84
Interval_5859	chr19	53838907	53839296	+	390	3	2	10	2	14	29	11	13
Interval_5860	chr19	53848531	53849154	+	624	23	16	12	49	14	16	20	66
Interval_5861	chr19	53852251	53853364	+	1114	16	14	147	10	177	211	161	18
Interval_5862	chr19	53859035	53859796	+	762	20	29	52	34	65	77	82	74
Interval_5863	chr19	53886764	53888406	+	1643	130	130	23	220	27	30	28	470
Interval_5864	chr19	53891444	53891838	+	395	26	29	12	56	8	15	16	135
Interval_5865	chr19	53892118	53892486	+	369	15	19	17	26	27	38	25	43
Interval_5866	chr19	53893748	53894150	+	403	19	22	14	28	12	14	17	68
Interval_5867	chr19	53902066	53904186	+	2121	502	556	347	962	417	541	459	1703
Interval_5868	chr19	53925419	53925869	+	451	4	7	16	17	14	14	16	39
Interval_5869	chr19	53943870	53945588	+	1719	921	1115	573	1832	713	827	851	3544
Interval_5870	chr19	53957453	53957776	+	324	19	6	9	29	3	7	5	22
Interval_5871	chr19	53964862	53965688	+	827	74	61	7	88	17	16	18	251
Interval_5872	chr19	53971921	53972238	+	318	8	11	4	15	2	8	8	33
Interval_5873	chr19	53984568	53985684	+	1117	33	42	13	51	19	12	17	74
Interval_5874	chr19	54044484	54045627	+	1144	31	35	161	50	161	232	216	66
Interval_5875	chr19	54069724	54070175	+	452	5	6	8	8	9	21	5	10
Interval_5876	chr19	54077714	54077995	+	282	2	0	11	4	13	14	19	0
Interval_5877	chr19	54087298	54088042	+	745	45	39	14	54	22	9	16	186
Interval_5878	chr19	54107276	54107640	+	365	5	3	18	5	23	25	23	6
Interval_5879	chr19	54114749	54115483	+	735	18	19	24	18	59	49	46	54
Interval_5880	chr19	54150548	54150968	+	421	2	6	5	8	8	18	8	14
Interval_5881	chr19	54199505	54200182	+	678	23	44	17	69	36	27	25	47
Interval_5882	chr19	54206693	54207155	+	463	7	18	4	41	10	5	9	17
Interval_5883	chr19	54287011	54287593	+	583	3	2	9	2	24	18	20	6
Interval_5884	chr19	54297565	54298360	+	796	3	4	29	6	44	48	52	11
Interval_5885	chr19	54399659	54399900	+	242	2	2	7	2	6	16	13	8
Interval_5886	chr19	54407680	54408323	+	644	0	1	13	0	29	38	20	4
Interval_5887	chr19	54547365	54547805	+	441	4	1	10	2	7	16	19	5
Interval_5888	chr19	54616942	54617970	+	1029	5	5	36	8	52	62	61	9
Interval_5889	chr19	54688605	54688980	+	376	1	3	13	5	25	16	22	7
Interval_5890	chr19	55036296	55036530	+	235	4	2	5	6	2	1	10	2
Interval_5891	chr19	55060931	55061691	+	761	16	25	37	31	36	51	51	39
Interval_5892	chr19	55063339	55063622	+	284	6	11	18	18	24	37	20	22
Interval_5893	chr19	55085109	55086342	+	1234	74	56	16	100	19	14	26	215
Interval_5894	chr19	55091587	55092175	+	589	16	11	9	27	18	10	8	45
Interval_5895	chr19	55098436	55099998	+	1563	127	124	149	190	167	238	222	450
Interval_5896	chr19	55110395	55110852	+	458	11	31	4	36	14	8	11	29
Interval_5897	chr19	55113599	55114052	+	454	4	4	20	7	17	16	11	10
Interval_5898	chr19	55116576	55116818	+	243	7	14	5	6	8	12	5	14
Interval_5899	chr19	55119640	55120034	+	395	7	15	7	37	10	9	13	23
Interval_5900	chr19	55121918	55122185	+	268	6	12	14	23	9	17	14	12
Interval_5901	chr19	55123352	55123738	+	387	5	6	26	12	20	27	29	9
Interval_5902	chr19	55127160	55127720	+	561	28	39	13	66	30	31	29	82
Interval_5903	chr19	55128445	55128808	+	364	13	14	7	29	10	7	12	22
Interval_5904	chr19	55136755	55137595	+	841	13	10	30	23	52	51	50	15
Interval_5905	chr19	55137864	55138162	+	299	3	5	17	12	27	25	30	12
Interval_5906	chr19	55139380	55139632	+	253	11	20	2	31	4	5	5	30
Interval_5907	chr19	55144564	55145580	+	1017	20	30	32	43	29	35	44	42
Interval_5908	chr19	55149241	55149560	+	320	4	8	8	6	6	10	7	21
Interval_5909	chr19	55155761	55155960	+	200	2	1	12	3	3	2	6	2
Interval_5910	chr19	55163825	55164129	+	305	1	4	5	1	6	13	7	4
Interval_5911	chr19	55192138	55193125	+	988	38	42	26	72	21	18	21	65
Interval_5912	chr19	55194116	55194847	+	732	10	20	42	21	65	74	75	16
Interval_5913	chr19	55206909	55207946	+	1038	79	48	24	107	21	22	32	248
Interval_5914	chr19	55208119	55208342	+	224	17	7	8	10	5	5	9	28
Interval_5915	chr19	55217690	55219566	+	1877	362	392	92	618	104	112	114	1347
Interval_5916	chr19	55232085	55232589	+	505	26	20	11	61	8	14	26	64
Interval_5917	chr19	55244591	55245568	+	978	37	45	48	78	64	65	62	110
Interval_5918	chr19	55253234	55255057	+	1824	173	194	106	286	142	156	146	623
Interval_5919	chr19	55260644	55260913	+	270	6	16	1	9	4	4	8	33
Interval_5920	chr19	55268172	55268498	+	327	9	12	13	12	29	32	24	14
Interval_5921	chr19	55271605	55271951	+	347	17	16	12	39	19	24	26	64
Interval_5922	chr19	55273094	55273731	+	638	57	58	9	111	7	4	14	256
Interval_5923	chr19	55283725	55284704	+	980	271	278	7	406	19	3	26	809
Interval_5924	chr19	55295103	55295780	+	678	30	49	7	51	10	8	12	109
Interval_5925	chr19	55315415	55316724	+	1310	152	165	101	248	96	139	116	591
Interval_5926	chr19	55332709	55333330	+	622	28	17	34	32	27	46	38	59
Interval_5927	chr19	55381552	55382302	+	751	6	8	19	13	33	32	36	11
Interval_5928	chr19	55456180	55456478	+	299	1	2	15	4	8	12	11	7
Interval_5929	chr19	55469180	55469904	+	725	14	15	25	21	24	28	29	25
Interval_5930	chr19	55484414	55485083	+	670	18	20	25	35	33	38	50	42
Interval_5931	chr19	55491239	55491478	+	240	8	7	16	9	11	17	17	17
Interval_5932	chr19	55491534	55492033	+	500	6	16	4	13	17	9	17	4
Interval_5933	chr19	55496442	55496726	+	285	4	3	13	17	24	14	12	19
Interval_5934	chr19	55503887	55504212	+	326	5	2	8	7	15	13	15	11
Interval_5935	chr19	55528806	55529117	+	312	9	5	10	14	12	7	13	5
Interval_5936	chr19	55537608	55538049	+	442	13	11	24	15	23	43	30	16
Interval_5937	chr19	55545197	55546502	+	1306	30	29	48	58	65	60	50	91
Interval_5938	chr19	55554336	55554908	+	573	15	16	15	29	17	20	14	56
Interval_5939	chr19	55556277	55557067	+	791	24	24	53	26	64	68	71	28
Interval_5940	chr19	55563259	55563624	+	366	12	13	9	15	22	9	12	13
Interval_5941	chr19	55564102	55564853	+	752	22	22	15	34	8	8	11	107
Interval_5942	chr19	55566038	55566303	+	266	14	9	6	30	5	6	12	31
Interval_5943	chr19	55570605	55570852	+	248	4	3	7	7	12	8	20	7
Interval_5944	chr19	55577850	55578247	+	398	2	5	13	3	15	31	19	11
Interval_5945	chr19	55578363	55578816	+	454	8	7	5	14	21	16	19	31
Interval_5946	chr19	55580298	55581005	+	708	7	7	45	10	74	42	54	27
Interval_5947	chr19	55592847	55593951	+	1105	22	34	71	49	83	92	95	44
Interval_5948	chr19	55595968	55596489	+	522	22	39	14	65	18	19	26	52
Interval_5949	chr19	55599560	55600144	+	585	7	9	20	7	18	27	18	11
Interval_5950	chr19	55612909	55613127	+	219	8	4	7	8	11	4	5	4
Interval_5951	chr19	55615763	55616098	+	336	4	8	18	10	25	25	27	13
Interval_5952	chr19	55621845	55622088	+	244	7	1	9	5	20	8	16	7
Interval_5953	chr19	55641808	55642100	+	293	7	4	11	7	20	10	9	11
Interval_5954	chr19	55643299	55643886	+	588	21	25	19	49	31	29	16	54
Interval_5955	chr19	55651080	55651393	+	314	23	20	4	44	11	6	13	81
Interval_5956	chr19	55662306	55662682	+	377	5	3	12	5	15	9	25	9
Interval_5957	chr19	55700346	55701548	+	1203	22	47	33	65	71	44	73	72
Interval_5958	chr19	55701590	55701812	+	223	4	6	13	6	2	2	6	20
Interval_5959	chr19	55707973	55708409	+	437	7	3	20	2	38	31	32	6
Interval_5960	chr19	55732600	55733443	+	844	29	10	26	32	32	24	45	93
Interval_5961	chr19	55741256	55741927	+	672	73	101	180	137	157	248	195	204
Interval_5962	chr19	55742576	55743240	+	665	17	19	67	30	64	76	82	52
Interval_5963	chr19	55743548	55744420	+	873	24	33	69	76	93	103	100	63
Interval_5964	chr19	55750626	55750862	+	237	1	1	12	2	17	18	9	2
Interval_5965	chr19	55754274	55754677	+	404	3	6	30	3	27	32	30	8
Interval_5966	chr19	55756706	55756942	+	237	1	2	9	7	30	16	16	7
Interval_5967	chr19	55767250	55767480	+	231	7	5	19	4	10	12	15	4
Interval_5968	chr19	55790200	55790419	+	220	6	4	17	4	11	10	12	6
Interval_5969	chr19	55806528	55807933	+	1406	13	25	69	48	84	98	104	38
Interval_5970	chr19	55814972	55815686	+	715	11	7	52	12	40	57	30	14
Interval_5971	chr19	55825993	55826501	+	509	4	5	20	8	20	21	38	6
Interval_5972	chr19	55827763	55828403	+	641	28	24	11	33	14	23	11	72
Interval_5973	chr19	55837192	55837601	+	410	8	9	21	11	15	17	34	22
Interval_5974	chr19	55860072	55860329	+	258	23	21	3	38	6	4	10	72
Interval_5975	chr19	55861743	55862112	+	370	42	59	4	95	11	5	9	191
Interval_5976	chr19	55865518	55866395	+	878	119	114	25	194	17	20	30	386
Interval_5977	chr19	55867204	55867976	+	773	75	111	14	147	13	8	18	303
Interval_5978	chr19	55870794	55871295	+	502	8	7	23	14	25	29	38	28
Interval_5979	chr19	55877451	55877892	+	442	8	14	21	15	19	25	21	22
Interval_5980	chr19	55895434	55895922	+	489	10	10	21	12	24	44	19	20
Interval_5981	chr19	55908927	55909575	+	649	9	18	28	25	46	60	41	41
Interval_5982	chr19	55920998	55921296	+	299	3	3	18	11	9	8	5	19
Interval_5983	chr19	55923936	55924292	+	357	17	15	19	16	31	36	37	24
Interval_5984	chr19	55925563	55926367	+	805	106	129	24	217	28	24	35	309
Interval_5985	chr19	55938231	55938754	+	524	152	196	5	320	19	6	26	618
Interval_5986	chr19	55941143	55942036	+	894	400	444	35	826	41	37	58	1197
Interval_5987	chr19	55987741	55988580	+	840	10	16	10	41	9	14	17	55
Interval_5988	chr19	55998670	55998903	+	234	6	3	11	1	14	23	12	8
Interval_5989	chr19	56022466	56022705	+	240	1	4	18	3	13	14	22	4
Interval_5990	chr19	56024656	56024938	+	283	2	3	20	4	17	33	11	5
Interval_5991	chr19	56029424	56030296	+	873	10	10	60	22	56	67	89	27
Interval_5992	chr19	56104793	56105113	+	321	3	1	6	8	9	20	7	3
Interval_5993	chr19	56105342	56106263	+	922	2	11	51	15	58	64	60	12
Interval_5994	chr19	56110850	56111196	+	347	1	1	20	2	16	15	29	3
Interval_5995	chr19	56133972	56134526	+	555	5	5	32	6	23	30	29	5
Interval_5996	chr19	56189066	56189535	+	470	28	26	13	36	17	8	7	111
Interval_5997	chr19	56232491	56232721	+	231	0	2	6	4	4	13	12	4
Interval_5998	chr19	56264442	56264911	+	470	11	11	21	9	11	26	25	22
Interval_5999	chr19	56277834	56278803	+	970	17	46	19	44	16	20	23	41
Interval_6000	chr19	56286611	56287441	+	831	26	38	19	74	16	17	27	68
Interval_6001	chr19	56288498	56288728	+	231	7	9	5	14	13	14	18	14
Interval_6002	chr19	56294890	56295348	+	459	20	14	39	29	29	45	48	20
Interval_6003	chr19	56319373	56319984	+	612	27	17	14	33	14	15	12	81
Interval_6004	chr19	56320207	56320697	+	491	10	13	12	8	18	34	22	25
Interval_6005	chr19	56336534	56336812	+	279	5	7	3	2	12	4	9	4
Interval_6006	chr19	56339595	56339833	+	239	5	3	3	10	11	6	5	7
Interval_6007	chr19	56364304	56364679	+	376	1	5	11	4	11	17	19	2
Interval_6008	chr19	56391400	56392484	+	1085	316	328	18	555	26	21	40	963
Interval_6009	chr19	56396787	56398310	+	1524	93	119	77	171	75	108	100	418
Interval_6010	chr19	56400198	56400514	+	317	24	33	10	35	13	25	15	88
Interval_6011	chr19	56422693	56423305	+	613	9	8	43	17	36	47	42	26
Interval_6012	chr19	56432481	56432938	+	458	3	5	10	8	9	24	15	8
Interval_6013	chr19	56438746	56439651	+	906	145	133	17	262	24	18	25	466
Interval_6014	chr19	56474815	56475115	+	301	3	8	13	18	14	19	16	16
Interval_6015	chr19	56485897	56486148	+	252	5	10	8	10	13	23	20	8
Interval_6016	chr19	56486963	56487263	+	301	2	4	3	6	6	17	7	9
Interval_6017	chr19	56503195	56503603	+	409	9	9	4	15	1	5	3	26
Interval_6018	chr19	56535309	56535971	+	663	9	19	15	17	11	9	5	23
Interval_6019	chr19	56543332	56543975	+	644	29	40	5	60	7	7	10	134
Interval_6020	chr19	56547953	56549332	+	1380	215	226	135	341	135	183	168	622
Interval_6021	chr19	56561890	56562142	+	253	2	5	12	8	8	4	3	9
Interval_6022	chr19	56577876	56578211	+	336	6	9	7	22	4	6	8	28
Interval_6023	chr19	56592603	56592937	+	335	7	6	17	2	10	21	14	6
Interval_6024	chr19	56601382	56602384	+	1003	43	54	77	118	108	101	124	89
Interval_6025	chr19	56651773	56652796	+	1024	10	3	83	13	78	89	75	21
Interval_6026	chr19	56661076	56661402	+	327	1	1	8	3	6	9	16	5
Interval_6027	chr19	56669080	56669560	+	481	6	5	15	8	29	22	35	8
Interval_6028	chr19	56689199	56689603	+	405	4	8	7	6	6	7	22	6
Interval_6029	chr19	56692382	56692695	+	314	5	10	10	13	6	9	10	8
Interval_6030	chr19	56721757	56723821	+	2065	31	50	102	67	115	116	92	70
Interval_6031	chr19	56748049	56748320	+	272	7	4	9	16	13	17	14	7
Interval_6032	chr19	56785488	56785914	+	427	4	3	12	8	6	6	14	24
Interval_6033	chr19	56800288	56802217	+	1930	125	160	26	251	28	34	33	496
Interval_6034	chr19	56811614	56811976	+	363	26	35	12	39	17	20	19	107
Interval_6035	chr19	56821477	56822748	+	1272	161	186	169	361	180	238	220	691
Interval_6036	chr19	56828490	56828846	+	357	2	1	6	4	11	11	23	6
Interval_6037	chr19	56857923	56858216	+	294	0	1	16	4	12	27	17	8
Interval_6038	chr19	56867593	56867930	+	338	7	3	13	4	13	9	15	19
Interval_6039	chr19	56874072	56875156	+	1085	11	12	57	23	60	58	68	28
Interval_6040	chr19	56891307	56891699	+	393	2	3	22	5	27	25	22	7
Interval_6041	chr19	56897764	56898236	+	473	1	3	22	5	27	25	33	8
Interval_6042	chr19	56908299	56908770	+	472	5	4	30	8	33	42	31	6
Interval_6043	chr19	56915095	56915620	+	526	1	1	26	5	45	42	33	10
Interval_6044	chr19	56919532	56920075	+	544	1	10	44	11	44	53	53	13
Interval_6045	chr19	56929487	56929715	+	229	2	0	5	5	8	14	9	4
Interval_6046	chr19	56939869	56940147	+	279	3	0	16	3	21	17	34	9
Interval_6047	chr19	56958558	56959052	+	495	3	6	24	15	39	26	55	11
Interval_6048	chr19	56974248	56974590	+	343	8	6	12	15	13	20	18	25
Interval_6049	chr19	56977087	56978071	+	985	15	40	40	46	39	63	57	34
Interval_6050	chr19	56996923	56997956	+	1034	12	17	121	22	127	181	150	31
Interval_6051	chr19	57007808	57008831	+	1024	17	17	56	15	67	71	103	38
Interval_6052	chr19	57013318	57013590	+	273	2	2	15	4	18	18	27	10
Interval_6053	chr19	57017164	57017491	+	328	2	2	10	7	10	18	14	8
Interval_6054	chr19	57058945	57059418	+	474	1	6	28	10	25	25	25	13
Interval_6055	chr19	57078956	57079553	+	598	8	5	15	12	28	21	40	10
Interval_6056	chr19	57098372	57099144	+	773	7	6	43	19	34	40	54	19
Interval_6057	chr19	57112612	57113044	+	433	9	10	6	17	7	9	8	37
Interval_6058	chr19	57118776	57119489	+	714	13	13	56	19	89	108	113	17
Interval_6059	chr19	57123546	57124279	+	734	9	15	35	30	49	56	55	36
Interval_6060	chr19	57150454	57150724	+	271	3	4	13	5	7	9	14	19
Interval_6061	chr19	57181512	57182620	+	1109	30	43	28	78	49	38	54	80
Interval_6062	chr19	57193897	57194165	+	269	4	5	14	8	16	26	13	15
Interval_6063	chr19	57197247	57198086	+	840	13	42	33	80	68	68	68	45
Interval_6064	chr19	57204428	57204652	+	225	0	5	10	4	8	13	7	10
Interval_6065	chr19	57209342	57209586	+	245	2	3	4	2	14	7	4	7
Interval_6066	chr19	57211763	57212024	+	262	6	14	8	11	6	8	9	11
Interval_6067	chr19	57221794	57222022	+	229	3	4	7	3	5	8	3	6
Interval_6068	chr19	57252654	57253203	+	550	13	20	12	18	12	14	24	15
Interval_6069	chr19	57255107	57255392	+	286	7	4	10	7	6	16	5	8
Interval_6070	chr19	57257818	57258187	+	370	7	24	8	29	7	5	4	17
Interval_6071	chr19	57273388	57273674	+	287	10	15	22	24	20	9	11	24
Interval_6072	chr19	57274468	57275746	+	1279	29	37	34	61	49	51	77	67
Interval_6073	chr19	57314379	57315371	+	993	22	49	49	54	64	64	63	48
Interval_6074	chr19	57325748	57326007	+	260	8	5	10	4	14	12	10	11
Interval_6075	chr19	57360199	57361811	+	1613	519	551	217	931	253	270	320	1815
Interval_6076	chr19	57367321	57367672	+	352	11	20	8	44	8	6	9	37
Interval_6077	chr19	57391095	57391772	+	678	13	9	24	23	21	22	33	53
Interval_6078	chr19	57403534	57404422	+	889	34	38	43	51	68	49	65	110
Interval_6079	chr19	57411442	57412330	+	889	12	14	95	14	93	118	101	35
Interval_6080	chr19	57417916	57418652	+	737	16	19	37	26	47	49	59	33
Interval_6081	chr19	57436335	57437302	+	968	7	5	44	11	46	90	69	8
Interval_6082	chr19	57452656	57453457	+	802	75	62	57	94	83	97	87	190
Interval_6083	chr19	57481893	57482430	+	538	21	10	28	22	25	22	39	21
Interval_6084	chr19	57482703	57482959	+	257	10	6	11	10	9	7	10	13
Interval_6085	chr19	57487103	57487466	+	364	2	2	29	4	18	38	34	6
Interval_6086	chr19	57489757	57490032	+	276	7	6	5	7	6	13	11	18
Interval_6087	chr19	57491065	57491446	+	382	5	3	42	6	36	74	57	4
Interval_6088	chr19	57507978	57508591	+	614	12	7	37	10	28	29	42	20
Interval_6089	chr19	57510060	57510307	+	248	0	1	11	4	17	21	21	9
Interval_6090	chr19	57543942	57544173	+	232	1	1	11	2	21	14	14	6
Interval_6091	chr19	57546227	57546705	+	479	9	8	8	16	8	7	17	24
Interval_6092	chr19	57553006	57553347	+	342	3	2	8	2	6	16	20	5
Interval_6093	chr19	57559517	57559759	+	243	0	5	9	4	13	7	6	6
Interval_6094	chr19	57573599	57574072	+	474	9	6	14	19	17	11	15	23
Interval_6095	chr19	57600391	57601258	+	868	7	11	11	17	9	6	10	57
Interval_6096	chr19	57610255	57611871	+	1617	261	255	222	398	286	349	319	997
Interval_6097	chr19	57642773	57643134	+	362	3	3	13	6	8	6	11	12
Interval_6098	chr19	57648592	57649039	+	448	7	8	21	12	26	21	16	25
Interval_6099	chr19	57657527	57657927	+	401	8	4	30	5	30	35	36	13
Interval_6100	chr19	57658311	57658687	+	377	3	16	9	10	14	16	18	22
Interval_6101	chr19	57677052	57677496	+	445	4	2	25	8	5	8	8	5
Interval_6102	chr19	57724997	57725266	+	270	14	9	6	20	9	12	16	14
Interval_6103	chr19	57762522	57763033	+	512	2	7	9	28	6	10	8	37
Interval_6104	chr19	57786768	57787027	+	260	4	8	7	4	25	30	24	4
Interval_6105	chr19	57803043	57803763	+	721	8	6	21	6	34	33	37	9
Interval_6106	chr19	57825379	57825615	+	237	3	2	3	4	7	14	9	3
Interval_6107	chr19	57878685	57878936	+	252	2	4	21	3	17	31	19	8
Interval_6108	chr19	57880548	57880820	+	273	7	2	8	6	17	13	13	18
Interval_6109	chr19	57882063	57882567	+	505	25	10	6	12	7	7	10	58
Interval_6110	chr19	57894152	57894831	+	680	54	39	17	91	15	14	19	215
Interval_6111	chr19	57928104	57928802	+	699	18	21	4	28	5	8	7	93
Interval_6112	chr19	57944743	57945050	+	308	14	10	5	20	3	7	5	45
Interval_6113	chr19	57945637	57946085	+	449	19	11	3	21	5	6	4	38
Interval_6114	chr19	57958280	57959016	+	737	12	19	11	27	7	6	7	64
Interval_6115	chr19	57988668	57988995	+	328	0	1	19	2	27	19	21	7
Interval_6116	chr19	58021812	58022217	+	406	12	15	6	29	10	14	15	32
Interval_6117	chr19	58043280	58044036	+	757	17	40	13	64	19	16	26	41
Interval_6118	chr19	58060662	58061112	+	451	7	7	15	15	15	20	19	27
Interval_6119	chr19	58064747	58064944	+	198	2	7	18	8	6	2	4	8
Interval_6120	chr19	58088094	58088860	+	767	3	5	34	7	43	37	32	11
Interval_6121	chr19	58094706	58095676	+	971	6	5	21	8	35	41	37	12
Interval_6122	chr19	58104365	58104989	+	625	9	9	27	9	33	41	35	11
Interval_6123	chr19	58110248	58110961	+	714	1	3	33	4	33	29	29	18
Interval_6124	chr19	58119530	58120257	+	728	8	16	67	6	64	77	59	16
Interval_6125	chr19	58123678	58123938	+	261	9	5	5	21	1	7	6	6
Interval_6126	chr19	58125019	58125563	+	545	1	0	26	4	26	39	27	4
Interval_6127	chr19	58193797	58194155	+	359	2	1	21	1	27	33	17	10
Interval_6128	chr19	58227884	58228709	+	826	5	5	20	10	40	27	32	8
Interval_6129	chr19	58243422	58244082	+	661	10	9	9	30	14	21	22	49
Interval_6130	chr19	58244572	58244814	+	243	2	4	7	0	9	19	6	5
Interval_6131	chr19	58285085	58285458	+	374	6	3	11	3	17	12	19	9
Interval_6132	chr19	58309960	58310623	+	664	3	0	21	4	24	40	36	6
Interval_6133	chr19	58317253	58317485	+	233	0	2	7	5	15	8	5	5
Interval_6134	chr19	58323897	58324242	+	346	11	4	19	9	11	11	13	23
Interval_6135	chr19	58335751	58337308	+	1558	11	10	85	15	80	90	87	10
Interval_6136	chr19	58376648	58377131	+	484	4	2	25	11	37	45	38	11
Interval_6137	chr19	58377526	58378375	+	850	9	8	45	11	39	52	55	23
Interval_6138	chr19	58388913	58389643	+	731	6	3	27	13	37	44	47	12
Interval_6139	chr19	58395784	58397035	+	1252	27	55	64	88	100	94	101	76
Interval_6140	chr19	58413261	58413633	+	373	4	2	32	9	29	33	35	6
Interval_6141	chr19	58419424	58420067	+	644	7	5	36	9	30	61	46	14
Interval_6142	chr19	58427149	58427664	+	516	1	8	32	3	25	36	30	10
Interval_6143	chr19	58437491	58437744	+	254	2	2	29	1	15	22	18	6
Interval_6144	chr19	58440997	58441985	+	989	35	69	16	95	20	17	19	70
Interval_6145	chr19	58453346	58456062	+	2717	40	46	213	83	206	263	191	89
Interval_6146	chr19	58469309	58469836	+	528	4	3	23	5	15	22	22	15
Interval_6147	chr19	58573011	58573521	+	511	2	6	19	9	26	25	32	9
Interval_6148	chr19	58581979	58582628	+	650	2	1	50	5	54	69	36	4
Interval_6149	chr19	58614595	58614907	+	313	3	3	12	3	7	16	5	5
Interval_6150	chr19	58759458	58759872	+	415	6	17	22	16	29	28	30	28
Interval_6151	chr19	58762532	58763411	+	880	21	17	47	12	41	62	48	34
Interval_6152	chr19	58806593	58806939	+	347	1	3	9	4	10	12	21	12
Interval_6153	chr19	58818862	58819169	+	308	5	6	8	14	4	8	19	9
Interval_6154	chr19	58833954	58834217	+	264	0	3	14	4	4	10	7	4
Interval_6155	chr19	58836272	58836550	+	279	4	3	12	13	9	6	13	8
Interval_6156	chr19	58848266	58848688	+	423	5	1	10	4	31	17	13	11
Interval_6157	chr19	58850913	58851240	+	328	7	16	6	12	8	8	7	23
Interval_6158	chr19	58860119	58861607	+	1489	45	32	176	66	207	263	249	95
Interval_6159	chr19	58866618	58866946	+	329	3	2	13	4	23	15	20	3
Interval_6160	chr19	58878526	58878709	+	184	2	4	12	1	6	6	10	6
Interval_6161	chr19	58889775	58890050	+	276	3	3	6	5	4	19	6	4
Interval_6162	chr19	58903676	58904273	+	598	6	10	29	19	40	46	38	20
Interval_6163	chr19	58911122	58911731	+	610	9	8	39	20	32	42	43	30
Interval_6164	chr19	58942872	58944171	+	1300	76	63	144	97	206	295	214	277
Interval_6165	chr19	58965274	58966161	+	888	12	6	19	18	18	18	33	46
Interval_6166	chr19	58971518	58971851	+	334	8	7	10	7	19	19	16	11
Interval_6167	chr19	58978362	58979284	+	923	101	47	24	63	23	22	29	358
Interval_6168	chr19	59021793	59022107	+	315	4	3	5	14	8	7	12	17
Interval_6169	chr19	59074908	59076101	+	1194	15	29	49	34	53	70	64	44
Interval_6170	chr19	59084498	59084810	+	313	5	5	6	13	9	6	5	11
Interval_6171	chr19	59137566	59137977	+	412	5	5	17	3	2	13	4	7
Interval_6172	chr19	59166214	59166744	+	531	5	7	21	16	39	36	27	16
Interval_6173	chr19	59169100	59169444	+	345	3	4	15	8	19	31	32	10
Interval_6174	chr19	59196350	59196767	+	418	5	4	29	5	17	32	27	10
Interval_6175	chr19	59208499	59208924	+	426	6	7	28	6	14	25	20	9
Interval_6176	chr19	59248312	59249120	+	809	12	9	22	17	10	15	15	43
Interval_6177	chr19	59260550	59261815	+	1266	24	28	65	51	58	71	76	102
Interval_6178	chr19	59292205	59292504	+	300	9	9	2	9	3	6	5	25
Interval_6179	chr19	59319060	59319399	+	340	8	5	6	19	4	8	3	6
Interval_6180	chr19	59324579	59324864	+	286	3	7	1	8	3	6	3	14
Interval_6181	chr19	59330838	59331375	+	538	19	36	5	57	8	7	5	107
Interval_6182	chr19	59344854	59346478	+	1625	395	445	216	712	275	363	335	1527
Interval_6183	chr19	59354981	59355414	+	434	50	38	4	62	8	12	13	146
Interval_6184	chr19	59360407	59361162	+	756	348	289	11	565	24	15	37	958
Interval_6185	chr19	59384632	59385664	+	1033	71	64	13	86	13	10	13	196
Interval_6186	chr19	59399905	59400667	+	763	3	7	39	6	53	36	49	19
Interval_6187	chr19	59423652	59423885	+	234	0	0	8	3	5	13	13	2
Interval_6188	chr19	59431831	59432154	+	324	6	1	10	8	10	8	19	8
Interval_6189	chr19	59451484	59451767	+	284	5	4	11	8	17	26	15	4
Interval_6190	chr19	59457448	59458980	+	1533	17	13	108	16	167	183	170	38
Interval_6191	chr19	59467529	59467917	+	389	4	5	25	4	42	56	43	11
Interval_6192	chr19	59469056	59469679	+	624	5	2	44	6	63	83	96	16
Interval_6193	chr19	59522363	59522630	+	268	0	3	5	1	12	9	25	5
Interval_6194	chr19	59588105	59588936	+	832	11	6	55	12	95	85	127	32
Interval_6195	chr19	59628597	59628874	+	278	0	2	3	4	20	13	8	9
Interval_6196	chr19	59629746	59630664	+	919	11	4	41	11	66	65	71	8
Interval_6197	chr19	59684559	59684816	+	258	3	2	18	4	27	22	24	3
Interval_6198	chr19	59685665	59686640	+	976	1	5	50	13	82	60	72	30
Interval_6199	chr19	59687275	59687659	+	385	2	3	22	2	24	29	41	8
Interval_6200	chr19	59691825	59692180	+	356	1	1	9	5	12	22	11	8
Interval_6201	chr19	59697655	59698030	+	376	4	2	24	2	40	48	50	9
Interval_6202	chr19	59718031	59718658	+	628	4	4	34	6	34	32	33	11
Interval_6203	chr19	59860918	59861168	+	251	2	1	5	3	24	12	20	5
Interval_6204	chr19	59889534	59889832	+	299	20	14	6	10	3	3	8	25
Interval_6205	chr19	59899659	59900621	+	963	99	84	9	121	15	13	17	298
Interval_6206	chr19	59905463	59906789	+	1327	216	246	12	374	18	13	25	748
Interval_6207	chr19	59914694	59915354	+	661	25	18	15	31	12	18	17	36
Interval_6208	chr19	59917582	59918361	+	780	1	6	31	5	44	69	45	25
Interval_6209	chr19	59920766	59921604	+	839	14	15	6	25	8	6	11	79
Interval_6210	chr19	59942928	59943956	+	1029	490	488	191	787	266	310	319	1517
Interval_6211	chr19	59967593	59967970	+	378	16	7	10	11	9	15	11	26
Interval_6212	chr19	60029774	60030949	+	1176	11	6	74	15	113	130	121	20
Interval_6213	chr19	60032653	60032938	+	286	9	12	6	23	5	5	8	40
Interval_6214	chr19	60040688	60040939	+	252	2	0	12	3	15	21	20	6
Interval_6215	chr19	60113843	60114142	+	300	4	2	12	5	18	13	14	3
Interval_6216	chr19	60118806	60119437	+	632	1	1	27	4	25	42	21	9
Interval_6217	chr19	60129616	60129979	+	364	16	11	2	27	5	5	2	62
Interval_6218	chr19	60134107	60135013	+	907	58	50	11	68	15	12	15	166
Interval_6219	chr19	60144484	60144882	+	399	23	8	20	14	23	30	24	32
Interval_6220	chr19	60148428	60148999	+	572	6	6	37	12	47	58	59	15
Interval_6221	chr19	60171625	60171875	+	251	5	5	6	6	7	7	14	6
Interval_6222	chr19	60226170	60227104	+	935	242	262	114	365	158	178	178	822
Interval_6223	chr19	60339926	60340164	+	239	1	3	3	2	15	5	7	5
Interval_6224	chr19	60365573	60365926	+	354	5	3	5	5	19	8	7	9
Interval_6225	chr19	60378924	60379580	+	657	22	21	18	47	14	8	13	67
Interval_6226	chr19	60386729	60387489	+	761	111	106	11	215	9	5	17	388
Interval_6227	chr19	60399181	60400162	+	982	53	58	5	107	4	7	13	142
Interval_6228	chr19	60417761	60418042	+	282	13	6	4	11	5	14	7	28
Interval_6229	chr19	60467011	60467752	+	742	14	20	40	18	35	35	42	23
Interval_6230	chr19	60468540	60468923	+	384	4	8	12	14	18	17	17	15
Interval_6231	chr19	60560603	60560970	+	368	8	9	4	14	4	4	6	32
Interval_6232	chr19	60580126	60581780	+	1655	366	400	282	747	337	410	366	1421
Interval_6233	chr19	60709226	60710335	+	1110	149	175	21	266	28	18	30	439
Interval_6234	chr19	60730376	60730812	+	437	20	21	16	24	12	9	23	40
Interval_6235	chr19	60731380	60731720	+	341	7	11	1	17	5	1	4	40
Interval_6236	chr19	60743650	60744528	+	879	139	163	13	259	21	11	33	413
Interval_6237	chr19	60755503	60757263	+	1761	353	367	226	614	279	415	345	1244
Interval_6238	chr19	60789934	60791491	+	1558	445	474	247	692	307	387	372	1541
Interval_6239	chr19	60799689	60800475	+	787	73	57	8	98	11	4	8	253
Interval_6240	chr19	60811052	60812304	+	1253	333	348	160	497	184	245	219	1046
Interval_6241	chr19	60818724	60819292	+	569	11	9	6	29	6	5	9	27
Interval_6242	chr19	60837466	60838290	+	825	23	14	12	59	24	29	21	78
Interval_6243	chr19	60842970	60843982	+	1013	45	70	16	122	19	6	21	205
Interval_6244	chr19	60860849	60861914	+	1066	242	217	129	374	188	250	238	730
Interval_6245	chr19	60872038	60872850	+	813	155	170	14	248	31	24	42	539
Interval_6246	chr19	60873500	60874912	+	1413	405	489	195	762	329	305	279	1546
Interval_6247	chr19	60883052	60883470	+	419	6	3	9	11	19	30	25	14
Interval_6248	chr19	60889122	60890713	+	1592	490	627	257	851	378	448	476	1524
Interval_6249	chr19	60945929	60947163	+	1235	20	48	29	49	51	52	57	62
Interval_6250	chr19	60994280	60995040	+	761	40	31	20	65	12	10	19	106
Interval_6251	chr19	61001209	61001509	+	301	9	6	3	4	6	2	5	25
Interval_6252	chr19	61049087	61049934	+	848	3	8	19	11	33	52	25	15
Interval_6253	chr19	61057454	61058167	+	714	7	20	40	25	50	59	59	26
Interval_6254	chr19	61084211	61085015	+	805	12	25	38	42	24	34	40	69
Interval_6255	chr19	61140210	61141283	+	1074	214	175	114	294	177	210	183	600
Interval_6256	chr19	61151378	61152382	+	1005	47	59	67	69	105	121	129	144
Interval_6257	chr19	61152780	61153204	+	425	15	2	12	8	12	14	13	49
Interval_6258	chr19	61175695	61176118	+	424	8	1	12	6	28	22	14	17
Interval_6259	chr19	61313470	61313842	+	373	27	13	17	26	15	28	26	63
