"X.1","Chromosome","Start","End","X","mean.mean.g1","mean.mean.g2","mean.mean.diff","mean.mean.quot.log2","comb.p.val","comb.p.adj.fdr","num.sites","mean.num.na.g1","mean.num.na.g2","mean.mean.covg.g1","mean.mean.covg.g2","mean.nsamples.covg.thresh.g1","mean.nsamples.covg.thresh.g2","combinedRank","Strand","name","value","overlap_kidney_Het","overlap_liver_Het","overlap_any_Het","overlap_both_Het","overlap_kidney_specific_ATAC","overlap_liver_specific_ATAC","overlap_any_differential_ATAC","DMR_direction"
1,"chr18",3039424,3040223,1,0.791808427481868,0.586783377379066,0.205025050102803,0.463427208733393,0.0010791184405906,0.00452247274457616,12,0,0,41.7916666666667,42.6458333333333,4,4,3262,"+","Interval_1",0,TRUE,TRUE,TRUE,TRUE,FALSE,FALSE,FALSE,"Kidney_hypermethylated"
2,"chr18",3040887,3041151,2,0.767432770953668,0.571033417814422,0.196399353139246,0.441593397970189,0.0010746111124036,0.00452240072478466,5,0,0,42,41.2,4,4,3357,"+","Interval_2",0,TRUE,TRUE,TRUE,TRUE,FALSE,FALSE,FALSE,"Kidney_hypermethylated"
3,"chr18",3115558,3116159,3,0.90810545681923,0.777178018795795,0.130927438023435,0.221274006218713,0.0186006067901651,0.037885558079405,12,0.333333333333333,0.25,26.25,26.75,3,2.83333333333333,4530,"+","Interval_3",0,TRUE,TRUE,TRUE,TRUE,FALSE,FALSE,FALSE,"Kidney_hypermethylated"
4,"chr18",3117492,3119082,4,0.907357542834527,0.736206473247548,0.166275150788796,0.296657446278166,0.00292083309252649,0.00928531782388788,20,0.15,0.2,41.05,41.6625,3.45,3.4,4098,"+","Interval_4",0,TRUE,TRUE,TRUE,TRUE,FALSE,FALSE,FALSE,"Kidney_hypermethylated"
5,"chr18",3166613,3166877,5,0.875416666666667,0.590619918699187,0.28479674796748,0.559904209701172,0.000287402916734851,0.00184719860278927,1,0,0,40.5,43.75,4,4,2896,"+","Interval_5",0,TRUE,TRUE,TRUE,TRUE,FALSE,FALSE,FALSE,"Kidney_hypermethylated"
6,"chr18",3270287,3271129,7,0.685851466480221,0.132092285847864,0.553759180632357,2.41148824219702,7.44355452555836e-06,0.000245436009625833,4,0,0,25.9375,28.75,4,4,283,"+","Interval_7",0,FALSE,FALSE,FALSE,FALSE,FALSE,TRUE,TRUE,"Kidney_hypermethylated"
16,"chr18",3616054,3617264,18,0.357343562906277,0.561036872749,-0.203693309842723,-1.0029576388626,0.00633005664527124,0.0167088479747387,6,0,0,29.6666666666667,31.4583333333333,4,4,2328,"+","Interval_18",0,FALSE,FALSE,FALSE,FALSE,FALSE,FALSE,FALSE,"Liver_hypermethylated"
18,"chr18",3666185,3667785,20,0.236874245044007,0.0710539631471115,0.165820281896896,2.14234829117059,0.00102304927217856,0.00437822964287642,9,0,0,31.0555555555556,30.6666666666667,4,4,2648,"+","Interval_20",0,FALSE,FALSE,FALSE,FALSE,FALSE,FALSE,FALSE,"Kidney_hypermethylated"
20,"chr18",3806312,3807492,22,0.451578676641017,0.490649250174171,-0.0390705735331549,-0.353861832859642,0.00588418697183368,0.0157965613551411,7,0,0,33.1785714285714,32.7142857142857,4,4,4484,"+","Interval_22",0,FALSE,FALSE,FALSE,FALSE,FALSE,FALSE,FALSE,"Liver_hypermethylated"
21,"chr18",3839467,3840285,23,0.451215530131157,0.499278638941426,-0.0480631088102683,-0.474690282897762,0.00534076828819578,0.0145992086881508,7,0,0,27.3214285714286,25.6785714285714,4,4,4328,"+","Interval_23",0,FALSE,FALSE,FALSE,FALSE,FALSE,FALSE,FALSE,"Liver_hypermethylated"
22,"chr18",3840731,3841237,24,0.162400348507799,0.43413069033558,-0.271730341827782,-1.43511089281158,0.000256591311014153,0.00171386261541518,3,0,0,26.6666666666667,30,4,4,1555,"+","Interval_24",0,FALSE,FALSE,FALSE,FALSE,FALSE,FALSE,FALSE,"Liver_hypermethylated"
23,"chr18",3867440,3868055,25,0.112645296158227,0.291250440933197,-0.17860514477497,-1.216187097046,0.00958044552310399,0.0229251704592967,2,0,0,27.125,29.5,4,4,2568,"+","Interval_25",0,FALSE,FALSE,FALSE,FALSE,FALSE,FALSE,FALSE,"Liver_hypermethylated"
24,"chr18",3893193,3893880,26,0.783968278253774,0.667367500479203,0.116600777774571,0.229142598719645,0.00998372581193351,0.0235327944435487,1,0,0,39.25,38.5,4,4,4481,"+","Interval_26",0,FALSE,FALSE,FALSE,FALSE,FALSE,FALSE,FALSE,"Kidney_hypermethylated"
25,"chr18",3933873,3934122,27,0.788757841290088,0.2874729151474,0.501284926142688,1.62484687168908,0.00072682446714934,0.00347574813278809,3,0,0,22.5833333333333,20.5,3.66666666666667,4,1285,"+","Interval_27",0,FALSE,FALSE,FALSE,FALSE,FALSE,FALSE,FALSE,"Kidney_hypermethylated"
27,"chr18",3953964,3954374,29,0.801315789473684,0.408039661487937,0.393276127985747,0.956623741370714,0.000212832907520088,0.00150155937624678,1,0,0,29.25,29.25,4,4,1811,"+","Interval_29",0,FALSE,FALSE,FALSE,FALSE,FALSE,FALSE,FALSE,"Kidney_hypermethylated"
30,"chr18",4020464,4020796,32,0.683100664742848,0.510948863736901,0.172151801005947,0.421649840532033,0.0138588566975624,0.030393531194333,5,0,0,35.3,32.6,4,4,3451,"+","Interval_32",0,FALSE,FALSE,FALSE,FALSE,FALSE,FALSE,FALSE,"Kidney_hypermethylated"
31,"chr18",4043811,4044083,33,0.275032091973089,0.613488138363466,-0.338456046390377,-1.14799841928987,0.00022963913544596,0.0015849659610535,2,0,0,34.625,30.875,4,4,1448,"+","Interval_33",0,FALSE,FALSE,FALSE,FALSE,FALSE,FALSE,FALSE,"Liver_hypermethylated"
32,"chr18",4066437,4066850,34,0.937697386757026,0.725687355097926,0.212010031659101,0.368440082976128,0.0128566247726193,0.0287277763041937,2,0,0,28.5,24.875,4,4,3685,"+","Interval_34",0,FALSE,FALSE,FALSE,FALSE,FALSE,FALSE,FALSE,"Kidney_hypermethylated"
33,"chr18",4075215,4075498,35,0.879795396419437,0.505,0.374795396419437,0.788901202091041,0.000221070496311614,0.00154724168546113,1,0,0,21.5,21.75,4,4,2217,"+","Interval_35",0,FALSE,FALSE,FALSE,FALSE,FALSE,FALSE,FALSE,"Kidney_hypermethylated"
34,"chr18",4088034,4088349,36,0.739492777760034,0.577349709510444,0.16214306824959,0.350585432598537,0.0105706481220355,0.024632776909332,3,0,0,33,33.5,4,4,3792,"+","Interval_36",0,FALSE,FALSE,FALSE,FALSE,FALSE,FALSE,FALSE,"Kidney_hypermethylated"
35,"chr18",4095910,4096297,37,0.300861304085616,0.44995253693035,-0.149091232844734,-0.683924822402104,0.00376978671107672,0.0111855815256236,5,0,0,32.7,31.7,4,4,2854,"+","Interval_37",0,FALSE,FALSE,FALSE,FALSE,FALSE,FALSE,FALSE,"Liver_hypermethylated"
37,"chr18",4136907,4138061,40,0.131834286863232,0.40775032617916,-0.275916039315928,-1.60991898417947,0.00277084691240638,0.00898040837380654,8,0,0,27.8125,28.65625,4,4,1896,"+","Interval_40",0,FALSE,FALSE,FALSE,FALSE,FALSE,FALSE,FALSE,"Liver_hypermethylated"
38,"chr18",4176954,4178118,41,0.895777209434498,0.6041168261563,0.291660383278199,0.560643107755264,0.00021935188718923,0.00153871843239477,1,0,0,23,21.75,4,4,2895,"+","Interval_41",0,FALSE,FALSE,FALSE,FALSE,FALSE,FALSE,FALSE,"Kidney_hypermethylated"
40,"chr18",4193943,4194767,43,0.188249342235097,0.502593086127069,-0.314343743891972,-1.47684715825013,0.000131827915137086,0.00110065562298559,3,0,0,27.8333333333333,31.3333333333333,4,4,1240,"+","Interval_43",0,FALSE,FALSE,FALSE,FALSE,FALSE,FALSE,FALSE,"Liver_hypermethylated"
42,"chr18",4232799,4233479,45,0.412783517019973,0.604322898480264,-0.191539381460291,-0.559379677537302,0.00319186084252385,0.00991606919985292,8,0,0,34.5,29.9375,4,4,2900,"+","Interval_45",0,FALSE,FALSE,FALSE,FALSE,FALSE,FALSE,FALSE,"Liver_hypermethylated"
43,"chr18",4238952,4239396,46,0.633191854844664,0.281963282388979,0.351228572455685,1.30120918534243,0.000788104085543289,0.00366957338074256,3,0,0,32.75,26.3333333333333,4,4,1319,"+","Interval_46",0,FALSE,FALSE,FALSE,FALSE,FALSE,FALSE,FALSE,"Kidney_hypermethylated"
46,"chr18",4276760,4277112,49,0.865144961443687,0.561865690411655,0.303279271032032,0.619357505299557,3.03877177413101e-05,0.000497555582035266,2,0,0,35.375,40.375,4,4,2674,"+","Interval_49",0,FALSE,FALSE,FALSE,FALSE,FALSE,FALSE,FALSE,"Kidney_hypermethylated"
49,"chr18",4336508,4337270,52,0.38575428735065,0.176158279308381,0.209596008042269,1.08521690621894,0.00655785830348086,0.0171700209948402,6,0,0,23.0416666666667,23.5833333333333,4,4,2347,"+","Interval_52",0,FALSE,FALSE,FALSE,FALSE,FALSE,FALSE,FALSE,"Kidney_hypermethylated"
51,"chr18",4363731,4364252,54,0.27741614505439,0.521830396667124,-0.244414251612734,-1.13312588855206,0.00713062579351331,0.0182878528802752,4,0,0,34.6875,36.5,4,4,2396,"+","Interval_54",0,FALSE,FALSE,FALSE,FALSE,FALSE,FALSE,FALSE,"Liver_hypermethylated"
52,"chr18",4369170,4369872,55,0.363333944814319,0.150700111731879,0.212633833082441,1.41897319095594,0.00263951268585931,0.00865719281647546,6,0,0,38.2916666666667,36.7083333333333,4,4,2108,"+","Interval_55",0,FALSE,FALSE,FALSE,FALSE,FALSE,FALSE,FALSE,"Kidney_hypermethylated"
57,"chr18",4549424,4550296,61,0.49443497059034,0.568348740455598,-0.0739137698652579,-0.330367015152102,0.0154533169876402,0.032943467944578,7,0,0,29.0357142857143,28.9642857142857,4,4,3896,"+","Interval_61",0,FALSE,FALSE,FALSE,FALSE,FALSE,FALSE,FALSE,"Liver_hypermethylated"
58,"chr18",4554480,4555584,62,0.645089772596566,0.158880421606731,0.486209350989835,1.9182480964815,6.65320509224952e-05,0.000768495212253258,2,0,0,26,21.875,4,4,532,"+","Interval_62",0,FALSE,FALSE,FALSE,FALSE,FALSE,FALSE,FALSE,"Kidney_hypermethylated"
59,"chr18",4558757,4559294,63,0.227719906392265,0.406269380758244,-0.178549474365979,-0.823436988533849,0.00692421653663868,0.0178853764681146,7,0,0,23.8571428571429,27.25,4,4,2489,"+","Interval_63",0,FALSE,FALSE,FALSE,FALSE,FALSE,FALSE,FALSE,"Liver_hypermethylated"
61,"chr18",4595134,4595517,65,0.850508502688735,0.626952495974235,0.2235560067145,0.434003667561188,0.00059729301548269,0.00303554646647749,1,0,0,45.25,38.5,4,4,3393,"+","Interval_65",0,FALSE,FALSE,FALSE,FALSE,FALSE,FALSE,FALSE,"Kidney_hypermethylated"
65,"chr18",4709745,4710154,70,0.0765605662480662,0.362787968357821,-0.286227402109755,-2.28868910659139,0.00224084895013056,0.00771861928169971,3,0,0,26.75,30,4,4,1784,"+","Interval_70",0,FALSE,FALSE,FALSE,FALSE,FALSE,FALSE,FALSE,"Liver_hypermethylated"
68,"chr18",4736409,4736718,73,0.558441558441558,0.817954545454545,-0.259512987012987,-0.542539533161339,0.00605431638552603,0.0161334666908315,1,0,0,30,32,4,4,2961,"+","Interval_73",0,FALSE,FALSE,FALSE,FALSE,FALSE,FALSE,FALSE,"Liver_hypermethylated"
69,"chr18",4757697,4758164,74,0.256113157067677,0.45866736838918,-0.202554211321503,-1.15387728238978,0.00293344087603309,0.00930614051792633,6,0,0,22.5,27.6666666666667,4,4,2213,"+","Interval_74",0,FALSE,TRUE,TRUE,FALSE,FALSE,FALSE,FALSE,"Liver_hypermethylated"
70,"chr18",4775378,4775846,76,0.436952519932433,0.317470356279277,0.119482163653156,0.413962005613658,0.00251859286694963,0.00837486643257874,4,0,0,33.4375,35.375,4,4,3490,"+","Interval_76",0,FALSE,FALSE,FALSE,FALSE,FALSE,FALSE,FALSE,"Kidney_hypermethylated"
73,"chr18",4804090,4804343,79,0.400983841980926,0.103716909627762,0.297266932353164,1.90903559367347,0.000834764289179543,0.00381668642634545,2,0,0,29.875,31.5,4,4,1370,"+","Interval_79",0,FALSE,FALSE,FALSE,FALSE,FALSE,FALSE,FALSE,"Kidney_hypermethylated"
74,"chr18",4818109,4818351,80,0.440424228021877,0.525006605548444,-0.0845823775265675,-0.274890501195887,0.0128348498717813,0.0287109797750686,4,0,0,26.25,27.4375,4,4,4218,"+","Interval_80",0,FALSE,FALSE,FALSE,FALSE,FALSE,FALSE,FALSE,"Liver_hypermethylated"
75,"chr18",4839971,4840225,81,0.196681480788696,0.580682598382869,-0.384001117594174,-1.5865497128646,0.000424736302758806,0.00239449961509437,4,0,0,20.0625,19.125,4,4,1090,"+","Interval_81",0,FALSE,FALSE,FALSE,FALSE,FALSE,FALSE,FALSE,"Liver_hypermethylated"
78,"chr18",4862365,4862905,85,0.838454223329142,0.310675749670546,0.527778473658596,1.65546144211675,0.000223103675340109,0.00155642928518612,5,0,0,31.7,33.65,4,4,880,"+","Interval_85",0,FALSE,FALSE,FALSE,FALSE,FALSE,FALSE,FALSE,"Kidney_hypermethylated"
80,"chr18",4869518,4870317,87,0.152865095293051,0.393484250840663,-0.240619155547612,-1.21616945846678,0.0041446328686461,0.012053369132906,7,0,0,28.6428571428571,29.3571428571429,4,4,2113,"+","Interval_87",0,FALSE,FALSE,FALSE,FALSE,FALSE,FALSE,FALSE,"Liver_hypermethylated"
82,"chr18",4937987,4938670,90,0.888185329249513,0.547180515770431,0.341004813479082,0.875389737121148,0.000346859505915949,0.00212578229613574,5,0,0,36.6,39.55,4,4,2006,"+","Interval_90",0,FALSE,FALSE,FALSE,FALSE,FALSE,FALSE,FALSE,"Kidney_hypermethylated"
83,"chr18",4943731,4945163,91,0.694558892578315,0.172764407747078,0.521794484831237,2.26799117094661,5.13572914785089e-05,0.000658852935564587,7,0,0,29.4285714285714,29.5714285714286,4,4,479,"+","Interval_91",0,FALSE,FALSE,FALSE,FALSE,FALSE,TRUE,TRUE,"Kidney_hypermethylated"
87,"chr18",4980347,4980980,95,0.232966083374104,0.716185468921067,-0.483219385546963,-1.79107531364222,0.000482559363354075,0.00263350558420141,8,0,0,26.15625,26.75,4,4,1126,"+","Interval_95",0,FALSE,FALSE,FALSE,FALSE,FALSE,FALSE,FALSE,"Liver_hypermethylated"
90,"chr18",4993681,4994947,98,0.306044660491058,0.596180221923582,-0.290135561432524,-1.1415478950872,0.001348134878402,0.00531384786900598,13,0,0,30.7884615384615,30.8461538461538,4,4,1559,"+","Interval_98",0,FALSE,FALSE,FALSE,FALSE,FALSE,FALSE,FALSE,"Liver_hypermethylated"
91,"chr18",5007738,5008272,99,0.294362215184309,0.691230675810272,-0.396868460625963,-1.42442314012212,2.72000180652079e-05,0.000461724063565477,6,0,0,34.7916666666667,39.75,4,4,1075,"+","Interval_99",0,FALSE,FALSE,FALSE,FALSE,FALSE,FALSE,FALSE,"Liver_hypermethylated"
92,"chr18",5014377,5015110,100,0.121065080610549,0.589203664647868,-0.468138584037319,-2.55825978907874,0.000175639598277292,0.0013275588332275,7,0,0,34.6071428571429,34.8928571428571,4,4,813,"+","Interval_100",0,FALSE,FALSE,FALSE,FALSE,FALSE,FALSE,FALSE,"Liver_hypermethylated"
94,"chr18",5020675,5020939,102,0.809689183928535,0.543043079300686,0.266646104627849,0.567685097587888,0.00298043840697342,0.00940184497476986,1,0,0,30.75,32.75,4,4,2866,"+","Interval_102",0,FALSE,FALSE,FALSE,FALSE,FALSE,FALSE,FALSE,"Kidney_hypermethylated"
98,"chr18",5098509,5098964,106,0.808551192932913,0.215940231973781,0.592610960959133,2.07464972508693,9.76313493939671e-05,0.00093801586836717,3,0,0,29.5833333333333,30.4166666666667,4,4,639,"+","Interval_106",0,FALSE,FALSE,FALSE,FALSE,FALSE,TRUE,TRUE,"Kidney_hypermethylated"
102,"chr18",5133912,5134515,110,0.38049199577892,0.202489886497112,0.178002109281809,0.972432273467936,0.0128702307836364,0.0287277763041937,6,0,0,26.4583333333333,29,4,4,2753,"+","Interval_110",0,FALSE,FALSE,FALSE,FALSE,FALSE,FALSE,FALSE,"Kidney_hypermethylated"
107,"chr18",5198648,5198924,115,0.3640625,0.555660298307357,-0.191597798307357,-0.596656574824268,0.0249510541697315,0.0476310120761107,1,0,0,30.75,29.75,4,4,3219,"+","Interval_115",0,FALSE,FALSE,FALSE,FALSE,FALSE,FALSE,FALSE,"Liver_hypermethylated"
110,"chr18",5283775,5284233,118,0.307865892972276,0.534471313418682,-0.226605420446406,-0.776437816091161,0.0033025634577752,0.0101827659046807,1,0,0,36.5,35.5,4,4,2252,"+","Interval_118",0,FALSE,FALSE,FALSE,FALSE,FALSE,FALSE,FALSE,"Liver_hypermethylated"
111,"chr18",5298878,5299609,119,0.461141024611509,0.654335506951537,-0.193194482340028,-0.552420736740621,0.0166563018215813,0.0348257824748612,4,0,0,29.6875,30.5625,4,4,2939,"+","Interval_119",0,FALSE,FALSE,FALSE,FALSE,FALSE,FALSE,FALSE,"Liver_hypermethylated"
114,"chr18",5340713,5341681,122,0.285396118431062,0.598440633003897,-0.313044514572835,-1.14625607685759,0.000195423408253393,0.001412796286726,8,0,0,32.28125,31.46875,4,4,1452,"+","Interval_122",0,FALSE,TRUE,TRUE,FALSE,FALSE,FALSE,FALSE,"Liver_hypermethylated"
116,"chr18",5349295,5349723,124,0.821290535444947,0.435298370108153,0.385992165336794,0.941003220905719,0.00129896637552831,0.00514977314685255,2,0,0,18.5,22.125,4,4,1846,"+","Interval_124",0,FALSE,FALSE,FALSE,FALSE,FALSE,FALSE,FALSE,"Kidney_hypermethylated"
117,"chr18",5364829,5365143,126,0.727381290987189,0.195438025755957,0.531943265231232,1.84644166073342,4.9248289863336e-06,0.000205871252523945,5,0,0,38.6,44.55,4,4,602,"+","Interval_126",0,FALSE,FALSE,FALSE,FALSE,FALSE,TRUE,TRUE,"Kidney_hypermethylated"
118,"chr18",5371856,5372308,127,0.224160419740973,0.421291488914898,-0.197131069173925,-1.0996053205873,0.00849182730970743,0.0209483254990575,7,0,0,21.6428571428571,24.3928571428571,3.57142857142857,3.57142857142857,2491,"+","Interval_127",0,FALSE,FALSE,FALSE,FALSE,FALSE,FALSE,FALSE,"Liver_hypermethylated"
119,"chr18",5373084,5374423,128,0.286292964623148,0.603897804204558,-0.317604839581411,-1.06122215102634,0.000287676006976296,0.00184719860278927,8,0,0,27.90625,26.25,4,4,1613,"+","Interval_128",0,FALSE,FALSE,FALSE,FALSE,FALSE,FALSE,FALSE,"Liver_hypermethylated"
120,"chr18",5388481,5389416,129,0.823610189398879,0.363902654250841,0.459707535148038,1.28796105357536,6.60652738925566e-05,0.000765257257905094,7,0,0,26.7142857142857,27.4285714285714,4,4,1243,"+","Interval_129",0,FALSE,FALSE,FALSE,FALSE,FALSE,TRUE,TRUE,"Kidney_hypermethylated"
121,"chr18",5389944,5390612,130,0.559811674158903,0.193319990846682,0.366491683312221,1.9452692246554,5.8272721749977e-05,0.000703508595586657,7,0,0,35.9285714285714,36.2857142857143,4,4,931,"+","Interval_130",0,FALSE,FALSE,FALSE,FALSE,FALSE,TRUE,TRUE,"Kidney_hypermethylated"
122,"chr18",5395946,5396393,131,0.421030824502476,0.46056932950329,-0.0395385050008133,-0.340769272348613,0.00437496389945194,0.0125758904289111,4,0,0,26.5,27.3125,4,4,4476,"+","Interval_131",0,FALSE,FALSE,FALSE,FALSE,FALSE,FALSE,FALSE,"Liver_hypermethylated"
123,"chr18",5414185,5415023,132,0.256711660690443,0.45617039372867,-0.199458733038227,-0.960902776562559,0.0209733292633299,0.0414408708434605,6,0,0,24.875,24.0416666666667,4,4,3110,"+","Interval_132",0,FALSE,FALSE,FALSE,FALSE,FALSE,FALSE,FALSE,"Liver_hypermethylated"
124,"chr18",5427550,5429286,133,0.13383670545361,0.460260041263067,-0.326423335809457,-2.1898659641399,0.00167206155496514,0.00623093890555538,40,0.025,0,18.88125,20.2625,3.225,3.4,1649,"+","Interval_133",0,FALSE,FALSE,FALSE,FALSE,FALSE,FALSE,FALSE,"Liver_hypermethylated"
125,"chr18",5440324,5441514,134,0.628104528338109,0.377292629685856,0.250811898652252,0.773447193420117,0.00110422936960199,0.00459410255667179,8,0,0,27.5,26.15625,4,4,2259,"+","Interval_134",0,FALSE,FALSE,FALSE,FALSE,FALSE,FALSE,FALSE,"Kidney_hypermethylated"
126,"chr18",5536989,5537437,135,0.42519956489153,0.258934050591047,0.166265514300483,0.4691337866258,0.00724617197666164,0.0184992633139118,11,0,0,29.9772727272727,27.5909090909091,4,4,3233,"+","Interval_135",0,FALSE,FALSE,FALSE,FALSE,FALSE,FALSE,FALSE,"Kidney_hypermethylated"
127,"chr18",5590676,5590896,136,0.264480212717272,0.649152818507657,-0.384672605790385,-1.26391083049278,9.91820284728613e-05,0.000946387523238715,1,0,0,38.25,39,4,4,1282,"+","Interval_136",0,FALSE,FALSE,FALSE,FALSE,FALSE,FALSE,FALSE,"Liver_hypermethylated"
129,"chr18",5603477,5604375,138,0.663461101051076,0.219692307266391,0.443768793784686,1.58324341850384,2.58870079865396e-05,0.000451919500219563,13,0,0,31.0961538461538,34.9807692307692,4,4,868,"+","Interval_138",0,FALSE,FALSE,FALSE,FALSE,FALSE,FALSE,FALSE,"Kidney_hypermethylated"
130,"chr18",5624288,5625589,139,0.823616054935394,0.349569986899856,0.474046068035538,1.39631096390769,3.6299707514054e-06,0.000192782611755491,8,0,0,35.4375,39.84375,4,3.875,1111,"+","Interval_139",0,FALSE,FALSE,FALSE,FALSE,FALSE,TRUE,TRUE,"Kidney_hypermethylated"
131,"chr18",5647576,5647924,140,0.933956608689748,0.753070099274447,0.180886509415301,0.326321463113804,0.0103238393963143,0.024167616415372,3,0,0,30.25,28.8333333333333,4,4,3919,"+","Interval_140",0,FALSE,FALSE,FALSE,FALSE,FALSE,FALSE,FALSE,"Kidney_hypermethylated"
132,"chr18",5653783,5654002,142,0.920946759597139,0.734991789819376,0.185954969777763,0.321474136654915,0.00158325078643157,0.00595963417247721,1,0,0,28.75,29.75,4,4,3956,"+","Interval_142",0,FALSE,FALSE,FALSE,FALSE,FALSE,FALSE,FALSE,"Kidney_hypermethylated"
133,"chr18",5679707,5680734,143,0.796091287695653,0.272027474891115,0.524063812804537,1.92015956791628,2.30179403262788e-05,0.000428379272744152,8,0,0,36.09375,35.6875,4,4,517,"+","Interval_143",0,FALSE,FALSE,FALSE,FALSE,FALSE,FALSE,FALSE,"Kidney_hypermethylated"
134,"chr18",5759079,5759563,144,0.869141822669099,0.319105989049555,0.550035833619544,1.55524322523695,6.9909260964414e-06,0.000242933200890567,6,0,0,29.2083333333333,30.0833333333333,4,4,909,"+","Interval_144",0,FALSE,FALSE,FALSE,FALSE,FALSE,FALSE,FALSE,"Kidney_hypermethylated"
135,"chr18",5804093,5805109,145,0.72147960635113,0.526805017122046,0.194674589229084,0.497948587627604,0.0112907292967312,0.0258500490046249,4,0,0,28.4375,26.9375,4,4,3127,"+","Interval_145",0,FALSE,FALSE,FALSE,FALSE,FALSE,FALSE,FALSE,"Kidney_hypermethylated"
136,"chr18",5808968,5809741,146,0.238810435887642,0.30070429780399,-0.0618938619163478,-0.692994184525356,0.00188553777622992,0.00679932113109803,5,0,0,20.85,20.95,4,4,4081,"+","Interval_146",0,FALSE,TRUE,TRUE,FALSE,FALSE,FALSE,FALSE,"Liver_hypermethylated"
138,"chr18",5829613,5829996,149,0.535565389228389,0.600255901903137,-0.0646905126747477,-0.396134516571041,0.00633683272126033,0.0167195521992893,4,0,0,27.3125,30.3125,4,4,4027,"+","Interval_149",0,FALSE,FALSE,FALSE,FALSE,FALSE,FALSE,FALSE,"Liver_hypermethylated"
139,"chr18",5832892,5833387,150,0.92401451046724,0.529207354536302,0.394807155930938,0.897859103794381,2.63282990804479e-07,0.000124617339437297,3,0,0,22.3333333333333,23.6666666666667,4,4,1939,"+","Interval_150",0,FALSE,FALSE,FALSE,FALSE,FALSE,FALSE,FALSE,"Kidney_hypermethylated"
140,"chr18",5835599,5836211,151,0.499637036192555,0.660450840618505,-0.16081380442595,-0.417348714713564,0.0200103559074327,0.04006635290035,4,0,0,28.9375,28.4375,4,4,3470,"+","Interval_151",0,FALSE,FALSE,FALSE,FALSE,FALSE,FALSE,FALSE,"Liver_hypermethylated"
141,"chr18",5860605,5860997,152,0.803070690641848,0.385573055441689,0.417497635200159,1.03943662979108,0.000420103747836491,0.00237969408793136,1,0,0,33.5,33.75,4,4,1648,"+","Interval_152",0,FALSE,FALSE,FALSE,FALSE,FALSE,FALSE,FALSE,"Kidney_hypermethylated"
143,"chr18",5908026,5909024,154,0.919470975790147,0.532127984114597,0.38734299167555,1.02769777866576,0.00145049060832503,0.00558475237353215,3,0,0,29.5833333333333,30.6666666666667,4,4,1672,"+","Interval_154",0,FALSE,FALSE,FALSE,FALSE,FALSE,TRUE,TRUE,"Kidney_hypermethylated"
144,"chr18",5914612,5915423,155,0.828312881848407,0.438766043100331,0.389546838748077,0.938580760404928,0.000206806281763862,0.00147256616620965,3,0,0,28,31.75,4,4,1850,"+","Interval_155",0,FALSE,FALSE,FALSE,FALSE,FALSE,TRUE,TRUE,"Kidney_hypermethylated"
145,"chr18",5920156,5920492,156,0.764421591784397,0.148277837185355,0.616143754599041,2.29175557008912,9.25336881944366e-07,0.000124999888511622,2,0,0,43,41.75,4,4,240,"+","Interval_156",0,FALSE,FALSE,FALSE,FALSE,FALSE,TRUE,TRUE,"Kidney_hypermethylated"
146,"chr18",5931961,5932888,157,0.577220043503459,0.366509973831727,0.210710069671733,0.58011712298255,0.0051926832217704,0.0142973753911771,12,0,0,22.3125,25.2291666666667,4,4,2823,"+","Interval_157",0,FALSE,FALSE,FALSE,FALSE,FALSE,FALSE,FALSE,"Kidney_hypermethylated"
148,"chr18",5971469,5972181,159,0.254103729305342,0.184607577281576,0.0694961520237664,-0.467078398102699,0.00347721107075484,0.0105443470236943,2,0,0,26.875,27.625,4,4,3949,"+","Interval_159",0,FALSE,TRUE,TRUE,FALSE,FALSE,FALSE,FALSE,"Kidney_hypermethylated"
149,"chr18",5984951,5985375,160,0.910069444444444,0.182109434682964,0.72796000976148,2.26435097972556,0.000117111046092954,0.00102606001872238,2,0,0,14.5,15.75,4,4,700,"+","Interval_160",0,FALSE,FALSE,FALSE,FALSE,FALSE,TRUE,TRUE,"Kidney_hypermethylated"
152,"chr18",6055418,6056056,163,0.489989601901367,0.388131414936379,0.101858186964988,-0.199456827987159,0.0219698050408816,0.0431461974995902,3,0,0,29.5833333333333,33.25,4,4,4670,"+","Interval_163",0,FALSE,FALSE,FALSE,FALSE,FALSE,FALSE,FALSE,"Kidney_hypermethylated"
160,"chr18",6411132,6411612,171,0.543912815566544,0.281313576661321,0.262599238905223,1.80646060288742,0.020289965084265,0.040441724113788,3,0,0,39.4166666666667,39.25,4,4,3083,"+","Interval_171",0,FALSE,FALSE,FALSE,FALSE,FALSE,FALSE,FALSE,"Kidney_hypermethylated"
162,"chr18",6450442,6450941,173,0.746090627404905,0.601342566774994,0.144748060629911,0.306098436216037,0.0174691192218003,0.0361095398254067,3,0,0,26.0833333333333,25.25,4,4,4039,"+","Interval_173",0,FALSE,FALSE,FALSE,FALSE,FALSE,FALSE,FALSE,"Kidney_hypermethylated"
163,"chr18",6465037,6465383,174,0.933667785507503,0.80442984637489,0.129237939132614,0.213800215355686,0.0192543529242969,0.0388046538773459,2,0,0,30.875,32.125,4,4,4573,"+","Interval_174",0,FALSE,FALSE,FALSE,FALSE,FALSE,FALSE,FALSE,"Kidney_hypermethylated"
164,"chr18",6476102,6476511,175,0.916872710622711,0.738790883802794,0.178081826819917,0.325106452639686,0.0122287970502778,0.0276475194532587,2,0,0,29.5,33.5,4,4,3926,"+","Interval_175",0,FALSE,FALSE,FALSE,FALSE,FALSE,FALSE,FALSE,"Kidney_hypermethylated"
166,"chr18",6501106,6501538,177,0.862068684920358,0.69452245468175,0.167546230238608,0.323789615823912,0.00352512661417248,0.0106342184801619,2,0,0,31.25,25,4,4,3936,"+","Interval_177",0,FALSE,FALSE,FALSE,FALSE,FALSE,FALSE,FALSE,"Kidney_hypermethylated"
168,"chr18",6531239,6531851,179,0.478270822947074,0.295869080554843,0.182401742392231,0.708541487197759,0.00674829525266562,0.0175787513046334,3,0,0,26.3333333333333,26.6666666666667,4,4,2433,"+","Interval_179",0,FALSE,FALSE,FALSE,FALSE,FALSE,FALSE,FALSE,"Kidney_hypermethylated"
169,"chr18",6563860,6564323,180,0.904070417113282,0.653081094949869,0.250989322163414,0.464078254238035,0.000142676290239666,0.00116279284286837,2,0,0,36.75,35.75,4,4,3260,"+","Interval_180",0,FALSE,FALSE,FALSE,FALSE,FALSE,FALSE,FALSE,"Kidney_hypermethylated"
171,"chr18",6739337,6739794,183,0.771637032220492,0.341781250385278,0.429855781835214,1.29995819811963,0.000163039372460876,0.0012602225707825,4,0,0,27.0625,31.1875,4,4,1228,"+","Interval_183",0,FALSE,FALSE,FALSE,FALSE,FALSE,TRUE,TRUE,"Kidney_hypermethylated"
176,"chr18",6787577,6787946,188,0.944725307469365,0.825984147897642,0.118741159571723,0.193735064686947,0.0141697028672951,0.0309174912577419,2,0,0,31.5,37.5,4,4,4704,"+","Interval_188",0,FALSE,FALSE,FALSE,FALSE,FALSE,FALSE,FALSE,"Kidney_hypermethylated"
178,"chr18",6806537,6807004,191,0.567853420437943,0.730206208413445,-0.162352787975503,-0.359662891672524,0.00255995614919408,0.00847571688405045,2,0,0,42.375,40.375,4,4,3748,"+","Interval_191",0,FALSE,FALSE,FALSE,FALSE,FALSE,FALSE,FALSE,"Liver_hypermethylated"
179,"chr18",6807614,6807912,192,0.356938198913902,0.740646068742711,-0.383707869828809,-1.0818921295663,8.42012948375308e-05,0.000863801263400045,3,0,0,34.5833333333333,33.0833333333333,4,4,1579,"+","Interval_192",0,FALSE,FALSE,FALSE,FALSE,FALSE,FALSE,FALSE,"Liver_hypermethylated"
183,"chr18",7132536,7133386,199,0.898257992007992,0.467392902619452,0.43086508938854,0.988953436347268,0.00712551724097738,0.0182823813969963,2,0,0,33.5,32.875,4,4,2395,"+","Interval_199",0,FALSE,FALSE,FALSE,FALSE,FALSE,TRUE,TRUE,"Kidney_hypermethylated"
184,"chr18",7146919,7147819,200,0.836610012160262,0.613042580630029,0.223567431530233,0.447992128338603,0.00880385432281577,0.0216139372008401,2,0,0,29.25,28.375,4,4,3325,"+","Interval_200",0,FALSE,FALSE,FALSE,FALSE,FALSE,TRUE,TRUE,"Kidney_hypermethylated"
185,"chr18",7157666,7157953,201,0.826617699139152,0.520771831278931,0.305845867860222,0.711409435285144,0.00250867864732364,0.00835546357062534,2,0,0,21.875,25.25,4,4,2416,"+","Interval_201",0,FALSE,FALSE,FALSE,FALSE,FALSE,FALSE,FALSE,"Kidney_hypermethylated"
186,"chr18",7178515,7179387,202,0.902368055587236,0.666256823778784,0.236111231808452,0.473388112565373,0.00572788200028265,0.0154920047938983,6,0,0,28.8333333333333,29.2083333333333,4,4,3208,"+","Interval_202",0,FALSE,FALSE,FALSE,FALSE,FALSE,FALSE,FALSE,"Kidney_hypermethylated"
188,"chr18",7439372,7439626,205,0.159246909443384,0.37149446664638,-0.212247557202996,-1.18719182356613,0.00594644696703767,0.0159081047507386,2,0,0,27.75,35.625,4,4,2297,"+","Interval_205",0,FALSE,FALSE,FALSE,FALSE,FALSE,FALSE,FALSE,"Liver_hypermethylated"
189,"chr18",7458879,7459146,206,0.570357573073251,0.763265942016715,-0.192908368943464,-0.45275396981958,0.00503886404429682,0.0139917847050176,5,0,0,29.7,31.35,4,4,3305,"+","Interval_206",0,FALSE,FALSE,FALSE,FALSE,FALSE,FALSE,FALSE,"Liver_hypermethylated"
190,"chr18",7502125,7503003,207,0.267422685066868,0.723600008846528,-0.45617732377966,-1.50579852159937,0.000139327237201064,0.0011476754324404,14,0,0,29.1607142857143,32.1071428571429,4,4,975,"+","Interval_207",0,FALSE,FALSE,FALSE,FALSE,FALSE,FALSE,FALSE,"Liver_hypermethylated"
191,"chr18",7504152,7504555,208,0.921503856710643,0.286923164250805,0.634580692459838,1.65711861698932,4.2620351685973e-05,0.000580714104457436,2,0,0,31.5,30.5,3.5,4,789,"+","Interval_208",0,FALSE,FALSE,FALSE,FALSE,FALSE,TRUE,TRUE,"Kidney_hypermethylated"
192,"chr18",7510847,7511402,209,0.469412572411741,0.672634214671855,-0.203221642260115,-0.547159117499964,0.00441060457310343,0.0126709514267043,10,0,0,34.9,34.75,4,4,2945,"+","Interval_209",0,FALSE,FALSE,FALSE,FALSE,FALSE,FALSE,FALSE,"Liver_hypermethylated"
193,"chr18",7511964,7512773,210,0.279729496271247,0.692500645471763,-0.412771149200516,-1.39928902167453,2.66477496748642e-05,0.000457676312437458,17,0,0,34,33.7205882352941,3.94117647058824,3.94117647058824,1108,"+","Interval_210",0,FALSE,FALSE,FALSE,FALSE,FALSE,FALSE,FALSE,"Liver_hypermethylated"
196,"chr18",7614211,7614627,214,0.817105919558887,0.689178266868341,0.127927652690546,0.244924258103765,0.023428230987919,0.0453294960392829,4,0,0,27.5625,26.375,4,4,4389,"+","Interval_214",0,FALSE,FALSE,FALSE,FALSE,FALSE,FALSE,FALSE,"Kidney_hypermethylated"
203,"chr18",7756227,7757221,221,0.679322324843426,0.549306408611438,0.130015916231988,0.207596738389423,0.0212130844441852,0.0418473206772129,18,0,0,22.4166666666667,21.7222222222222,3.94444444444444,4,4617,"+","Interval_221",0,TRUE,FALSE,TRUE,FALSE,FALSE,FALSE,FALSE,"Kidney_hypermethylated"
205,"chr18",7852113,7852541,223,0.782044533063555,0.542601724900486,0.239442808163068,0.518842061195332,0.000677212516615085,0.00332120583766935,2,0,0,17.875,20.75,4,4,3039,"+","Interval_223",0,FALSE,FALSE,FALSE,FALSE,FALSE,FALSE,FALSE,"Kidney_hypermethylated"
208,"chr18",7890884,7891380,226,0.884024087206653,0.773569355711493,0.11045473149516,0.204947990662978,0.0122439966965901,0.0276717027217898,2,0,0,31.625,28.875,4,4,4635,"+","Interval_226",0,FALSE,FALSE,FALSE,FALSE,FALSE,FALSE,FALSE,"Kidney_hypermethylated"
212,"chr18",7989986,7990945,231,0.244665861532148,0.507527342052474,-0.262861480520326,-0.988398378089722,0.00169905939330851,0.00629717730511507,4,0,0,29.5,32.375,4,4,1751,"+","Interval_231",0,FALSE,FALSE,FALSE,FALSE,FALSE,FALSE,FALSE,"Liver_hypermethylated"
214,"chr18",8132984,8133314,233,0.6289592760181,0.0601397870268651,0.568819488991234,3.18741902903493,1.13522986237149e-05,0.000301699037480631,1,0,0,32,33.75,4,4,253,"+","Interval_233",0,FALSE,FALSE,FALSE,FALSE,FALSE,TRUE,TRUE,"Kidney_hypermethylated"
215,"chr18",8235982,8236451,234,0.708501146809905,0.653060451913536,0.0554406948963687,0.0811948496005185,0.0252119710194168,0.0480395540819585,7,0,0,24.8928571428571,25.1428571428571,4,4,5468,"+","Interval_234",0,FALSE,FALSE,FALSE,FALSE,FALSE,FALSE,FALSE,"Kidney_hypermethylated"
217,"chr18",8376764,8377160,236,0.483333333333333,0.0648245614035088,0.418508771929825,2.72097894775425,7.10225085110958e-06,0.000242933200890567,1,0,0,27.5,23.5,4,4,694,"+","Interval_236",0,FALSE,FALSE,FALSE,FALSE,FALSE,FALSE,FALSE,"Kidney_hypermethylated"
218,"chr18",8407333,8407588,237,0.228850802021534,0.59550290256812,-0.366652100546586,-1.34202415456027,0.00096835451826749,0.00420830163702526,1,0,0,36.5,33.75,4,4,1414,"+","Interval_237",0,FALSE,FALSE,FALSE,FALSE,FALSE,FALSE,FALSE,"Liver_hypermethylated"
219,"chr18",8415315,8415578,238,0.917618499339037,0.704606320873607,0.21301217846543,0.379301605016475,0.0195886604400075,0.0393643196100795,6,0,0,18.7083333333333,21.375,4,4,3643,"+","Interval_238",0,FALSE,FALSE,FALSE,FALSE,FALSE,FALSE,FALSE,"Kidney_hypermethylated"
221,"chr18",8577614,8577909,240,0.718966368541429,0.457207388861611,0.261758979679818,0.637474944348927,0.00107952289336146,0.00452247274457616,4,0,0,33.25,35,4,4,2618,"+","Interval_240",0,FALSE,FALSE,FALSE,FALSE,FALSE,FALSE,FALSE,"Kidney_hypermethylated"
225,"chr18",8711333,8711637,244,0.161015025575448,0.496035309896197,-0.335020284320749,-1.55046930073042,0.000850677964065347,0.00386357434529309,2,0,0,22.125,26.25,4,4,1353,"+","Interval_244",0,FALSE,FALSE,FALSE,FALSE,FALSE,FALSE,FALSE,"Liver_hypermethylated"
226,"chr18",8719686,8720355,245,0.869694523108147,0.473452956847147,0.396241566261,0.869609233187795,9.21129107710625e-05,0.000905122689829239,6,0,0,37.125,36.625,4,4,2022,"+","Interval_245",0,FALSE,FALSE,FALSE,FALSE,FALSE,FALSE,FALSE,"Kidney_hypermethylated"
228,"chr18",8871404,8871768,248,0.101670916845688,0.255353854717175,-0.153682937871487,-1.26740921859583,0.00597329775950652,0.015965468011915,6,0,0,28.0416666666667,25.7083333333333,4,4,2804,"+","Interval_248",0,FALSE,FALSE,FALSE,FALSE,FALSE,FALSE,FALSE,"Liver_hypermethylated"
233,"chr18",8933202,8933545,253,0.146314320879986,0.347178858094212,-0.200864537214226,-1.54239496736016,0.0079573419574881,0.0199014514972586,3,0,0,37.25,36.3333333333333,4,4,2457,"+","Interval_253",0,FALSE,FALSE,FALSE,FALSE,FALSE,FALSE,FALSE,"Liver_hypermethylated"
235,"chr18",8966493,8967257,255,0.210727411639498,0.305107352893411,-0.094379941253913,-1.58034092174959,0.0118569221413484,0.0269355957702721,4,0,0,37.3125,33.375,4,4,3617,"+","Interval_255",0,FALSE,FALSE,FALSE,FALSE,FALSE,FALSE,FALSE,"Liver_hypermethylated"
237,"chr18",9027165,9027423,257,0.62465246956346,0.444085882001704,0.180566587561757,0.334706041062831,0.00280987811650416,0.00906985212900987,2,0,0,31.25,27.875,4,4,3867,"+","Interval_257",0,FALSE,FALSE,FALSE,FALSE,FALSE,FALSE,FALSE,"Kidney_hypermethylated"
238,"chr18",9147641,9147976,258,0.342579365079365,0.195028051157705,0.14755131392166,0.782126735248968,0.0168516522030281,0.0351147517082427,1,0,0,33.25,36.5,4,4,2949,"+","Interval_258",0,FALSE,FALSE,FALSE,FALSE,FALSE,FALSE,FALSE,"Kidney_hypermethylated"
240,"chr18",9231217,9231521,260,0.898951062304174,0.696948260710582,0.202002801593593,0.37264728841088,0.0229459372157269,0.0446235183078055,4,0,0,22,22.875,4,4,3669,"+","Interval_260",0,FALSE,FALSE,FALSE,FALSE,FALSE,FALSE,FALSE,"Kidney_hypermethylated"
241,"chr18",9291941,9292492,261,0.725782304318489,0.474446294024509,0.251336010293979,0.580514137843868,0.00938573135274335,0.0226381388791255,3,0,0,22.4166666666667,24.5,4,4,2820,"+","Interval_261",0,FALSE,FALSE,FALSE,FALSE,FALSE,FALSE,FALSE,"Kidney_hypermethylated"
242,"chr18",9292895,9293439,262,0.680937857094844,0.326584472172707,0.354353384922137,1.03758733895272,0.00272433780976884,0.0088717836995387,1,0,0,24.75,26.75,4,4,1887,"+","Interval_262",0,FALSE,FALSE,FALSE,FALSE,FALSE,FALSE,FALSE,"Kidney_hypermethylated"
243,"chr18",9370010,9371395,264,0.936993458868731,0.341529098643596,0.595464360225135,1.91529145951528,7.274159310637e-06,0.000242933200890567,6,0,0,27.5,32.625,4,4,522,"+","Interval_264",0,FALSE,FALSE,FALSE,FALSE,FALSE,FALSE,FALSE,"Kidney_hypermethylated"
244,"chr18",9375294,9375718,265,0.885164141414141,0.555429864253394,0.329734277160748,0.66280416196839,0.000734243698503559,0.00349761823822044,1,0,0,25.75,28.5,4,4,2539,"+","Interval_265",0,FALSE,FALSE,FALSE,FALSE,FALSE,FALSE,FALSE,"Kidney_hypermethylated"
245,"chr18",9418657,9419376,267,0.78988170165587,0.456557282410858,0.333324419245012,0.851156545527239,0.00022491151514275,0.00156344033999117,7,0,0,34.3571428571429,32.5357142857143,4,4,2056,"+","Interval_267",0,FALSE,FALSE,FALSE,FALSE,FALSE,FALSE,FALSE,"Kidney_hypermethylated"
247,"chr18",9472377,9472697,271,0.785516934046346,0.442989417989418,0.342527516056928,0.812415292567333,0.00135992759704614,0.00533296431643175,1,0,0,30.5,26.25,4,4,2149,"+","Interval_271",0,TRUE,TRUE,TRUE,TRUE,FALSE,FALSE,FALSE,"Kidney_hypermethylated"
248,"chr18",9478629,9478848,272,0.904288836163836,0.722398051975258,0.181890784188578,0.327815017374153,0.0024624902975366,0.00823734506171062,2,0,0,23.625,25,4,4,3912,"+","Interval_272",0,FALSE,FALSE,FALSE,FALSE,FALSE,FALSE,FALSE,"Kidney_hypermethylated"
249,"chr18",9491010,9491614,275,0.711593936948287,0.463460157099863,0.248133779848424,0.61751477695668,0.00138678135187706,0.00540036210854531,3,0,0,29.5,32.3333333333333,4,4,2680,"+","Interval_275",0,FALSE,FALSE,FALSE,FALSE,FALSE,FALSE,FALSE,"Kidney_hypermethylated"
251,"chr18",9554806,9555429,278,0.0646695805975439,0.448995182775264,-0.38432560217772,-3.03540787138686,0.00106357252266554,0.00449804071010306,14,0,0,14.7857142857143,18.25,3.35714285714286,4,1453,"+","Interval_278",0,FALSE,TRUE,TRUE,FALSE,FALSE,FALSE,FALSE,"Liver_hypermethylated"
252,"chr18",9640505,9640835,279,0.933706340424109,0.728015367581633,0.205690972842477,0.367153462337358,0.00169180793031867,0.00628166751166659,11,0,0,19.6818181818182,20.9318181818182,4,3.90909090909091,3697,"+","Interval_279",0,TRUE,TRUE,TRUE,TRUE,FALSE,FALSE,FALSE,"Kidney_hypermethylated"
254,"chr18",9732544,9732808,281,0.935171837671838,0.651894542542776,0.283277295129062,0.515424480874061,0.00231076821523477,0.00788486869148123,3,0,0,30.8333333333333,33.5,4,4,3058,"+","Interval_281",0,FALSE,FALSE,FALSE,FALSE,FALSE,FALSE,FALSE,"Kidney_hypermethylated"
255,"chr18",9743108,9743942,282,0.249973681464342,0.415711138792613,-0.16573745732827,-1.5410817154426,0.000371371180678049,0.00222266527991456,3,0,0,26.75,28.5,4,4,2649,"+","Interval_282",0,FALSE,FALSE,FALSE,FALSE,FALSE,FALSE,FALSE,"Liver_hypermethylated"
256,"chr18",9763989,9764548,284,0.531329962186723,0.538964470196681,-0.00763450800995746,-0.130065066022985,0.0053165498186535,0.0145524270091874,2,0,0,31,32.5,4,4,5335,"+","Interval_284",0,FALSE,FALSE,FALSE,FALSE,FALSE,FALSE,FALSE,"Liver_hypermethylated"
261,"chr18",10037742,10038554,289,0.793177193839856,0.328154567915335,0.465022625924521,1.4861615942412,0.000642223044878366,0.00319551466459721,2,0,0,32.125,35.125,4,4,1235,"+","Interval_289",0,FALSE,FALSE,FALSE,FALSE,FALSE,TRUE,TRUE,"Kidney_hypermethylated"
264,"chr18",10092470,10093322,292,0.908051703743016,0.560284521784658,0.347767181958358,0.802545897486112,0.00205015897685068,0.00722714677160482,14,0,0,24.8571428571429,27.7857142857143,3.92857142857143,3.92857142857143,2180,"+","Interval_292",0,FALSE,FALSE,FALSE,FALSE,FALSE,TRUE,TRUE,"Kidney_hypermethylated"
265,"chr18",10102775,10103736,293,0.798512843989818,0.634154608199963,0.164358235789854,0.355826845972409,0.0184664043576343,0.037712214947711,4,0,0,36.875,36.1875,4,4,3764,"+","Interval_293",0,FALSE,FALSE,FALSE,FALSE,FALSE,TRUE,TRUE,"Kidney_hypermethylated"
269,"chr18",10343114,10343994,299,0.584220464932143,0.553657091312035,0.0305633736201081,-0.103399178028748,0.00984022635713475,0.0233558095653121,7,0,0,33.7142857142857,33.8571428571429,4,4,5321,"+","Interval_299",0,FALSE,FALSE,FALSE,FALSE,FALSE,FALSE,FALSE,"Kidney_hypermethylated"
270,"chr18",10348337,10348842,300,0.898997308997309,0.48367269984917,0.415324609148139,0.880721157358645,2.41766411556782e-05,0.000432108391263738,1,0,0,40.5,34.75,4,4,1989,"+","Interval_300",0,TRUE,FALSE,TRUE,FALSE,FALSE,FALSE,FALSE,"Kidney_hypermethylated"
271,"chr18",10358968,10359770,301,0.423951214947167,0.704900665260756,-0.280949450313589,-0.783484821414967,0.000728636580539319,0.00347899905781982,9,0,0,37.1111111111111,36.25,4,4,2232,"+","Interval_301",0,FALSE,FALSE,FALSE,FALSE,FALSE,FALSE,FALSE,"Liver_hypermethylated"
272,"chr18",10382607,10383050,302,0.200689206904305,0.518196745761722,-0.317507538857417,-1.34391681519454,0.000148603404366919,0.0011968124768476,5,0,0,35.95,34.4,4,4,1213,"+","Interval_302",0,FALSE,FALSE,FALSE,FALSE,FALSE,FALSE,FALSE,"Liver_hypermethylated"
275,"chr18",10418546,10418944,305,0.215582227584971,0.375333888033206,-0.159751660448236,-0.851631277270411,0.0165075854210916,0.0346563417877035,7,0,0,33.0714285714286,30.9285714285714,4,4,2927,"+","Interval_305",0,FALSE,FALSE,FALSE,FALSE,FALSE,FALSE,FALSE,"Liver_hypermethylated"
276,"chr18",10427995,10428460,306,0.285812726409702,0.481597744395471,-0.195785017985769,-0.71772313632079,0.0165864312216286,0.0347506375236644,4,0,0,26.5625,28.5,4,4,2933,"+","Interval_306",0,FALSE,FALSE,FALSE,FALSE,FALSE,FALSE,FALSE,"Liver_hypermethylated"
279,"chr18",10461514,10462091,310,0.466393488811084,0.292022097790123,0.174371391020961,0.766089298887522,0.0114084303286561,0.0260685845728049,11,0,0,27.3636363636364,28.5909090909091,4,4,2689,"+","Interval_310",0,FALSE,FALSE,FALSE,FALSE,FALSE,FALSE,FALSE,"Kidney_hypermethylated"
282,"chr18",10523027,10523732,313,0.891183969422439,0.515473918833578,0.37571005058886,0.904494159914958,1.27480206983313e-05,0.000313346348764984,11,0,0,31.2954545454545,33.0681818181818,4,4,1925,"+","Interval_313",0,FALSE,FALSE,FALSE,FALSE,FALSE,FALSE,FALSE,"Kidney_hypermethylated"
283,"chr18",10531375,10531886,314,0.501112590504038,0.24717869830933,0.253933892194708,1.56584110316064,0.00203513876584891,0.00718731477939171,4,0,0,20.9375,20.9375,4,4,1740,"+","Interval_314",0,FALSE,FALSE,FALSE,FALSE,FALSE,FALSE,FALSE,"Kidney_hypermethylated"
284,"chr18",10532254,10533422,315,0.375995970280951,0.129263323449786,0.246732646831165,1.47243163078466,0.00169844110049807,0.00629717730511507,37,0,0,23.3783783783784,24.6283783783784,3.97297297297297,3.97297297297297,1776,"+","Interval_315",0,FALSE,FALSE,FALSE,FALSE,FALSE,FALSE,FALSE,"Kidney_hypermethylated"
287,"chr18",10654009,10654733,318,0.405606673685209,0.630329260724645,-0.224722587039435,-0.772137959110695,0.00775386686929742,0.0195232227585631,5,0,0,31.5,33.7,4,4,2440,"+","Interval_318",0,FALSE,FALSE,FALSE,FALSE,FALSE,FALSE,FALSE,"Liver_hypermethylated"
289,"chr18",10683791,10684274,320,0.909471013019379,0.621480969061338,0.287990043958041,0.545465026695524,0.0104353926207477,0.0243730473791314,2,0,0,44.125,40,4,4,2952,"+","Interval_320",0,FALSE,FALSE,FALSE,FALSE,FALSE,FALSE,FALSE,"Kidney_hypermethylated"
292,"chr18",10826267,10827161,323,0.241403300660017,0.3123971715153,-0.0709938708552832,-0.770401249752358,0.0192523031372988,0.0388046538773459,4,0,0,31.875,34,4,4,3926,"+","Interval_323",0,FALSE,FALSE,FALSE,FALSE,FALSE,FALSE,FALSE,"Liver_hypermethylated"
293,"chr18",10839659,10840388,324,0.486518120754451,0.641824943130339,-0.155306822375887,-0.426085591608747,0.019896789245886,0.0398909526642641,14,0,0,30.8928571428571,30.1071428571429,4,4,3432,"+","Interval_324",0,FALSE,FALSE,FALSE,FALSE,FALSE,FALSE,FALSE,"Liver_hypermethylated"
294,"chr18",10846647,10847204,325,0.390854229021198,0.215114623051004,0.175739605970194,0.956258022907515,0.00416472622978195,0.012096989844991,3,0,0,27.4166666666667,27.1666666666667,4,4,2524,"+","Interval_325",0,FALSE,FALSE,FALSE,FALSE,FALSE,FALSE,FALSE,"Kidney_hypermethylated"
296,"chr18",10885507,10886373,327,0.483748598434784,0.302198151990133,0.181550446444651,0.520490137169787,0.0142070915806287,0.0309364201853166,7,0,0,26.9642857142857,27.8571428571429,4,4,3036,"+","Interval_327",0,FALSE,FALSE,FALSE,FALSE,FALSE,FALSE,FALSE,"Kidney_hypermethylated"
297,"chr18",10903652,10904241,328,0.256032293263151,0.442566718135216,-0.186534424872066,-0.783312231840597,0.0102975619192737,0.024149843684308,4,0,0,29.8125,27.5625,4,4,2620,"+","Interval_328",0,FALSE,FALSE,FALSE,FALSE,FALSE,FALSE,FALSE,"Liver_hypermethylated"
298,"chr18",10905115,10905582,329,0.283554468593383,0.342165430281022,-0.058610961687639,-0.557551241055748,0.0184758441939187,0.0377189576649935,5,0,0,32.25,30.35,4,4,4129,"+","Interval_329",0,FALSE,FALSE,FALSE,FALSE,FALSE,FALSE,FALSE,"Liver_hypermethylated"
299,"chr18",10914928,10915405,330,0.661306895550483,0.551731803143093,0.109575092407389,0.257090976409522,0.0263054085167558,0.0497221579007887,1,0,0,43.25,34,4,4,4320,"+","Interval_330",0,FALSE,FALSE,FALSE,FALSE,FALSE,FALSE,FALSE,"Kidney_hypermethylated"
302,"chr18",10976556,10977438,333,0.194663575135633,0.274065538009919,-0.0794019628742852,-1.14336524016606,0.0146498797256472,0.0316872618493848,8,0,0,28.53125,29.5625,4,4,3803,"+","Interval_333",0,FALSE,FALSE,FALSE,FALSE,FALSE,FALSE,FALSE,"Liver_hypermethylated"
303,"chr18",11035435,11035918,334,0.345099850727711,0.442600259712779,-0.0975004089850679,-0.630767607672975,0.0117462819495081,0.0267237699295547,4,0,0,21.6875,20,4,3.75,3566,"+","Interval_334",0,FALSE,FALSE,FALSE,FALSE,FALSE,FALSE,FALSE,"Liver_hypermethylated"
304,"chr18",11044607,11044935,335,0.222222222222222,0,0.222222222222222,4.53743413063857,0.0256431501180967,0.0487402281087858,1,1,0,2,3.75,0,0,3233,"+","Interval_335",0,TRUE,TRUE,TRUE,TRUE,FALSE,FALSE,FALSE,"Kidney_hypermethylated"
307,"chr18",11075855,11076048,338,0.227052690511342,0.602915727870401,-0.37586303735906,-1.37231236836345,9.85646980807201e-05,0.000943426899853622,4,0,0,22.875,22.1875,4,4,1130,"+","Interval_338",0,FALSE,FALSE,FALSE,FALSE,FALSE,FALSE,FALSE,"Liver_hypermethylated"
308,"chr18",11096549,11096910,339,0.63687079158946,0.430219902910224,0.206650888679236,0.615153090401009,0.00214748596409837,0.00748513967633833,4,0,0,32.125,29.5625,4,4,2684,"+","Interval_339",0,FALSE,FALSE,FALSE,FALSE,FALSE,FALSE,FALSE,"Kidney_hypermethylated"
309,"chr18",11119011,11119521,340,0.21321728981428,0.429894363277877,-0.216677073463597,-0.989064296518223,0.0012904243943165,0.00512251802524218,4,0,0,34.5625,31.25,4,4,2061,"+","Interval_340",0,FALSE,FALSE,FALSE,FALSE,FALSE,FALSE,FALSE,"Liver_hypermethylated"
310,"chr18",11204769,11205578,342,0.0509732343371938,0.560393522193703,-0.509420287856509,-3.43408035783991,0.00144625028603262,0.00557891274806683,3,0,0,23.75,18.9166666666667,4,3.66666666666667,1593,"+","Interval_342",0,FALSE,FALSE,FALSE,FALSE,FALSE,FALSE,FALSE,"Liver_hypermethylated"
313,"chr18",11268437,11269026,346,0.193078575302949,0.446193218732386,-0.253114643429437,-1.29878786563693,0.00255692270121273,0.00847023719620068,7,0,0,35.4285714285714,31.1785714285714,4,4,1855,"+","Interval_346",0,FALSE,FALSE,FALSE,FALSE,FALSE,FALSE,FALSE,"Liver_hypermethylated"
314,"chr18",11317084,11317834,347,0.621129326967568,0.285399079361596,0.335730247605972,1.09258992117607,0.000576539262105233,0.00295152338188326,3,0,0,36.8333333333333,32.4166666666667,4,4,1554,"+","Interval_347",0,FALSE,FALSE,FALSE,FALSE,FALSE,FALSE,FALSE,"Kidney_hypermethylated"
315,"chr18",11327058,11327580,348,0.321119736758395,0.459886397044661,-0.138766660286266,-0.744085315598401,0.0180798621392209,0.0370543985045547,3,0,0,36.6666666666667,35.3333333333333,4,4,2997,"+","Interval_348",0,FALSE,FALSE,FALSE,FALSE,FALSE,FALSE,FALSE,"Liver_hypermethylated"
320,"chr18",11466823,11467112,353,0.900634367872271,0.447172750621026,0.453461617251245,0.994132492988773,0.000183184567125329,0.00135721314177358,1,0,0,30.75,34.75,4,4,1738,"+","Interval_353",0,FALSE,FALSE,FALSE,FALSE,FALSE,FALSE,FALSE,"Kidney_hypermethylated"
321,"chr18",11470742,11471380,354,0.0744147667651013,0.444494218256048,-0.370079451490946,-2.53383994055936,0.000112940188539758,0.00100773250649645,14,0,0,30.5714285714286,32.2321428571429,4,4,913,"+","Interval_354",0,FALSE,FALSE,FALSE,FALSE,FALSE,FALSE,FALSE,"Liver_hypermethylated"
322,"chr18",11479416,11480578,355,0.450737187841959,0.591739782715203,-0.141002594873244,-0.585734478941943,0.00373179844214543,0.01111152197257,6,0,0,36.6666666666667,35.6666666666667,4,4,2966,"+","Interval_355",0,FALSE,FALSE,FALSE,FALSE,FALSE,FALSE,FALSE,"Liver_hypermethylated"
324,"chr18",11614327,11614826,357,0.377689484942253,0.699628606184563,-0.32193912124231,-0.937391137621696,0.000217099852233179,0.00152815417179025,7,0,0,33.1071428571429,35.3214285714286,4,4,1855,"+","Interval_357",0,FALSE,FALSE,FALSE,FALSE,FALSE,FALSE,FALSE,"Liver_hypermethylated"
330,"chr18",11728048,11728524,363,0.930133434836919,0.581226673381846,0.348906761455074,0.870753204282098,4.11843659122129e-05,0.000571282005712299,2,0,0,35.125,34.25,4,4,2019,"+","Interval_363",0,FALSE,FALSE,FALSE,FALSE,FALSE,FALSE,FALSE,"Kidney_hypermethylated"
331,"chr18",11766553,11767299,364,0.813488441438216,0.397059648971488,0.416428792466728,1.17679810092311,0.000127938932524172,0.00108059006298785,9,0,0,30.1388888888889,32.5833333333333,4,4,1407,"+","Interval_364",0,FALSE,FALSE,FALSE,FALSE,FALSE,FALSE,FALSE,"Kidney_hypermethylated"
332,"chr18",11772793,11773336,365,0.864037626518108,0.354459432589899,0.509578193928209,1.74083767453575,1.05624855078441e-05,0.000292371502007668,9,0,0,33.2222222222222,31.3888888888889,4,4,710,"+","Interval_365",0,FALSE,FALSE,FALSE,FALSE,FALSE,FALSE,FALSE,"Kidney_hypermethylated"
334,"chr18",11801419,11801684,367,0.798518696278197,0.393462227736421,0.405056468541776,1.00284752087754,1.33437571271467e-05,0.000322824360418569,1,0,0,37.75,34,4,4,1726,"+","Interval_367",0,FALSE,FALSE,FALSE,FALSE,FALSE,FALSE,FALSE,"Kidney_hypermethylated"
337,"chr18",11854860,11855587,370,0.329400614418574,0.589180474797714,-0.259779860379139,-1.07154820606629,0.00770025972219428,0.0194165350811998,3,0,0,27.5,29,4,4,2437,"+","Interval_370",0,FALSE,FALSE,FALSE,FALSE,FALSE,FALSE,FALSE,"Liver_hypermethylated"
338,"chr18",11862520,11863019,371,0.513192036987593,0.641015393533832,-0.127823356546238,-0.726472111267216,0.00386381029867217,0.0114259452768722,8,0,0,27.1875,29.875,4,4,3143,"+","Interval_371",0,FALSE,FALSE,FALSE,FALSE,FALSE,FALSE,FALSE,"Liver_hypermethylated"
339,"chr18",11875701,11875925,372,0.571925652063159,0.344611646135863,0.227314005927295,0.656221444740568,0.00371846043835941,0.0110922035891838,6,0,0,27.0833333333333,28.3333333333333,4,4,2557,"+","Interval_372",0,FALSE,FALSE,FALSE,FALSE,FALSE,FALSE,FALSE,"Kidney_hypermethylated"
340,"chr18",11883424,11884588,373,0.0520968501637352,0.378410607628692,-0.326313757464956,-2.68608099533565,0.0124927886448227,0.0281099180602108,9,0,0,19.75,20.1944444444444,3.55555555555556,3.33333333333333,2731,"+","Interval_373",0,FALSE,FALSE,FALSE,FALSE,FALSE,FALSE,FALSE,"Liver_hypermethylated"
341,"chr18",11892760,11893195,374,0.638720011947635,0.755157684623624,-0.116437672675989,-0.294270519370197,0.0142007332518346,0.0309335362752653,14,0,0,26.8214285714286,26.0892857142857,4,4,4114,"+","Interval_374",0,FALSE,FALSE,FALSE,FALSE,FALSE,FALSE,FALSE,"Liver_hypermethylated"
342,"chr18",11899896,11900612,375,0.393461348792138,0.597867258546366,-0.204405909754228,-0.588762837321438,0.0248443759556328,0.0475159322276264,6,0,0,22.0833333333333,21.8333333333333,4,4,3213,"+","Interval_375",0,FALSE,FALSE,FALSE,FALSE,FALSE,FALSE,FALSE,"Liver_hypermethylated"
343,"chr18",11939748,11940156,376,0.416415738412057,0.560915774853644,-0.144500036441587,-0.469251984860048,0.0188105162554554,0.0381811498687808,7,0,0,29.3571428571429,30.75,4,4,3232,"+","Interval_376",0,FALSE,FALSE,FALSE,FALSE,FALSE,FALSE,FALSE,"Liver_hypermethylated"
344,"chr18",11946967,11947360,377,0.396073497106485,0.302011338453496,0.0940621586529891,1.0205886543165,0.00252284654828796,0.00837994164282675,5,0,0,27.75,29.2,4,4,3623,"+","Interval_377",0,FALSE,FALSE,FALSE,FALSE,FALSE,FALSE,FALSE,"Kidney_hypermethylated"
345,"chr18",11966363,11967573,378,0.299980353999334,0.273944241384005,0.0260361126153291,-0.540327106786984,0.00954738175624157,0.0228816930156414,6,0,0,24.8333333333333,24.0416666666667,4,3.83333333333333,4742,"+","Interval_378",0,FALSE,FALSE,FALSE,FALSE,FALSE,FALSE,FALSE,"Kidney_hypermethylated"
346,"chr18",11995617,11996603,379,0.263376427131844,0.614872242139144,-0.351495815007301,-1.28416959156828,0.000231347179476544,0.0015937538317078,13,0,0,25.4230769230769,28.25,3.92307692307692,3.92307692307692,1247,"+","Interval_379",0,FALSE,FALSE,FALSE,FALSE,FALSE,FALSE,FALSE,"Liver_hypermethylated"
347,"chr18",12018023,12018340,380,0.594659602971623,0.352560671109058,0.242098931862565,0.990309857895703,0.000881347532067765,0.00395897703549445,2,0,0,21.5,27.375,4,4,1817,"+","Interval_380",0,FALSE,FALSE,FALSE,FALSE,FALSE,FALSE,FALSE,"Kidney_hypermethylated"
348,"chr18",12022336,12022573,381,0.42274167639804,0.737670620075322,-0.314928943677282,-1.14354817676787,0.00119694473384223,0.00486135187670884,4,0,0,21.75,24.25,4,4,1513,"+","Interval_381",0,FALSE,FALSE,FALSE,FALSE,FALSE,FALSE,FALSE,"Liver_hypermethylated"
349,"chr18",12023338,12024355,382,0.605220673747753,0.168778695456807,0.436441978290945,2.02644210364369,0.000370109140353899,0.00221884943168264,5,0,0,21.3,21.65,3.2,3.6,1025,"+","Interval_382",0,FALSE,FALSE,FALSE,FALSE,FALSE,TRUE,TRUE,"Kidney_hypermethylated"
350,"chr18",12043139,12043702,383,0.840196048083983,0.527193639878818,0.313002408205164,0.889854625403998,0.000457312073720089,0.00252487214106914,10,0,0,21.75,24.7,4,4,1962,"+","Interval_383",0,FALSE,FALSE,FALSE,FALSE,FALSE,FALSE,FALSE,"Kidney_hypermethylated"
351,"chr18",12091128,12091522,384,0.920833333333333,0.727856481073393,0.19297685225994,0.345905572591174,0.00246757984617463,0.00824539323259548,2,0,0,22.75,25.25,4,4,3811,"+","Interval_384",0,FALSE,FALSE,FALSE,FALSE,FALSE,FALSE,FALSE,"Kidney_hypermethylated"
356,"chr18",12135503,12135896,390,0.492880796158176,0.770537029705635,-0.277656233547459,-0.712287022821273,0.00215058056632402,0.00748743205669183,2,0,0,35,41,4,4,2415,"+","Interval_390",0,FALSE,FALSE,FALSE,FALSE,FALSE,FALSE,FALSE,"Liver_hypermethylated"
357,"chr18",12166819,12167587,391,0.496020456154932,0.0847601606922016,0.41126029546273,2.67882132967884,8.51411099863426e-05,0.000867648624985199,12,0,0,28.1666666666667,30.7708333333333,4,4,726,"+","Interval_391",0,FALSE,FALSE,FALSE,FALSE,FALSE,TRUE,TRUE,"Kidney_hypermethylated"
359,"chr18",12182305,12182582,393,0.678491239531284,0.506962481962482,0.171528757568802,0.413378715219932,0.00466436858456436,0.0131903106084436,1,0,0,28.75,33.5,4,4,3494,"+","Interval_393",0,FALSE,FALSE,FALSE,FALSE,FALSE,FALSE,FALSE,"Kidney_hypermethylated"
360,"chr18",12184992,12185480,394,0.91736159058151,0.807206052014967,0.110155538566543,0.190230056255263,0.026127003331311,0.0494762513007414,7,0,0,26.8214285714286,26.3214285714286,4,4,4726,"+","Interval_394",0,FALSE,FALSE,FALSE,FALSE,FALSE,FALSE,FALSE,"Kidney_hypermethylated"
361,"chr18",12187498,12187741,395,0.692774470899471,0.838871040661769,-0.146096569762298,-0.271851567440137,0.00632043303389039,0.0166906149519796,2,0,0,22.5,22.5,4,4,4234,"+","Interval_395",0,FALSE,FALSE,FALSE,FALSE,FALSE,FALSE,FALSE,"Liver_hypermethylated"
362,"chr18",12221017,12221317,396,0.746085304977234,0.558492294712705,0.187593010264529,0.42788053661259,0.00780222831955427,0.0196173048378318,3,0,0,38.3333333333333,38.5,4,4,3425,"+","Interval_396",0,FALSE,FALSE,FALSE,FALSE,FALSE,FALSE,FALSE,"Kidney_hypermethylated"
363,"chr18",12224177,12224536,397,0.781257303527169,0.450655193435375,0.330602110091793,0.927571317411827,0.000175938407384151,0.00132795414479223,5,0,0,25.6,26.4,4,4,1875,"+","Interval_397",0,FALSE,FALSE,FALSE,FALSE,FALSE,FALSE,FALSE,"Kidney_hypermethylated"
365,"chr18",12255658,12256812,399,0.531207006903741,0.095729712558469,0.435477294345272,2.52209455119432,0.000112245772774124,0.00100773250649645,15,0,0,22.95,24.55,4,4,684,"+","Interval_399",0,FALSE,FALSE,FALSE,FALSE,FALSE,TRUE,TRUE,"Kidney_hypermethylated"
366,"chr18",12258236,12258796,400,0.612700118960406,0.0948778559125699,0.517822263047837,2.64890347319353,3.40453716891512e-05,0.000523111225493624,7,0,0,27.8571428571429,29.9642857142857,4,4,399,"+","Interval_400",0,FALSE,FALSE,FALSE,FALSE,FALSE,TRUE,TRUE,"Kidney_hypermethylated"
367,"chr18",12269939,12270170,401,0.185297285679697,0.352925930103349,-0.167628644423652,-0.991993490611353,0.00242754752426078,0.00815497792054475,2,0,0,32.25,29.5,4,4,2623,"+","Interval_401",0,FALSE,FALSE,FALSE,FALSE,FALSE,FALSE,FALSE,"Liver_hypermethylated"
370,"chr18",12368834,12369122,404,0.533812853292801,0.309719873710346,0.224092979582455,0.958885468904246,0.0034370848012512,0.0104610629537834,4,0,0,25.875,27.3125,4,4,2019,"+","Interval_404",0,FALSE,FALSE,FALSE,FALSE,FALSE,FALSE,FALSE,"Kidney_hypermethylated"
371,"chr18",12423335,12424513,405,0.899225506098236,0.469749232588788,0.429476273509447,1.07328710869001,0.00011334225259453,0.00100773250649645,8,0,0,29.1875,28.875,4,4,1595,"+","Interval_405",0,FALSE,FALSE,FALSE,FALSE,FALSE,FALSE,FALSE,"Kidney_hypermethylated"
372,"chr18",12435507,12435817,406,0.22893685018685,0.618853779519414,-0.389916929332564,-1.42326943218533,0.000386454979234249,0.00227033063804442,4,0,0,21.875,22.75,4,4,1077,"+","Interval_406",0,FALSE,FALSE,FALSE,FALSE,FALSE,FALSE,FALSE,"Liver_hypermethylated"
374,"chr18",12447951,12448437,408,0.68632007057565,0.508129596624462,0.178190473951188,0.408084422538947,0.00697980744627396,0.0179610204176522,3,0,0,41.9166666666667,38.3333333333333,4,4,3516,"+","Interval_408",0,FALSE,FALSE,FALSE,FALSE,FALSE,FALSE,FALSE,"Kidney_hypermethylated"
375,"chr18",12472573,12473379,409,0.489359831783066,0.451789323027149,0.037570508755917,-0.337659204283512,0.00312721510520289,0.00974973963544989,6,0,0,30.5416666666667,32.5,4,4,4504,"+","Interval_409",0,FALSE,FALSE,FALSE,FALSE,FALSE,FALSE,FALSE,"Kidney_hypermethylated"
376,"chr18",12503955,12504691,410,0.197372648091755,0.544080252670154,-0.3467076045784,-1.47426026404205,0.00107650952786026,0.00452240072478466,7,0,0,24.4642857142857,23.3571428571429,4,4,1462,"+","Interval_410",0,FALSE,FALSE,FALSE,FALSE,FALSE,FALSE,FALSE,"Liver_hypermethylated"
377,"chr18",12517537,12517822,411,0.407238500770027,0.580770823116712,-0.173532322346685,-0.431362032316141,0.0117696528022873,0.0267571278098615,5,0,0,26.35,23.25,4,4,3409,"+","Interval_411",0,FALSE,FALSE,FALSE,FALSE,FALSE,FALSE,FALSE,"Liver_hypermethylated"
378,"chr18",12637003,12637332,413,0.821045852157997,0.587776251512323,0.233269600645674,0.477512501222236,0.00122045882206146,0.00491462612160398,5,0,0,31.6,32.45,4,4,3194,"+","Interval_413",0,FALSE,FALSE,FALSE,FALSE,FALSE,FALSE,FALSE,"Kidney_hypermethylated"
380,"chr18",12647832,12648402,415,0.721959406463022,0.312319014060987,0.409640392402034,1.34176218409279,2.5861042409341e-05,0.000451919500219563,2,0,0,33.125,36.625,4,4,1169,"+","Interval_415",0,FALSE,FALSE,FALSE,FALSE,FALSE,TRUE,TRUE,"Kidney_hypermethylated"
381,"chr18",12689604,12689940,416,0.221234351225168,0.562657444567461,-0.341423093342293,-1.61240111006922,0.000254884606433011,0.00170617201147151,15,0,0,26.5666666666667,26.5166666666667,4,4,1065,"+","Interval_416",0,FALSE,FALSE,FALSE,FALSE,FALSE,FALSE,FALSE,"Liver_hypermethylated"
382,"chr18",12722135,12722735,417,0.899148668883425,0.637893966471738,0.261254702411687,0.516286437349133,0.00578866476124051,0.0156014670867645,8,0,0,23.15625,22.40625,3.875,3.75,3054,"+","Interval_417",0,FALSE,FALSE,FALSE,FALSE,FALSE,FALSE,FALSE,"Kidney_hypermethylated"
384,"chr18",12731537,12731848,419,0.750814073059854,0.460434028332635,0.290380044727219,1.04586135981794,0.0169580804718948,0.0352647730963767,4,0,0,21.5625,22.0625,4,4,2955,"+","Interval_419",0,FALSE,FALSE,FALSE,FALSE,FALSE,FALSE,FALSE,"Kidney_hypermethylated"
386,"chr18",12773067,12774205,421,0.786076015367427,0.360893531166932,0.425182484200496,1.33722946072635,0.00353571936380623,0.010650487985583,8,0,0,18.90625,18.46875,3,3.125,2040,"+","Interval_421",0,FALSE,FALSE,FALSE,FALSE,FALSE,FALSE,FALSE,"Kidney_hypermethylated"
388,"chr18",12785107,12785955,423,0.443489085438683,0.810490564531051,-0.367001479092368,-0.877212859986954,6.5019432758538e-05,0.000761036979621364,6,0,0,32.125,36.5416666666667,4,4,2002,"+","Interval_423",0,FALSE,FALSE,FALSE,FALSE,FALSE,FALSE,FALSE,"Liver_hypermethylated"
389,"chr18",12790809,12791091,424,0.501516295289115,0.698687960621692,-0.197171665332577,-0.536908011374016,0.01296203607369,0.0288907187786816,5,0,0,16.9,20.85,4,4,2982,"+","Interval_424",0,FALSE,FALSE,FALSE,FALSE,FALSE,FALSE,FALSE,"Liver_hypermethylated"
391,"chr18",12802794,12803348,426,0.575485366660283,0.60083792281437,-0.0253525561540867,-0.25322963224014,0.00917493306658725,0.0223022008283934,6,0,0,28,27.9583333333333,4,4,4763,"+","Interval_426",0,FALSE,FALSE,FALSE,FALSE,FALSE,FALSE,FALSE,"Liver_hypermethylated"
392,"chr18",12807030,12807311,427,0.504293014708279,0.058722288813822,0.445570725894457,3.13023437591231,0.00423060847410445,0.0122512201099773,3,0,0,18.75,17.25,4,4,2122,"+","Interval_427",0,FALSE,FALSE,FALSE,FALSE,FALSE,TRUE,TRUE,"Kidney_hypermethylated"
393,"chr18",12809788,12811436,428,0.731809273079321,0.332199921917526,0.399609351161795,1.53206694976809,0.000190496681107806,0.00138205679505014,15,0,0,32.25,34.45,4,4,939,"+","Interval_428",0,FALSE,FALSE,FALSE,FALSE,FALSE,FALSE,FALSE,"Kidney_hypermethylated"
395,"chr18",12832067,12832477,430,0.922131179550151,0.441690179798342,0.480440999751809,1.33375781341106,0.000102717573067076,0.000954916015880757,3,0,0,33.6666666666667,37.75,4,4,1181,"+","Interval_430",0,FALSE,FALSE,FALSE,FALSE,FALSE,TRUE,TRUE,"Kidney_hypermethylated"
396,"chr18",12833724,12834646,431,0.791894469654288,0.854076987784522,-0.0621825181302333,-0.117194112916721,0.0148333692462137,0.0319044641295005,7,0,0,31.1785714285714,32.8571428571429,4,4,5212,"+","Interval_431",0,FALSE,FALSE,FALSE,FALSE,FALSE,FALSE,FALSE,"Liver_hypermethylated"
398,"chr18",12868589,12869580,433,0.893071332206489,0.607312438213361,0.285758893993129,0.573376908068115,0.000468236716488239,0.00256673918182001,6,0,0,29.8333333333333,30.3333333333333,4,4,2845,"+","Interval_433",0,FALSE,FALSE,FALSE,FALSE,FALSE,FALSE,FALSE,"Kidney_hypermethylated"
400,"chr18",12925736,12926067,435,0.217938335913322,0.620012650401677,-0.402074314488355,-1.66670134068652,0.000462349438415673,0.00254542268372275,8,0,0,17.34375,20.9375,4,4,1116,"+","Interval_435",0,FALSE,FALSE,FALSE,FALSE,FALSE,FALSE,FALSE,"Liver_hypermethylated"
401,"chr18",12931364,12931776,436,0.727838945972864,0.512685892273741,0.215153053699123,0.770929719932279,0.00995560780974638,0.0235116102962688,4,0,0,25.75,25.625,4,4,2602,"+","Interval_436",0,FALSE,FALSE,FALSE,FALSE,FALSE,TRUE,TRUE,"Kidney_hypermethylated"
402,"chr18",12935648,12936607,437,0.911411310660664,0.587245954134682,0.324165356525982,0.745752825818737,0.0001859417442244,0.00135918775062322,6,0,0,42.1666666666667,43.4583333333333,4,4,2335,"+","Interval_437",0,FALSE,FALSE,FALSE,FALSE,FALSE,TRUE,TRUE,"Kidney_hypermethylated"
404,"chr18",12946908,12948400,439,0.110551407232287,0.07541678655019,0.0351346206820967,1.24222014032094,0.0226484062223344,0.0441823670591254,28,0,0,19.1875,20.0803571428571,3.46428571428571,3.57142857142857,4560,"+","Interval_439",0,FALSE,FALSE,FALSE,FALSE,FALSE,FALSE,FALSE,"Kidney_hypermethylated"
407,"chr18",12998167,12998716,442,0.850016419221561,0.270327662573193,0.579688756648368,1.90761113565698,8.94406158642267e-06,0.000265411655726936,5,0,0,25.9,30.65,4,4,534,"+","Interval_442",0,FALSE,FALSE,FALSE,FALSE,FALSE,FALSE,FALSE,"Kidney_hypermethylated"
409,"chr18",13027556,13027852,444,0.458197346219363,0.292757936507937,0.165439409711427,0.839143987454029,0.0245445342266709,0.04705964518655,2,0,0,28,23.5,4,4,3205,"+","Interval_444",0,FALSE,FALSE,FALSE,FALSE,FALSE,FALSE,FALSE,"Kidney_hypermethylated"
412,"chr18",13064680,13065479,447,0.0756365826954525,0.304076496178076,-0.228439913482623,-1.85410959757239,0.0131927267183825,0.029216539491918,10,0,0,21.4,21.45,4,4,2774,"+","Interval_447",0,FALSE,FALSE,FALSE,FALSE,FALSE,FALSE,FALSE,"Liver_hypermethylated"
413,"chr18",13076178,13076494,448,0.803384779682254,0.558165079353791,0.245219700328463,0.541963607388662,0.000333766641505407,0.00206962261559105,5,0,0,28.05,25.2,4,4,2964,"+","Interval_448",0,FALSE,FALSE,FALSE,FALSE,FALSE,FALSE,FALSE,"Kidney_hypermethylated"
414,"chr18",13077054,13077575,449,0.529277810688231,0.294629413258103,0.234648397430128,0.766250755267337,0.00216668732548409,0.00752645201531923,4,0,0,32.25,38.625,4,4,2280,"+","Interval_449",0,FALSE,FALSE,FALSE,FALSE,FALSE,FALSE,FALSE,"Kidney_hypermethylated"
415,"chr18",13081779,13082502,450,0.141769158635277,0.571372448952002,-0.429603290316725,-2.15624416472267,4.91095276043062e-06,0.000205871252523945,11,0,0,31.1136363636364,27.8409090909091,4,4,644,"+","Interval_450",0,FALSE,FALSE,FALSE,FALSE,FALSE,FALSE,FALSE,"Liver_hypermethylated"
417,"chr18",13109718,13110062,452,0.102441829004329,0.46366341991342,-0.361221590909091,-2.07468343351741,0.000404925229344876,0.00233859542699649,1,0,0,37.25,37,4,4,1064,"+","Interval_452",0,FALSE,FALSE,FALSE,FALSE,FALSE,FALSE,FALSE,"Liver_hypermethylated"
419,"chr18",13138995,13139485,454,0.12185151474516,0.301734455378587,-0.179882940633426,-1.52278468871499,0.00338764049274408,0.0103532980501353,6,0,0,39.75,39.5416666666667,4,4,2471,"+","Interval_454",0,FALSE,FALSE,FALSE,FALSE,FALSE,FALSE,FALSE,"Liver_hypermethylated"
420,"chr18",13221828,13222637,456,0.153306285071834,0.516309521493504,-0.36300323642167,-1.78958011147855,0.000766293624740374,0.00360833281534835,10,0,0,27.35,28.2,3.9,4,1305,"+","Interval_456",0,FALSE,FALSE,FALSE,FALSE,TRUE,FALSE,TRUE,"Liver_hypermethylated"
421,"chr18",13287480,13288045,457,0.0862233699644957,0.352483449528497,-0.266260079564002,-1.91246319589878,1.41240583515922e-05,0.000335615367957899,3,0,0,41.3333333333333,43.8333333333333,4,4,1599,"+","Interval_457",0,FALSE,FALSE,FALSE,FALSE,FALSE,FALSE,FALSE,"Liver_hypermethylated"
424,"chr18",13434456,13434754,461,0.653916222429005,0.147326365841847,0.506589856587159,2.14960407534084,0.000932290379892148,0.00410365662414946,2,0,0,25.875,28,4,4,1396,"+","Interval_461",0,FALSE,FALSE,FALSE,FALSE,FALSE,FALSE,FALSE,"Kidney_hypermethylated"
425,"chr18",13447816,13448435,462,0.396809354427603,0.570323595787455,-0.173514241359851,-0.733771980232399,0.00205411849970144,0.00723355769665635,5,0,0,29.05,28.45,4,4,2560,"+","Interval_462",0,FALSE,FALSE,FALSE,FALSE,FALSE,FALSE,FALSE,"Liver_hypermethylated"
427,"chr18",13535559,13535943,464,0.120640686824729,0.370850498326846,-0.250209811502117,-1.57793715351013,0.00042664289034535,0.00239645389503855,2,0,0,33.5,33.5,4,4,1743,"+","Interval_464",0,FALSE,FALSE,FALSE,FALSE,FALSE,FALSE,FALSE,"Liver_hypermethylated"
430,"chr18",13609015,13609292,468,0.760685876623377,0.501108229332923,0.259577647290454,0.661864332183127,0.0132927721166648,0.0293933374080263,2,0,0,19.75,21.625,3.5,4,2779,"+","Interval_468",0,FALSE,FALSE,FALSE,FALSE,FALSE,FALSE,FALSE,"Kidney_hypermethylated"
431,"chr18",13671553,13671841,469,0.0742964687969626,0.264874037080552,-0.19057756828359,-1.90217559106048,0.00699926487894553,0.0180035507246213,8,0,0,34.75,32.09375,4,4,2389,"+","Interval_469",0,FALSE,FALSE,FALSE,FALSE,FALSE,FALSE,FALSE,"Liver_hypermethylated"
432,"chr18",13705068,13705590,471,0.675955924645822,0.631904642845472,0.0440512818003503,0.10553521914981,0.00597853535620407,0.0159661450516619,6,0,0,28.625,23.9166666666667,4,4,5307,"+","Interval_471",0,FALSE,FALSE,FALSE,FALSE,FALSE,FALSE,FALSE,"Kidney_hypermethylated"
433,"chr18",13712454,13712655,472,0.897620506535948,0.727963257375022,0.169657249160926,0.298540217852461,0.000839565014210498,0.00382474927535291,1,0,0,42,37.75,4,4,4085,"+","Interval_472",0,FALSE,FALSE,FALSE,FALSE,FALSE,FALSE,FALSE,"Kidney_hypermethylated"
434,"chr18",13758615,13758925,473,0.704755661185867,0.557450671787562,0.147304989398305,0.340752158303485,0.0256233607188967,0.0487176830500063,2,0,0,25.75,29.75,4,4,3831,"+","Interval_473",0,FALSE,FALSE,FALSE,FALSE,FALSE,FALSE,FALSE,"Kidney_hypermethylated"
435,"chr18",13763280,13763590,474,0.47298949907111,0.563591672791473,-0.0906021737203624,-0.417929990277532,0.00515118437060366,0.0142329262398199,2,0,0,35.375,38,4,4,3663,"+","Interval_474",0,FALSE,FALSE,FALSE,FALSE,FALSE,FALSE,FALSE,"Liver_hypermethylated"
436,"chr18",13786812,13788070,475,0.39669763708187,0.576488754126632,-0.179791117044762,-0.743932497928716,0.00127030074810158,0.00506225557528159,16,0,0,28.515625,28.796875,3.8125,3.875,2473,"+","Interval_475",0,FALSE,FALSE,FALSE,FALSE,FALSE,FALSE,FALSE,"Liver_hypermethylated"
437,"chr18",13788701,13788985,476,0.890216815051769,0.347143646665475,0.543073168386293,1.36860553822125,3.93146679466025e-07,0.000124617339437297,4,0,0,39.8125,35.6875,4,4,1133,"+","Interval_476",0,FALSE,FALSE,FALSE,FALSE,FALSE,FALSE,FALSE,"Kidney_hypermethylated"
438,"chr18",13843303,13843716,477,0.928364922049265,0.33227368491935,0.596091237129915,1.51048503969898,9.5816298847437e-06,0.000277731677555425,7,0,0,29.5714285714286,29.1785714285714,4,4,970,"+","Interval_477",0,FALSE,FALSE,FALSE,FALSE,FALSE,FALSE,FALSE,"Kidney_hypermethylated"
439,"chr18",13857564,13858174,478,0.443822101775548,0.522544865286905,-0.0787227635113566,-0.397706233474906,0.00107555031180274,0.00452240072478466,10,0,0,27.175,27.05,4,4,3810,"+","Interval_478",0,FALSE,FALSE,FALSE,FALSE,FALSE,FALSE,FALSE,"Liver_hypermethylated"
440,"chr18",13886699,13887367,479,0.183443645474895,0.503312136474416,-0.319868490999521,-1.82260007960515,0.00197955596235422,0.00706409488308171,6,0,0,17.375,20.0833333333333,3.16666666666667,3.66666666666667,1722,"+","Interval_479",0,FALSE,FALSE,FALSE,FALSE,FALSE,FALSE,FALSE,"Liver_hypermethylated"
441,"chr18",13895234,13895642,480,0.442057430267257,0.691912327530482,-0.249854897263224,-0.821063072681297,0.00542985198803119,0.0148229411223686,5,0,0,31.15,27.5,4,4,2251,"+","Interval_480",0,FALSE,FALSE,FALSE,FALSE,FALSE,FALSE,FALSE,"Liver_hypermethylated"
443,"chr18",13911564,13911848,482,0.72243621551736,0.415876566155935,0.306559649361424,0.838575771367978,0.000372179043633394,0.00222474729876187,7,0,0,24.3928571428571,26.5714285714286,4,4,2078,"+","Interval_482",0,FALSE,FALSE,FALSE,FALSE,FALSE,FALSE,FALSE,"Kidney_hypermethylated"
444,"chr18",13927827,13928167,483,0.374080733070101,0.242617496292208,0.131463236777893,0.396909710073438,0.0167431608718189,0.0349598109267168,5,0,0,27.3,26.15,4,4,3566,"+","Interval_483",0,FALSE,FALSE,FALSE,FALSE,FALSE,FALSE,FALSE,"Kidney_hypermethylated"
445,"chr18",13962607,13962999,484,0.930185689254317,0.727468415991342,0.202717273262975,0.360084456233943,0.00225008399857653,0.0077370468985656,3,0,0,27.5833333333333,26.3333333333333,4,4,3745,"+","Interval_484",0,FALSE,FALSE,FALSE,FALSE,FALSE,FALSE,FALSE,"Kidney_hypermethylated"
450,"chr18",14069263,14069607,489,0.525782650609997,0.779354984244513,-0.253572333634516,-0.577852309180138,0.00052126225402757,0.00278051783940922,8,0,0,36.96875,36.34375,4,4,2829,"+","Interval_489",0,FALSE,FALSE,FALSE,FALSE,FALSE,FALSE,FALSE,"Liver_hypermethylated"
451,"chr18",14203072,14203326,490,0.229068919586161,0.440766958957496,-0.211698039371335,-1.04243608290903,0.0141313657879317,0.0308699760991257,2,0,0,25.875,22.125,4,4,2813,"+","Interval_490",0,FALSE,FALSE,FALSE,FALSE,FALSE,FALSE,FALSE,"Liver_hypermethylated"
453,"chr18",14230522,14230779,492,0.642561032700021,0.590094954004426,0.0524660786955949,0.161272701610727,0.00713388450226232,0.0182885774995419,4,0,0,27.625,27.125,4,4,4910,"+","Interval_492",0,FALSE,FALSE,FALSE,FALSE,FALSE,FALSE,FALSE,"Kidney_hypermethylated"
454,"chr18",14232186,14232559,493,0.431846889249723,0.569369462950105,-0.137522573700382,-0.572593240667855,0.00228229298231389,0.00781755316405734,6,0,0,36.0833333333333,33.875,4,4,3013,"+","Interval_493",0,FALSE,FALSE,FALSE,FALSE,FALSE,FALSE,FALSE,"Liver_hypermethylated"
455,"chr18",14312809,14313089,494,0.213418919244299,0.640673419679365,-0.427254500435066,-1.77523933080124,0.000411078753943519,0.00235861712696818,10,0,0,24.25,27.825,4,4,1071,"+","Interval_494",0,TRUE,FALSE,TRUE,FALSE,FALSE,FALSE,FALSE,"Liver_hypermethylated"
458,"chr18",14459136,14460113,497,0.444980149310692,0.548701131318378,-0.103720982007686,-0.332735099141749,0.0208740415222757,0.0413643937937388,16,0,0,27.25,27.28125,4,4,3883,"+","Interval_497",0,FALSE,FALSE,FALSE,FALSE,FALSE,FALSE,FALSE,"Liver_hypermethylated"
459,"chr18",14502705,14503404,498,0.0397535100351393,0.183441466860723,-0.143687956825584,-1.48470427077368,0.000744176736161721,0.00352308632027256,18,0,0,28.7361111111111,28.75,4,4,2926,"+","Interval_498",0,FALSE,FALSE,FALSE,FALSE,FALSE,FALSE,FALSE,"Liver_hypermethylated"
462,"chr18",14656878,14657627,501,0.566411810014393,0.199919207569443,0.36649260244495,1.54543810116377,0.000124634134773756,0.00106816842145708,11,0,0,30.6363636363636,34.9545454545455,4,4,930,"+","Interval_501",0,FALSE,FALSE,FALSE,FALSE,FALSE,FALSE,FALSE,"Kidney_hypermethylated"
465,"chr18",14708154,14708448,504,0.520304476980133,0.706687808692652,-0.18638333171252,-0.447431717029629,0.0109414250506705,0.0252763371941241,2,0,0,38.5,40,4,4,3326,"+","Interval_504",0,FALSE,FALSE,FALSE,FALSE,FALSE,FALSE,FALSE,"Liver_hypermethylated"
467,"chr18",14823373,14823784,506,0.94141065830721,0.604895833333333,0.336514824973877,0.629726156539127,2.7022834984498e-05,0.000459987038725042,1,0,0,24.5,25.75,4,4,2643,"+","Interval_506",0,FALSE,FALSE,FALSE,FALSE,FALSE,FALSE,FALSE,"Kidney_hypermethylated"
468,"chr18",14830742,14831610,507,0.870741257522226,0.743288355787093,0.127452901735133,0.228873230734059,0.0156215425238044,0.0331472302516498,7,0,0,33.4642857142857,34.6071428571429,4,4,4483,"+","Interval_507",0,FALSE,FALSE,FALSE,FALSE,FALSE,TRUE,TRUE,"Kidney_hypermethylated"
469,"chr18",14844280,14845262,508,0.574249485056116,0.695501085721299,-0.121251600665183,-0.300953555328174,0.0107403512163589,0.0249525361907469,6,0,0,37.5833333333333,39.2083333333333,4,4,4067,"+","Interval_508",0,FALSE,FALSE,FALSE,FALSE,FALSE,FALSE,FALSE,"Liver_hypermethylated"
470,"chr18",14861503,14862319,509,0.295590694079578,0.597095772709265,-0.301505078629686,-1.03445748168109,0.000347112273438819,0.00212578229613574,3,0,0,30.75,31.4166666666667,4,4,1658,"+","Interval_509",0,FALSE,FALSE,FALSE,FALSE,FALSE,FALSE,FALSE,"Liver_hypermethylated"
471,"chr18",14862962,14863216,510,0.921747654228026,0.747190336430663,0.174557317797363,0.299068777444695,0.000930162775579388,0.0041032665153879,2,0,0,48,43.625,4,4,4081,"+","Interval_510",0,FALSE,FALSE,FALSE,FALSE,FALSE,FALSE,FALSE,"Kidney_hypermethylated"
473,"chr18",14890261,14890754,512,0.856231619485461,0.707041970511727,0.149189648973734,0.297585508545163,0.00607738527271338,0.016180906629473,5,0,0,28.05,32.2,4,4,4093,"+","Interval_512",0,FALSE,FALSE,FALSE,FALSE,FALSE,FALSE,FALSE,"Kidney_hypermethylated"
474,"chr18",14893014,14893294,513,0.194344243060569,0.497104029736621,-0.302759786676052,-1.9426325396752,0.00262849835146258,0.00863288207896183,3,0,0,33.25,29,4,4,1871,"+","Interval_513",0,FALSE,FALSE,FALSE,FALSE,FALSE,FALSE,FALSE,"Liver_hypermethylated"
475,"chr18",14914424,14914826,514,0.918409858218857,0.365802583857477,0.552607274361379,1.41802637154843,2.67857849734994e-06,0.00017698779426038,6,0,0,37.25,34.25,4,4,1085,"+","Interval_514",0,FALSE,FALSE,FALSE,FALSE,FALSE,FALSE,FALSE,"Kidney_hypermethylated"
476,"chr18",14915724,14916636,515,0.334320993293062,0.521159017692199,-0.186838024399136,-0.915232556845457,0.000664856015976943,0.00327892473369046,5,0,0,21.9,24.35,4,4,2393,"+","Interval_515",0,FALSE,FALSE,FALSE,FALSE,FALSE,FALSE,FALSE,"Liver_hypermethylated"
477,"chr18",14941376,14941781,516,0.873496212669078,0.659880511645258,0.213615701023821,0.400355278969537,0.00913215942904192,0.022224601858005,6,0,0,21.2916666666667,22.125,3,3.66666666666667,3549,"+","Interval_516",0,FALSE,FALSE,FALSE,FALSE,FALSE,FALSE,FALSE,"Kidney_hypermethylated"
479,"chr18",14951608,14952281,518,0.871547230003112,0.438394023361696,0.433153206641417,0.973917199075446,0.00625729355507763,0.0165665958190229,2,0,0,20,19.25,4,3,2321,"+","Interval_518",0,FALSE,FALSE,FALSE,FALSE,FALSE,FALSE,FALSE,"Kidney_hypermethylated"
480,"chr18",14967842,14968164,519,0.672078860127068,0.237684260965524,0.434394599161544,1.4355432698706,3.00425668820611e-05,0.00049562354794206,5,0,0,27.55,27.65,4,4,1061,"+","Interval_519",0,FALSE,FALSE,FALSE,FALSE,FALSE,FALSE,FALSE,"Kidney_hypermethylated"
481,"chr18",14988780,14990831,520,0.318550686989352,0.475607026320641,-0.157056339331289,-1.01154406347791,0.0103755099774475,0.0242773338965773,27,0,0,26.4444444444444,26.2222222222222,3.85185185185185,3.85185185185185,2761,"+","Interval_520",0,FALSE,FALSE,FALSE,FALSE,TRUE,FALSE,TRUE,"Liver_hypermethylated"
482,"chr18",14997825,14998156,521,0.540483250273617,0.602616529431366,-0.0621332791577485,-0.0194698623347112,0.00208655287860136,0.00732259705254445,6,0,0,30.125,28.9583333333333,4,4,5978,"+","Interval_521",0,FALSE,FALSE,FALSE,FALSE,FALSE,FALSE,FALSE,"Liver_hypermethylated"
488,"chr18",15071444,15072031,527,0.342881273355159,0.638944161154732,-0.296062887799572,-1.24167620067838,0.000156492280028057,0.00123081915646214,7,0,0,29.1785714285714,29.5357142857143,4,4,1379,"+","Interval_527",0,FALSE,FALSE,FALSE,FALSE,FALSE,FALSE,FALSE,"Liver_hypermethylated"
490,"chr18",15136366,15136628,529,0.507732222452987,0.652499698987245,-0.144767476534258,-0.33656403439505,0.0208514651956388,0.0413329850410323,3,0,0,22.5833333333333,25.0833333333333,4,4,3853,"+","Interval_529",0,FALSE,FALSE,FALSE,FALSE,FALSE,FALSE,FALSE,"Liver_hypermethylated"
494,"chr18",15175954,15176629,533,0.541541986105648,0.677205159090833,-0.135663172985184,-0.304880543768084,0.0226322892394897,0.0441649467693439,11,0,0,30.6818181818182,34.75,4,4,4048,"+","Interval_533",0,FALSE,FALSE,FALSE,FALSE,FALSE,FALSE,FALSE,"Liver_hypermethylated"
496,"chr18",15247539,15248239,535,0.398382561177278,0.726700966657004,-0.328318405479726,-0.903515795558021,0.000185373529508438,0.00135918775062322,4,0,0,27.125,28.625,4,4,1928,"+","Interval_535",0,FALSE,FALSE,FALSE,FALSE,FALSE,FALSE,FALSE,"Liver_hypermethylated"
498,"chr18",15276350,15277057,537,0.782787351961028,0.321236354559713,0.461550997401315,1.44997653206488,6.59756917729148e-05,0.000765257257905094,3,0,0,37.6666666666667,37.8333333333333,4,4,1048,"+","Interval_537",0,FALSE,FALSE,FALSE,FALSE,FALSE,TRUE,TRUE,"Kidney_hypermethylated"
499,"chr18",15281310,15282213,538,0.208076644083923,0.432839211612615,-0.224762567528692,-1.34079646316274,0.000332543969614415,0.00206503184252039,7,0,0,33.2142857142857,35.6428571428571,3.85714285714286,4,1988,"+","Interval_538",0,FALSE,FALSE,FALSE,FALSE,FALSE,FALSE,FALSE,"Liver_hypermethylated"
500,"chr18",15291295,15292386,539,0.861676756891282,0.21198943483468,0.649687322056603,2.0505304732894,1.2046566318509e-06,0.000135880492616173,5,0,0,27.7,29.2,4,4,425,"+","Interval_539",0,FALSE,FALSE,FALSE,FALSE,FALSE,TRUE,TRUE,"Kidney_hypermethylated"
502,"chr18",15313822,15314222,541,0.0759499881676891,0.189379527657026,-0.113429539489337,-1.51346023156749,0.00464837059755446,0.0131632430055171,8,0,0,31.21875,30.40625,4,4,3333,"+","Interval_541",0,FALSE,FALSE,FALSE,FALSE,FALSE,FALSE,FALSE,"Liver_hypermethylated"
503,"chr18",15345121,15346663,542,0.51342258427956,0.25945326084908,0.25396932343048,1.06654018706401,0.00214500802761712,0.00748225429997944,26,0,0,25.6634615384615,26.0576923076923,3.96153846153846,4,1761,"+","Interval_542",0,FALSE,FALSE,FALSE,FALSE,FALSE,TRUE,TRUE,"Kidney_hypermethylated"
506,"chr18",15406762,15407319,545,0.168007774339769,0.338594530710458,-0.170586756370689,-1.84412111324389,0.000302244940685933,0.00191869334763952,6,0,0,26.4583333333333,28,4,4,2587,"+","Interval_545",0,FALSE,FALSE,FALSE,FALSE,FALSE,FALSE,FALSE,"Liver_hypermethylated"
507,"chr18",15412640,15413065,546,0.699109894875901,0.540516418439805,0.158593476436095,0.400825931548263,0.0259120728424463,0.0491449653138372,2,0,0,29,32,4,4,3546,"+","Interval_546",0,FALSE,FALSE,FALSE,FALSE,FALSE,FALSE,FALSE,"Kidney_hypermethylated"
510,"chr18",15604501,15605021,549,0.220526908880595,0.438516532932204,-0.217989624051609,-1.02121894131366,0.000548415921050044,0.00285535408292319,4,0,0,37,40.8125,4,4,2053,"+","Interval_549",0,FALSE,FALSE,FALSE,FALSE,FALSE,FALSE,FALSE,"Liver_hypermethylated"
511,"chr18",15644951,15645603,550,0.281843490071985,0.456759137021317,-0.174915646949332,-1.00550791536128,0.00742623705273058,0.0188805240748984,5,0,0,34.15,32.75,4,4,2530,"+","Interval_550",0,FALSE,FALSE,FALSE,FALSE,FALSE,FALSE,FALSE,"Liver_hypermethylated"
512,"chr18",15665152,15665426,551,0.695897822553482,0.201117808401097,0.494780014152384,1.77412443943349,3.83082682075337e-05,0.000550429576134674,4,0,0,28.5625,28.25,4,4,687,"+","Interval_551",0,FALSE,FALSE,FALSE,FALSE,FALSE,FALSE,FALSE,"Kidney_hypermethylated"
514,"chr18",15751418,15751828,553,0.304254546301768,0.600311793969767,-0.296057247668,-0.955948216799739,0.000247289685363872,0.00167172180039713,6,0,0,31.2083333333333,30.375,4,4,1815,"+","Interval_553",0,FALSE,FALSE,FALSE,FALSE,FALSE,FALSE,FALSE,"Liver_hypermethylated"
515,"chr18",15753271,15753984,554,0.369427863529681,0.704587659741592,-0.335159796211911,-1.07260314491381,0.000418269252331991,0.00237633676311841,12,0,0,25.9583333333333,26.7083333333333,4,4,1596,"+","Interval_554",0,FALSE,FALSE,FALSE,FALSE,FALSE,FALSE,FALSE,"Liver_hypermethylated"
518,"chr18",15951084,15952800,558,0.454390457794321,0.618094864159483,-0.163704406365161,-0.71944818319466,0.00223883270352671,0.00771599941849222,6,0,0,36.75,37.7083333333333,4,4,2681,"+","Interval_558",0,FALSE,FALSE,FALSE,FALSE,FALSE,FALSE,FALSE,"Liver_hypermethylated"
519,"chr18",15992924,15993167,559,0.820534161328402,0.610603994388824,0.209930166939578,0.414923569386326,0.005136122099051,0.014204082042605,3,0,0,22.0833333333333,18.3333333333333,4,4,3485,"+","Interval_559",0,FALSE,FALSE,FALSE,FALSE,FALSE,FALSE,FALSE,"Kidney_hypermethylated"
522,"chr18",16418929,16419258,562,0.294741532976827,0.591402401477833,-0.296660868501005,-0.980744491628277,0.0011119269878988,0.00461363358584615,1,0,0,30,29.5,4,4,1764,"+","Interval_562",0,FALSE,FALSE,FALSE,FALSE,FALSE,FALSE,FALSE,"Liver_hypermethylated"
525,"chr18",16468693,16469024,565,0.469714156079855,0.353573812248011,0.116140343831843,0.383373739815442,0.0202135412257482,0.0403613711441311,2,0,0,27.375,22.5,4,4,3628,"+","Interval_565",0,FALSE,FALSE,FALSE,FALSE,FALSE,FALSE,FALSE,"Kidney_hypermethylated"
526,"chr18",16547566,16548088,566,0.200480607079802,0.603518920696391,-0.403038313616588,-1.85783161286232,0.000989766949061992,0.00428318162111686,7,0,0,27.5,22.8214285714286,4,4,1420,"+","Interval_566",0,FALSE,FALSE,FALSE,FALSE,FALSE,FALSE,FALSE,"Liver_hypermethylated"
527,"chr18",16622295,16623218,567,0.402673928657745,0.723124223514038,-0.320450294856293,-0.855330773757713,0.000121105435688028,0.00104668481336559,11,0,0,28.9772727272727,26.9318181818182,4,4,2049,"+","Interval_567",0,FALSE,FALSE,FALSE,FALSE,FALSE,FALSE,FALSE,"Liver_hypermethylated"
528,"chr18",16650255,16650609,568,0.720076977058301,0.67115970695173,0.0489172701065707,0.106355352559855,0.0201203545708068,0.0402210731417072,6,0,0,32.0833333333333,30.1666666666667,4,4,5298,"+","Interval_568",0,FALSE,FALSE,FALSE,FALSE,FALSE,FALSE,FALSE,"Kidney_hypermethylated"
529,"chr18",16660678,16660972,569,0.902664993221194,0.510840851251462,0.391824141969732,0.863340886616386,0.000648295346977382,0.00321791187978676,2,0,0,34.25,32.125,4,4,2033,"+","Interval_569",0,FALSE,FALSE,FALSE,FALSE,FALSE,FALSE,FALSE,"Kidney_hypermethylated"
530,"chr18",16681959,16682397,570,0.43992557247143,0.643913071432451,-0.203987498961022,-0.565508321833613,0.000149793374731652,0.00120010467760887,3,0,0,31.6666666666667,35,4,4,2880,"+","Interval_570",0,FALSE,FALSE,FALSE,FALSE,FALSE,FALSE,FALSE,"Liver_hypermethylated"
533,"chr18",16739329,16739827,575,0.570067569589061,0.296212755504738,0.273854814084323,0.899779621814783,0.00251489040346239,0.00837161512961884,2,0,0,31.375,30.75,4,4,1936,"+","Interval_575",0,FALSE,FALSE,FALSE,FALSE,FALSE,FALSE,FALSE,"Kidney_hypermethylated"
536,"chr18",16750404,16750892,578,0.337822156810718,0.561754918959654,-0.223932762148936,-0.770449641610707,0.00396988228236294,0.0116388008707635,9,0,0,29.75,31.4166666666667,4,4,2267,"+","Interval_578",0,FALSE,FALSE,FALSE,FALSE,FALSE,FALSE,FALSE,"Liver_hypermethylated"
537,"chr18",16791257,16791592,579,0.7089027530204,0.393887367166856,0.315015385853544,0.83184360651567,0.00151457611602502,0.00578078896457995,1,0,0,31.75,29,4,4,2103,"+","Interval_579",0,FALSE,FALSE,FALSE,FALSE,FALSE,FALSE,FALSE,"Kidney_hypermethylated"
538,"chr18",16797263,16798035,580,0.819597171628443,0.610134532246065,0.209462639382378,0.442377608926632,0.0259883828386638,0.0492744870544859,8,0,0,28.21875,28.28125,4,4,3352,"+","Interval_580",0,FALSE,FALSE,FALSE,FALSE,FALSE,FALSE,FALSE,"Kidney_hypermethylated"
542,"chr18",17383381,17383669,585,0.388692755333551,0.670338808187293,-0.281646052853742,-0.949152677371938,0.00181330272548582,0.00660506535157699,4,0,0,34.8125,35.125,4,4,1830,"+","Interval_585",0,FALSE,FALSE,FALSE,FALSE,FALSE,FALSE,FALSE,"Liver_hypermethylated"
543,"chr18",17390784,17391365,586,0.305711763590014,0.478296922792456,-0.172585159202442,-0.592918052067696,0.00532115249141695,0.0145585405430798,5,0,0,30.45,30.6,4,4,2778,"+","Interval_586",0,FALSE,FALSE,FALSE,FALSE,FALSE,FALSE,FALSE,"Liver_hypermethylated"
544,"chr18",17399711,17400664,587,0.348055080554335,0.510094482146285,-0.16203940159195,-0.650013853087962,0.0071251046163492,0.0182823813969963,6,0,0,43.0833333333333,41.5,4,4,2703,"+","Interval_587",0,FALSE,FALSE,FALSE,FALSE,FALSE,FALSE,FALSE,"Liver_hypermethylated"
546,"chr18",18042252,18042647,591,0.927656576386442,0.660045944946132,0.267610631440309,0.506686988475505,0.00297778115858357,0.00940063004725387,6,0,0,23.7083333333333,23.2916666666667,4,4,3086,"+","Interval_591",0,TRUE,TRUE,TRUE,TRUE,FALSE,FALSE,FALSE,"Kidney_hypermethylated"
547,"chr18",18083155,18083449,592,0.822987182231829,0.701935253267974,0.121051928963855,0.23871735766172,0.0169450960759068,0.0352568215058896,4,0,0,21,18.1875,4,4,4427,"+","Interval_592",0,TRUE,FALSE,TRUE,FALSE,FALSE,FALSE,FALSE,"Kidney_hypermethylated"
548,"chr18",18759382,18759889,594,0.127130831885687,0.459959893048128,-0.332829061162441,-2.1805669104653,0.00286005624067894,0.0091632145980042,2,0,0,32.25,33.75,4,4,1918,"+","Interval_594",0,FALSE,FALSE,FALSE,FALSE,TRUE,FALSE,TRUE,"Liver_hypermethylated"
549,"chr18",18800849,18801275,595,0.79096049119884,0.480714956287039,0.310245534911801,0.706845837540669,0.0022252040244323,0.00768627247337632,1,0,0,29.75,29.25,4,4,2429,"+","Interval_595",0,FALSE,FALSE,FALSE,FALSE,FALSE,FALSE,FALSE,"Kidney_hypermethylated"
550,"chr18",18873700,18874242,596,0.891344120109943,0.42158158945946,0.469762530650484,1.19198347144473,0.000304719189783338,0.00193041177445218,6,0,0,32.875,32.3333333333333,4,4,1383,"+","Interval_596",0,FALSE,FALSE,FALSE,FALSE,FALSE,TRUE,TRUE,"Kidney_hypermethylated"
551,"chr18",18914005,18914305,597,0.529184173669468,0.337832412335698,0.19135176133377,0.636309682699678,0.0113230749184262,0.0258951601688608,2,0,0,36.5,38.25,4,4,2687,"+","Interval_597",0,FALSE,FALSE,FALSE,FALSE,FALSE,TRUE,TRUE,"Kidney_hypermethylated"
552,"chr18",19484295,19484544,598,0.880334790738602,0.705898244154292,0.174436546584309,0.316096147408872,0.0081800522637957,0.0203178743577302,2,0,0,23.625,27,4,4,3984,"+","Interval_598",0,FALSE,FALSE,FALSE,FALSE,FALSE,FALSE,FALSE,"Kidney_hypermethylated"
554,"chr18",20001791,20002404,600,0.0371462751166997,0.102836140196905,-0.0656898650802057,-1.24169556102076,0.00510839740475593,0.0141465083606242,23,0,0,16.0869565217391,14.695652173913,3.73913043478261,3.47826086956522,4002,"+","Interval_600",0,TRUE,TRUE,TRUE,TRUE,FALSE,FALSE,FALSE,"Liver_hypermethylated"
555,"chr18",20049244,20049473,601,0.874090145124689,0.48882183908046,0.385268306044229,0.832818294598528,0.00145561634294075,0.00559673031367062,2,0,0,20.875,21.125,4,4,2099,"+","Interval_601",0,FALSE,FALSE,FALSE,FALSE,FALSE,FALSE,FALSE,"Kidney_hypermethylated"
556,"chr18",20052418,20053062,602,0.910657833156381,0.662995481383639,0.247662351772742,0.454864084999818,0.00977507032778467,0.0232370627327802,2,0,0,35.75,39.75,4,4,3294,"+","Interval_602",0,FALSE,FALSE,FALSE,FALSE,FALSE,FALSE,FALSE,"Kidney_hypermethylated"
558,"chr18",20149214,20149509,604,0.717220474403903,0.505409924515712,0.211810549888191,0.501408732704509,0.0034959491777757,0.010582565368193,2,0,0,41.75,34.75,4,4,3112,"+","Interval_604",0,FALSE,FALSE,FALSE,FALSE,FALSE,FALSE,FALSE,"Kidney_hypermethylated"
559,"chr18",20155194,20155568,605,0.848045183982684,0.538934570243868,0.309110613738816,0.644419422151627,0.000166801922055139,0.00127711234753698,1,0,0,31.25,29.75,4,4,2594,"+","Interval_605",0,FALSE,FALSE,FALSE,FALSE,FALSE,FALSE,FALSE,"Kidney_hypermethylated"
562,"chr18",20199735,20200137,608,0.928194906667545,0.652651364007783,0.275543542659762,0.504595692623205,7.7873950902473e-05,0.000839535839115257,2,0,0,25,29.25,4,4,3097,"+","Interval_608",0,FALSE,FALSE,FALSE,FALSE,FALSE,FALSE,FALSE,"Kidney_hypermethylated"
563,"chr18",20214889,20215809,609,0.535894711214681,0.403500536879739,0.132394174334942,0.467996628606328,0.0225724270461534,0.0440901348374484,11,0,0,29.9318181818182,30.5681818181818,4,4,3244,"+","Interval_609",0,FALSE,FALSE,FALSE,FALSE,FALSE,FALSE,FALSE,"Kidney_hypermethylated"
565,"chr18",20552824,20553321,611,0.297086767517165,0.353138764690621,-0.0560519971734561,-0.427157447353838,0.0216103089823723,0.0425762579982937,6,0,0,28.1666666666667,26.25,4,4,4183,"+","Interval_611",0,FALSE,FALSE,FALSE,FALSE,FALSE,FALSE,FALSE,"Liver_hypermethylated"
567,"chr18",20566474,20567111,613,0.622064297252504,0.438360654407454,0.18370364284505,0.495299773511564,0.00350152345172272,0.0105942203893826,9,0,0,30.3055555555556,29.6111111111111,4,4,3136,"+","Interval_613",0,FALSE,FALSE,FALSE,FALSE,FALSE,FALSE,FALSE,"Kidney_hypermethylated"
568,"chr18",20576102,20576595,614,0.84502950334357,0.64253908524396,0.20249041809961,0.403009262997749,0.0120762447577164,0.0273630250870823,7,0,0,25.7857142857143,24.1785714285714,4,4,3536,"+","Interval_614",0,FALSE,FALSE,FALSE,FALSE,FALSE,FALSE,FALSE,"Kidney_hypermethylated"
570,"chr18",20609393,20610334,616,0.421107036527331,0.613881034468665,-0.192773997941334,-0.781205090565396,0.00333413225658235,0.0102492459813399,23,0,0,27.6739130434783,27.6630434782609,4,4,2329,"+","Interval_616",0,FALSE,FALSE,FALSE,FALSE,FALSE,FALSE,FALSE,"Liver_hypermethylated"
573,"chr18",20621989,20622553,619,0.91357997879737,0.559447731927571,0.354132246869799,0.834127182680483,0.00170035163573949,0.00629816805402,3,0,0,22.4166666666667,24.5,3.33333333333333,3.66666666666667,2096,"+","Interval_619",0,TRUE,TRUE,TRUE,TRUE,FALSE,FALSE,FALSE,"Kidney_hypermethylated"
574,"chr18",20625363,20625655,620,0.963897335031403,0.685547841875972,0.278349493155431,0.544405130638486,0.0125332242910036,0.028169957303664,5,0,0,29.6,31.8,4,4,2954,"+","Interval_620",0,TRUE,FALSE,TRUE,FALSE,FALSE,FALSE,FALSE,"Kidney_hypermethylated"
575,"chr18",20640155,20641912,621,0.191476434072041,0.546633854164482,-0.355157420092441,-1.60768054675927,0.000306738802480078,0.00193920775847745,25,0,0,30.6,29.63,3.92,4,987,"+","Interval_621",0,FALSE,FALSE,FALSE,FALSE,FALSE,FALSE,FALSE,"Liver_hypermethylated"
577,"chr18",20652979,20653484,623,0.70352901426271,0.528441153228461,0.175087861034249,0.402410260829744,0.0176362015560235,0.036355068286402,2,0,0,26.25,31.375,4,4,3539,"+","Interval_623",0,FALSE,FALSE,FALSE,FALSE,FALSE,FALSE,FALSE,"Kidney_hypermethylated"
578,"chr18",20656362,20656608,624,0.534410390660391,0.579931120689079,-0.0455207300286884,-0.177801468375715,0.00676598017330644,0.0175949130945204,2,0,0,33.75,34.375,4,4,4811,"+","Interval_624",0,FALSE,FALSE,FALSE,FALSE,FALSE,FALSE,FALSE,"Liver_hypermethylated"
579,"chr18",20665060,20665686,625,0.83521594196224,0.555466974068346,0.279748967893894,0.623434038857599,0.0155545786164379,0.0330736628366819,9,0,0,25.1944444444444,29.2777777777778,4,4,2890,"+","Interval_625",0,FALSE,FALSE,FALSE,FALSE,FALSE,TRUE,TRUE,"Kidney_hypermethylated"
580,"chr18",20674422,20674970,626,0.900598242612318,0.660764132809637,0.239834109802681,0.449089944113502,0.00460524945072091,0.0130712507504295,7,0,0,23.2142857142857,22.1785714285714,4,4,3318,"+","Interval_626",0,FALSE,FALSE,FALSE,FALSE,FALSE,FALSE,FALSE,"Kidney_hypermethylated"
581,"chr18",20696931,20697294,627,0.865953244812945,0.454200508172654,0.411752736640292,1.07465070523896,5.64525893624432e-05,0.000693802323264427,8,0,0,35.71875,34.53125,4,4,1592,"+","Interval_627",0,FALSE,FALSE,FALSE,FALSE,FALSE,FALSE,FALSE,"Kidney_hypermethylated"
582,"chr18",20739844,20740331,628,0.891220047521697,0.349842945262772,0.541377102258925,1.41110737196222,5.48261251421826e-06,0.00021587543644406,6,0,0,29.625,32.9166666666667,4,4,1097,"+","Interval_628",0,FALSE,FALSE,FALSE,FALSE,FALSE,FALSE,FALSE,"Kidney_hypermethylated"
585,"chr18",20808930,20809490,631,0.580279271361845,0.272086049233758,0.308193222128087,1.48884270438103,7.38663859269247e-05,0.000816002389907985,4,0,0,28.5,31.6875,4,4,1288,"+","Interval_631",0,FALSE,FALSE,FALSE,FALSE,FALSE,TRUE,TRUE,"Kidney_hypermethylated"
586,"chr18",20815410,20815801,632,0.472328765068528,0.474477104756081,-0.00214833968755264,-0.274224694131883,0.00280856777452222,0.00906985212900987,4,0,0,32.0625,33.1875,4,4,5759,"+","Interval_632",0,FALSE,FALSE,FALSE,FALSE,FALSE,FALSE,FALSE,"Liver_hypermethylated"
591,"chr18",20931191,20931870,637,0.857212011567696,0.637196340271162,0.220015671296534,0.429236546207017,0.00618960391149337,0.0164156737316041,6,0,0,28.4166666666667,28.0833333333333,4,4,3421,"+","Interval_637",0,FALSE,FALSE,FALSE,FALSE,FALSE,TRUE,TRUE,"Kidney_hypermethylated"
592,"chr18",20936390,20937024,638,0.18844255245958,0.503924593584602,-0.315482041125022,-1.498478399657,0.00816573338904789,0.0202987183154123,3,0,0,22.6666666666667,30.25,4,4,2472,"+","Interval_638",0,FALSE,FALSE,FALSE,FALSE,FALSE,FALSE,FALSE,"Liver_hypermethylated"
593,"chr18",20938412,20938943,639,0.84795427189003,0.082433494144636,0.765520777745394,3.21950648919551,0.000546528908932992,0.00285535408292319,4,0,0,24.875,28.25,4,4,1170,"+","Interval_639",0,FALSE,FALSE,FALSE,FALSE,FALSE,FALSE,FALSE,"Kidney_hypermethylated"
594,"chr18",20942763,20943315,640,0.70301325788514,0.587477453205744,0.115535804679396,0.249161398528137,0.0171315484464528,0.0355053508274714,8,0,0,28.71875,30.21875,4,4,4363,"+","Interval_640",0,FALSE,FALSE,FALSE,FALSE,FALSE,FALSE,FALSE,"Kidney_hypermethylated"
595,"chr18",20944479,20945220,641,0.519108509712134,0.383179427158507,0.135929082553627,0.198002931326011,0.00390982643249977,0.0115176814130926,11,0,0,27.6363636363636,29.4772727272727,4,4,4677,"+","Interval_641",0,FALSE,FALSE,FALSE,FALSE,FALSE,FALSE,FALSE,"Kidney_hypermethylated"
596,"chr18",20956945,20957240,642,0.361103026875086,0.6674382703235,-0.306335243448415,-0.903735254917016,0.00305087538518473,0.00958958017491569,5,0,0,17.1,19.6,4,4,1955,"+","Interval_642",0,FALSE,FALSE,FALSE,FALSE,FALSE,FALSE,FALSE,"Liver_hypermethylated"
604,"chr18",21135171,21135698,650,0.351647141952468,0.807515914581663,-0.455868772629195,-1.42534949410053,0.000526378953913118,0.00279402855527118,8,0,0,25.53125,27.34375,4,4,1157,"+","Interval_650",0,FALSE,FALSE,FALSE,FALSE,FALSE,FALSE,FALSE,"Liver_hypermethylated"
605,"chr18",21143898,21144604,651,0.746480575309374,0.379925595370072,0.366554979939301,1.52884316717211,0.000183538506234962,0.00135721314177358,5,0,0,25.55,26.1,4,4,943,"+","Interval_651",0,FALSE,FALSE,FALSE,FALSE,FALSE,FALSE,FALSE,"Kidney_hypermethylated"
606,"chr18",21151908,21152897,652,0.587155254085974,0.28969687751887,0.297458376567104,1.05066399232401,0.0018906261363484,0.00681002204446712,15,0,0,25.45,27.2833333333333,4,4,1706,"+","Interval_652",0,FALSE,FALSE,FALSE,FALSE,FALSE,TRUE,TRUE,"Kidney_hypermethylated"
607,"chr18",21159778,21160660,653,0.711307348246584,0.277326632579132,0.433980715667452,1.47204219725497,0.000113482651667298,0.00100773250649645,7,0,0,34.3928571428571,36.25,4,4,1013,"+","Interval_653",0,FALSE,FALSE,FALSE,FALSE,FALSE,FALSE,FALSE,"Kidney_hypermethylated"
609,"chr18",21177435,21178036,655,0.323241193187325,0.756612272664392,-0.433371079477067,-1.59464426446064,7.40858947381028e-05,0.000816002389907985,10,0,0,27.375,27.9,4,4,857,"+","Interval_655",0,FALSE,FALSE,FALSE,FALSE,FALSE,FALSE,FALSE,"Liver_hypermethylated"
610,"chr18",21184600,21186526,656,0.477781590895582,0.787298031793748,-0.309516440898166,-0.748390783280711,0.000584449715059999,0.00298542090353373,20,0,0,29.125,31.7625,4,4,2329,"+","Interval_656",0,FALSE,FALSE,FALSE,FALSE,FALSE,FALSE,FALSE,"Liver_hypermethylated"
611,"chr18",21195832,21196140,657,0.115115630556807,0.532960026134368,-0.417844395577561,-2.22521077618869,0.000494571194840457,0.0026728594920707,3,0,0,31.3333333333333,31.4166666666667,4,4,1137,"+","Interval_657",0,FALSE,FALSE,FALSE,FALSE,FALSE,FALSE,FALSE,"Liver_hypermethylated"
612,"chr18",21197681,21198089,658,0.541609545627875,0.761191602483424,-0.219582056855549,-0.517761636820182,0.00242837619389132,0.00815497792054475,8,0,0,33.09375,37.71875,4,4,3042,"+","Interval_658",0,FALSE,FALSE,FALSE,FALSE,FALSE,FALSE,FALSE,"Liver_hypermethylated"
614,"chr18",21200002,21200503,660,0.770711677150519,0.390929567900464,0.379782109250055,1.26656239030069,4.13385922242869e-05,0.000572129840581628,3,0,0,37.3333333333333,38.4166666666667,4,4,1278,"+","Interval_660",0,FALSE,FALSE,FALSE,FALSE,FALSE,FALSE,FALSE,"Kidney_hypermethylated"
617,"chr18",21211308,21211608,663,0.607029081234971,0.86360868119168,-0.256579599956709,-0.518314062562474,0.000122325894870128,0.00105426735480636,5,0,0,37.25,39.3,4,4,3041,"+","Interval_663",0,FALSE,FALSE,FALSE,FALSE,FALSE,FALSE,FALSE,"Liver_hypermethylated"
618,"chr18",21213621,21214447,664,0.718646132063138,0.501430038997936,0.217216093065203,0.57835672729143,0.00338524097180738,0.0103532980501353,6,0,0,30.2916666666667,28.375,4,4,2827,"+","Interval_664",0,FALSE,FALSE,FALSE,FALSE,FALSE,FALSE,FALSE,"Kidney_hypermethylated"
619,"chr18",21238675,21239236,665,0.822943338493807,0.338685958702052,0.484257379791755,1.63957736095693,0.000117898806550119,0.00102910250887853,3,0,0,31.0833333333333,31.1666666666667,4,4,810,"+","Interval_665",0,FALSE,FALSE,FALSE,FALSE,FALSE,TRUE,TRUE,"Kidney_hypermethylated"
620,"chr18",21246930,21247365,666,0.874894414400489,0.563365969940949,0.31152844445954,0.632044942192422,7.63771391220234e-05,0.000830685875937759,3,0,0,31.1666666666667,32.5833333333333,4,4,2639,"+","Interval_666",0,FALSE,FALSE,FALSE,FALSE,FALSE,FALSE,FALSE,"Kidney_hypermethylated"
621,"chr18",21247366,21247658,667,0.823790592267253,0.667085166177908,0.156705426089345,0.30078974905215,0.0141489375433878,0.0308973778266233,2,0,0,32.125,31.625,4,4,4070,"+","Interval_667",0,FALSE,FALSE,FALSE,FALSE,FALSE,FALSE,FALSE,"Kidney_hypermethylated"
623,"chr18",21270685,21271175,669,0.86496092937383,0.526939452351746,0.338021477022084,0.704459183319239,0.00117544306000206,0.00480578682881749,1,0,0,24,31.75,4,4,2440,"+","Interval_669",0,FALSE,FALSE,FALSE,FALSE,FALSE,FALSE,FALSE,"Kidney_hypermethylated"
625,"chr18",21283394,21284344,671,0.680506520831943,0.166600448684375,0.513906072147568,1.94726557478514,1.23453170890458e-05,0.000308382006147099,11,0,0,32.4090909090909,34.8863636363636,4,4,496,"+","Interval_671",0,FALSE,FALSE,FALSE,FALSE,FALSE,TRUE,TRUE,"Kidney_hypermethylated"
626,"chr18",21289541,21290464,672,0.818673325716619,0.454726507950125,0.363946817766495,1.02700215749463,0.000844626359730485,0.0038446140596621,8,0,0,33.46875,35.9375,4,4,1675,"+","Interval_672",0,FALSE,FALSE,FALSE,FALSE,FALSE,TRUE,TRUE,"Kidney_hypermethylated"
630,"chr18",21309749,21310143,676,0.869357463242525,0.37908611418557,0.490271349056955,1.33748663982694,0.000129583333571598,0.00108782730163589,5,0,0,20.9,23.05,4,4,1175,"+","Interval_676",0,TRUE,TRUE,TRUE,TRUE,FALSE,FALSE,FALSE,"Kidney_hypermethylated"
631,"chr18",21372521,21372771,677,0.187963821665519,0.392759951414136,-0.204796129748617,-1.05629829937708,0.0042571282449434,0.0123106132071422,3,0,0,27.75,29.6666666666667,4,4,2182,"+","Interval_677",0,FALSE,FALSE,FALSE,FALSE,FALSE,FALSE,FALSE,"Liver_hypermethylated"
632,"chr18",21373336,21373841,678,0.138342415937525,0.283734173692619,-0.145391757755094,-0.997462655698312,0.0158709032431677,0.0335393271679212,6,0,0,21.2083333333333,21.5,4,4,2907,"+","Interval_678",0,FALSE,FALSE,FALSE,FALSE,FALSE,FALSE,FALSE,"Liver_hypermethylated"
633,"chr18",21374955,21376056,679,0.189490305695555,0.476664463435978,-0.287174157740422,-1.59407015742981,0.000102940116105692,0.000955539295271113,17,0,0,27.5588235294118,29.0735294117647,4,4,1438,"+","Interval_679",0,FALSE,FALSE,FALSE,FALSE,FALSE,FALSE,FALSE,"Liver_hypermethylated"
634,"chr18",21437975,21438349,680,0.222672755987973,0.533678932418157,-0.311006176430183,-1.24063603129481,0.000788950473181806,0.00367002320795019,3,0,0,28.5833333333333,31.0833333333333,4,4,1321,"+","Interval_680",0,FALSE,FALSE,FALSE,FALSE,TRUE,FALSE,TRUE,"Liver_hypermethylated"
636,"chr18",21459809,21460056,682,0.890401785714286,0.593944538766271,0.296457246948015,0.576152847465074,0.00342370870244063,0.0104306841727802,1,0,0,37.75,34.75,4,4,2835,"+","Interval_682",0,FALSE,FALSE,FALSE,FALSE,FALSE,FALSE,FALSE,"Kidney_hypermethylated"
637,"chr18",21518754,21519239,684,0.38823584060157,0.665884115884116,-0.277648275282546,-0.763152842373945,0.000781471923594632,0.00365666328033731,1,0,0,29.75,35,4,4,2290,"+","Interval_684",0,FALSE,FALSE,FALSE,FALSE,FALSE,FALSE,FALSE,"Liver_hypermethylated"
638,"chr18",21575783,21575969,685,0.291274452059942,0.491209553765266,-0.199935101705324,-0.730678384342685,0.0049937709164291,0.0139078576936561,4,0,0,31.3125,30.5625,4,4,2378,"+","Interval_685",0,FALSE,FALSE,FALSE,FALSE,FALSE,FALSE,FALSE,"Liver_hypermethylated"
639,"chr18",21605419,21605821,686,0.486517882046061,0.323231223383662,0.163286658662399,0.574385978048694,0.0122867187317826,0.0277376512148435,3,0,0,36.5833333333333,35.25,4,4,2843,"+","Interval_686",0,FALSE,FALSE,FALSE,FALSE,FALSE,FALSE,FALSE,"Kidney_hypermethylated"
642,"chr18",21642735,21643025,689,0.272366820322218,0.471909295276711,-0.199542474954493,-0.816141299825253,0.0180774850107697,0.0370543985045547,6,0,0,25.7916666666667,22.5416666666667,4,4,2996,"+","Interval_689",0,FALSE,FALSE,FALSE,FALSE,FALSE,FALSE,FALSE,"Liver_hypermethylated"
646,"chr18",21698602,21699316,694,0.381663551938788,0.556318298901506,-0.174654746962718,-0.554218474941469,0.00893696917530429,0.021896999833431,12,0,0,27.7291666666667,24.25,4,4,2916,"+","Interval_694",0,FALSE,FALSE,FALSE,FALSE,FALSE,FALSE,FALSE,"Liver_hypermethylated"
647,"chr18",21728490,21729354,695,0.198881487247024,0.347609088934857,-0.148727601687833,-1.5075665068052,0.00391187182483392,0.0115181851287036,14,0,0,32.1071428571429,28.9464285714286,4,4,2859,"+","Interval_695",0,FALSE,FALSE,FALSE,FALSE,FALSE,FALSE,FALSE,"Liver_hypermethylated"
648,"chr18",21735152,21736289,696,0.173261054309686,0.594743189107086,-0.4214821347974,-1.98837703598956,0.000314157250831893,0.00196788614308051,15,0,0,24.2166666666667,25.4,4,4,981,"+","Interval_696",0,FALSE,FALSE,FALSE,FALSE,FALSE,FALSE,FALSE,"Liver_hypermethylated"
649,"chr18",21760990,21761428,697,0.287488303238303,0.64870939129518,-0.361221088056877,-1.15213286492452,0.0014565248110189,0.00559673031367062,5,0,0,25.05,26.4,4,4,1599,"+","Interval_697",0,FALSE,FALSE,FALSE,FALSE,FALSE,FALSE,FALSE,"Liver_hypermethylated"
650,"chr18",21761640,21761920,698,0.961323924607173,0.753591809907482,0.20773211469969,0.347719386738713,0.000422839426763598,0.00238886741762355,2,0,0,36.875,37.25,4,4,3807,"+","Interval_698",0,FALSE,FALSE,FALSE,FALSE,FALSE,FALSE,FALSE,"Kidney_hypermethylated"
652,"chr18",21836974,21837364,700,0.836241979522211,0.562985640567162,0.273256338955048,0.610118138117276,0.000269099437882183,0.0017748001767677,2,0,0,31.375,24.375,4,4,2703,"+","Interval_700",0,FALSE,FALSE,FALSE,FALSE,FALSE,FALSE,FALSE,"Kidney_hypermethylated"
653,"chr18",21844537,21845928,701,0.251645245617546,0.667135175568026,-0.41548992995048,-1.57192745487026,0.00111880856303356,0.00463592624399274,17,0,0,30.25,28.3823529411765,4,4,1483,"+","Interval_701",0,FALSE,FALSE,FALSE,FALSE,TRUE,FALSE,TRUE,"Liver_hypermethylated"
654,"chr18",21872007,21872740,703,0.609706698795663,0.669618118871057,-0.0599114200753942,-0.138900131082972,0.00367696575756857,0.0109897639009041,14,0,0,34.8035714285714,34.2142857142857,4,4,5050,"+","Interval_703",0,FALSE,FALSE,FALSE,FALSE,FALSE,FALSE,FALSE,"Liver_hypermethylated"
655,"chr18",21940104,21941169,704,0.27794771297539,0.471573135342598,-0.193625422367208,-1.03362724050461,0.00944270643167679,0.0226927770913781,11,0,0,37.9090909090909,35.4090909090909,4,4,2557,"+","Interval_704",0,FALSE,FALSE,FALSE,FALSE,TRUE,FALSE,TRUE,"Liver_hypermethylated"
659,"chr18",22106116,22106535,709,0.367140151515152,0.568231177606178,-0.201091026091026,-0.616545647020978,0.00596680755769585,0.0159556276945348,1,0,0,36.75,33.75,4,4,2682,"+","Interval_709",0,FALSE,FALSE,FALSE,FALSE,TRUE,FALSE,TRUE,"Liver_hypermethylated"
660,"chr18",22174060,22174353,710,0.639822472848789,0.421182829851308,0.218639642997481,0.750450187784621,0.000889008708675473,0.00397595233974584,2,0,0,24.5,22.625,4,4,2320,"+","Interval_710",0,FALSE,FALSE,FALSE,FALSE,FALSE,FALSE,FALSE,"Kidney_hypermethylated"
661,"chr18",22186448,22186780,711,0.875444364819365,0.603195436444691,0.272248928374674,0.529675581837708,0.0192602431775272,0.0388046538773459,2,0,0,26.375,28,4,4,3050,"+","Interval_711",0,FALSE,FALSE,FALSE,FALSE,FALSE,FALSE,FALSE,"Kidney_hypermethylated"
662,"chr18",22192828,22194063,712,0.486934150848956,0.584636741507082,-0.0977025906581262,-0.340727089508432,0.00919985357224446,0.0223328780651712,5,0,0,39.95,38.55,4,4,3833,"+","Interval_712",0,FALSE,FALSE,FALSE,FALSE,FALSE,FALSE,FALSE,"Liver_hypermethylated"
665,"chr18",22290452,22290985,715,0.5442911123482,0.554854283523455,-0.0105631711752557,-0.278671305222777,0.00952685773805469,0.0228592506053675,2,0,0,39.375,36.375,4,4,5186,"+","Interval_715",0,FALSE,FALSE,FALSE,FALSE,FALSE,FALSE,FALSE,"Liver_hypermethylated"
666,"chr18",22319476,22319846,716,0.895550322864968,0.668021487702383,0.227528835162585,0.462248836163971,0.00120108284463652,0.00486311157191417,5,0,0,26,21.35,4,4,3266,"+","Interval_716",0,FALSE,FALSE,FALSE,FALSE,FALSE,FALSE,FALSE,"Kidney_hypermethylated"
668,"chr18",22350264,22350867,718,0.282476710294223,0.477271417937191,-0.194794707642968,-0.870327464995405,0.00669121226318654,0.0174596600243233,4,0,0,28.8125,27.8125,4,4,2355,"+","Interval_718",0,FALSE,FALSE,FALSE,FALSE,FALSE,FALSE,FALSE,"Liver_hypermethylated"
669,"chr18",22362734,22363038,719,0.969791666666667,0.731536815726752,0.238254850939915,0.404809738631008,7.42632964114995e-06,0.000245436009625833,2,0,0,20.125,19.125,4,4,3530,"+","Interval_719",0,FALSE,FALSE,FALSE,FALSE,FALSE,FALSE,FALSE,"Kidney_hypermethylated"
670,"chr18",22370169,22370391,720,0.205228758169935,0.542296640851784,-0.337067882681849,-1.35957249373999,0.0001188943246479,0.0010348521600019,1,0,0,42.75,44,4,4,1146,"+","Interval_720",0,FALSE,FALSE,FALSE,FALSE,FALSE,FALSE,FALSE,"Liver_hypermethylated"
671,"chr18",22393700,22394158,721,0.295278013846035,0.530778403467497,-0.235500389621462,-0.889958496300474,0.00369314076903312,0.011027380964873,3,0,0,39.8333333333333,36.8333333333333,4,4,2058,"+","Interval_721",0,FALSE,FALSE,FALSE,FALSE,FALSE,FALSE,FALSE,"Liver_hypermethylated"
672,"chr18",22417634,22418132,722,0.364015462412244,0.531346918448529,-0.167331456036285,-0.585923313902418,0.0217243349631916,0.0427597816620154,7,0,0,30.6071428571429,29.1785714285714,4,4,3122,"+","Interval_722",0,FALSE,FALSE,FALSE,FALSE,FALSE,FALSE,FALSE,"Liver_hypermethylated"
673,"chr18",22418912,22419577,723,0.256479697233549,0.545994057884302,-0.289514360650753,-1.16491472654414,0.00392689529081754,0.011541687489005,2,0,0,41.625,36,4,4,2090,"+","Interval_723",0,FALSE,FALSE,FALSE,FALSE,TRUE,FALSE,TRUE,"Liver_hypermethylated"
674,"chr18",22433828,22434357,724,0.783832269650284,0.439827269486412,0.344005000163872,0.818287721106246,0.00210000477228623,0.00736139721945172,2,0,0,36,35.5,4,4,2136,"+","Interval_724",0,FALSE,FALSE,FALSE,FALSE,FALSE,FALSE,FALSE,"Kidney_hypermethylated"
675,"chr18",22530167,22530418,725,0.654383471140107,0.33420260119309,0.320180869947016,1.20716537358167,6.04263578722507e-06,0.000222347286901186,2,0,0,49.625,43.5,4,4,1363,"+","Interval_725",0,FALSE,FALSE,FALSE,FALSE,FALSE,FALSE,FALSE,"Kidney_hypermethylated"
676,"chr18",22597927,22598193,726,0.874033715533874,0.603957452913562,0.270076262620312,0.533253262934663,0.024053776823119,0.0463210462482189,3,0,0,22.3333333333333,22.4166666666667,4,4,3191,"+","Interval_726",0,FALSE,FALSE,FALSE,FALSE,FALSE,FALSE,FALSE,"Kidney_hypermethylated"
680,"chr18",22753912,22754386,730,0.291219402632968,0.48148309298777,-0.190263690354802,-0.697924407482082,0.00807869614487012,0.0201230595096177,7,0,0,35.3214285714286,31.6785714285714,4,4,2467,"+","Interval_730",0,FALSE,FALSE,FALSE,FALSE,FALSE,FALSE,FALSE,"Liver_hypermethylated"
681,"chr18",22762854,22763177,731,0.838055833618714,0.615450725744843,0.222605107873871,0.43926302043617,0.0058418334547076,0.0157272239463525,1,0,0,28.25,28.25,4,4,3369,"+","Interval_731",0,FALSE,FALSE,FALSE,FALSE,FALSE,FALSE,FALSE,"Kidney_hypermethylated"
688,"chr18",23323534,23324096,738,0.861180285103248,0.630403713659864,0.230776571443384,0.456038590895466,0.00292719753410833,0.00930073880408257,4,0,0,33,33.0625,4,4,3292,"+","Interval_738",0,FALSE,FALSE,FALSE,FALSE,FALSE,FALSE,FALSE,"Kidney_hypermethylated"
690,"chr18",23432897,23433166,741,0.88624686716792,0.571972049689441,0.314274817478479,0.622946304246961,0.00216352695692804,0.00751972463253553,1,0,0,24,26,4,4,2664,"+","Interval_741",0,FALSE,FALSE,FALSE,FALSE,FALSE,FALSE,FALSE,"Kidney_hypermethylated"
692,"chr18",23447789,23448196,743,0.839939347938317,0.707250518945386,0.132688828992932,0.258885808900139,0.00987557158965779,0.0233969895939497,8,0,0,31.375,28.8125,4,4,4305,"+","Interval_743",0,FALSE,FALSE,FALSE,FALSE,FALSE,FALSE,FALSE,"Kidney_hypermethylated"
695,"chr18",23516612,23517301,746,0.0954087882345829,0.335174294096708,-0.239765505862125,-1.72419364258744,0.000210626104481422,0.00149112605073541,2,0,0,27.625,27.625,4,4,1849,"+","Interval_746",0,FALSE,FALSE,FALSE,FALSE,FALSE,FALSE,FALSE,"Liver_hypermethylated"
696,"chr18",23549836,23550734,747,0.556104087303835,0.683384169637762,-0.127280082333927,-0.48143375993704,0.0166962263687998,0.0348808524835032,9,0,0,31.9722222222222,31.3611111111111,4,4,3187,"+","Interval_747",0,FALSE,FALSE,FALSE,FALSE,FALSE,FALSE,FALSE,"Liver_hypermethylated"
697,"chr18",23617635,23618160,750,0.49635629838093,0.545108711599207,-0.0487524132182776,-0.732985685030196,0.00082999007577412,0.00380334751352123,6,0,0,34.7083333333333,33,4,4,4318,"+","Interval_750",0,FALSE,FALSE,FALSE,FALSE,FALSE,FALSE,FALSE,"Liver_hypermethylated"
698,"chr18",23630372,23630638,751,0.492617512230999,0.635868293078584,-0.143250780847585,-0.607971381404077,0.00322701293536879,0.0100050426275687,4,0,0,21.5625,27.5,4,4,2930,"+","Interval_751",0,FALSE,FALSE,FALSE,FALSE,FALSE,FALSE,FALSE,"Liver_hypermethylated"
700,"chr18",23680905,23681414,753,0.684806675729246,0.21562084157288,0.469185834156366,1.6125854025323,2.70037141016478e-05,0.000459987038725042,2,0,0,41.75,42,4,4,840,"+","Interval_753",0,FALSE,FALSE,FALSE,FALSE,FALSE,FALSE,FALSE,"Kidney_hypermethylated"
702,"chr18",23709874,23711265,755,0.850772378744024,0.301220505424905,0.549551873319119,1.54947833942058,1.20823543543713e-05,0.000306998436478351,5,0,0,37.6,37.85,4,4,922,"+","Interval_755",0,FALSE,FALSE,FALSE,FALSE,FALSE,TRUE,TRUE,"Kidney_hypermethylated"
703,"chr18",23745375,23745636,756,0.934514191658912,0.815626236696216,0.118887954962695,0.193694120172783,0.00754309868450164,0.0191143675943351,3,0,0,22.3333333333333,23,3.33333333333333,3.66666666666667,4705,"+","Interval_756",0,FALSE,FALSE,FALSE,FALSE,FALSE,FALSE,FALSE,"Kidney_hypermethylated"
705,"chr18",23760344,23760989,758,0.309841544063794,0.468544726279928,-0.158703182216134,-0.566594934067144,0.0108323123201081,0.0250902974772198,7,0,0,27.8214285714286,29.9642857142857,4,4,2872,"+","Interval_758",0,FALSE,FALSE,FALSE,FALSE,FALSE,FALSE,FALSE,"Liver_hypermethylated"
706,"chr18",23767336,23767807,759,0.186813116410314,0.665246412302895,-0.478433295892581,-1.79100327151782,0.000250536436729304,0.0016918092348369,2,0,0,31.125,34.125,4,4,910,"+","Interval_759",0,FALSE,FALSE,FALSE,FALSE,FALSE,FALSE,FALSE,"Liver_hypermethylated"
707,"chr18",23773914,23774874,760,0.854201286148076,0.656629812954922,0.197571473193154,0.49042872078579,0.00505284304077094,0.0140242639952744,11,0,0,28.1136363636364,30.0681818181818,4,4,3157,"+","Interval_760",0,FALSE,FALSE,FALSE,FALSE,FALSE,FALSE,FALSE,"Kidney_hypermethylated"
709,"chr18",23810530,23811178,762,0.853921267794069,0.445806605753867,0.408114662040202,1.51166384767482,0.00113091189217339,0.00467661748143033,5,0,0,28.3,28.15,4,4,1486,"+","Interval_762",0,FALSE,FALSE,FALSE,FALSE,FALSE,FALSE,FALSE,"Kidney_hypermethylated"
711,"chr18",23820879,23821187,764,0.797189601773968,0.672339555482202,0.124850046291766,0.234985343807445,0.00373216946320332,0.01111152197257,8,0,0,22.15625,22.5625,4,4,4455,"+","Interval_764",0,FALSE,FALSE,FALSE,FALSE,FALSE,FALSE,FALSE,"Kidney_hypermethylated"
712,"chr18",23823872,23824291,765,0.918763202464493,0.542152024948208,0.376611177516285,0.83809894307048,0.000242838237184847,0.00165620529134393,8,0,0,30.53125,28.71875,4,4,2081,"+","Interval_765",0,FALSE,FALSE,FALSE,FALSE,FALSE,FALSE,FALSE,"Kidney_hypermethylated"
714,"chr18",23861037,23861381,767,0.61655279351361,0.759701625281194,-0.143148831767584,-0.301126991337638,0.0108078368741616,0.0250601120976219,5,0,0,38.2,41.1,4,4,4065,"+","Interval_767",0,FALSE,FALSE,FALSE,FALSE,FALSE,FALSE,FALSE,"Liver_hypermethylated"
715,"chr18",23868260,23868686,768,0.810310360375866,0.588612825417178,0.221697534958688,0.416836658395496,0.00577215575446967,0.0155793505583828,6,0,0,29.75,29.5416666666667,4,4,3471,"+","Interval_768",0,FALSE,FALSE,FALSE,FALSE,FALSE,FALSE,FALSE,"Kidney_hypermethylated"
716,"chr18",23869116,23869794,769,0.268430753009992,0.558722335090413,-0.290291582080421,-1.19340659434692,0.00416427531597779,0.012096989844991,9,0,0,22.25,25.0277777777778,4,4,2114,"+","Interval_769",0,FALSE,FALSE,FALSE,FALSE,FALSE,FALSE,FALSE,"Liver_hypermethylated"
717,"chr18",23874579,23875769,770,0.568068011546793,0.327464325371681,0.240603686175113,0.930774958792384,3.80048287027066e-05,0.000549505111477957,19,0,0,26.3684210526316,27.7105263157895,4,4,1867,"+","Interval_770",0,FALSE,FALSE,FALSE,FALSE,FALSE,FALSE,FALSE,"Kidney_hypermethylated"
718,"chr18",23882019,23882392,771,0.685420602962239,0.296938076169971,0.388482526792268,1.28838038141279,0.0033966898362934,0.0103740850119398,3,0,0,30,28.75,4,4,2012,"+","Interval_771",0,FALSE,FALSE,FALSE,FALSE,FALSE,FALSE,FALSE,"Kidney_hypermethylated"
719,"chr18",23884435,23885093,772,0.906825308297501,0.755471473662247,0.151353834635253,0.335275802931213,0.00682040275136644,0.0177018420781681,13,0,0,25.5769230769231,28.0576923076923,4,4,3863,"+","Interval_772",0,FALSE,FALSE,FALSE,FALSE,FALSE,FALSE,FALSE,"Kidney_hypermethylated"
720,"chr18",23889896,23890444,773,0.418900601813645,0.65876905719008,-0.239868455376435,-0.653616098786879,0.00190134675583061,0.00683661545616095,5,0,0,26.5,29.2,4,4,2569,"+","Interval_773",0,FALSE,FALSE,FALSE,FALSE,FALSE,FALSE,FALSE,"Liver_hypermethylated"
726,"chr18",23996855,23997163,779,0.932966337757532,0.243166742518859,0.689799595238672,1.94584363542833,0.000353761272716575,0.00215021070310915,6,0,0,23.8333333333333,22.7083333333333,4,4,1011,"+","Interval_779",0,FALSE,FALSE,FALSE,FALSE,FALSE,FALSE,FALSE,"Kidney_hypermethylated"
732,"chr18",24052171,24052578,785,0.810722887614335,0.535801294201891,0.274921593412444,0.587329737029151,0.00280115288038534,0.00905951813156207,2,0,0,29.5,31.75,4,4,2789,"+","Interval_785",0,FALSE,FALSE,FALSE,FALSE,FALSE,FALSE,FALSE,"Kidney_hypermethylated"
734,"chr18",24101407,24102228,787,0.733895344528385,0.117507507725227,0.616387836803158,2.66827080267255,3.39549332044965e-05,0.000523111225493624,7,0,0,18.1428571428571,21,3.42857142857143,3.71428571428571,397,"+","Interval_787",0,FALSE,FALSE,FALSE,FALSE,FALSE,FALSE,FALSE,"Kidney_hypermethylated"
735,"chr18",24102572,24102847,788,0.689935064935065,0.0792352744545272,0.610699790480538,2.97153506381896,9.21334414070024e-07,0.000124999888511622,1,0,0,37.75,40.25,4,4,171,"+","Interval_788",0,FALSE,FALSE,FALSE,FALSE,FALSE,TRUE,TRUE,"Kidney_hypermethylated"
736,"chr18",24103805,24104450,789,0.851054327289942,0.214947966021716,0.636106361268226,2.01493859440418,7.46892331977718e-06,0.000245436009625833,11,0,0,29.3636363636364,30.2045454545455,4,4,451,"+","Interval_789",0,FALSE,FALSE,FALSE,FALSE,FALSE,TRUE,TRUE,"Kidney_hypermethylated"
737,"chr18",24112550,24112993,790,0.450460452629157,0.634287084018396,-0.183826631389238,-0.766704445137584,0.00746650113352709,0.0189593592832744,13,0,0,27.4615384615385,31.75,4,4,2421,"+","Interval_790",0,FALSE,FALSE,FALSE,FALSE,FALSE,FALSE,FALSE,"Liver_hypermethylated"
740,"chr18",24158670,24159502,793,0.753222292628893,0.226758924467208,0.526463368161685,1.82963898595658,4.01832545359639e-05,0.000566344264044721,10,0,0,30.6,33.975,4,4,624,"+","Interval_793",0,FALSE,FALSE,FALSE,FALSE,FALSE,TRUE,TRUE,"Kidney_hypermethylated"
741,"chr18",24163585,24164337,794,0.871482329477956,0.60009061365334,0.271391715824615,1.02714665901801,0.00108173847818425,0.00452812189948378,15,0,0,30.5666666666667,32.9166666666667,4,4,1674,"+","Interval_794",0,TRUE,FALSE,TRUE,FALSE,FALSE,TRUE,TRUE,"Kidney_hypermethylated"
742,"chr18",24166444,24166690,795,0.641662855161107,0.185282956839133,0.456379898321974,1.69908512808705,4.74841631968406e-05,0.00062343820411678,4,0,0,35.0625,33.4375,4,4,758,"+","Interval_795",0,FALSE,FALSE,FALSE,FALSE,FALSE,FALSE,FALSE,"Kidney_hypermethylated"
743,"chr18",24175202,24176264,796,0.835260826879836,0.418320950579214,0.416939876300622,1.36482426356223,5.89041052518826e-05,0.000708347801903755,9,0,0,32.1388888888889,34.3611111111111,4,4,1141,"+","Interval_796",0,FALSE,FALSE,FALSE,FALSE,FALSE,TRUE,TRUE,"Kidney_hypermethylated"
744,"chr18",24196312,24197806,797,0.763228520495651,0.278571382430074,0.484657138065577,1.65109113880038,0.000223728574573442,0.0015587438670678,6,0,0,36.25,37.9583333333333,4,4,882,"+","Interval_797",0,FALSE,FALSE,FALSE,FALSE,FALSE,TRUE,TRUE,"Kidney_hypermethylated"
748,"chr18",24246222,24246919,801,0.472893750590727,0.920019279969518,-0.447125529378792,-0.980274657988623,6.67411303843692e-05,0.00076946387657026,7,0,0,31.7857142857143,38.4285714285714,4,4,1766,"+","Interval_801",0,FALSE,FALSE,FALSE,FALSE,FALSE,FALSE,FALSE,"Liver_hypermethylated"
751,"chr18",24290060,24290337,804,0.801553823283699,0.112211469836977,0.689342353446722,2.72898423248843,4.44801958848118e-06,0.000205871252523945,2,0,0,19.75,20.25,4,4,128,"+","Interval_804",0,FALSE,FALSE,FALSE,FALSE,FALSE,FALSE,FALSE,"Kidney_hypermethylated"
754,"chr18",24396860,24397234,807,0.789093341649113,0.61560667332102,0.173486668328093,0.36229894342843,0.0094264835930479,0.0226804000310412,5,0,0,28.7,26.15,4,4,3726,"+","Interval_807",0,FALSE,FALSE,FALSE,FALSE,FALSE,FALSE,FALSE,"Kidney_hypermethylated"
756,"chr18",24434717,24435161,809,0.427747417344043,0.832538905494379,-0.404791488150335,-1.01769232362156,0.000118875124849775,0.0010348521600019,14,0,0,15.8214285714286,18.1785714285714,3.5,3.28571428571429,1691,"+","Interval_809",0,FALSE,FALSE,FALSE,FALSE,FALSE,FALSE,FALSE,"Liver_hypermethylated"
757,"chr18",24443681,24444255,810,0.252593504533446,0.59827705784007,-0.345683553306625,-1.5218095287808,0.000161586541761519,0.00125214287405364,5,0,0,22.2,25,4,4,1043,"+","Interval_810",0,FALSE,FALSE,FALSE,FALSE,FALSE,FALSE,FALSE,"Liver_hypermethylated"
761,"chr18",24477187,24478067,814,0.86495381542601,0.317723437882407,0.547230377543603,1.60191117424784,4.10398141025379e-06,0.000205871252523945,9,0,0,33.0277777777778,32.7777777777778,4,4,850,"+","Interval_814",0,FALSE,FALSE,FALSE,FALSE,FALSE,FALSE,FALSE,"Kidney_hypermethylated"
762,"chr18",24491079,24491264,815,0.975537634408602,0.639080459770115,0.336457174638487,0.602513638806892,0.0138751928723107,0.030398421732084,1,0,0,32.5,29,4,4,2803,"+","Interval_815",0,FALSE,FALSE,FALSE,FALSE,FALSE,FALSE,FALSE,"Kidney_hypermethylated"
764,"chr18",24558895,24559976,817,0.491274963411457,0.443501607003693,0.0477733564077637,0.296602700304554,0.0130531505104805,0.0290019860409617,10,0,0,30.85,30.675,4,4,4338,"+","Interval_817",0,FALSE,FALSE,FALSE,FALSE,FALSE,FALSE,FALSE,"Kidney_hypermethylated"
765,"chr18",24569506,24569730,818,0.824974217436736,0.609188146569809,0.215786070866928,0.445792704340429,0.00182262776395079,0.00662724710619976,3,0,0,25,24.8333333333333,4,4,3334,"+","Interval_818",0,FALSE,FALSE,FALSE,FALSE,FALSE,FALSE,FALSE,"Kidney_hypermethylated"
768,"chr18",24641031,24641317,821,0.886702686126412,0.539986915818959,0.346715770307453,0.702984776710522,0.00132423812335676,0.0052398218081309,3,0,0,22.0833333333333,20.4166666666667,4,4,2443,"+","Interval_821",0,FALSE,FALSE,FALSE,FALSE,FALSE,FALSE,FALSE,"Kidney_hypermethylated"
773,"chr18",24740583,24740818,826,0.704239186059039,0.378730509962978,0.325508676096061,0.952728731584866,0.000311015665947843,0.0019581877738212,2,0,0,28.875,33.25,4,4,1821,"+","Interval_826",0,FALSE,FALSE,FALSE,FALSE,FALSE,FALSE,FALSE,"Kidney_hypermethylated"
774,"chr18",24744492,24745460,827,0.579809666930946,0.585940382508885,-0.00613071557793842,-0.0436793345541063,0.0187412396280552,0.0381089936071145,6,0,0,32,33.2083333333333,4,4,5751,"+","Interval_827",0,FALSE,FALSE,FALSE,FALSE,FALSE,FALSE,FALSE,"Liver_hypermethylated"
775,"chr18",24750945,24752116,828,0.371136151020944,0.582942542776525,-0.211806391755581,-0.872294435410881,0.00190414647307522,0.00683957142310455,12,0,0,26.5,27.4791666666667,4,4,2117,"+","Interval_828",0,FALSE,FALSE,FALSE,FALSE,FALSE,FALSE,FALSE,"Liver_hypermethylated"
777,"chr18",24781010,24781345,830,0.833405566957086,0.509741193843025,0.323664373114062,0.695742323677535,0.00426260176761758,0.0123206433969944,3,0,0,23,21.0833333333333,4,4,2462,"+","Interval_830",0,FALSE,FALSE,FALSE,FALSE,FALSE,FALSE,FALSE,"Kidney_hypermethylated"
778,"chr18",24819153,24819403,831,0.294350341795694,0.421702681279294,-0.1273523394836,-0.788369609095974,0.00226835259148424,0.00778716574003947,2,0,0,29.75,26,4,4,3155,"+","Interval_831",0,FALSE,FALSE,FALSE,FALSE,TRUE,FALSE,TRUE,"Liver_hypermethylated"
779,"chr18",24838011,24838568,832,0.787561687662637,0.635538603708015,0.152023083954622,0.326522338024178,0.0160725808903267,0.0338819929917866,6,0,0,30.125,33.1666666666667,4,4,3918,"+","Interval_832",0,FALSE,FALSE,FALSE,FALSE,FALSE,FALSE,FALSE,"Kidney_hypermethylated"
782,"chr18",24874488,24874822,835,0.590382965473826,0.647608753488777,-0.0572257880149516,-0.11278345340871,0.010950991053678,0.025288928983409,3,0,0,23,27.3333333333333,4,4,5256,"+","Interval_835",0,FALSE,FALSE,FALSE,FALSE,FALSE,FALSE,FALSE,"Liver_hypermethylated"
785,"chr18",24926361,24926584,838,0.69551282051282,0.83789188752424,-0.14237906701142,-0.265208022666166,0.013312909263136,0.0294272760510686,1,0,0,26.5,26,4,4,4264,"+","Interval_838",0,FALSE,FALSE,FALSE,FALSE,FALSE,FALSE,FALSE,"Liver_hypermethylated"
786,"chr18",24964178,24964368,839,0.870828804347826,0.464924373243558,0.405904431104268,0.891163850257657,0.000996429498407369,0.00428979309706362,1,0,0,25,30.5,4,4,1957,"+","Interval_839",0,FALSE,FALSE,FALSE,FALSE,FALSE,FALSE,FALSE,"Kidney_hypermethylated"
787,"chr18",25025495,25026655,840,0.253504823623562,0.624419621515879,-0.370914797892317,-1.26124926558329,0.000163881665370022,0.00126197096954735,10,0,0,30.125,29.8,4,4,1287,"+","Interval_840",0,FALSE,FALSE,FALSE,FALSE,FALSE,FALSE,FALSE,"Liver_hypermethylated"
788,"chr18",25061453,25061993,841,0.372040205043712,0.134487981125752,0.23755222391796,1.35066405450853,0.00235906059674177,0.00800584872558727,5,0,0,33.35,32.95,4,4,1876,"+","Interval_841",0,FALSE,FALSE,FALSE,FALSE,FALSE,FALSE,FALSE,"Kidney_hypermethylated"
789,"chr18",25064532,25065039,842,0.337644898024237,0.558160970478521,-0.220516072454284,-0.88109247056106,0.00293563999134561,0.00930831153086626,11,0,0,25.7045454545455,26.5454545454545,4,4,2031,"+","Interval_842",0,FALSE,TRUE,TRUE,FALSE,FALSE,FALSE,FALSE,"Liver_hypermethylated"
790,"chr18",25088577,25089343,843,0.528411892757279,0.531241776377445,-0.00282988362016628,-0.115750513370034,0.00670807460742745,0.0174962302473012,6,0,0,27,29.9583333333333,4,4,5678,"+","Interval_843",0,FALSE,TRUE,TRUE,FALSE,FALSE,FALSE,FALSE,"Liver_hypermethylated"
791,"chr18",25096576,25097757,844,0.861026146050646,0.295417007922482,0.565609138128164,1.8078465955836,1.5686670162104e-05,0.000343041238954196,11,0,0,29.5227272727273,32.2727272727273,4,4,643,"+","Interval_844",0,FALSE,FALSE,FALSE,FALSE,FALSE,TRUE,TRUE,"Kidney_hypermethylated"
793,"chr18",25099225,25099785,846,0.793616145839639,0.54942706952054,0.244189076319099,0.536790358168346,0.00795202617247735,0.0199014514972586,3,0,0,25.4166666666667,26.25,4,4,2984,"+","Interval_846",0,FALSE,FALSE,FALSE,FALSE,FALSE,TRUE,TRUE,"Kidney_hypermethylated"
795,"chr18",25121948,25122430,848,0.35192212719776,0.232848651325097,0.119073475872663,0.950881102627335,0.00525628738053103,0.0144324780846127,3,0,0,31.25,32.5833333333333,4,4,3264,"+","Interval_848",0,FALSE,FALSE,FALSE,FALSE,FALSE,FALSE,FALSE,"Kidney_hypermethylated"
800,"chr18",25346835,25347106,853,0.939499022292347,0.734724009156391,0.204775013135956,0.363605631501598,0.00912451797027801,0.0222148030615524,4,0,0,26.5625,29.75,4,4,3717,"+","Interval_853",0,FALSE,FALSE,FALSE,FALSE,FALSE,FALSE,FALSE,"Kidney_hypermethylated"
801,"chr18",25367535,25368192,854,0.525448448452507,0.784390689079748,-0.25894224062724,-0.576211689012163,0.000619153325957187,0.00311350015385181,9,0,0,32.6666666666667,32.8888888888889,4,4,2834,"+","Interval_854",0,FALSE,FALSE,FALSE,FALSE,FALSE,FALSE,FALSE,"Liver_hypermethylated"
806,"chr18",25521867,25522743,859,0.279703640316811,0.442285790991744,-0.162582150674933,-1.30223954331145,0.00375549961012284,0.0111593544991319,10,0,0,23.75,24.05,4,4,2694,"+","Interval_859",0,FALSE,FALSE,FALSE,FALSE,FALSE,FALSE,FALSE,"Liver_hypermethylated"
807,"chr18",25527804,25528250,860,0.293730153876852,0.592281245570592,-0.29855109169374,-1.09518714712489,0.000408696050126391,0.0023515329850437,7,0,0,21.2142857142857,22.25,3.71428571428571,3.71428571428571,1549,"+","Interval_860",0,TRUE,FALSE,TRUE,FALSE,FALSE,FALSE,FALSE,"Liver_hypermethylated"
811,"chr18",25549988,25550523,864,0.379411964667881,0.669902152428899,-0.290490187761018,-0.852550076904805,0.00213903046903229,0.00746837626829739,13,0,0,21.9807692307692,21.4423076923077,3.92307692307692,4,2052,"+","Interval_864",0,FALSE,FALSE,FALSE,FALSE,FALSE,FALSE,FALSE,"Liver_hypermethylated"
813,"chr18",25559032,25559412,867,0.685234567913798,0.533085956505527,0.152148611408271,0.507120496400922,0.024373006662193,0.0467745552589556,6,0,0,25.625,23,4,4,3202,"+","Interval_867",0,FALSE,FALSE,FALSE,FALSE,FALSE,FALSE,FALSE,"Kidney_hypermethylated"
816,"chr18",25581628,25581944,870,0.108895013601535,0.437724425854763,-0.328829412253228,-2.03490594367751,0.0100509019725158,0.0236729753243042,5,0,0,23.25,23.45,4,4,2609,"+","Interval_870",0,FALSE,FALSE,FALSE,FALSE,FALSE,FALSE,FALSE,"Liver_hypermethylated"
818,"chr18",25599604,25599855,872,0.320987272167192,0.137312431720326,0.183674840446866,1.07829546657896,0.025762746334122,0.0488919321257503,2,0,0,18.5,17.375,4,4,3238,"+","Interval_872",0,FALSE,FALSE,FALSE,FALSE,FALSE,FALSE,FALSE,"Kidney_hypermethylated"
822,"chr18",25630182,25630856,876,0.403415297223477,0.430181344073844,-0.0267660468503678,-0.354363687576878,0.0155163174409491,0.0330380355767956,9,0,0,21.6111111111111,21.6944444444444,4,4,4715,"+","Interval_876",0,FALSE,FALSE,FALSE,FALSE,FALSE,FALSE,FALSE,"Liver_hypermethylated"
823,"chr18",25645317,25646593,877,0.379004974863342,0.465564601967949,-0.0865596271046075,-1.10568298070852,0.00724100775018283,0.0184966572698123,18,0,0,17.0416666666667,16.75,3.83333333333333,3.88888888888889,3704,"+","Interval_877",0,FALSE,FALSE,FALSE,FALSE,FALSE,FALSE,FALSE,"Liver_hypermethylated"
824,"chr18",25652880,25653755,878,0.119413598363771,0.396866129779339,-0.277452531415568,-1.88446797645426,0.00102844325917274,0.00439484271739673,9,0,0,25.25,23.1388888888889,4,4,1502,"+","Interval_878",0,FALSE,FALSE,FALSE,FALSE,FALSE,FALSE,FALSE,"Liver_hypermethylated"
827,"chr18",25685044,25685360,881,0.0337065828557583,0.0948070011779798,-0.0611004183222215,-1.43050693593774,0.0263019859863073,0.0497221579007887,9,0,0,24.7222222222222,21.7777777777778,4,4,4092,"+","Interval_881",0,FALSE,FALSE,FALSE,FALSE,FALSE,FALSE,FALSE,"Liver_hypermethylated"
829,"chr18",25714668,25715876,883,0.105513723955906,0.163082806407753,-0.0575690824518469,-1.59014302345792,0.0157118104113711,0.0333042687057177,27,0,0,19.212962962963,19.4259259259259,3.88888888888889,3.96296296296296,4146,"+","Interval_883",0,TRUE,TRUE,TRUE,TRUE,FALSE,FALSE,FALSE,"Liver_hypermethylated"
833,"chr18",25898598,25898858,887,0.711928307071693,0.468532771429113,0.24339553564258,0.66905085034843,0.00204956399976818,0.00722714677160482,2,0,0,43.625,35,4,4,2522,"+","Interval_887",0,FALSE,FALSE,FALSE,FALSE,FALSE,FALSE,FALSE,"Kidney_hypermethylated"
839,"chr18",26014991,26015545,893,0.462911334683266,0.32149332246313,0.141418012220136,0.609194372415476,0.0158587068858336,0.033534670961269,11,0,0,30.5227272727273,26.8409090909091,4,4,2959,"+","Interval_893",0,FALSE,FALSE,FALSE,FALSE,FALSE,FALSE,FALSE,"Kidney_hypermethylated"
841,"chr18",26061686,26062401,896,0.428853794843321,0.461035040967772,-0.0321812461244505,-0.1856812281459,0.0133470850770071,0.0294922106430092,7,0,0,25.2857142857143,21.5714285714286,4,4,4754,"+","Interval_896",0,FALSE,FALSE,FALSE,FALSE,FALSE,FALSE,FALSE,"Liver_hypermethylated"
842,"chr18",26368461,26369000,897,0.257053079128009,0.448205021855871,-0.191151942727861,-0.80554768365033,0.00105531736978552,0.00446927997059409,5,0,0,34.35,31.6,4,4,2354,"+","Interval_897",0,FALSE,FALSE,FALSE,FALSE,FALSE,FALSE,FALSE,"Liver_hypermethylated"
843,"chr18",26496003,26496807,898,0.937459252227559,0.653852056741472,0.283607195486087,0.515761163685941,0.0149444169991226,0.0320871566944823,4,0,0,20.0625,19.9375,4,4,3057,"+","Interval_898",0,FALSE,FALSE,FALSE,FALSE,FALSE,FALSE,FALSE,"Kidney_hypermethylated"
845,"chr18",26819610,26820220,900,0.249082895291989,0.505376431787435,-0.256293536495446,-1.10974624206085,0.00116532831167386,0.00478033543073155,4,0,0,30,30.9375,4,4,1690,"+","Interval_900",0,FALSE,TRUE,TRUE,FALSE,FALSE,FALSE,FALSE,"Liver_hypermethylated"
846,"chr18",26822465,26822745,901,0.61290722724188,0.747078588336328,-0.134171361094448,-0.31028359881158,0.0165462732888807,0.034693443485252,7,0,0,18.9642857142857,20.0714285714286,4,4,4020,"+","Interval_901",0,TRUE,TRUE,TRUE,TRUE,FALSE,FALSE,FALSE,"Liver_hypermethylated"
847,"chr18",27666103,27666453,902,0.46037097044288,0.388461119818878,0.0719098506240015,-0.0739576938946239,1.86042075914593e-05,0.000383669116532649,2,0,0,41.75,35.625,4,4,5518,"+","Interval_902",0,FALSE,FALSE,FALSE,FALSE,FALSE,FALSE,FALSE,"Kidney_hypermethylated"
852,"chr18",28417443,28417940,907,0.318837248139225,0.699175420500529,-0.380338172361304,-1.13426932356184,6.39104070139881e-05,0.00074948368530717,2,0,0,42.125,39.75,4,4,1473,"+","Interval_907",0,FALSE,FALSE,FALSE,FALSE,TRUE,FALSE,TRUE,"Liver_hypermethylated"
853,"chr18",28544365,28544757,908,0.809085033485212,0.54411927698541,0.264965756499803,0.568042191986873,0.000414565942678042,0.0023675722283983,2,0,0,21.75,21.25,4,4,2865,"+","Interval_908",0,FALSE,FALSE,FALSE,FALSE,FALSE,FALSE,FALSE,"Kidney_hypermethylated"
854,"chr18",28665157,28665451,910,0.450325045045307,0.609420385197444,-0.159095340152137,-0.440159920360303,0.0207348516512637,0.0411549300377956,4,0,0,30.5,29.75,4,4,3365,"+","Interval_910",0,FALSE,TRUE,TRUE,FALSE,TRUE,FALSE,TRUE,"Liver_hypermethylated"
856,"chr18",28724958,28725442,912,0.431574407943881,0.515423560786727,-0.0838491528428454,-0.443345918400461,0.0106381180664011,0.0247524557054277,7,0,0,31.6428571428571,33.4642857142857,4,4,3751,"+","Interval_912",0,FALSE,FALSE,FALSE,FALSE,FALSE,FALSE,FALSE,"Liver_hypermethylated"
858,"chr18",28795975,28796199,915,0.15625,0.420913461538462,-0.264663461538462,-1.37404382766837,0.004775215629447,0.0134111974602156,1,0,0,16.5,14.25,4,4,2188,"+","Interval_915",0,TRUE,TRUE,TRUE,TRUE,FALSE,FALSE,FALSE,"Liver_hypermethylated"
861,"chr18",29134261,29135464,918,0.608778579444917,0.656784424472194,-0.0480058450272763,-0.10489111192088,0.021177140207993,0.0417898287020286,9,0,0,39.5833333333333,35.3611111111111,4,4,5312,"+","Interval_918",0,FALSE,TRUE,TRUE,FALSE,FALSE,FALSE,FALSE,"Liver_hypermethylated"
862,"chr18",29298394,29299058,919,0.177239208152658,0.472326320182432,-0.295087112029775,-1.41939988958948,0.00224840281616818,0.0077359660164353,3,0,0,27.25,27.0833333333333,4,4,1786,"+","Interval_919",0,FALSE,FALSE,FALSE,FALSE,FALSE,FALSE,FALSE,"Liver_hypermethylated"
863,"chr18",29638592,29639225,920,0.109184196531268,0.0894596275887748,0.0197245689424933,-0.191295602807065,0.00064159069770313,0.0031949552977194,14,0,0,25.6964285714286,25.6428571428571,4,4,4883,"+","Interval_920",0,FALSE,FALSE,FALSE,FALSE,FALSE,FALSE,FALSE,"Kidney_hypermethylated"
865,"chr18",30165555,30166478,923,0.830689603818914,0.624836985188795,0.205852618630119,0.409721840790364,0.0047786289800353,0.0134146528471069,5,0,0,30.5,30.15,4,4,3511,"+","Interval_923",0,FALSE,FALSE,FALSE,FALSE,FALSE,FALSE,FALSE,"Kidney_hypermethylated"
866,"chr18",30199052,30199375,924,0.822749667595994,0.646787441989348,0.175962225606647,0.382705705359645,0.0107032357042851,0.0248851242538147,3,0,0,26.5833333333333,26.6666666666667,4,4,3632,"+","Interval_924",0,FALSE,FALSE,FALSE,FALSE,FALSE,FALSE,FALSE,"Kidney_hypermethylated"
871,"chr18",30365352,30366133,930,0.217481872870912,0.303038602754178,-0.0855567298832665,-0.277900146239818,0.0108974775109794,0.0252032364715726,7,0,0,34.3214285714286,35.0357142857143,4,4,4204,"+","Interval_930",0,FALSE,FALSE,FALSE,FALSE,FALSE,FALSE,FALSE,"Liver_hypermethylated"
872,"chr18",30377875,30378847,931,0.216033973451701,0.598758201783553,-0.382724228331853,-1.47682650651201,0.00011291044744054,0.00100773250649645,11,0,0,31.5454545454545,27.9772727272727,4,4,1007,"+","Interval_931",0,FALSE,FALSE,FALSE,FALSE,TRUE,FALSE,TRUE,"Liver_hypermethylated"
873,"chr18",30403685,30403974,932,0.251486903931323,0.473940058186303,-0.22245315425498,-0.927698228254829,0.00370313391420002,0.0110518493942492,4,0,0,35.5625,35,4,4,2059,"+","Interval_932",0,FALSE,FALSE,FALSE,FALSE,TRUE,FALSE,TRUE,"Liver_hypermethylated"
875,"chr18",30444442,30445074,934,0.729728433565032,0.162477290315215,0.567251143249817,2.29019944412272,1.02160455226038e-06,0.00013028816214394,3,0,0,45.75,40.4166666666667,4,4,258,"+","Interval_934",0,FALSE,FALSE,FALSE,FALSE,FALSE,FALSE,FALSE,"Kidney_hypermethylated"
876,"chr18",30472370,30474297,935,0.233217635297447,0.603006148715931,-0.369788513418483,-1.45636833941107,0.000138328351709328,0.00114097680705211,20,0,0,33.2375,33.8375,4,4,1041,"+","Interval_935",0,FALSE,FALSE,FALSE,FALSE,TRUE,FALSE,TRUE,"Liver_hypermethylated"
877,"chr18",30487192,30488034,936,0.387178781630995,0.593147750849522,-0.205968969218527,-0.752101586451225,0.000497952518752272,0.00268649537114373,10,0,0,28.2,26.4,4,4,2316,"+","Interval_936",0,FALSE,FALSE,FALSE,FALSE,FALSE,FALSE,FALSE,"Liver_hypermethylated"
878,"chr18",30504174,30504957,937,0.252691098688925,0.591003563580276,-0.338312464891351,-1.2089781379302,7.51391809389072e-05,0.000824207963278764,5,0,0,34.55,34.1,4,4,1360,"+","Interval_937",0,FALSE,FALSE,FALSE,FALSE,FALSE,FALSE,FALSE,"Liver_hypermethylated"
880,"chr18",30584837,30585093,939,0.379872311827957,0.723081354129741,-0.343209042301784,-0.910971610922664,0.000784434502494394,0.00366009872272441,1,0,0,28.25,27.25,4,4,1911,"+","Interval_939",0,FALSE,FALSE,FALSE,FALSE,FALSE,FALSE,FALSE,"Liver_hypermethylated"
881,"chr18",30632724,30632979,940,0.0638591188276829,0.226396465844402,-0.162537347016719,-1.67836051145045,0.00227598502737498,0.00780464731764469,1,0,0,32.75,31.75,4,4,2696,"+","Interval_940",0,FALSE,FALSE,FALSE,FALSE,FALSE,FALSE,FALSE,"Liver_hypermethylated"
884,"chr18",30766643,30766904,943,0.250072982046417,0.514631764631765,-0.264558782585348,-1.01238862923984,0.000484710226238258,0.00264055349311534,1,0,0,30.5,35.5,4,4,1700,"+","Interval_943",0,FALSE,FALSE,FALSE,FALSE,FALSE,FALSE,FALSE,"Liver_hypermethylated"
886,"chr18",30776216,30776520,945,0.420273970599768,0.58966656376221,-0.169392593162443,-0.494399427247867,0.00568752684745231,0.0154167853893226,2,0,0,35.875,37,4,4,3143,"+","Interval_945",0,FALSE,FALSE,FALSE,FALSE,TRUE,FALSE,TRUE,"Liver_hypermethylated"
887,"chr18",30854818,30855332,946,0.270766987307588,0.475550564789124,-0.204783577481536,-0.820412636874823,0.013125102512782,0.0291063713248088,5,0,0,29.9,32.25,4,4,2771,"+","Interval_946",0,FALSE,FALSE,FALSE,FALSE,FALSE,FALSE,FALSE,"Liver_hypermethylated"
890,"chr18",30964199,30964434,949,0.757075413717688,0.54240283582956,0.214672577888128,0.603718150543894,0.00158872226339731,0.00597106930188165,2,0,0,32.875,30,4,4,2734,"+","Interval_949",0,FALSE,TRUE,TRUE,FALSE,FALSE,FALSE,FALSE,"Kidney_hypermethylated"
891,"chr18",31076793,31077633,950,0.506306610843201,0.674929501598302,-0.168622890755101,-0.407018762590585,0.019413793289134,0.0390627897058705,8,0,0,40.03125,39.65625,4,4,3521,"+","Interval_950",0,FALSE,FALSE,FALSE,FALSE,FALSE,FALSE,FALSE,"Liver_hypermethylated"
892,"chr18",31085819,31086616,951,0.414858549700232,0.582587605411121,-0.167729055710889,-0.468778719324724,0.00313081068601449,0.00975599983040519,6,0,0,32.1666666666667,32.375,4,4,3237,"+","Interval_951",0,FALSE,FALSE,FALSE,FALSE,FALSE,FALSE,FALSE,"Liver_hypermethylated"
894,"chr18",31207030,31207611,953,0.530081703351478,0.71809219802315,-0.188010494671672,-0.526152888255565,0.00184215231519283,0.00667848140227725,8,0,0,31.75,31.90625,4,4,3014,"+","Interval_953",0,FALSE,FALSE,FALSE,FALSE,FALSE,FALSE,FALSE,"Liver_hypermethylated"
895,"chr18",31217551,31218368,954,0.390488771752266,0.586213592054963,-0.195724820302698,-0.60189153893465,0.00128557387331124,0.00510986510446158,11,0,0,35.3181818181818,34.0909090909091,4,4,2746,"+","Interval_954",0,FALSE,FALSE,FALSE,FALSE,TRUE,FALSE,TRUE,"Liver_hypermethylated"
896,"chr18",31238032,31238280,955,0.582812177347219,0.76032736326854,-0.17751518592132,-0.373962571793472,0.0128146271993582,0.0286765783467066,2,0,0,34.125,32.25,4,4,3664,"+","Interval_955",0,FALSE,FALSE,FALSE,FALSE,FALSE,FALSE,FALSE,"Liver_hypermethylated"
899,"chr18",31330832,31331091,958,0.946861184792219,0.398652214508992,0.548208970283227,1.2274360904831,3.67631308788828e-05,0.000536601993469678,1,0,0,27.75,19.75,4,4,1341,"+","Interval_958",0,FALSE,FALSE,FALSE,FALSE,FALSE,FALSE,FALSE,"Kidney_hypermethylated"
900,"chr18",31441645,31441967,959,0.19439319345681,0.0762109680435488,0.118182225413261,1.26703975826481,0.0255601818987268,0.048616810458024,5,0,0,38.4,40.2,4,4,3272,"+","Interval_959",0,FALSE,FALSE,FALSE,FALSE,FALSE,FALSE,FALSE,"Kidney_hypermethylated"
902,"chr18",31536057,31536322,961,0.775955815018315,0.468854288608145,0.30710152641017,0.735586799307609,0.00791050825494915,0.0198246628167465,2,0,0,21.875,23.75,3.5,4,2452,"+","Interval_961",0,FALSE,FALSE,FALSE,FALSE,FALSE,FALSE,FALSE,"Kidney_hypermethylated"
904,"chr18",31621891,31622458,963,0.735307296906163,0.455970047884812,0.279337249021351,0.709182534392435,0.000439663057006817,0.00245569955418041,7,0,0,27.9642857142857,28.5,4,4,2422,"+","Interval_963",0,FALSE,FALSE,FALSE,FALSE,FALSE,FALSE,FALSE,"Kidney_hypermethylated"
907,"chr18",31705044,31705366,966,0.896892041027671,0.782450602789192,0.114441438238479,0.196618565935112,0.0242415230488729,0.0466241499641076,4,0,0,28.3125,30.125,4,4,4685,"+","Interval_966",0,FALSE,FALSE,FALSE,FALSE,FALSE,FALSE,FALSE,"Kidney_hypermethylated"
908,"chr18",31726731,31726918,967,0.963690160414298,0.691227701195374,0.272462459218925,0.475282530518205,0.0154690475602944,0.0329602278980615,4,0,0,27.5625,31.75,4,4,3201,"+","Interval_967",0,FALSE,FALSE,FALSE,FALSE,FALSE,FALSE,FALSE,"Kidney_hypermethylated"
914,"chr18",31879612,31880191,973,0.269846704291875,0.818533886669695,-0.54868718237782,-1.98955408721452,0.000105890524882265,0.000975600816520136,13,0,0,30.1538461538462,29.5769230769231,4,4,666,"+","Interval_973",0,FALSE,FALSE,FALSE,FALSE,FALSE,FALSE,FALSE,"Liver_hypermethylated"
915,"chr18",31888559,31889044,974,0.939178833385995,0.831208869819551,0.107969963566444,0.178538620938951,0.000490059591643537,0.00265556983302428,5,0,0,16.85,18.95,4,4,4807,"+","Interval_974",0,FALSE,FALSE,FALSE,FALSE,FALSE,FALSE,FALSE,"Kidney_hypermethylated"
917,"chr18",31924359,31924943,976,0.74397977908873,0.579718677211153,0.164261101877576,0.472957642825401,0.0077552785603991,0.0195232227585631,5,0,0,35.5,37.95,4,4,3213,"+","Interval_976",0,FALSE,FALSE,FALSE,FALSE,FALSE,FALSE,FALSE,"Kidney_hypermethylated"
920,"chr18",31959153,31959654,979,0.479588875031198,0.629282643022958,-0.14969376799176,-0.331788334088272,0.0038775149132359,0.0114499419230344,8,0,0,18.375,18.25,4,3.875,3888,"+","Interval_979",0,FALSE,FALSE,FALSE,FALSE,FALSE,FALSE,FALSE,"Liver_hypermethylated"
921,"chr18",31980650,31980846,980,0.887626382238451,0.573106855867745,0.314519526370706,0.638597413888088,0.00307771085081603,0.00963926375127763,2,0,0,29.125,37.5,4,4,2614,"+","Interval_980",0,FALSE,FALSE,FALSE,FALSE,FALSE,FALSE,FALSE,"Kidney_hypermethylated"
927,"chr18",32137504,32138487,986,0.801912409287141,0.623424465234484,0.178487944052658,0.382049252996993,0.00502735858715773,0.0139724642777405,19,0,0,21.9342105263158,22.6184210526316,3.94736842105263,4,3635,"+","Interval_986",0,FALSE,FALSE,FALSE,FALSE,FALSE,FALSE,FALSE,"Kidney_hypermethylated"
937,"chr18",32311972,32312347,996,0.611810064935065,0.180557472255764,0.4312525926793,1.70624778796954,0.000158864944368498,0.00123729414847201,1,0,0,23.25,32,4,4,789,"+","Interval_996",0,FALSE,FALSE,FALSE,FALSE,FALSE,FALSE,FALSE,"Kidney_hypermethylated"
940,"chr18",32398553,32399331,999,0.552400635119799,0.147577431273955,0.404823203845844,2.23897365344215,0.000258343213143809,0.00172182108977083,7,0,0,24.4285714285714,25.5357142857143,4,4,922,"+","Interval_999",0,FALSE,FALSE,FALSE,FALSE,FALSE,FALSE,FALSE,"Kidney_hypermethylated"
941,"chr18",32406926,32407931,1000,0.722502431757878,0.3194656509316,0.403036780826278,1.24333281327294,0.000182000216873246,0.00135721314177358,12,0,0,26.1875,25.4791666666667,3.83333333333333,3.83333333333333,1314,"+","Interval_1000",0,FALSE,FALSE,FALSE,FALSE,FALSE,FALSE,FALSE,"Kidney_hypermethylated"
942,"chr18",32410676,32410939,1001,0.211924759190133,0.472796963072584,-0.260872203882451,-1.32946674763942,0.00039921342471259,0.00232307433225271,7,0,0,21.7142857142857,23.4642857142857,4,4,1648,"+","Interval_1001",0,FALSE,FALSE,FALSE,FALSE,FALSE,FALSE,FALSE,"Liver_hypermethylated"
944,"chr18",32431823,32432762,1003,0.789025633998655,0.441800723366992,0.347224910631663,1.00856465556775,0.00941422859162427,0.0226597864063969,22,0,0,18.3409090909091,19.7159090909091,3.95454545454545,3.81818181818182,2553,"+","Interval_1003",0,FALSE,FALSE,FALSE,FALSE,FALSE,FALSE,FALSE,"Kidney_hypermethylated"
947,"chr18",32497141,32498132,1006,0.684032859850617,0.598856170267916,0.0851766895827007,0.170514868430809,0.025077132111166,0.0478271188153678,4,0,0,32.0625,33.5,4,4,4858,"+","Interval_1006",0,FALSE,TRUE,TRUE,FALSE,FALSE,FALSE,FALSE,"Kidney_hypermethylated"
948,"chr18",32510984,32511232,1007,0.90711874823124,0.763536792521171,0.143581955710069,0.259220672140919,0.00527696405097244,0.0144763143273329,6,0,0,31.9166666666667,33.2083333333333,4,4,4304,"+","Interval_1007",0,FALSE,FALSE,FALSE,FALSE,FALSE,FALSE,FALSE,"Kidney_hypermethylated"
949,"chr18",32523533,32525161,1008,0.51734895247039,0.553652606843702,-0.0363036543733123,0.148097395134617,0.0112078145496515,0.0257177073964184,24,0,0,27.5625,30.2604166666667,4,4,4988,"+","Interval_1008",0,FALSE,FALSE,FALSE,FALSE,FALSE,FALSE,FALSE,"Liver_hypermethylated"
950,"chr18",32542132,32543290,1009,0.734392684194774,0.302507287005649,0.431885397189125,1.34462589774216,0.00327661242116667,0.0101179815718941,10,0,0,21.275,25.775,3.8,4,1990,"+","Interval_1009",0,FALSE,FALSE,FALSE,FALSE,FALSE,TRUE,TRUE,"Kidney_hypermethylated"
951,"chr18",32552020,32553610,1010,0.308813361867873,0.0611046221268107,0.247708739741062,1.39302869811442,0.0145527777729121,0.0315602546507018,7,0,0,17.5,21.0714285714286,4,4,2833,"+","Interval_1010",0,FALSE,FALSE,FALSE,FALSE,FALSE,TRUE,TRUE,"Kidney_hypermethylated"
952,"chr18",32556673,32557238,1011,0.860891289485172,0.180781518474134,0.680109771011038,2.26305696324339,7.84075559825936e-06,0.000253586542901599,4,0,0,28.5,30.625,4,4,264,"+","Interval_1011",0,FALSE,FALSE,FALSE,FALSE,FALSE,TRUE,TRUE,"Kidney_hypermethylated"
954,"chr18",32676978,32677539,1013,0.592129389004389,0.368267761650115,0.223861627354274,0.670665708742912,0.0034295757682865,0.0104433811179983,1,0,0,39.25,46.25,4,4,2519,"+","Interval_1013",0,FALSE,FALSE,FALSE,FALSE,FALSE,FALSE,FALSE,"Kidney_hypermethylated"
959,"chr18",32945233,32945489,1018,0.682447998198512,0.492534812261036,0.189913185937476,0.468134376202731,0.0208153295297064,0.041274669235252,3,0,0,34.3333333333333,35,4,4,3242,"+","Interval_1018",0,FALSE,FALSE,FALSE,FALSE,FALSE,FALSE,FALSE,"Kidney_hypermethylated"
960,"chr18",33153049,33153329,1019,0.835316729904752,0.693759219988936,0.141557509915816,0.266413630795462,0.0204926314968384,0.0407399613549245,4,0,0,29.1875,25.5625,4,4,4260,"+","Interval_1019",0,FALSE,FALSE,FALSE,FALSE,FALSE,FALSE,FALSE,"Kidney_hypermethylated"
963,"chr18",33236444,33236699,1022,0.63940687712035,0.323573573573574,0.315833303546776,0.961117662766382,0.00155921960134716,0.00589757228189272,1,0,0,32,35.25,4,4,1798,"+","Interval_1022",0,FALSE,FALSE,FALSE,FALSE,FALSE,FALSE,FALSE,"Kidney_hypermethylated"
964,"chr18",33259475,33260688,1023,0.422697382737581,0.202761129785371,0.219936252952211,1.22817546919416,0.00307312259978446,0.00963926375127763,14,0,0,26.8928571428571,26.5714285714286,3.85714285714286,3.85714285714286,2035,"+","Interval_1023",0,FALSE,FALSE,FALSE,FALSE,FALSE,FALSE,FALSE,"Kidney_hypermethylated"
965,"chr18",33292309,33293635,1024,0.267705110583395,0.534906180849596,-0.267201070266201,-1.23027222396757,0.000484340903713949,0.00264055349311534,13,0,0,30.3076923076923,32.4038461538462,4,4,1592,"+","Interval_1024",0,FALSE,FALSE,FALSE,FALSE,FALSE,FALSE,FALSE,"Liver_hypermethylated"
966,"chr18",33299693,33300134,1025,0.35926579363969,0.573261496616223,-0.213995702976533,-0.648772308014174,0.00173434935221185,0.00638178249661185,2,0,0,50.375,45.125,4,4,2580,"+","Interval_1025",0,FALSE,FALSE,FALSE,FALSE,FALSE,FALSE,FALSE,"Liver_hypermethylated"
971,"chr18",33443254,33443484,1030,0.459900731452456,0.0470779220779221,0.412822809374534,3.04135129389402,0.0179648873686228,0.0369335004617556,1,0,0,25,23,4,4,2989,"+","Interval_1030",0,FALSE,FALSE,FALSE,FALSE,FALSE,FALSE,FALSE,"Kidney_hypermethylated"
972,"chr18",33453345,33453646,1031,0.724050268184399,0.406429514319974,0.317620753864425,0.910817562291258,0.000549231655982948,0.00285535408292319,2,0,0,35,37.875,4,4,1912,"+","Interval_1031",0,FALSE,FALSE,FALSE,FALSE,FALSE,FALSE,FALSE,"Kidney_hypermethylated"
974,"chr18",33471074,33471653,1033,0.12874380499879,0.336506041025345,-0.207762236026555,-1.30098744165533,0.0068473645673469,0.0177615260727508,8,0,0,34.5,32.3125,4,4,2369,"+","Interval_1033",0,FALSE,FALSE,FALSE,FALSE,FALSE,FALSE,FALSE,"Liver_hypermethylated"
977,"chr18",33527921,33529274,1036,0.413772126806176,0.71205872110639,-0.298286594300214,-0.857485286362445,0.00069730423115882,0.0033722624472486,7,0,0,40.3571428571429,35.1785714285714,4,4,2042,"+","Interval_1036",0,FALSE,FALSE,FALSE,FALSE,FALSE,FALSE,FALSE,"Liver_hypermethylated"
979,"chr18",33667204,33667437,1038,0.678984993501123,0.189466089466089,0.489518904035033,1.7883290607806,6.3101056670387e-05,0.000744893222992079,1,0,0,30.5,22,4,4,673,"+","Interval_1038",0,FALSE,FALSE,FALSE,FALSE,FALSE,FALSE,FALSE,"Kidney_hypermethylated"
980,"chr18",33720209,33720513,1039,0.802920276306825,0.218680334998022,0.584239941308804,2.03927668331299,1.14886207925903e-05,0.000301699037480631,4,0,0,25.625,24.625,4,4,432,"+","Interval_1039",0,FALSE,FALSE,FALSE,FALSE,FALSE,FALSE,FALSE,"Kidney_hypermethylated"
982,"chr18",33776990,33777768,1041,0.454664475593903,0.747974782697695,-0.293310307103792,-0.717772393163981,0.00136155106623213,0.00533592557525284,19,0,0,21.4605263157895,19.1973684210526,3.89473684210526,4,2408,"+","Interval_1041",0,FALSE,FALSE,FALSE,FALSE,FALSE,FALSE,FALSE,"Liver_hypermethylated"
985,"chr18",33825263,33825736,1044,0.76835877520051,0.430745431237523,0.337613343962987,0.951719968095741,0.000974317229134368,0.0042282340205019,10,0,0,18.45,18.125,3.8,4,1823,"+","Interval_1044",0,FALSE,FALSE,FALSE,FALSE,FALSE,FALSE,FALSE,"Kidney_hypermethylated"
986,"chr18",33833499,33833764,1045,0.761985011364747,0.572153293270761,0.189831718093986,0.405536813410853,0.00325441447508196,0.010064608429481,3,0,0,29.0833333333333,30.5833333333333,4,4,3527,"+","Interval_1045",0,FALSE,FALSE,FALSE,FALSE,FALSE,FALSE,FALSE,"Kidney_hypermethylated"
988,"chr18",33855914,33856541,1047,0.389126691391869,0.646572923165465,-0.257446231773596,-0.877160032474237,0.00373402109897236,0.01111165116377,10,0,0,28.125,30.05,4,4,2065,"+","Interval_1047",0,FALSE,FALSE,FALSE,FALSE,FALSE,FALSE,FALSE,"Liver_hypermethylated"
989,"chr18",33871527,33872148,1048,0.187727367387728,0.32334174039957,-0.135614373011842,-0.830664374413184,0.00609296091730987,0.0162013175408348,7,0,0,36.1785714285714,35.9642857142857,4,4,3046,"+","Interval_1048",0,FALSE,FALSE,FALSE,FALSE,FALSE,FALSE,FALSE,"Liver_hypermethylated"
990,"chr18",33873496,33873783,1049,0.846552379426568,0.663331227588925,0.183221151837643,0.355030407635521,0.00426548818154666,0.0123231898803969,10,0,0,25.175,26,4,4,3771,"+","Interval_1049",0,FALSE,FALSE,FALSE,FALSE,FALSE,FALSE,FALSE,"Kidney_hypermethylated"
991,"chr18",33889089,33889731,1050,0.505809551599946,0.730084604077188,-0.224275052477242,-0.59698595805413,0.00499505971194452,0.0139078576936561,12,0,0,30.9583333333333,27.7916666666667,4,4,2762,"+","Interval_1050",0,FALSE,FALSE,FALSE,FALSE,FALSE,FALSE,FALSE,"Liver_hypermethylated"
992,"chr18",33923216,33923579,1051,0.826169921409859,0.590608839689722,0.235561081720138,0.587726858019443,0.0231337641275845,0.0449153177137462,2,0,0,14.125,14.75,3.5,3.5,3165,"+","Interval_1051",0,FALSE,FALSE,FALSE,FALSE,FALSE,FALSE,FALSE,"Kidney_hypermethylated"
993,"chr18",33932434,33932806,1052,0.273858801099394,0.535004290395715,-0.26114548929632,-1.03574511970301,0.000740607045008559,0.0035133516542691,12,0,0,29.9375,28.4166666666667,4,4,1655,"+","Interval_1052",0,FALSE,FALSE,FALSE,FALSE,FALSE,FALSE,FALSE,"Liver_hypermethylated"
996,"chr18",33977506,33978065,1055,0.51686585603845,0.701772867358912,-0.184907011320463,-0.594410808136573,0.00229076829137833,0.00783784585218255,11,0,0,37.6590909090909,37.2954545454545,4,4,2772,"+","Interval_1055",0,FALSE,FALSE,FALSE,FALSE,FALSE,FALSE,FALSE,"Liver_hypermethylated"
1001,"chr18",34052231,34053621,1060,0.219499073987633,0.676900448927802,-0.457401374940169,-2.2213780583183,0.000400288271343386,0.00232712528609755,26,0,0,24.6923076923077,22.1730769230769,3.84615384615385,3.88461538461538,1057,"+","Interval_1060",0,FALSE,FALSE,FALSE,FALSE,TRUE,FALSE,TRUE,"Liver_hypermethylated"
1002,"chr18",34062311,34062582,1061,0.772425065973453,0.34878355830803,0.423641507665423,1.12483881106413,3.1191149500034e-05,0.000503069852172465,1,0,0,35.25,29.25,4,4,1493,"+","Interval_1061",0,FALSE,FALSE,FALSE,FALSE,FALSE,FALSE,FALSE,"Kidney_hypermethylated"
1003,"chr18",34063551,34063740,1062,0.549217559666476,0.735834325647261,-0.186616765980785,-0.426481648561776,0.0147124669433893,0.0317778943293944,4,0,0,29.9375,33.8125,4,4,3430,"+","Interval_1062",0,FALSE,FALSE,FALSE,FALSE,FALSE,FALSE,FALSE,"Liver_hypermethylated"
1004,"chr18",34067848,34068069,1063,0.481086950330371,0.791637022397892,-0.310550072067521,-0.732460279345672,0.000278967123947315,0.00181185799716757,2,0,0,20.125,22.875,4,4,2373,"+","Interval_1063",0,FALSE,FALSE,FALSE,FALSE,FALSE,FALSE,FALSE,"Liver_hypermethylated"
1006,"chr18",34070170,34070600,1065,0.335149146191193,0.519541775317917,-0.184392629126723,-0.918995361234233,0.00408132444709102,0.0118974092634603,3,0,0,45.75,43.25,4,4,2416,"+","Interval_1065",0,FALSE,FALSE,FALSE,FALSE,FALSE,FALSE,FALSE,"Liver_hypermethylated"
1007,"chr18",34079759,34080792,1066,0.41531987824859,0.278679425726902,0.136640452521688,0.613371100002229,0.0102728573612255,0.0241072003413581,14,0,0,28.6607142857143,28.1071428571429,4,4,3030,"+","Interval_1066",0,FALSE,FALSE,FALSE,FALSE,FALSE,FALSE,FALSE,"Kidney_hypermethylated"
1011,"chr18",34152624,34153040,1071,0.425331216544695,0.670344793574996,-0.245013577030301,-0.63959964784665,0.00333272202523723,0.0102492459813399,8,0,0,27.0625,28.125,4,4,2608,"+","Interval_1071",0,FALSE,FALSE,FALSE,FALSE,FALSE,FALSE,FALSE,"Liver_hypermethylated"
1012,"chr18",34159747,34160269,1072,0.189576560007868,0.533628269151288,-0.34405170914342,-1.99534174883776,0.000937800484866313,0.00412153720937071,6,0,0,23.75,23.2916666666667,4,4,1398,"+","Interval_1072",0,FALSE,FALSE,FALSE,FALSE,FALSE,FALSE,FALSE,"Liver_hypermethylated"
1013,"chr18",34162896,34163240,1073,0.0165619658119658,0.114055971678969,-0.0974940058670036,-1.94027706723563,0.0179565650495352,0.0369325215286028,5,0,0,21.05,21.6,3.6,4,3567,"+","Interval_1073",0,FALSE,TRUE,TRUE,FALSE,FALSE,FALSE,FALSE,"Liver_hypermethylated"
1015,"chr18",34202255,34202524,1075,0.84095262037065,0.122184500648932,0.718768119721718,2.80634964704622,5.82679020296053e-06,0.000219784352681278,5,0,0,34.95,38.45,4,4,161,"+","Interval_1075",0,FALSE,FALSE,FALSE,FALSE,FALSE,FALSE,FALSE,"Kidney_hypermethylated"
1017,"chr18",34227735,34228087,1077,0.795979537175358,0.621839127598288,0.17414040957707,0.374206522893175,0.0023726128662508,0.00803542596012722,3,0,0,34.3333333333333,32.4166666666667,4,4,3661,"+","Interval_1077",0,FALSE,FALSE,FALSE,FALSE,FALSE,FALSE,FALSE,"Kidney_hypermethylated"
1022,"chr18",34348527,34349100,1082,0.612340203452429,0.433853745105796,0.178486458346633,0.392922700728905,0.00315813059811909,0.0098162430578866,5,0,0,29.5,28.55,4,4,3588,"+","Interval_1082",0,FALSE,FALSE,FALSE,FALSE,FALSE,FALSE,FALSE,"Kidney_hypermethylated"
1025,"chr18",34379812,34380918,1085,0.0910642629305959,0.218493055400406,-0.12742879246981,-1.20336049230718,0.0164029179500795,0.0344719325592472,14,0,0,29.5892857142857,32.1071428571429,4,4,3150,"+","Interval_1085",0,FALSE,TRUE,TRUE,FALSE,FALSE,FALSE,FALSE,"Liver_hypermethylated"
1026,"chr18",34389922,34390278,1086,0.611089757073417,0.820360521882766,-0.209270764809349,-0.460595241827466,0.00424372347791726,0.0122834106320309,3,0,0,41.4166666666667,42.25,4,4,3271,"+","Interval_1086",0,FALSE,FALSE,FALSE,FALSE,FALSE,FALSE,FALSE,"Liver_hypermethylated"
1027,"chr18",34397996,34398320,1087,0.922950620651175,0.772088674151602,0.150861946499574,0.261241116434658,0.000404430269156045,0.00233793415236491,9,0,0,90.3055555555556,64.6388888888889,4,3.77777777777778,4297,"+","Interval_1087",0,FALSE,FALSE,FALSE,FALSE,FALSE,FALSE,FALSE,"Kidney_hypermethylated"
1030,"chr18",34410088,34411024,1090,0.546627485075567,0.179834050505053,0.366793434570514,1.57297527626951,9.76940855581756e-05,0.00093801586836717,17,0,0,35.6323529411765,37.7352941176471,4,4,924,"+","Interval_1090",0,FALSE,FALSE,FALSE,FALSE,FALSE,TRUE,TRUE,"Kidney_hypermethylated"
1031,"chr18",34419957,34420852,1091,0.115790342898832,0.513701976482275,-0.397911633583443,-2.06637779560107,6.61271934821163e-05,0.000765257257905094,8,0,0,35.15625,36.5,4,4,783,"+","Interval_1091",0,FALSE,FALSE,FALSE,FALSE,FALSE,FALSE,FALSE,"Liver_hypermethylated"
1034,"chr18",34464951,34465821,1095,0.895623926682086,0.336716192181827,0.558907734500258,1.6343117012278,7.98727105414889e-06,0.000255634274102838,8,0,0,40.03125,39.875,4,4,815,"+","Interval_1095",0,FALSE,FALSE,FALSE,FALSE,FALSE,TRUE,TRUE,"Kidney_hypermethylated"
1036,"chr18",34513553,34513933,1097,0.756883241918544,0.165276206636501,0.591607035282043,2.12937677724691,0.000380491119995984,0.00225649892539972,1,0,0,37,34.75,4,4,1036,"+","Interval_1097",0,FALSE,FALSE,FALSE,FALSE,FALSE,TRUE,TRUE,"Kidney_hypermethylated"
1037,"chr18",34519162,34520132,1099,0.687823582772345,0.399562755889749,0.288260826882596,1.11614450176598,0.00198516608256086,0.00707589650657569,6,0,0,24.5416666666667,28.5,4,4,1724,"+","Interval_1099",0,FALSE,FALSE,FALSE,FALSE,FALSE,TRUE,TRUE,"Kidney_hypermethylated"
1041,"chr18",34562217,34562549,1103,0.802837301587302,0.551963217048606,0.250874084538696,0.532490906929224,0.00406837445824347,0.0118652876345069,1,0,0,23.75,30.75,4,4,3000,"+","Interval_1103",0,FALSE,TRUE,TRUE,FALSE,FALSE,FALSE,FALSE,"Kidney_hypermethylated"
1045,"chr18",34634420,34634877,1107,0.90754825239547,0.298580175358636,0.608968077036834,1.62025531376091,5.7161519627646e-06,0.000219784352681278,4,0,0,36.9375,37.9375,4,4,833,"+","Interval_1107",0,FALSE,FALSE,FALSE,FALSE,FALSE,TRUE,TRUE,"Kidney_hypermethylated"
1048,"chr18",34679533,34680220,1110,0.020127327042333,0.143415692652803,-0.12328836561047,-2.37649712518045,0.00071246526777293,0.00342842527052831,26,0,0,16.6923076923077,17.6634615384615,3.73076923076923,3.92307692307692,3220,"+","Interval_1110",0,FALSE,TRUE,TRUE,FALSE,FALSE,FALSE,FALSE,"Liver_hypermethylated"
1050,"chr18",34721394,34721836,1112,0,0.141246910983753,-0.141246910983753,-3.91883377245523,1.90844279046927e-10,1.17273809474337e-06,1,0,0,17,20.25,4,4,2962,"+","Interval_1112",0,FALSE,TRUE,TRUE,FALSE,FALSE,FALSE,FALSE,"Liver_hypermethylated"
1055,"chr18",34779265,34779529,1117,0.0449466148011159,0.00843115942028985,0.036515455380826,1.56768314094606,0.000548172330802785,0.00285535408292319,5,0,0,33.9,32.2,4,4,4530,"+","Interval_1117",0,FALSE,FALSE,FALSE,FALSE,FALSE,FALSE,FALSE,"Kidney_hypermethylated"
1056,"chr18",34783312,34784068,1118,0.462628556457389,0.0688907447036786,0.39373781175371,2.90362185293799,1.20991827785576e-05,0.000306998436478351,7,0,0,25.25,25.8928571428571,4,4,801,"+","Interval_1118",0,FALSE,FALSE,FALSE,FALSE,FALSE,TRUE,TRUE,"Kidney_hypermethylated"
1057,"chr18",34788364,34788796,1119,0.938507326007326,0.1248296401608,0.813677685846526,2.81452123161672,0.00932666213165341,0.0225550329787525,1,0,0,35.25,36.25,4,4,2541,"+","Interval_1119",0,FALSE,FALSE,FALSE,FALSE,FALSE,TRUE,TRUE,"Kidney_hypermethylated"
1060,"chr18",34854599,34855736,1122,0.3576922402787,0.0871219873119684,0.270570252966732,2.11038378763284,0.000913625174349393,0.00405652217946316,15,0,0,22.5666666666667,22.6166666666667,4,4,1562,"+","Interval_1122",0,FALSE,FALSE,FALSE,FALSE,FALSE,FALSE,FALSE,"Kidney_hypermethylated"
1062,"chr18",34880030,34880711,1124,0.804642603728061,0.209597872225949,0.595044731502113,1.95070457171878,1.18648337076576e-05,0.000306342029972925,6,0,0,36.2083333333333,34.5416666666667,4,4,494,"+","Interval_1124",0,FALSE,FALSE,FALSE,FALSE,FALSE,FALSE,FALSE,"Kidney_hypermethylated"
1067,"chr18",34915803,34916406,1129,0.872848707575913,0.132573309888539,0.740275397687374,2.87631443912714,8.04352563865574e-06,0.000256100855178961,5,0,0,32.5,36.7,4,4,193,"+","Interval_1129",0,FALSE,FALSE,FALSE,FALSE,FALSE,TRUE,TRUE,"Kidney_hypermethylated"
1070,"chr18",34989247,34989499,1133,0.264791476798056,0.159718271279804,0.105073205518252,1.39815375663617,0.000365553425162345,0.00219797044777163,4,0,0,15.3125,15.25,4,4,3450,"+","Interval_1133",0,FALSE,TRUE,TRUE,FALSE,FALSE,FALSE,FALSE,"Kidney_hypermethylated"
1073,"chr18",35045311,35046276,1136,0.273745347071853,0.438035634100219,-0.164290287028366,-1.22120740566314,0.00551445047184829,0.0150271832148593,11,0,0,25.8409090909091,25.7045454545455,4,4,2672,"+","Interval_1136",0,FALSE,TRUE,TRUE,FALSE,FALSE,FALSE,FALSE,"Liver_hypermethylated"
1074,"chr18",35056756,35057420,1137,0.166619845707207,0.7699850791046,-0.603365233397393,-2.32451839339381,8.9359825805499e-06,0.000265411655726936,6,0,0,33.125,30.375,4,4,218,"+","Interval_1137",0,FALSE,FALSE,FALSE,FALSE,TRUE,FALSE,TRUE,"Liver_hypermethylated"
1075,"chr18",35068739,35069648,1138,0.214299351407015,0.514185069363428,-0.299885717956413,-1.23554307569699,0.000108736679926347,0.0009873056948269,10,0,0,30.15,32.125,4,4,1347,"+","Interval_1138",0,FALSE,FALSE,FALSE,FALSE,FALSE,FALSE,FALSE,"Liver_hypermethylated"
1076,"chr18",35079963,35080208,1139,0.323334578433263,0.454872206558062,-0.131537628124799,-0.706630511570976,0.00654511599049685,0.01714396324024,4,0,0,20.6875,23.9375,3.5,4,3104,"+","Interval_1139",0,FALSE,FALSE,FALSE,FALSE,FALSE,FALSE,FALSE,"Liver_hypermethylated"
1077,"chr18",35094117,35094434,1140,0.543461859491271,0.0647429245176133,0.478718934973658,2.95854942290932,6.58216362960608e-05,0.000765257257905094,3,0,0,29.9166666666667,32.3333333333333,4,4,527,"+","Interval_1140",0,FALSE,FALSE,FALSE,FALSE,FALSE,FALSE,FALSE,"Kidney_hypermethylated"
1079,"chr18",35134296,35135156,1142,0.618373333949893,0.381879638868062,0.236493695081831,0.882572234097332,0.00515963529250543,0.0142498691561554,3,0,0,32,35.8333333333333,4,4,2225,"+","Interval_1142",0,FALSE,FALSE,FALSE,FALSE,FALSE,TRUE,TRUE,"Kidney_hypermethylated"
1080,"chr18",35152235,35152714,1143,0.783469684385382,0.137467084457768,0.646002599927614,2.42846668896495,1.55241267869038e-06,0.000151200778386532,2,0,0,43.875,40,4,4,175,"+","Interval_1143",0,FALSE,FALSE,FALSE,FALSE,FALSE,TRUE,TRUE,"Kidney_hypermethylated"
1081,"chr18",35154650,35155269,1144,0.632884946741855,0.0985469746112161,0.534337972130638,2.64260403892232,0.000120322147126282,0.00104432146058051,2,0,0,22.5,23,2.5,3.5,708,"+","Interval_1144",0,FALSE,FALSE,FALSE,FALSE,FALSE,FALSE,FALSE,"Kidney_hypermethylated"
1082,"chr18",35162062,35162363,1145,0.488018203965547,0.820470038277481,-0.332451834311934,-0.779455995079318,9.21556182398347e-05,0.000905122689829239,5,0,0,33.95,41.05,4,4,2243,"+","Interval_1145",0,FALSE,FALSE,FALSE,FALSE,FALSE,FALSE,FALSE,"Liver_hypermethylated"
1083,"chr18",35212803,35213301,1146,0.237868201480893,0.693900391751785,-0.456032190270892,-1.71833534778579,0.000183213741736394,0.00135721314177358,6,0,0,38.875,36.625,4,4,829,"+","Interval_1146",0,FALSE,FALSE,FALSE,FALSE,FALSE,FALSE,FALSE,"Liver_hypermethylated"
1084,"chr18",35214759,35215158,1147,0.339219338502603,0.648006870026896,-0.308787531524294,-0.973557501581929,0.00114401780162316,0.00471388565628839,12,0,0,34.2291666666667,34.2708333333333,4,4,1782,"+","Interval_1147",0,FALSE,FALSE,FALSE,FALSE,FALSE,FALSE,FALSE,"Liver_hypermethylated"
1085,"chr18",35285068,35285348,1148,0.84574912812258,0.680282991934124,0.165466136188456,0.305851159765469,0.0155530811664726,0.0330736628366819,4,0,0,25.625,22.6875,4,3.75,4040,"+","Interval_1148",0,FALSE,FALSE,FALSE,FALSE,FALSE,FALSE,FALSE,"Kidney_hypermethylated"
1086,"chr18",35285599,35285832,1149,0.700009254681368,0.62132771971327,0.0786815349680988,0.140609993902845,0.00980212795979638,0.0232872016661279,2,0,0,24,20.75,4,4,5039,"+","Interval_1149",0,FALSE,FALSE,FALSE,FALSE,FALSE,FALSE,FALSE,"Kidney_hypermethylated"
1087,"chr18",35285874,35286114,1150,0.760373467112598,0.508390569776439,0.251982897336158,0.609604854227107,0.017470086221463,0.0361095398254067,2,0,0,23.625,26.125,4,4,2973,"+","Interval_1150",0,FALSE,FALSE,FALSE,FALSE,FALSE,FALSE,FALSE,"Kidney_hypermethylated"
1088,"chr18",35296227,35296843,1151,0.106256419560287,0.376419458548934,-0.270163038988648,-2.26484853273131,0.000187631844078899,0.00136611099747018,5,0,0,25.4,25.7,4,4,1566,"+","Interval_1151",0,FALSE,FALSE,FALSE,FALSE,FALSE,FALSE,FALSE,"Liver_hypermethylated"
1089,"chr18",35341795,35342052,1152,0.429042503932476,0.692279588346797,-0.263237084414321,-0.857007105329075,0.000524481893468309,0.00279284335819997,6,0,0,24.9583333333333,27.5416666666667,4,4,2043,"+","Interval_1152",0,FALSE,FALSE,FALSE,FALSE,FALSE,FALSE,FALSE,"Liver_hypermethylated"
1090,"chr18",35368873,35369270,1153,0.269728011667013,0.66372928383798,-0.394001272170966,-1.26784111659279,2.62170622427857e-05,0.000456384837059258,2,0,0,36.375,35.5,4,4,1270,"+","Interval_1153",0,FALSE,FALSE,FALSE,FALSE,TRUE,FALSE,TRUE,"Liver_hypermethylated"
1091,"chr18",35402069,35402716,1154,0.119243779597882,0.61719526576441,-0.497951486166528,-2.28463514493139,5.39439135496822e-05,0.000675087118166068,6,0,0,22.75,22.4166666666667,4,4,491,"+","Interval_1154",0,FALSE,FALSE,FALSE,FALSE,FALSE,FALSE,FALSE,"Liver_hypermethylated"
1092,"chr18",35467013,35467353,1155,0.915359596248083,0.562151437151437,0.353208159096646,0.693617057888823,0.000310025412374378,0.00195395503491339,1,0,0,34.25,36,4,4,2468,"+","Interval_1155",0,FALSE,FALSE,FALSE,FALSE,FALSE,FALSE,FALSE,"Kidney_hypermethylated"
1093,"chr18",35488541,35489352,1156,0.488567422106209,0.757942063694207,-0.269374641587998,-0.639664388147801,0.000413358721173019,0.00236727804436925,7,0,0,34.6428571428571,34.25,4,4,2607,"+","Interval_1156",0,FALSE,FALSE,FALSE,FALSE,FALSE,FALSE,FALSE,"Liver_hypermethylated"
1095,"chr18",35529656,35530629,1158,0.433794092101054,0.511229748896866,-0.0774356567958111,-0.811248218240573,0.00289818518200869,0.00923356727334655,15,0,0,17.25,18.4333333333333,3.26666666666667,3.93333333333333,3828,"+","Interval_1158",0,FALSE,FALSE,FALSE,FALSE,FALSE,FALSE,FALSE,"Liver_hypermethylated"
1096,"chr18",35532058,35532689,1159,0.626722170775206,0.445901898467292,0.180820272307914,0.494909606467272,0.0167761356791212,0.0350048739382683,7,0,0,26.25,28.6785714285714,4,4,3140,"+","Interval_1159",0,FALSE,FALSE,FALSE,FALSE,FALSE,FALSE,FALSE,"Kidney_hypermethylated"
1101,"chr18",35619093,35620181,1164,0.87668445567228,0.241711030558452,0.634973425113828,1.87204937507774,2.92996969840081e-06,0.000177516461463742,5,0,0,30.1,32.3,4,4,572,"+","Interval_1164",0,FALSE,FALSE,FALSE,FALSE,FALSE,TRUE,TRUE,"Kidney_hypermethylated"
1108,"chr18",35671304,35671698,1171,0.223905177319513,0.705013802744904,-0.481108625425391,-1.90880516315322,0.000224614977872471,0.0015631472695655,8,0,0,26.75,24.0625,4,4,883,"+","Interval_1171",0,FALSE,FALSE,FALSE,FALSE,FALSE,FALSE,FALSE,"Liver_hypermethylated"
1109,"chr18",35671870,35672336,1172,0.412125109097694,0.0910428894080549,0.321082219689639,1.99113774541988,0.00211530912245939,0.00739816423307509,3,0,0,34.75,36.1666666666667,4,4,1757,"+","Interval_1172",0,FALSE,FALSE,FALSE,FALSE,FALSE,FALSE,FALSE,"Kidney_hypermethylated"
1118,"chr18",35814471,35816395,1181,0.0507455857428318,0.146507090058235,-0.0957615043154029,-1.58537665919551,0.0220895350284089,0.0433222130170682,48,0,0,15.9479166666667,17.8072916666667,3.45833333333333,3.95833333333333,3597,"+","Interval_1181",0,FALSE,FALSE,FALSE,FALSE,FALSE,FALSE,FALSE,"Liver_hypermethylated"
1119,"chr18",35822818,35824046,1182,0.0958170470030608,0.189850241833316,-0.0940331948302552,-1.16479731170845,0.02396504481335,0.0462389921540077,15,0,0,19.4,20.9333333333333,3.8,4,3625,"+","Interval_1182",0,FALSE,FALSE,FALSE,FALSE,FALSE,FALSE,FALSE,"Liver_hypermethylated"
1122,"chr18",35832529,35832883,1185,0.0761016669196816,0.259938873840223,-0.183837206920542,-2.05991029866224,0.00560647144386026,0.0152172115823857,8,0,0,17.375,18.09375,3.875,3.75,2420,"+","Interval_1185",0,FALSE,FALSE,FALSE,FALSE,FALSE,FALSE,FALSE,"Liver_hypermethylated"
1123,"chr18",35837012,35837346,1186,0.114932020140353,0.420381600206162,-0.305449580065808,-1.7825528336274,0.0188492007874007,0.0382397949285498,9,0,0,12.9722222222222,14.7777777777778,3.55555555555556,3.77777777777778,3029,"+","Interval_1186",0,FALSE,FALSE,FALSE,FALSE,FALSE,FALSE,FALSE,"Liver_hypermethylated"
1127,"chr18",35855540,35855768,1190,0.186876463105178,0.686442231374795,-0.499565768269617,-1.94281746710633,0.000894705965406168,0.00399432368321097,14,0,0,13,17.4821428571429,3.64285714285714,3.78571428571429,1376,"+","Interval_1190",0,FALSE,FALSE,FALSE,FALSE,FALSE,FALSE,FALSE,"Liver_hypermethylated"
1128,"chr18",35865571,35865800,1191,0.789631669211071,0.613426707524225,0.176204961686846,0.428852604301255,0.00962532684929797,0.0230056917498779,4,0,0,26.1875,26.875,4,4,3422,"+","Interval_1191",0,FALSE,FALSE,FALSE,FALSE,FALSE,FALSE,FALSE,"Kidney_hypermethylated"
1129,"chr18",35866130,35866827,1192,0.319807808988827,0.521697910255379,-0.201890101266552,-1.19424043851313,0.00734443759222872,0.0186957618078896,4,0,0,17,19.25,4,4,2414,"+","Interval_1192",0,FALSE,FALSE,FALSE,FALSE,FALSE,FALSE,FALSE,"Liver_hypermethylated"
1137,"chr18",35926961,35927997,1200,0.0143636974584555,0.155220259832085,-0.14085656237363,-2.79473839390739,3.06069848494151e-06,0.000177516461463742,6,0,0,27.7083333333333,26.2083333333333,4,4,2969,"+","Interval_1200",0,FALSE,TRUE,TRUE,FALSE,FALSE,FALSE,FALSE,"Liver_hypermethylated"
1139,"chr18",35932967,35933738,1202,0.00759167706571237,0.0617638062302533,-0.0541721291645409,-1.52910844770114,0.00459246487479687,0.013053051182066,42,0,0,14.6071428571429,16.5119047619048,2.95238095238095,3.35714285714286,4212,"+","Interval_1202",0,FALSE,TRUE,TRUE,FALSE,FALSE,FALSE,FALSE,"Liver_hypermethylated"
1141,"chr18",35941831,35942732,1204,0.247566062734522,0.0746556271442763,0.172910435590245,2.03009539975234,0.00901536539248812,0.0220276025196181,21,0,0,22.797619047619,22.6428571428571,3.80952380952381,4,2566,"+","Interval_1204",0,FALSE,FALSE,FALSE,FALSE,FALSE,FALSE,FALSE,"Kidney_hypermethylated"
1145,"chr18",36025671,36025992,1208,0.37812766988788,0.197516147298756,0.180611522589124,1.09191784615594,0.0155757090652652,0.0330886527161924,4,0,0,26,24.5,4,4,2892,"+","Interval_1208",0,FALSE,FALSE,FALSE,FALSE,FALSE,FALSE,FALSE,"Kidney_hypermethylated"
1147,"chr18",36077562,36078181,1210,0.208722637752961,0.542962148377453,-0.334239510624492,-1.47911460075732,0.00102384312397289,0.00437822964287642,13,0,0,25.1346153846154,24.7307692307692,4,4,1437,"+","Interval_1210",0,FALSE,TRUE,TRUE,FALSE,FALSE,FALSE,FALSE,"Liver_hypermethylated"
1148,"chr18",36078246,36078601,1211,0.513569330400986,0.280124576098248,0.233444754302738,1.18263148644203,0.0100789882672705,0.0237300317633629,8,0,0,27.5,25.40625,4,4,2610,"+","Interval_1211",0,FALSE,FALSE,FALSE,FALSE,FALSE,FALSE,FALSE,"Kidney_hypermethylated"
1150,"chr18",36182997,36184034,1213,0.30711768783884,0.642413479498622,-0.335295791659782,-1.03097020086257,0.000547257565822214,0.00285535408292319,21,0,0,25,25.5,4,4,1665,"+","Interval_1213",0,FALSE,FALSE,FALSE,FALSE,FALSE,FALSE,FALSE,"Liver_hypermethylated"
1159,"chr18",36360908,36361204,1222,0.517762371673514,0.161318717116005,0.356443654557509,1.67071117625287,0.000133266861430397,0.001111159923324,2,0,0,43.25,45.75,4,4,980,"+","Interval_1222",0,FALSE,FALSE,FALSE,FALSE,FALSE,FALSE,FALSE,"Kidney_hypermethylated"
1160,"chr18",36374700,36375394,1223,0.721449861259393,0.325366809008795,0.396083052250598,1.30663243627073,0.00014928405563398,0.00119758553769035,10,0,0,22.075,22.5,4,4,1217,"+","Interval_1223",0,FALSE,FALSE,FALSE,FALSE,FALSE,FALSE,FALSE,"Kidney_hypermethylated"
1161,"chr18",36383929,36384686,1224,0.811383936354365,0.273400026868452,0.537983909485913,1.90753804102068,8.20857559285441e-06,0.000259802673539206,11,0,0,26.3636363636364,28.7727272727273,4,4,535,"+","Interval_1224",0,FALSE,FALSE,FALSE,FALSE,FALSE,TRUE,TRUE,"Kidney_hypermethylated"
1164,"chr18",36411537,36411873,1228,0.26862579127314,0.854838095440103,-0.586212304166963,-1.70993640091895,0.000130550183290563,0.00109295759716691,10,0,0,21.75,19.7,4,4,746,"+","Interval_1228",0,FALSE,FALSE,FALSE,FALSE,FALSE,FALSE,FALSE,"Liver_hypermethylated"
1165,"chr18",36416548,36417011,1229,0.444142540791322,0.747193460993713,-0.303050920202391,-0.914010051224069,0.000673938676026478,0.00331043418399897,12,0,0,30.1041666666667,30,4,4,1906,"+","Interval_1229",0,FALSE,FALSE,FALSE,FALSE,FALSE,FALSE,FALSE,"Liver_hypermethylated"
1166,"chr18",36439618,36440694,1230,0.840535087483617,0.261017173569529,0.579517913914088,2.28701543821382,0.000245069713191631,0.00166403689233433,10,0.2,0.4,22.525,21.6,2.8,2.5,905,"+","Interval_1230",0,FALSE,FALSE,FALSE,FALSE,FALSE,TRUE,TRUE,"Kidney_hypermethylated"
1168,"chr18",36472964,36473557,1232,0.612315168910509,0.589861216961961,0.0224539519485478,-0.00553012417091699,0.0248986519013973,0.0475753158999025,5,0,0,29.25,28.75,4,4,6103,"+","Interval_1232",0,FALSE,FALSE,FALSE,FALSE,FALSE,FALSE,FALSE,"Kidney_hypermethylated"
1169,"chr18",36492844,36493532,1233,0.384132383494903,0.633689987808656,-0.249557604313753,-0.984604403565121,0.00695492925179713,0.0179195137326178,10,0,0,19.4,21.4,4,4,2385,"+","Interval_1233",0,FALSE,FALSE,FALSE,FALSE,FALSE,FALSE,FALSE,"Liver_hypermethylated"
1176,"chr18",36529984,36530343,1240,0.801146245059289,0.493684210526316,0.307462034532973,0.687442541457343,0.0023829525696549,0.00805016137467256,1,0,0,23,22,4,4,2479,"+","Interval_1240",0,TRUE,TRUE,TRUE,TRUE,FALSE,FALSE,FALSE,"Kidney_hypermethylated"
1190,"chr18",36772182,36772970,1255,0.95070347799857,0.242540124590702,0.708163353407867,2.07675827669443,0.000101616579934118,0.000950022988322171,17,0,0,26.8235294117647,29.5588235294118,4,4,657,"+","Interval_1255",0,FALSE,FALSE,FALSE,FALSE,FALSE,TRUE,TRUE,"Kidney_hypermethylated"
1196,"chr18",37172187,37172821,1261,0.144381843830444,0.168946542972344,-0.0245646991418999,-0.786884223074206,0.0200692238768117,0.0401449807041042,13,0,0,18,18.3461538461538,3.76923076923077,3.92307692307692,4776,"+","Interval_1261",0,FALSE,FALSE,FALSE,FALSE,FALSE,FALSE,FALSE,"Liver_hypermethylated"
1197,"chr18",37177901,37179021,1262,0.0741215111139663,0.159663344304447,-0.0855418331904811,-1.31269655235434,0.00534772638098188,0.0146117290400772,21,0,0,22.8690476190476,22.3690476190476,4,4,3718,"+","Interval_1262",0,FALSE,FALSE,FALSE,FALSE,FALSE,FALSE,FALSE,"Liver_hypermethylated"
1218,"chr18",37826228,37826486,1283,0.0938244047619048,0.378114699627857,-0.284290294865953,-2.35946057239557,0.00114897023978346,0.00472901682750793,2,0,0,14.875,18.5,4,4,1493,"+","Interval_1283",0,FALSE,FALSE,FALSE,FALSE,FALSE,FALSE,FALSE,"Liver_hypermethylated"
1219,"chr18",37835341,37836905,1284,0.1215337673913,0.43400005863203,-0.31246629124073,-2.43330022498391,0.000547346448839851,0.00285535408292319,14,0,0,18.875,20.5178571428571,3.71428571428571,3.92857142857143,1256,"+","Interval_1284",0,FALSE,FALSE,FALSE,FALSE,TRUE,FALSE,TRUE,"Liver_hypermethylated"
1220,"chr18",37841207,37842992,1285,0.0211086044478848,0.138073343703749,-0.116964739255864,-2.10816125442768,0.00206096801349828,0.00724936945789749,45,0,0,22.4,23.1611111111111,3.71111111111111,3.82222222222222,3287,"+","Interval_1285",0,FALSE,FALSE,FALSE,FALSE,FALSE,FALSE,FALSE,"Liver_hypermethylated"
1221,"chr18",37851740,37852924,1286,0.22033730392895,0.4121841275651,-0.19184682363615,-1.44225344777164,0.00286329405471902,0.00916880769476204,11,0,0,28.8863636363636,29.2045454545455,4,4,2345,"+","Interval_1286",0,FALSE,FALSE,FALSE,FALSE,FALSE,FALSE,FALSE,"Liver_hypermethylated"
1222,"chr18",37871799,37872224,1287,0.477026075629996,0.684556349352168,-0.207530273722172,-0.537482757876851,0.0146052600071174,0.0316352917672669,6,0,0,30.375,31.4166666666667,4,4,2977,"+","Interval_1287",0,FALSE,FALSE,FALSE,FALSE,TRUE,FALSE,TRUE,"Liver_hypermethylated"
1224,"chr18",37879971,37880532,1289,0.0512079902309639,0.372019684722122,-0.320811694491158,-3.39172098731637,1.84541226671927e-06,0.000151200778386532,9,0,0,26.6666666666667,26.9166666666667,4,4,1191,"+","Interval_1289",0,FALSE,FALSE,FALSE,FALSE,FALSE,FALSE,FALSE,"Liver_hypermethylated"
1226,"chr18",37907961,37908774,1291,0.212665315714096,0.127528795531198,0.0851365201828981,0.465279149302373,0.0104561421700902,0.0244029599829868,3,0,0,40.9166666666667,43.9166666666667,4,4,3730,"+","Interval_1291",0,FALSE,FALSE,FALSE,FALSE,FALSE,FALSE,FALSE,"Kidney_hypermethylated"
1227,"chr18",37909213,37909582,1292,0.811774587200862,0.661125860033684,0.150648727167178,0.292725911543959,0.00832398787553862,0.0206068084884948,4,0,0,31.4375,31.375,4,4,4125,"+","Interval_1292",0,FALSE,FALSE,FALSE,FALSE,FALSE,FALSE,FALSE,"Kidney_hypermethylated"
1228,"chr18",37925926,37926409,1293,0.771963802705641,0.0986825002823802,0.673281302423261,2.84884402120697,9.28282074786798e-06,0.000270345656377482,3,0,0,35.25,39.8333333333333,4,4,211,"+","Interval_1293",0,FALSE,FALSE,FALSE,FALSE,FALSE,TRUE,TRUE,"Kidney_hypermethylated"
1229,"chr18",37928454,37928761,1294,0.576434576023392,0.201865079365079,0.374569496658312,1.46882435161011,6.99809840110357e-05,0.000789051645408833,1,0,0,33.25,34.5,4,4,1018,"+","Interval_1294",0,FALSE,FALSE,FALSE,FALSE,FALSE,FALSE,FALSE,"Kidney_hypermethylated"
1234,"chr18",37985156,37985411,1299,0.435869800090292,0.614350386187036,-0.178480586096744,-0.607067089874377,0.00909293153626042,0.0221712834772665,8,0,0,26.875,24.9375,4,4,2720,"+","Interval_1299",0,FALSE,FALSE,FALSE,FALSE,FALSE,FALSE,FALSE,"Liver_hypermethylated"
1240,"chr18",38067795,38068608,1305,0.104917383034063,0.207986097150184,-0.103068714116121,-1.45850367078819,0.011108342528338,0.0255371361154647,10,0,0,15.325,15.35,3.2,3.3,3477,"+","Interval_1305",0,FALSE,FALSE,FALSE,FALSE,FALSE,FALSE,FALSE,"Liver_hypermethylated"
1241,"chr18",38090926,38091176,1306,0.15867685086335,0.318801093986852,-0.160124243123503,-0.951180906155288,0.0210771120256573,0.0416191688295836,5,0,0,18.5,21.15,4,4,3112,"+","Interval_1306",0,FALSE,FALSE,FALSE,FALSE,FALSE,FALSE,FALSE,"Liver_hypermethylated"
1242,"chr18",38098142,38098594,1307,0.0651238044945139,0.215603833656061,-0.150480029161548,-1.97406650616762,0.00107406622627728,0.00452240072478466,5,0,0,18.45,18.7,4,4,2841,"+","Interval_1307",0,FALSE,TRUE,TRUE,FALSE,FALSE,FALSE,FALSE,"Liver_hypermethylated"
1245,"chr18",38127553,38127776,1310,0.660256001745297,0.404511492561583,0.255744509183714,0.752305668036732,0.00201297478435698,0.00714600233961504,4,0,0,28.1875,28.8125,4,4,2314,"+","Interval_1310",0,FALSE,FALSE,FALSE,FALSE,FALSE,FALSE,FALSE,"Kidney_hypermethylated"
1248,"chr18",38174082,38174895,1313,0.161090868120803,0.155030911710197,0.0060599564106053,0.566249347109267,0.0110879019787174,0.0255187856401567,19,0,0,20.1052631578947,22.5657894736842,3.94736842105263,4,5443,"+","Interval_1313",0,FALSE,FALSE,FALSE,FALSE,FALSE,FALSE,FALSE,"Kidney_hypermethylated"
1250,"chr18",38190543,38191157,1315,0.243696876953456,0.394428914202072,-0.150732037248616,-1.39488164650363,0.00257667899350905,0.0085105989436966,15,0,0,14.4666666666667,17.5,3.2,4,2836,"+","Interval_1315",0,FALSE,FALSE,FALSE,FALSE,FALSE,FALSE,FALSE,"Liver_hypermethylated"
1256,"chr18",38248744,38249417,1321,0.576916100648709,0.085978650082792,0.490937450565917,2.65331786736165,0.000654075586157324,0.00324136651365868,10,0,0,34.525,33.675,4,4,1240,"+","Interval_1321",0,FALSE,FALSE,FALSE,FALSE,FALSE,TRUE,TRUE,"Kidney_hypermethylated"
1258,"chr18",38255743,38256101,1323,0.209673626489273,0.68345355344623,-0.473779926956958,-1.77444993020115,3.47810094102638e-05,0.000530892758329499,3,0,0,25.75,27.5833333333333,4,4,686,"+","Interval_1323",0,FALSE,FALSE,FALSE,FALSE,FALSE,FALSE,FALSE,"Liver_hypermethylated"
1259,"chr18",38269986,38270930,1324,0.852422678687581,0.47428740473352,0.378135273954062,0.931117134214001,0.000176340208649384,0.00132795414479223,6,0,0,28.5833333333333,28,4,4,1866,"+","Interval_1324",0,FALSE,FALSE,FALSE,FALSE,FALSE,TRUE,TRUE,"Kidney_hypermethylated"
1260,"chr18",38277805,38278214,1325,0.226630795794252,0.0997377591424289,0.126893036651823,1.19646465726144,0.0252754169784062,0.0481455168420045,10,0,0,20.95,22.45,4,4,3226,"+","Interval_1325",0,FALSE,TRUE,TRUE,FALSE,FALSE,FALSE,FALSE,"Kidney_hypermethylated"
1266,"chr18",38348501,38349014,1331,0.466322011554238,0.286079610961234,0.180242400593004,0.82574345876778,0.00501910776837401,0.0139558449034653,7,0,0,28.1071428571429,32.9285714285714,4,4,2467,"+","Interval_1331",0,FALSE,FALSE,FALSE,FALSE,FALSE,TRUE,TRUE,"Kidney_hypermethylated"
1268,"chr18",38364856,38365139,1333,0.617847275496451,0.359556009659158,0.258291265837293,0.924471269243794,0.00790378179472178,0.0198158870373584,5,0,0,24.3,21.8,4,4,2451,"+","Interval_1333",0,FALSE,FALSE,FALSE,FALSE,FALSE,FALSE,FALSE,"Kidney_hypermethylated"
1270,"chr18",38372165,38372817,1335,0.484109990003227,0.15911622723984,0.324993762763387,1.91927722664895,0.0209241838501914,0.0414035909257811,8,0,0,20.84375,22.0625,3.5,3.875,3105,"+","Interval_1335",0,FALSE,FALSE,FALSE,FALSE,FALSE,FALSE,FALSE,"Kidney_hypermethylated"
1271,"chr18",38374129,38374733,1336,0.625040970542217,0.432182674442132,0.192858296100086,0.687620595431937,0.0061302868520022,0.0162864732838536,8,0.25,0.25,18.5625,17.59375,2.375,2.125,2478,"+","Interval_1336",0,TRUE,FALSE,TRUE,FALSE,FALSE,FALSE,FALSE,"Kidney_hypermethylated"
1273,"chr18",38384827,38385409,1338,0.0604473410861807,0.169924887414155,-0.109477546327975,-1.7840471530636,0.000335074164523862,0.00207145949798705,10,0,0,25.575,27.95,3.9,4,3396,"+","Interval_1338",0,FALSE,TRUE,TRUE,FALSE,FALSE,FALSE,FALSE,"Liver_hypermethylated"
1274,"chr18",38406096,38406832,1339,0.576292976368938,0.401725172429625,0.174567803939313,0.411671779649489,0.00118457033595295,0.00482704556659874,14,0,0,25.4464285714286,25.9821428571429,4,4,3507,"+","Interval_1339",0,FALSE,FALSE,FALSE,FALSE,FALSE,FALSE,FALSE,"Kidney_hypermethylated"
1276,"chr18",38470491,38470761,1341,0.282381880077064,0.790923397839892,-0.508541517762828,-1.45845153200265,2.58490499561917e-05,0.000451919500219563,4,0,0,31.25,33.3125,4,4,1037,"+","Interval_1341",0,FALSE,FALSE,FALSE,FALSE,FALSE,FALSE,FALSE,"Liver_hypermethylated"
1278,"chr18",38494740,38495285,1343,0.117946128245978,0.0211669510973921,0.096779177148586,1.15959866834154,0.00135880563685753,0.0053323831644522,12,0,0,21.8125,21.8958333333333,4,4,3579,"+","Interval_1343",0,FALSE,FALSE,FALSE,FALSE,FALSE,FALSE,FALSE,"Kidney_hypermethylated"
1281,"chr18",38516737,38517003,1346,0.877405966466554,0.668105661804952,0.209300304661602,0.392427007382395,0.0173944958071629,0.0359896217963018,2,0,0,36.875,33.875,4,4,3594,"+","Interval_1346",0,FALSE,FALSE,FALSE,FALSE,FALSE,FALSE,FALSE,"Kidney_hypermethylated"
1282,"chr18",38521419,38521730,1347,0.596111470553957,0.331461759737338,0.264649710816619,0.904525262768366,0.00376654907580417,0.0111813739472544,6,0,0,30.5,29.0416666666667,4,4,2070,"+","Interval_1347",0,FALSE,FALSE,FALSE,FALSE,FALSE,FALSE,FALSE,"Kidney_hypermethylated"
1284,"chr18",38542200,38542567,1349,0.278719810898177,0.0974643338080137,0.181255477090163,1.76211887675142,0.0182169438732329,0.0372770962707346,6,0,0,20.7083333333333,21.25,4,4,3003,"+","Interval_1349",0,FALSE,TRUE,TRUE,FALSE,FALSE,FALSE,FALSE,"Kidney_hypermethylated"
1287,"chr18",38578292,38578958,1352,0.290914104785184,0.539764960387232,-0.248850855602047,-1.0037309208589,0.00301465740337303,0.00950491007887496,11,0,0,35.5454545454545,35.0227272727273,4,4,1949,"+","Interval_1352",0,FALSE,TRUE,TRUE,FALSE,FALSE,FALSE,FALSE,"Liver_hypermethylated"
1288,"chr18",38583880,38584416,1353,0.22353349161274,0.613157037625951,-0.389623546013211,-1.71505365420627,0.000708121735642043,0.00341019440871501,23,0,0,24.8804347826087,23.554347826087,3.91304347826087,4,1276,"+","Interval_1353",0,FALSE,FALSE,FALSE,FALSE,FALSE,FALSE,FALSE,"Liver_hypermethylated"
1289,"chr18",38590351,38590638,1354,0.698740372668027,0.461377472623098,0.237362900044929,0.732524309160143,0.00761698938001725,0.0192778377486708,12,0,0,19.6666666666667,17.3125,4,4,2427,"+","Interval_1354",0,FALSE,FALSE,FALSE,FALSE,FALSE,FALSE,FALSE,"Kidney_hypermethylated"
1290,"chr18",38592365,38592742,1355,0.117076299549907,0.232443188175866,-0.115366888625959,-1.10593603564706,0.024029398945398,0.0462886070593953,6,0,0,36.5416666666667,34.9166666666667,4,4,3304,"+","Interval_1355",0,FALSE,FALSE,FALSE,FALSE,FALSE,FALSE,FALSE,"Liver_hypermethylated"
1293,"chr18",38654597,38655102,1358,0.482620267812657,0.238764541179063,0.243855726633594,1.07935385075709,0.00159459383259197,0.00598256193067931,5,0,0,24.3,24.85,4,4,1806,"+","Interval_1358",0,FALSE,TRUE,TRUE,FALSE,FALSE,FALSE,FALSE,"Kidney_hypermethylated"
1294,"chr18",38668814,38669137,1359,0.773541215728716,0.194981266798217,0.578559948930498,1.96174381468627,2.24741010114757e-05,0.000424373710092416,2,0,0,18.75,21.375,4,4,485,"+","Interval_1359",0,FALSE,FALSE,FALSE,FALSE,FALSE,FALSE,FALSE,"Kidney_hypermethylated"
1295,"chr18",38669907,38670305,1360,0.751342816943824,0.0865835428305278,0.664759274113296,3.01436790257937,0.00022650049924835,0.00157257699489128,5,0,0,26.85,26.85,4,4,885,"+","Interval_1360",0,FALSE,FALSE,FALSE,FALSE,FALSE,FALSE,FALSE,"Kidney_hypermethylated"
1299,"chr18",38711670,38712289,1364,0.380768138168892,0.527989760749077,-0.147221622580185,-0.541464216983485,0.0219281680706145,0.0430919708327234,6,0,0,26.5416666666667,23.25,4,4,3127,"+","Interval_1364",0,FALSE,FALSE,FALSE,FALSE,FALSE,FALSE,FALSE,"Liver_hypermethylated"
1300,"chr18",38738906,38739382,1365,0.408495670995671,0.696616691181908,-0.288121020186237,-0.755715128594688,0.000824596084182255,0.00379561268711607,1,0,0,29,27,4,4,2304,"+","Interval_1365",0,FALSE,TRUE,TRUE,FALSE,FALSE,FALSE,FALSE,"Liver_hypermethylated"
1301,"chr18",38754377,38755212,1366,0.28986797535175,0.597403633128596,-0.307535657776846,-1.07920812103089,0.000342178774695027,0.00210184336193055,14,0,0,32.5,28.25,4,4,1585,"+","Interval_1366",0,FALSE,FALSE,FALSE,FALSE,FALSE,FALSE,FALSE,"Liver_hypermethylated"
1303,"chr18",38778114,38778657,1368,0.499981606955328,0.393925111843294,0.106056495112033,0.398034254085235,0.0209024356588236,0.0413912532326727,10,0,0,34.425,30.5,4,4,3559,"+","Interval_1368",0,FALSE,FALSE,FALSE,FALSE,FALSE,FALSE,FALSE,"Kidney_hypermethylated"
1307,"chr18",38854916,38855974,1372,0.502961211882082,0.492092184821384,0.0108690270606986,0.0251727841285279,0.0237877343710949,0.0459382865211748,21,0,0,28.5119047619048,27.0119047619048,4,4,5915,"+","Interval_1372",0,FALSE,FALSE,FALSE,FALSE,FALSE,FALSE,FALSE,"Kidney_hypermethylated"
1309,"chr18",38881817,38882882,1374,0.478726543004007,0.575027717471779,-0.0963011744677724,-0.412686025229921,0.00563793119418934,0.0152890940813299,13,0,0,23.6923076923077,23.3846153846154,4,4,3587,"+","Interval_1374",0,FALSE,FALSE,FALSE,FALSE,FALSE,FALSE,FALSE,"Liver_hypermethylated"
1310,"chr18",38905902,38906973,1375,0.106071403950201,0.202313378308549,-0.0962419743583483,-1.35596542674592,0.0120432189441659,0.0273120560569169,10,0,0,17.325,16.025,3.4,3.2,3589,"+","Interval_1375",0,FALSE,FALSE,FALSE,FALSE,FALSE,FALSE,FALSE,"Liver_hypermethylated"
1311,"chr18",38907341,38908166,1376,0.177423465813984,0.535433772929011,-0.358010307115027,-1.72418979144093,0.00143402726192907,0.00554219970097746,12,0,0,20.6875,22.2291666666667,4,4,1590,"+","Interval_1376",0,FALSE,FALSE,FALSE,FALSE,FALSE,FALSE,FALSE,"Liver_hypermethylated"
1312,"chr18",38917929,38919380,1377,0.312201678518862,0.375870085050435,-0.063668406531573,-0.841810013419445,0.00230952420413295,0.00788486869148123,16,0,0,21.1875,20.40625,3.8125,3.875,4048,"+","Interval_1377",0,FALSE,FALSE,FALSE,FALSE,FALSE,FALSE,FALSE,"Liver_hypermethylated"
1313,"chr18",38923181,38923556,1378,0.139283815599605,0.26026180458158,-0.120977988981975,-0.856299867688381,0.0126154666456636,0.0283133829574883,1,0,0,28.5,26.5,4,4,3244,"+","Interval_1378",0,FALSE,FALSE,FALSE,FALSE,FALSE,FALSE,FALSE,"Liver_hypermethylated"
1315,"chr18",38939128,38939567,1380,0.696779740422693,0.465875614456279,0.230904125966414,0.531002946887854,0.000853105649003974,0.00387173870984447,8,0,0,30.9375,28.0625,4,4,3003,"+","Interval_1380",0,FALSE,FALSE,FALSE,FALSE,FALSE,FALSE,FALSE,"Kidney_hypermethylated"
1320,"chr18",39020448,39021142,1385,0.885177111046744,0.218420431475088,0.666756679571655,2.02604823021524,8.62485685956031e-06,0.000259802673539206,13,0,0,25.7692307692308,24.1153846153846,4,4,445,"+","Interval_1385",0,FALSE,FALSE,FALSE,FALSE,FALSE,FALSE,FALSE,"Kidney_hypermethylated"
1322,"chr18",39033615,39033902,1387,0.393017395685699,0.655103917873314,-0.262086522187616,-0.723760751753196,0.000685601750759403,0.00335431748281571,3,0,0,27.9166666666667,31,4,4,2394,"+","Interval_1387",0,FALSE,FALSE,FALSE,FALSE,FALSE,FALSE,FALSE,"Liver_hypermethylated"
1325,"chr18",39057657,39058187,1390,0.40989902570512,0.507934099333559,-0.0980350736284386,-0.889552242889673,0.00987661367074135,0.0233969895939497,6,0,0,24.1666666666667,25.0416666666667,4,4,3551,"+","Interval_1390",0,FALSE,FALSE,FALSE,FALSE,FALSE,FALSE,FALSE,"Liver_hypermethylated"
1326,"chr18",39067342,39067677,1391,0.709137602276189,0.438191364048876,0.270946238227313,0.777163691417264,0.000472114311349835,0.00258338596905141,3,0,0,27.4166666666667,25.3333333333333,4,4,2249,"+","Interval_1391",0,FALSE,FALSE,FALSE,FALSE,FALSE,FALSE,FALSE,"Kidney_hypermethylated"
1330,"chr18",39133537,39133884,1395,0.882239566307072,0.611385836385836,0.270853729921236,0.521941768115424,0.00180325271158333,0.00657893305120631,1,0,0,21.75,20.75,4,4,3029,"+","Interval_1395",0,FALSE,FALSE,FALSE,FALSE,FALSE,FALSE,FALSE,"Kidney_hypermethylated"
1331,"chr18",39137423,39138336,1396,0.406302442745247,0.115513165749494,0.290789276995752,1.83468226443587,0.000835841251544415,0.00381876913809698,17,0,0,26.5147058823529,26.7647058823529,4,4,1412,"+","Interval_1396",0,FALSE,FALSE,FALSE,FALSE,FALSE,FALSE,FALSE,"Kidney_hypermethylated"
1332,"chr18",39175905,39176583,1397,0.918069342656115,0.399398646733897,0.518670695922218,1.33604209259372,0.000155377836716993,0.00122796264545145,6,0,0,25.3333333333333,27.7083333333333,4,4,1179,"+","Interval_1397",0,FALSE,FALSE,FALSE,FALSE,FALSE,FALSE,FALSE,"Kidney_hypermethylated"
1333,"chr18",39187778,39188003,1398,0.458871225319396,0.524240059868341,-0.0653688345489449,-0.412200256399886,0.0110526813618808,0.0254676066748912,2,0,0,21.625,21.5,3.5,4,4008,"+","Interval_1398",0,FALSE,FALSE,FALSE,FALSE,FALSE,FALSE,FALSE,"Liver_hypermethylated"
1335,"chr18",39240665,39241390,1400,0.479238559083935,0.36352937835484,0.115709180729095,0.342045499792797,0.0219368187665653,0.0430951890410945,13,0.153846153846154,0.153846153846154,24.3269230769231,23.8461538461538,3.38461538461538,3.53846153846154,3823,"+","Interval_1400",0,FALSE,FALSE,FALSE,FALSE,FALSE,FALSE,FALSE,"Kidney_hypermethylated"
1336,"chr18",39283922,39284764,1401,0.123995995349147,0.560511152007478,-0.436515156658331,-2.26713284382473,4.57973490445637e-06,0.000205871252523945,6,0,0,35.3333333333333,36.6666666666667,4,4,611,"+","Interval_1401",0,FALSE,FALSE,FALSE,FALSE,FALSE,FALSE,FALSE,"Liver_hypermethylated"
1337,"chr18",39298676,39299151,1402,0.448047827661,0.708670849610543,-0.260623021949544,-0.71075841144213,0.00068674071844312,0.00335454826298329,12,0,0,26.0416666666667,27.3333333333333,4,4,2417,"+","Interval_1402",0,FALSE,FALSE,FALSE,FALSE,FALSE,FALSE,FALSE,"Liver_hypermethylated"
1338,"chr18",39302614,39303056,1403,0.423192179403596,0.364267099833031,0.058925079570565,0.129902900128051,0.00991649160852181,0.0234643207294442,3,0,0,26.5,28.1666666666667,4,4,5117,"+","Interval_1403",0,FALSE,FALSE,FALSE,FALSE,FALSE,FALSE,FALSE,"Kidney_hypermethylated"
1339,"chr18",39322622,39322878,1404,0.887016567210007,0.209737886382623,0.677278680827384,2.02935099558668,6.29802644989221e-07,0.000124617339437297,1,0,0,39.25,44.75,4,4,440,"+","Interval_1404",0,FALSE,FALSE,FALSE,FALSE,FALSE,FALSE,FALSE,"Kidney_hypermethylated"
1340,"chr18",39359307,39360010,1405,0.535669752607698,0.606468436119659,-0.0707986835119611,-0.1917818829254,0.00485229934299759,0.013594436620268,7,0,0,26.1428571428571,29.3928571428571,4,4,4715,"+","Interval_1405",0,FALSE,FALSE,FALSE,FALSE,FALSE,FALSE,FALSE,"Liver_hypermethylated"
1341,"chr18",39378408,39378801,1406,0.747272684432196,0.813993853574093,-0.0667211691418975,-0.168182479494668,0.013533690074606,0.0298239201153759,5,0,0,29.45,31.75,4,4,4873,"+","Interval_1406",0,FALSE,FALSE,FALSE,FALSE,FALSE,FALSE,FALSE,"Liver_hypermethylated"
1342,"chr18",39380182,39381691,1407,0.757710337897295,0.20537677532075,0.552333562576544,2.00841188672104,1.40531013989034e-05,0.000335615367957899,13,0,0,25.5384615384615,25.8076923076923,4,4,456,"+","Interval_1407",0,FALSE,FALSE,FALSE,FALSE,FALSE,TRUE,TRUE,"Kidney_hypermethylated"
1343,"chr18",39394416,39395317,1408,0.749194404134502,0.258453601508468,0.490740802626034,1.63334859109067,6.32765276487982e-05,0.000744893222992079,9,0,0,23.0277777777778,24.7777777777778,4,4,817,"+","Interval_1408",0,FALSE,FALSE,FALSE,FALSE,FALSE,FALSE,FALSE,"Kidney_hypermethylated"
1344,"chr18",39396217,39396808,1409,0.847011331049126,0.242345659620804,0.604665671428322,1.8333315097398,8.60614706300517e-07,0.000124999888511622,7,0,0,40.1428571428571,44.3571428571429,4,4,616,"+","Interval_1409",0,FALSE,FALSE,FALSE,FALSE,FALSE,TRUE,TRUE,"Kidney_hypermethylated"
1345,"chr18",39404648,39405184,1410,0.935603192351037,0.464632304590788,0.470970887760249,1.15658539858003,0.000158240246029262,0.0012339927815353,4,0,0,37.0625,37.0625,4,4,1438,"+","Interval_1410",0,FALSE,FALSE,FALSE,FALSE,FALSE,TRUE,TRUE,"Kidney_hypermethylated"
1346,"chr18",39427810,39428514,1411,0.777836011316113,0.794704553613205,-0.0168685422970928,-0.0363231310134517,0.0156556099970873,0.0332080508913018,8,0,0,37.875,38.0625,4,4,5818,"+","Interval_1411",0,FALSE,FALSE,FALSE,FALSE,FALSE,FALSE,FALSE,"Liver_hypermethylated"
1347,"chr18",39430660,39431324,1412,0.900641012939302,0.787151219479452,0.11348979345985,0.195723398777545,0.0219258823970157,0.0430919708327234,7,0,0,30.6071428571429,33.8571428571429,4,4,4688,"+","Interval_1412",0,FALSE,FALSE,FALSE,FALSE,FALSE,TRUE,TRUE,"Kidney_hypermethylated"
1348,"chr18",39435613,39436056,1413,0.903542692939245,0.2998667998668,0.603675893072445,1.55982396426408,4.35221121646406e-08,5.34886758503433e-05,1,0,0,25.75,21.75,4,4,904,"+","Interval_1413",0,FALSE,FALSE,FALSE,FALSE,FALSE,FALSE,FALSE,"Kidney_hypermethylated"
1350,"chr18",39458782,39459082,1415,0.738803088803089,0.0843575808249721,0.654445507978117,2.98837605022414,1.96341367182824e-05,0.000394286830502762,1,0,0,43.75,43.5,4,4,306,"+","Interval_1415",0,FALSE,FALSE,FALSE,FALSE,FALSE,FALSE,FALSE,"Kidney_hypermethylated"
1351,"chr18",39466902,39467415,1416,0.782614013927282,0.481814517692321,0.30079949623496,1.0042022705068,0.00528513909159784,0.0144922711815568,7,0,0,29.75,33.4642857142857,4,4,2241,"+","Interval_1416",0,FALSE,FALSE,FALSE,FALSE,FALSE,FALSE,FALSE,"Kidney_hypermethylated"
1353,"chr18",39525178,39525514,1418,0.135955399113294,0.560435557924128,-0.424480158810834,-2.01621735783095,2.33290308450618e-05,0.000428379272744152,2,0,0,44.125,42.75,4,4,667,"+","Interval_1418",0,FALSE,FALSE,FALSE,FALSE,FALSE,FALSE,FALSE,"Liver_hypermethylated"
1354,"chr18",39552673,39553256,1419,0.838987716199214,0.426941038120858,0.412046678078356,1.42185714589627,0.00111775195515993,0.00463467325536963,7,0,0,28.5714285714286,28.4642857142857,4,4,1482,"+","Interval_1419",0,FALSE,FALSE,FALSE,FALSE,FALSE,FALSE,FALSE,"Kidney_hypermethylated"
1355,"chr18",39557739,39558121,1420,0.591399500178198,0.743950817327716,-0.152551317149518,-0.343920694544762,0.0103203356726381,0.024167616415372,6,0,0,38.2916666666667,38.4583333333333,4,4,3819,"+","Interval_1420",0,FALSE,FALSE,FALSE,FALSE,FALSE,FALSE,FALSE,"Liver_hypermethylated"
1356,"chr18",39558479,39558786,1421,0.281336534874885,0.513343625243579,-0.232007090368694,-0.836175521423775,0.00304446889157634,0.00957528809412223,5,0,0,27.3,25.55,4,4,2090,"+","Interval_1421",0,FALSE,FALSE,FALSE,FALSE,FALSE,FALSE,FALSE,"Liver_hypermethylated"
1357,"chr18",39560592,39561023,1422,0.914398626102879,0.485074095434414,0.429324530668466,1.03616282302898,0.000357468395464392,0.00216631488178371,9,0,0,30.5555555555556,34.3055555555556,4,4,1653,"+","Interval_1422",0,FALSE,FALSE,FALSE,FALSE,FALSE,FALSE,FALSE,"Kidney_hypermethylated"
1359,"chr18",39606207,39606675,1425,0.394204519286119,0.60145108972758,-0.207246570441462,-0.598059045175077,0.0176427661427214,0.0363564044087937,3,0,0,29.9166666666667,30,4,4,2982,"+","Interval_1425",0,FALSE,FALSE,FALSE,FALSE,FALSE,FALSE,FALSE,"Liver_hypermethylated"
1360,"chr18",39609094,39609944,1426,0.653103406017204,0.501269674529874,0.15183373148733,0.380019688760706,0.0125090351574026,0.0281361716845677,5,0,0,34.9,39.3,4,4,3640,"+","Interval_1426",0,FALSE,FALSE,FALSE,FALSE,FALSE,FALSE,FALSE,"Kidney_hypermethylated"
1362,"chr18",39650248,39650846,1428,0.637888361586247,0.405184807645001,0.232703553941246,1.02786854184019,0.000584452619520111,0.00298542090353373,6,0,0,30.5833333333333,29.375,4,4,1914,"+","Interval_1428",0,FALSE,FALSE,FALSE,FALSE,FALSE,FALSE,FALSE,"Kidney_hypermethylated"
1363,"chr18",39704918,39705493,1429,0.317007406258987,0.567198674211654,-0.250191267952667,-0.70107730392075,0.00159470080430475,0.00598256193067931,3,0,0,36.6666666666667,35.0833333333333,4,4,2453,"+","Interval_1429",0,FALSE,FALSE,FALSE,FALSE,FALSE,FALSE,FALSE,"Liver_hypermethylated"
1364,"chr18",39770425,39771067,1430,0.199771467839574,0.480600229509725,-0.28082876167015,-1.32850506875982,0.00345561623960084,0.0104966692003693,5,0,0,32.55,31.3,4,4,2023,"+","Interval_1430",0,FALSE,FALSE,FALSE,FALSE,FALSE,FALSE,FALSE,"Liver_hypermethylated"
1367,"chr18",39885258,39885459,1433,0.930237648462732,0.527154708037061,0.403082940425671,0.807687784940814,0.000550863767399795,0.00285981622089517,1,0,0,37.5,35.5,4,4,2165,"+","Interval_1433",0,TRUE,FALSE,TRUE,FALSE,FALSE,FALSE,FALSE,"Kidney_hypermethylated"
1368,"chr18",39903424,39903755,1434,0.839639146198286,0.219239787989788,0.620399358208498,1.88832835319708,3.34266235799224e-06,0.000186250981644984,3,0,0,28,29.25,4,4,551,"+","Interval_1434",0,FALSE,FALSE,FALSE,FALSE,FALSE,TRUE,TRUE,"Kidney_hypermethylated"
1373,"chr18",40244452,40244819,1439,0.894077409765438,0.625810661194657,0.268266748570782,0.516509490649206,0.000127468366414666,0.00108040429188707,2,0,0,43.625,46.25,4,4,3053,"+","Interval_1439",0,FALSE,FALSE,FALSE,FALSE,FALSE,FALSE,FALSE,"Kidney_hypermethylated"
1374,"chr18",40255720,40256197,1440,0.453896521634329,0.33959745516321,0.114299066471118,0.586157490451752,0.016784948663057,0.0350113745874017,4,0,0,33.875,35.6875,4,4,3319,"+","Interval_1440",0,TRUE,TRUE,TRUE,TRUE,FALSE,FALSE,FALSE,"Kidney_hypermethylated"
1378,"chr18",40669763,40670007,1445,0.752787116984746,0.484555433209044,0.268231683775702,0.629573848608648,5.79120725992836e-05,0.000703508595586657,2,0,0,46,40.25,4,4,2644,"+","Interval_1445",0,FALSE,TRUE,TRUE,FALSE,FALSE,FALSE,FALSE,"Kidney_hypermethylated"
1379,"chr18",41005100,41005403,1447,0.775025787696924,0.534026369168357,0.240999418528567,0.529063465422735,0.00519312316893529,0.0142973753911771,1,0,0,34.25,33,4,4,3010,"+","Interval_1447",0,FALSE,FALSE,FALSE,FALSE,FALSE,FALSE,FALSE,"Kidney_hypermethylated"
1382,"chr18",41730057,41731259,1450,0.570402179041833,0.349429458154896,0.220972720886936,0.609087267755506,0.00420081951932052,0.0121764320501059,4,0,0,35.0625,34.25,4,4,2710,"+","Interval_1450",0,FALSE,FALSE,FALSE,FALSE,FALSE,TRUE,TRUE,"Kidney_hypermethylated"
1383,"chr18",41860927,41861673,1451,0.261569938386631,0.375758262184473,-0.114188323797842,-0.536806734557195,0.0260918927496267,0.0494249941265277,12,0,0,33.8333333333333,32.0208333333333,4,4,3321,"+","Interval_1451",0,FALSE,FALSE,FALSE,FALSE,FALSE,FALSE,FALSE,"Liver_hypermethylated"
1384,"chr18",41874911,41875276,1452,0.969788754100357,0.871576692501139,0.0982120615992173,0.154647883113267,0.0187599646206277,0.0381216873656606,9,0,0,26.7777777777778,25.5,4,4,4945,"+","Interval_1452",0,FALSE,FALSE,FALSE,FALSE,FALSE,FALSE,FALSE,"Kidney_hypermethylated"
1385,"chr18",41883432,41883791,1453,0.922612406120008,0.566866268217188,0.355746137902821,0.700579573915468,3.66538748952866e-05,0.000536601993469678,3,0,0,31.1666666666667,28.0833333333333,4,4,2456,"+","Interval_1453",0,FALSE,FALSE,FALSE,FALSE,FALSE,FALSE,FALSE,"Kidney_hypermethylated"
1386,"chr18",41924796,41925289,1454,0.846085989483879,0.154681421923641,0.691404567560238,2.38795264399545,3.46661646502144e-07,0.000124617339437297,5,0,0,39.3,37.1,4,4,191,"+","Interval_1454",0,FALSE,FALSE,FALSE,FALSE,FALSE,FALSE,FALSE,"Kidney_hypermethylated"
1389,"chr18",42010678,42011329,1457,0.353082026262039,0.174035127272039,0.17904689899,1.10852169923912,0.0179806170989367,0.0369411207198149,8,0,0,27.53125,26.03125,4,4,2991,"+","Interval_1457",0,FALSE,FALSE,FALSE,FALSE,FALSE,FALSE,FALSE,"Kidney_hypermethylated"
1391,"chr18",42053357,42053719,1459,0.191974232543454,0.52559577120699,-0.333621538663535,-1.520286423095,0.000875418829003123,0.0039409880617027,3,0,0,22.8333333333333,29.75,4,4,1365,"+","Interval_1459",0,FALSE,FALSE,FALSE,FALSE,FALSE,FALSE,FALSE,"Liver_hypermethylated"
1397,"chr18",42343306,42343913,1465,0.267003994576777,0.344558350203757,-0.0775543556269806,-0.981853212455474,0.00692031470586908,0.0178839932972616,5,0,0,34.05,36.45,4,4,3826,"+","Interval_1465",0,FALSE,FALSE,FALSE,FALSE,FALSE,FALSE,FALSE,"Liver_hypermethylated"
1400,"chr18",42469549,42470498,1468,0.0695028565286542,0.388665054963273,-0.319162198434619,-2.7407492330603,0.000805698278883422,0.00371977154300423,16,0,0,22.890625,23.375,4,3.9375,1331,"+","Interval_1468",0,FALSE,FALSE,FALSE,FALSE,FALSE,FALSE,FALSE,"Liver_hypermethylated"
1407,"chr18",42683974,42684284,1476,0.073163013634883,0.21201150580946,-0.138848492174577,-1.41662050241287,0.0135360314404855,0.0298239201153759,1,0,0,34,31.75,4,4,2992,"+","Interval_1476",0,FALSE,FALSE,FALSE,FALSE,FALSE,FALSE,FALSE,"Liver_hypermethylated"
1409,"chr18",42752977,42753629,1478,0.262160466527876,0.517492124200009,-0.255331657672133,-1.04937245356562,0.00631631402056194,0.0166869379224238,6,0,0,33.7916666666667,33.4166666666667,4,4,2325,"+","Interval_1478",0,FALSE,FALSE,FALSE,FALSE,FALSE,FALSE,FALSE,"Liver_hypermethylated"
1414,"chr18",42840935,42841490,1483,0.254328571105102,0.69416798228709,-0.439839411181988,-1.67139844080338,7.34017905292276e-05,0.000814976151213093,18,0,0,29.6527777777778,29.625,4,4,778,"+","Interval_1483",0,FALSE,FALSE,FALSE,FALSE,TRUE,FALSE,TRUE,"Liver_hypermethylated"
1415,"chr18",42876951,42877920,1484,0.124876389506484,0.389999267149994,-0.26512287764351,-2.09684018109112,0.000227843884211353,0.00157491638749018,5,0,0,33.95,33.25,4,4,1613,"+","Interval_1484",0,FALSE,FALSE,FALSE,FALSE,FALSE,FALSE,FALSE,"Liver_hypermethylated"
1426,"chr18",43176187,43176551,1495,0.905388187344562,0.717453226029716,0.187934961314846,0.378095159591211,0.0076924519959764,0.0194127792670534,11,0,0,22.2045454545455,20.9545454545455,4,4,3650,"+","Interval_1495",0,FALSE,TRUE,TRUE,FALSE,FALSE,FALSE,FALSE,"Kidney_hypermethylated"
1428,"chr18",43279477,43280198,1497,0.29012914725563,0.534516531669956,-0.244387384414326,-1.17107922165159,0.00573774103528413,0.0155118427900664,10,0,0,25.325,24.55,4,4,2273,"+","Interval_1497",0,FALSE,FALSE,FALSE,FALSE,FALSE,FALSE,FALSE,"Liver_hypermethylated"
1429,"chr18",43281680,43282501,1498,0.373077204049923,0.358898117853556,0.0141790861963668,-0.194456588809926,0.00924734849479883,0.0224073172320737,7,0,0,29.3928571428571,26,4,4,5047,"+","Interval_1498",0,TRUE,FALSE,TRUE,FALSE,FALSE,FALSE,FALSE,"Kidney_hypermethylated"
1430,"chr18",43283700,43284284,1499,0.333942025087858,0.673003694504204,-0.339061669416346,-1.06167870859643,0.000282740178717399,0.00182504033426304,3,0,0,33.4166666666667,34.6666666666667,4,4,1612,"+","Interval_1499",0,FALSE,FALSE,FALSE,FALSE,TRUE,FALSE,TRUE,"Liver_hypermethylated"
1431,"chr18",43295569,43296501,1500,0.864042453839306,0.544415853646187,0.319626600193119,0.666199374352115,7.57214849005255e-05,0.000826480505708223,9,0,0,31.9166666666667,32.0555555555556,4,4,2528,"+","Interval_1500",0,FALSE,FALSE,FALSE,FALSE,FALSE,FALSE,FALSE,"Kidney_hypermethylated"
1432,"chr18",43315179,43315463,1501,0.633734945153826,0.634157295950899,-0.000422350797073401,-0.0421446359697377,0.0209395208081081,0.0414035909257811,5,0,0,24.1,24.3,4,4,6056,"+","Interval_1501",0,FALSE,FALSE,FALSE,FALSE,FALSE,FALSE,FALSE,"Liver_hypermethylated"
1434,"chr18",43360033,43360542,1503,0.44870206646997,0.327769079800271,0.1209329866697,0.571297420700801,0.012255185352146,0.0276868066135798,3,0,0,30.5,27.5,4,4,3245,"+","Interval_1503",0,FALSE,FALSE,FALSE,FALSE,FALSE,FALSE,FALSE,"Kidney_hypermethylated"
1435,"chr18",43368217,43369010,1504,0.459199371619223,0.619742596549122,-0.160543224929899,-0.551104808794348,0.00587599781391196,0.0157820531276969,7,0,0,30.3928571428571,28.7857142857143,4,4,2930,"+","Interval_1504",0,FALSE,FALSE,FALSE,FALSE,FALSE,FALSE,FALSE,"Liver_hypermethylated"
1437,"chr18",43394716,43394945,1506,0.0489332305121779,0.55113088485536,-0.502197654343182,-3.25118406454025,1.0319731482174e-05,0.00028917201120448,1,0,0,41,41.75,4,4,409,"+","Interval_1506",0,FALSE,FALSE,FALSE,FALSE,TRUE,FALSE,TRUE,"Liver_hypermethylated"
1441,"chr18",43492823,43493244,1510,0.789150563607085,0.421028171028171,0.368122392578914,0.8906851753935,0.00289316995855109,0.00922601421655239,1,0,0,29,27.25,4,4,1959,"+","Interval_1510",0,FALSE,FALSE,FALSE,FALSE,FALSE,FALSE,FALSE,"Kidney_hypermethylated"
1443,"chr18",43523590,43523921,1512,0.290639061023311,0.152667687833928,0.137971373189383,0.896430788895789,0.00315184035612163,0.00981158003463394,2,0,0,33.375,31.375,4,4,3008,"+","Interval_1512",0,FALSE,FALSE,FALSE,FALSE,FALSE,FALSE,FALSE,"Kidney_hypermethylated"
1445,"chr18",43588157,43588995,1514,0.460597496525805,0.516800354579341,-0.0562028580535355,-0.308917859891515,0.00997721803726094,0.0235327944435487,6,0,0,29.9583333333333,26.8333333333333,4,4,4177,"+","Interval_1514",0,FALSE,FALSE,FALSE,FALSE,FALSE,FALSE,FALSE,"Liver_hypermethylated"
1447,"chr18",43622828,43623035,1516,0.907762284662807,0.740945111215063,0.166817173447744,0.298143628622443,0.0242785934265971,0.0466516437168352,4,0,0,19.125,23,4,4,4087,"+","Interval_1516",0,FALSE,FALSE,FALSE,FALSE,FALSE,FALSE,FALSE,"Kidney_hypermethylated"
1448,"chr18",43650090,43650813,1517,0.698677802309384,0.13100304246992,0.567674759839465,2.40037949525952,1.69302461907855e-05,0.000359987414679504,6,0,0,34,33.0833333333333,4,4,289,"+","Interval_1517",0,FALSE,FALSE,FALSE,FALSE,FALSE,FALSE,FALSE,"Kidney_hypermethylated"
1453,"chr18",43759040,43760247,1522,0.484158348906696,0.631191877518676,-0.14703352861198,-0.432613552008621,0.0178348935825724,0.0367153839413426,11,0,0,32.1363636363636,31.6363636363636,4,4,3402,"+","Interval_1522",0,FALSE,FALSE,FALSE,FALSE,TRUE,FALSE,TRUE,"Liver_hypermethylated"
1454,"chr18",43809644,43810053,1523,0.138980902138797,0.527642578232415,-0.388661676093618,-1.8515199924087,0.00041396450171788,0.0023675722283983,1,0,0,28.75,30.5,4,4,1074,"+","Interval_1523",0,FALSE,FALSE,FALSE,FALSE,FALSE,FALSE,FALSE,"Liver_hypermethylated"
1455,"chr18",43826392,43826662,1524,0.381530325974805,0.695984550635942,-0.314454224661137,-0.861154434661288,0.00105623695916225,0.00447009374246009,3,0,0,39,40.4166666666667,4,4,2036,"+","Interval_1524",0,FALSE,FALSE,FALSE,FALSE,TRUE,FALSE,TRUE,"Liver_hypermethylated"
1456,"chr18",43836236,43837177,1525,0.720469590651817,0.590316066528173,0.130153524123644,0.457775023805454,0.0132898215174423,0.0293933374080263,13,0,0,30.6538461538462,29.3076923076923,4,3.61538461538462,3285,"+","Interval_1525",0,FALSE,FALSE,FALSE,FALSE,FALSE,FALSE,FALSE,"Kidney_hypermethylated"
1457,"chr18",44039253,44039507,1526,0.808076122150243,0.529548986434067,0.278527135716176,0.601820511142005,0.0003991022431284,0.00232307433225271,3,0,0,32.25,31.6666666666667,4,4,2747,"+","Interval_1526",0,FALSE,FALSE,FALSE,FALSE,FALSE,FALSE,FALSE,"Kidney_hypermethylated"
1460,"chr18",44349229,44349638,1529,0.514368331327545,0.625708313496674,-0.111339982169129,-0.14807591650223,0.000691383695245952,0.00336500652411295,3,0,0,36.1666666666667,34.5,4,4,4990,"+","Interval_1529",0,FALSE,FALSE,FALSE,FALSE,FALSE,FALSE,FALSE,"Liver_hypermethylated"
1462,"chr18",44393223,44393914,1531,0.723784720417473,0.458417471222787,0.265367249194686,1.06010309278999,0.000264232223839998,0.00175346329967256,6,0,0,26.75,27.2083333333333,4,4,1615,"+","Interval_1531",0,FALSE,FALSE,FALSE,FALSE,FALSE,FALSE,FALSE,"Kidney_hypermethylated"
1464,"chr18",44454391,44454863,1535,0.363179540214902,0.599085042928721,-0.235905502713819,-0.944578675710878,0.0141908311490289,0.030922928159852,8,0,0,17.5625,17.46875,3.875,4,2820,"+","Interval_1535",0,FALSE,FALSE,FALSE,FALSE,FALSE,FALSE,FALSE,"Liver_hypermethylated"
1467,"chr18",44498415,44498736,1538,0.411720065994371,0.666172552334912,-0.254452486340542,-0.808132261589226,0.00293081907742364,0.00930365242806562,10,0,0,31.575,33.025,4,4,2163,"+","Interval_1538",0,FALSE,FALSE,FALSE,FALSE,FALSE,FALSE,FALSE,"Liver_hypermethylated"
1470,"chr18",44524531,44525234,1541,0.232224775806383,0.685854981133058,-0.453630205326675,-1.89860508011531,1.80814374644506e-05,0.00037537308519949,13,0,0,28.3461538461538,31.1346153846154,4,4,563,"+","Interval_1541",0,FALSE,FALSE,FALSE,FALSE,FALSE,FALSE,FALSE,"Liver_hypermethylated"
1471,"chr18",44540111,44540451,1542,0.314018539300991,0.612054864171558,-0.298036324870566,-1.00401518890304,0.00135397783997529,0.00531981702471108,4,0,0,36.375,37.0625,4,4,1721,"+","Interval_1542",0,FALSE,FALSE,FALSE,FALSE,FALSE,FALSE,FALSE,"Liver_hypermethylated"
1473,"chr18",44555345,44556190,1544,0.92474628905428,0.598058453202665,0.326687835851615,0.647264905378882,9.96598686915773e-05,0.000949472702495725,5,0,0,34.2,33.9,4,4,2583,"+","Interval_1544",0,FALSE,FALSE,FALSE,FALSE,FALSE,TRUE,TRUE,"Kidney_hypermethylated"
1474,"chr18",44557943,44558221,1545,0.207125214940734,0.519286545686579,-0.312161330745846,-1.37953071861283,0.000127399131239739,0.00108040429188707,5,0,0,28.45,29.45,4,4,1259,"+","Interval_1545",0,FALSE,FALSE,FALSE,FALSE,FALSE,FALSE,FALSE,"Liver_hypermethylated"
1476,"chr18",44575606,44576193,1547,0.494748223570098,0.633261291988506,-0.138513068418408,-0.466442851200361,0.0150096729994648,0.0321935220180493,7,0,0,28.6071428571429,30.6071428571429,4,4,3251,"+","Interval_1547",0,FALSE,FALSE,FALSE,FALSE,FALSE,FALSE,FALSE,"Liver_hypermethylated"
1477,"chr18",44577665,44578013,1548,0.610832594670899,0.235290947931471,0.375541646739428,1.51927414716837,5.81904761656014e-05,0.000703508595586657,3,0,0,34.5833333333333,33.1666666666667,4,4,959,"+","Interval_1548",0,FALSE,FALSE,FALSE,FALSE,FALSE,FALSE,FALSE,"Kidney_hypermethylated"
1479,"chr18",44584668,44585412,1550,0.187569403029065,0.337381004343107,-0.149811601314042,-0.768751236050817,0.0197756172179648,0.03967390395181,14,0,0,24.4642857142857,24.7857142857143,4,4,3063,"+","Interval_1550",0,FALSE,FALSE,FALSE,FALSE,FALSE,FALSE,FALSE,"Liver_hypermethylated"
1484,"chr18",44651325,44651690,1555,0.646842360678046,0.442307285776908,0.204535074901138,0.521674892743778,0.00592063423154616,0.0158528528770593,4,0,0,33.8125,34.25,4,4,3030,"+","Interval_1555",0,FALSE,FALSE,FALSE,FALSE,FALSE,FALSE,FALSE,"Kidney_hypermethylated"
1485,"chr18",44652144,44652682,1556,0.683531574613449,0.230800119051444,0.452731455562006,1.74561409853606,3.2554022696013e-05,0.000519456354578773,6,0,0,28.9583333333333,28.5416666666667,4,4,704,"+","Interval_1556",0,FALSE,FALSE,FALSE,FALSE,FALSE,TRUE,TRUE,"Kidney_hypermethylated"
1488,"chr18",44765545,44766097,1559,0.396334515740074,0.592937683156578,-0.196603167416504,-0.635238081398673,0.00617969081804441,0.0163969996700452,6,0,0,33.8333333333333,36.8333333333333,4,4,2627,"+","Interval_1559",0,FALSE,FALSE,FALSE,FALSE,FALSE,FALSE,FALSE,"Liver_hypermethylated"
1493,"chr18",45015168,45016314,1564,0.113597240158422,0.166195873271479,-0.0525986331130567,-1.47649979893578,0.00201828235280315,0.00715657533639662,13,0,0,19.9423076923077,22,4,3.84615384615385,4252,"+","Interval_1564",0,FALSE,FALSE,FALSE,FALSE,FALSE,FALSE,FALSE,"Liver_hypermethylated"
1496,"chr18",45421047,45421766,1567,0.32437829189226,0.630290233792111,-0.305911941899851,-0.946431045072405,0.000305520364719791,0.0019334939662236,5,0,0,33.8,31.75,4,4,1835,"+","Interval_1567",0,FALSE,TRUE,TRUE,FALSE,FALSE,FALSE,FALSE,"Liver_hypermethylated"
1498,"chr18",45570584,45570884,1570,0.58631855270081,0.355411951528952,0.230906601171858,0.702534593477074,0.00645369922886238,0.0169551012233259,3,0,0,27.25,26.0833333333333,4,4,2445,"+","Interval_1570",0,FALSE,FALSE,FALSE,FALSE,FALSE,FALSE,FALSE,"Kidney_hypermethylated"
1500,"chr18",45741168,45741505,1572,0.905986623535583,0.446727934273342,0.459258689262242,1.00399150016136,5.87044692091995e-06,0.000219784352681278,1,0,0,44.25,45.25,4,4,1722,"+","Interval_1572",0,TRUE,TRUE,TRUE,TRUE,FALSE,FALSE,FALSE,"Kidney_hypermethylated"
1501,"chr18",45920723,45921182,1574,0.7620671378459,0.613574706621015,0.148492431224885,0.293696309502015,0.00355860429421325,0.0107054275429656,6,0,0,29.375,28.6666666666667,4,4,4121,"+","Interval_1574",0,FALSE,TRUE,TRUE,FALSE,FALSE,FALSE,FALSE,"Kidney_hypermethylated"
1502,"chr18",45945602,45946741,1575,0.24957328364487,0.444488987939295,-0.194915704294425,-1.1979641715718,0.00977453623380122,0.0232370627327802,24,0,0,22.4270833333333,23.3020833333333,3.95833333333333,4,2584,"+","Interval_1575",0,FALSE,FALSE,FALSE,FALSE,FALSE,FALSE,FALSE,"Liver_hypermethylated"
1503,"chr18",45967965,45968217,1576,0.868621160817534,0.508838427548382,0.359782733269152,0.775898383348876,9.99864432605651e-05,0.000949639403147098,2,0,0,28.25,22.125,4,4,2255,"+","Interval_1576",0,FALSE,FALSE,FALSE,FALSE,FALSE,FALSE,FALSE,"Kidney_hypermethylated"
1504,"chr18",46092312,46093239,1577,0.453839458472129,0.290653441552857,0.163186016919272,0.785259556545577,0.00528967672792563,0.0144982441985294,9,0,0,35.0833333333333,35.5277777777778,4,4,2688,"+","Interval_1577",0,FALSE,FALSE,FALSE,FALSE,FALSE,FALSE,FALSE,"Kidney_hypermethylated"
1505,"chr18",46109405,46110019,1578,0.5042650603146,0.557423847613786,-0.0531587872991857,-0.170402932788899,0.0151588534295817,0.0324342459348118,12,0,0,29.0833333333333,30.5416666666667,4,4,4859,"+","Interval_1578",0,FALSE,FALSE,FALSE,FALSE,FALSE,FALSE,FALSE,"Liver_hypermethylated"
1506,"chr18",46152233,46153308,1579,0.511150971436063,0.344738513799786,0.166412457636277,0.497646693973974,0.00957641089020078,0.0229244428984355,11,0,0,32.2045454545455,31.3409090909091,4,4,3129,"+","Interval_1579",0,FALSE,FALSE,FALSE,FALSE,FALSE,FALSE,FALSE,"Kidney_hypermethylated"
1509,"chr18",46271561,46271850,1582,0.936301443654385,0.785200849345586,0.151100594308799,0.250980528432774,0.00110220169608312,0.00459188435419037,1,0,0,23.75,27.5,4,4,4350,"+","Interval_1582",0,FALSE,FALSE,FALSE,FALSE,FALSE,FALSE,FALSE,"Kidney_hypermethylated"
1512,"chr18",46324945,46325404,1585,0.326604708974879,0.462496492436981,-0.135891783462102,-0.498045808223569,0.0146791463386428,0.0317256809899229,2,0,0,39.625,38.875,4,4,3126,"+","Interval_1585",0,FALSE,FALSE,FALSE,FALSE,FALSE,FALSE,FALSE,"Liver_hypermethylated"
1514,"chr18",46335198,46335408,1587,0.900010666006666,0.70803716880555,0.191973497201116,0.35224715051482,0.00658344021365527,0.0172149957927284,4,0,0,26.5,26.75,4,4,3782,"+","Interval_1587",0,FALSE,TRUE,TRUE,FALSE,FALSE,FALSE,FALSE,"Kidney_hypermethylated"
1516,"chr18",46355736,46355966,1589,0.938313391401238,0.7259257064098,0.212387684991438,0.393242825331022,0.0014384784353697,0.00555241833250428,8,0,0,19.5625,19.90625,4,4,3583,"+","Interval_1589",0,FALSE,FALSE,FALSE,FALSE,FALSE,FALSE,FALSE,"Kidney_hypermethylated"
1517,"chr18",46358387,46358764,1590,0.828338217175936,0.535849881816533,0.292488335359403,0.64627460371844,0.0023478344035691,0.00797978009398899,3,0,0,28.6666666666667,29.4166666666667,4,4,2589,"+","Interval_1590",0,FALSE,FALSE,FALSE,FALSE,FALSE,FALSE,FALSE,"Kidney_hypermethylated"
1518,"chr18",46359861,46360601,1591,0.269418701460795,0.528216826462301,-0.258798125001506,-1.2938957945081,0.00282015114698513,0.00908748232733277,8,0,0,29.15625,28.0625,4,3.75,1907,"+","Interval_1591",0,FALSE,FALSE,FALSE,FALSE,FALSE,FALSE,FALSE,"Liver_hypermethylated"
1520,"chr18",46381022,46381564,1593,0.152446212451061,0.319498212313455,-0.167051999862394,-1.25023031257161,0.0227513403039944,0.0443268821078141,7,0,0,29.8214285714286,30.6785714285714,4,4,3154,"+","Interval_1593",0,FALSE,FALSE,FALSE,FALSE,FALSE,FALSE,FALSE,"Liver_hypermethylated"
1521,"chr18",46389957,46390468,1594,0.433099477411742,0.536523114238818,-0.103423636827077,-0.394616799753431,0.0148052314165498,0.031866901974833,11,0,0,31.3409090909091,31.0454545454545,4,4,3576,"+","Interval_1594",0,FALSE,FALSE,FALSE,FALSE,FALSE,FALSE,FALSE,"Liver_hypermethylated"
1522,"chr18",46396430,46397114,1595,0.782215848512209,0.387561874578018,0.394653973934191,1.00872325978086,2.51256959073734e-05,0.000444949283431728,5,0,0,35.05,33.5,4,4,1708,"+","Interval_1595",0,FALSE,FALSE,FALSE,FALSE,FALSE,TRUE,TRUE,"Kidney_hypermethylated"
1524,"chr18",46406193,46406669,1597,0.836142461142461,0.610900572254881,0.22524188888758,0.446538322410368,0.00374367491951598,0.0111349866313774,1,0,0,38.75,37.5,4,4,3329,"+","Interval_1597",0,FALSE,FALSE,FALSE,FALSE,FALSE,FALSE,FALSE,"Kidney_hypermethylated"
1525,"chr18",46421081,46421418,1598,0.871547634131554,0.629993555761416,0.241554078370137,0.468204041763522,0.000279223681581398,0.00181185799716757,5,0,0,25.45,28.35,3.8,4,3241,"+","Interval_1598",0,FALSE,FALSE,FALSE,FALSE,FALSE,FALSE,FALSE,"Kidney_hypermethylated"
1526,"chr18",46454574,46454826,1601,0.910942279136471,0.76923097296381,0.141711306172661,0.241059714004431,0.0145552093865075,0.0315602546507018,1,0,0,26.75,23.25,4,4,4411,"+","Interval_1601",0,FALSE,FALSE,FALSE,FALSE,FALSE,FALSE,FALSE,"Kidney_hypermethylated"
1528,"chr18",46491092,46491352,1603,0.935502216424255,0.612159420627163,0.323342795797093,0.60379653969254,0.000251650061172131,0.00169560265998108,1,0,0,23.75,27,4,4,2733,"+","Interval_1603",0,FALSE,FALSE,FALSE,FALSE,FALSE,FALSE,FALSE,"Kidney_hypermethylated"
1529,"chr18",46497359,46497631,1604,0.800995200451722,0.656477146042363,0.144518054409359,0.283137971296849,0.0203112758953936,0.0404710734037594,1,0,0,20.75,26,4,4,4177,"+","Interval_1604",0,FALSE,FALSE,FALSE,FALSE,FALSE,FALSE,FALSE,"Kidney_hypermethylated"
1530,"chr18",46508275,46508689,1605,0.893285836684708,0.611082432769109,0.282203403915599,0.832192706041051,0.0045249881917765,0.0129030405746945,3,0,0,38,36.1666666666667,4,4,2155,"+","Interval_1605",0,FALSE,FALSE,FALSE,FALSE,FALSE,FALSE,FALSE,"Kidney_hypermethylated"
1532,"chr18",46515931,46516210,1607,0.888689066241593,0.433019961085885,0.455669105155708,1.05407666075136,0.000100947506782508,0.000950022988322171,3,0,0,39.4166666666667,42.25,4,4,1623,"+","Interval_1607",0,FALSE,FALSE,FALSE,FALSE,FALSE,FALSE,FALSE,"Kidney_hypermethylated"
1534,"chr18",46532032,46532279,1609,0.900957034109208,0.246918767507003,0.654038266602205,1.82607072930221,3.05163326260528e-06,0.000177516461463742,1,0,0,29.75,29.25,4,4,629,"+","Interval_1609",0,FALSE,FALSE,FALSE,FALSE,FALSE,TRUE,TRUE,"Kidney_hypermethylated"
1535,"chr18",46541778,46542396,1610,0.691980125626831,0.483497237850332,0.2084828877765,0.889518022281853,0.0141725687360921,0.0309174912577419,8,0,0,25.59375,27.875,4,4,2816,"+","Interval_1610",0,FALSE,FALSE,FALSE,FALSE,FALSE,TRUE,TRUE,"Kidney_hypermethylated"
1541,"chr18",46628350,46628606,1616,0.391880659229599,0.474898887203526,-0.0830182279739263,-0.434950906480223,0.000597723551576528,0.00303554646647749,3,0,0,32.3333333333333,39.1666666666667,4,4,3766,"+","Interval_1616",0,FALSE,FALSE,FALSE,FALSE,FALSE,FALSE,FALSE,"Liver_hypermethylated"
1542,"chr18",46629294,46629675,1617,0.834866540383962,0.635129973893453,0.199736566490509,0.423578709751628,0.000426414106287434,0.00239645389503855,4,0,0,34.625,42.1875,4,4,3441,"+","Interval_1617",0,FALSE,FALSE,FALSE,FALSE,FALSE,FALSE,FALSE,"Kidney_hypermethylated"
1543,"chr18",46641509,46641699,1618,0.85512364498645,0.557107843137255,0.298015801849195,0.609283230983646,0.000494990089825298,0.0026728594920707,1,0,0,42.5,38.75,4,4,2707,"+","Interval_1618",0,FALSE,FALSE,FALSE,FALSE,FALSE,FALSE,FALSE,"Kidney_hypermethylated"
1545,"chr18",46653502,46654373,1620,0.384287116062136,0.576378191029962,-0.192091074967826,-0.718411320774947,0.00720553083387366,0.0184356994094647,14,0,0,27.9107142857143,29.9285714285714,4,4,2405,"+","Interval_1620",0,FALSE,FALSE,FALSE,FALSE,FALSE,FALSE,FALSE,"Liver_hypermethylated"
1546,"chr18",46668756,46669797,1621,0.105664014704005,0.249429570381643,-0.143765555677638,-1.09662133878308,0.0166996693257065,0.0348808524835032,14,0,0,29.8928571428571,28.6964285714286,4,4,2942,"+","Interval_1621",0,FALSE,FALSE,FALSE,FALSE,FALSE,FALSE,FALSE,"Liver_hypermethylated"
1547,"chr18",46675697,46676154,1622,0.107718410332597,0.561502125260076,-0.453783714927478,-2.54742122937392,1.34732919090649e-05,0.000324679916789035,3,0,0,43.8333333333333,37.75,4,4,561,"+","Interval_1622",0,FALSE,FALSE,FALSE,FALSE,FALSE,FALSE,FALSE,"Liver_hypermethylated"
1548,"chr18",46676611,46677388,1623,0.188428593608607,0.511166416078479,-0.322737822469872,-1.92216554668209,0.000502406345586004,0.00269808292054136,12,0,0,27.7916666666667,31.5833333333333,4,4,1182,"+","Interval_1623",0,FALSE,FALSE,FALSE,FALSE,FALSE,FALSE,FALSE,"Liver_hypermethylated"
1549,"chr18",46693454,46694186,1624,0.473171694619295,0.609256742944216,-0.136085048324921,-0.451653709707215,0.0104411992892369,0.0243773440852435,8,0,0,27.1875,29.09375,4,4,3308,"+","Interval_1624",0,FALSE,FALSE,FALSE,FALSE,FALSE,FALSE,FALSE,"Liver_hypermethylated"
1550,"chr18",46716549,46716835,1626,0.816821519176489,0.69958861377793,0.117232905398558,0.225846734437834,0.01651479471408,0.0346596357643516,5,0,0,30.55,31.65,4,4,4498,"+","Interval_1626",0,FALSE,FALSE,FALSE,FALSE,FALSE,FALSE,FALSE,"Kidney_hypermethylated"
1562,"chr18",47020666,47020904,1639,0.304096638655462,0.588618326118326,-0.284521687462864,-0.93042794232805,0.000337085366918975,0.00207970841337058,1,0,0,29.5,30.75,4,4,1868,"+","Interval_1639",0,FALSE,FALSE,FALSE,FALSE,FALSE,FALSE,FALSE,"Liver_hypermethylated"
1565,"chr18",47153848,47155363,1643,0.879741384992975,0.677937943948843,0.201803441044132,0.412756284701946,0.00779557833932149,0.019608607816263,38,0,0,25.9539473684211,23.0328947368421,4,4,3499,"+","Interval_1643",0,FALSE,FALSE,FALSE,FALSE,FALSE,FALSE,FALSE,"Kidney_hypermethylated"
1566,"chr18",47169896,47170543,1644,0.111085834173085,0.41312403874218,-0.302038204569095,-1.86448354747607,0.000352905121110015,0.00214713066259509,7,0,0,21.4642857142857,24.1071428571429,4,4,1332,"+","Interval_1644",0,FALSE,FALSE,FALSE,FALSE,TRUE,FALSE,TRUE,"Liver_hypermethylated"
1567,"chr18",47172298,47172724,1645,0.338329232088016,0.579109502148799,-0.240780270060782,-0.776166433276844,0.000804539256212245,0.00371721333039417,7,0,0,29.7857142857143,28.4642857142857,4,4,2253,"+","Interval_1645",0,FALSE,FALSE,FALSE,FALSE,FALSE,FALSE,FALSE,"Liver_hypermethylated"
1570,"chr18",47219327,47219882,1648,0.668480519493541,0.25138407981543,0.417096439678111,1.56548950694288,0.000127206966457119,0.00108040429188707,5,0,0,27.85,23.65,4,4,895,"+","Interval_1648",0,FALSE,FALSE,FALSE,FALSE,FALSE,FALSE,FALSE,"Kidney_hypermethylated"
1574,"chr18",47321122,47321368,1652,0.0882081280788177,0.551635430512323,-0.463427302433505,-2.50616371111145,2.0828690987319e-05,0.000405038943408466,2,0,0,28.875,27,4,4,526,"+","Interval_1652",0,FALSE,FALSE,FALSE,FALSE,FALSE,FALSE,FALSE,"Liver_hypermethylated"
1575,"chr18",47329740,47330875,1653,0.200458985522891,0.337071374977307,-0.136612389454416,-0.874900690586412,0.00297852346655871,0.00940063004725387,21,0,0,32.4523809523809,29.4285714285714,3.95238095238095,4,3031,"+","Interval_1653",0,FALSE,FALSE,FALSE,FALSE,FALSE,FALSE,FALSE,"Liver_hypermethylated"
1576,"chr18",47334384,47335107,1654,0.601207119312599,0.346162309064766,0.255044810247834,1.00199394406569,0.00211813586644625,0.00740383668902858,8,0,0,33.78125,32.65625,3.875,4,1758,"+","Interval_1654",0,FALSE,FALSE,FALSE,FALSE,FALSE,FALSE,FALSE,"Kidney_hypermethylated"
1578,"chr18",47340249,47340643,1656,0.798870609502595,0.298267900984251,0.500602708518344,1.64769337746844,0.000241723332858489,0.00165335759646367,11,0,0,33.5909090909091,30.1136363636364,4,4,898,"+","Interval_1656",0,FALSE,FALSE,FALSE,FALSE,FALSE,TRUE,TRUE,"Kidney_hypermethylated"
1583,"chr18",47436228,47436520,1662,0.921719277454572,0.52661486904908,0.395104408405492,0.82155782710616,8.82487705676105e-06,0.000264531070799008,3,0,0,23.75,22.8333333333333,4,4,2127,"+","Interval_1662",0,FALSE,FALSE,FALSE,FALSE,FALSE,FALSE,FALSE,"Kidney_hypermethylated"
1584,"chr18",47477872,47478220,1663,0.899950312891223,0.644235266558538,0.255715046332685,0.514454261853417,0.00481261047902837,0.0134977140089591,3,0,0,23.9166666666667,21.4166666666667,4,4,3059,"+","Interval_1663",0,FALSE,FALSE,FALSE,FALSE,FALSE,FALSE,FALSE,"Kidney_hypermethylated"
1586,"chr18",47541903,47542174,1665,0.368860856762135,0.705970954339759,-0.337110097577624,-0.992665821530355,0.000282402243749738,0.00182477580214736,4,0,0,38.5625,35.3125,4,4,1739,"+","Interval_1665",0,FALSE,FALSE,FALSE,FALSE,FALSE,FALSE,FALSE,"Liver_hypermethylated"
1587,"chr18",47567112,47567451,1666,0.128192817537214,0.382214331235916,-0.254021513698701,-1.41573423320721,0.000189936625718747,0.00137962241730697,3,0,0,36,32.0833333333333,4,4,1715,"+","Interval_1666",0,FALSE,FALSE,FALSE,FALSE,FALSE,FALSE,FALSE,"Liver_hypermethylated"
1588,"chr18",47568386,47568931,1667,0.351383007500736,0.512928219986356,-0.16154521248562,-0.658085188111628,0.0223598876259442,0.0437445111306676,7,0,0,34.5,32.5,4,4,3141,"+","Interval_1667",0,FALSE,FALSE,FALSE,FALSE,TRUE,FALSE,TRUE,"Liver_hypermethylated"
1591,"chr18",47585092,47586024,1670,0.746260962454773,0.432790674657359,0.313470287797414,0.892903316234494,0.000503173804221384,0.00269808292054136,14,0,0,32.7678571428571,28.2857142857143,4,4,1950,"+","Interval_1670",0,FALSE,FALSE,FALSE,FALSE,FALSE,FALSE,FALSE,"Kidney_hypermethylated"
1593,"chr18",47631259,47631626,1672,0.223411180234568,0.589545024015385,-0.366133843780817,-1.36922669694105,0.000200331424074049,0.0014398088899825,4,0,0,42.9375,39.3125,4,4,1132,"+","Interval_1672",0,FALSE,FALSE,FALSE,FALSE,FALSE,FALSE,FALSE,"Liver_hypermethylated"
1595,"chr18",47671717,47672199,1675,0.301067436148081,0.633373969580866,-0.332306533432785,-1.04843019146081,0.0016896625562926,0.00627749480557318,1,0,0,31.5,29.5,4,4,1654,"+","Interval_1675",0,FALSE,FALSE,FALSE,FALSE,FALSE,FALSE,FALSE,"Liver_hypermethylated"
1596,"chr18",47688541,47688855,1676,0.868818818818819,0.550851109674639,0.31796770914418,0.647947937251934,5.7319235267831e-06,0.000219784352681278,1,0,0,36.5,35,4,4,2581,"+","Interval_1676",0,FALSE,TRUE,TRUE,FALSE,FALSE,FALSE,FALSE,"Kidney_hypermethylated"
1598,"chr18",47693522,47693817,1678,0.464809712652381,0.735863704843944,-0.271053992191564,-0.692912650190819,0.000505951111319007,0.00271060992071081,10,0,0,31.825,27.725,4,4,2470,"+","Interval_1678",0,FALSE,TRUE,TRUE,FALSE,FALSE,FALSE,FALSE,"Liver_hypermethylated"
1599,"chr18",47943435,47943720,1680,0.291633129559761,0.683242909108968,-0.391609779549207,-1.32823856153545,2.05747671359565e-05,0.00040264950334539,5,0,0,25.95,25.65,4,4,1189,"+","Interval_1680",0,FALSE,FALSE,FALSE,FALSE,FALSE,FALSE,FALSE,"Liver_hypermethylated"
1600,"chr18",47958076,47958398,1681,0.399395133268731,0.522852976753841,-0.12345784348511,-0.315742922146253,0.0147968699506618,0.031866901974833,5,0,0,47.05,41.85,4,4,3987,"+","Interval_1681",0,FALSE,FALSE,FALSE,FALSE,FALSE,FALSE,FALSE,"Liver_hypermethylated"
1601,"chr18",47960340,47960709,1682,0.394886430902104,0.593338238632549,-0.198451807730445,-0.610704207415044,0.000380795668940522,0.00225649892539972,4,0,0,45.9375,41.875,4,4,2701,"+","Interval_1682",0,FALSE,FALSE,FALSE,FALSE,TRUE,FALSE,TRUE,"Liver_hypermethylated"
1602,"chr18",47961550,47961932,1683,0.418312640788092,0.676888795893624,-0.258576155105533,-0.690775066797753,0.000450685089479633,0.00249725867885694,5,0,0,24.9,25.75,4,4,2474,"+","Interval_1683",0,FALSE,FALSE,FALSE,FALSE,FALSE,FALSE,FALSE,"Liver_hypermethylated"
1603,"chr18",48009619,48010069,1684,0.358298726467331,0.556999123859589,-0.198700397392258,-0.622470097302381,0.0221736368721945,0.0434631574416699,1,0,0,40,37.25,4,4,3135,"+","Interval_1684",0,FALSE,FALSE,FALSE,FALSE,FALSE,FALSE,FALSE,"Liver_hypermethylated"
1605,"chr18",48063224,48063746,1686,0.312859046774093,0.489888414907186,-0.177029368133093,-0.647093361329695,0.00485506562726225,0.013594436620268,5,0,0,38.45,33.05,4,4,2584,"+","Interval_1686",0,FALSE,FALSE,FALSE,FALSE,FALSE,FALSE,FALSE,"Liver_hypermethylated"
1606,"chr18",48242621,48242914,1687,0.527731040053255,0.676831386124888,-0.149100346071633,-0.377678060348214,0.0124038147233439,0.0279451659742985,5,0,0,30.95,30.55,4,4,3652,"+","Interval_1687",0,FALSE,TRUE,TRUE,FALSE,FALSE,FALSE,FALSE,"Liver_hypermethylated"
1607,"chr18",48277436,48277991,1688,0.544524059478816,0.55136114981118,-0.00683709033236378,-0.018791940681371,0.00977292563631218,0.0232370627327802,4,0,0,36.1875,32.75,4,4,5984,"+","Interval_1688",0,FALSE,FALSE,FALSE,FALSE,FALSE,FALSE,FALSE,"Liver_hypermethylated"
1608,"chr18",48771318,48771802,1689,0.829784985938068,0.548480963353961,0.281304022584107,0.636136439071789,0.00123446928302903,0.00494834556047842,5,0,0,20.7,18.45,4,4,2623,"+","Interval_1689",0,FALSE,TRUE,TRUE,FALSE,FALSE,FALSE,FALSE,"Kidney_hypermethylated"
1614,"chr18",49290513,49291274,1695,0.474943876707629,0.642816915297357,-0.167873038589728,-0.575674356183757,0.00167850048101718,0.0062511427005155,7,0,0,33.1785714285714,32.4642857142857,4,4,2836,"+","Interval_1695",0,FALSE,FALSE,FALSE,FALSE,FALSE,FALSE,FALSE,"Liver_hypermethylated"
1615,"chr18",49291388,49292203,1696,0.352453731025685,0.552501654659565,-0.20004792363388,-0.89255422669498,0.000866415608167546,0.00391479699425704,7,0,0,24.6071428571429,26.2142857142857,4,4,2243,"+","Interval_1696",0,FALSE,FALSE,FALSE,FALSE,FALSE,FALSE,FALSE,"Liver_hypermethylated"
1618,"chr18",49349787,49350108,1699,0.764463960092057,0.612701853059416,0.151762107032641,0.291019167134681,0.0122653557128662,0.0276995997264105,4,0,0,36.1875,32.9375,4,4,4136,"+","Interval_1699",0,FALSE,FALSE,FALSE,FALSE,FALSE,FALSE,FALSE,"Kidney_hypermethylated"
1620,"chr18",49454383,49455110,1701,0.262841503172715,0.591001564577473,-0.328160061404758,-1.45379252694989,0.000526523200488857,0.00279402855527118,8,0,0,29.0625,28.78125,4,4,1158,"+","Interval_1701",0,FALSE,FALSE,FALSE,FALSE,FALSE,FALSE,FALSE,"Liver_hypermethylated"
1621,"chr18",49488159,49488870,1702,0.376171083189917,0.311343944623222,0.0648271385666945,-0.36208072175822,0.00874574539555451,0.0214884468035516,4,0,0,29.0625,29.75,4,4,4022,"+","Interval_1702",0,FALSE,FALSE,FALSE,FALSE,FALSE,FALSE,FALSE,"Kidney_hypermethylated"
1623,"chr18",49543104,49543433,1704,0.397908666349076,0.655397059525164,-0.257488393176088,-0.707368978725549,0.00157988729582852,0.00595607817967255,4,0,0,34.625,35.75,4,4,2427,"+","Interval_1704",0,FALSE,FALSE,FALSE,FALSE,FALSE,FALSE,FALSE,"Liver_hypermethylated"
1624,"chr18",49550235,49551464,1705,0.613677235649329,0.337961892296032,0.275715343353298,1.17205302605057,0.0012193573174403,0.0049134103053578,14,0,0,28.3928571428571,27.8928571428571,4,4,1525,"+","Interval_1705",0,FALSE,FALSE,FALSE,FALSE,FALSE,FALSE,FALSE,"Kidney_hypermethylated"
1625,"chr18",49559012,49559797,1706,0.129840572119219,0.420594025049743,-0.290753452930524,-1.90399633199145,0.00960913667213719,0.0229759318483592,17,0,0,17.5735294117647,19.7941176470588,3.64705882352941,4,2570,"+","Interval_1706",0,FALSE,FALSE,FALSE,FALSE,TRUE,FALSE,TRUE,"Liver_hypermethylated"
1627,"chr18",49642220,49642485,1708,0.501133579865145,0.365026872444474,0.136106707420671,0.4897523659804,0.0139319473231175,0.0304885385685745,6,0,0,30.6666666666667,30.0416666666667,4,4,3161,"+","Interval_1708",0,FALSE,FALSE,FALSE,FALSE,FALSE,FALSE,FALSE,"Kidney_hypermethylated"
1629,"chr18",49725323,49725864,1710,0.25892000299895,0.567432612677178,-0.308512609678228,-1.9525957693136,0.00230774009368728,0.00788486869148123,3,0,0,17,22.3333333333333,3.33333333333333,4,1798,"+","Interval_1710",0,FALSE,FALSE,FALSE,FALSE,FALSE,FALSE,FALSE,"Liver_hypermethylated"
1631,"chr18",49770351,49770894,1712,0.697362972649014,0.183660785486443,0.51370218716257,1.86891885110954,7.94323330408125e-05,0.000843025365346793,1,0,0,42.75,48.5,4,4,579,"+","Interval_1712",0,FALSE,FALSE,FALSE,FALSE,FALSE,FALSE,FALSE,"Kidney_hypermethylated"
1633,"chr18",49777798,49779630,1714,0.858730068152223,0.290135490097048,0.568594578055175,1.83571674424986,0.00117358905574048,0.00480140129662133,8,0,0,25.90625,26,4,4,1502,"+","Interval_1714",0,FALSE,FALSE,FALSE,FALSE,FALSE,TRUE,TRUE,"Kidney_hypermethylated"
1637,"chr18",49838978,49839463,1718,0.702356150793651,0.132099351368454,0.570256799425196,2.32569874460856,9.53452079603864e-07,0.000124999888511622,1,0,0,37.75,45.5,4,4,250,"+","Interval_1718",0,FALSE,FALSE,FALSE,FALSE,FALSE,TRUE,TRUE,"Kidney_hypermethylated"
1638,"chr18",49915988,49916317,1720,0.845910947385087,0.49676358176302,0.349147365622067,0.890974807604868,5.36419685748282e-05,0.000675087118166068,3,0,0,41.5,42.3333333333333,4,4,1958,"+","Interval_1720",0,FALSE,FALSE,FALSE,FALSE,FALSE,FALSE,FALSE,"Kidney_hypermethylated"
1639,"chr18",49968513,49969108,1721,0.646179670796074,0.443111287792901,0.203068383003173,1.28848258870987,0.0264289049384982,0.049909533142923,6,0,0,30.6666666666667,34.5833333333333,4,4,3254,"+","Interval_1721",0,FALSE,FALSE,FALSE,FALSE,FALSE,FALSE,FALSE,"Kidney_hypermethylated"
1641,"chr18",49982172,49982688,1723,0.683546439157114,0.157294331470793,0.526252107686321,2.32272318203697,0.000100491352159426,0.000950022988322171,6,0,0,29.125,31.6666666666667,4,4,649,"+","Interval_1723",0,FALSE,FALSE,FALSE,FALSE,FALSE,TRUE,TRUE,"Kidney_hypermethylated"
1642,"chr18",50004265,50004535,1724,0.812329337329337,0.03125,0.781079337329337,4.31725027475858,0.000931076541812606,0.00410365662414946,1,0,0,16,21.5,4,4,1394,"+","Interval_1724",0,FALSE,FALSE,FALSE,FALSE,FALSE,TRUE,TRUE,"Kidney_hypermethylated"
1645,"chr18",50011737,50011957,1727,0.483203482943964,0.610248060025957,-0.127044577081992,-0.383336056082533,0.0168380402704644,0.0350982895054286,4,0,0,25.375,27.875,4,4,3629,"+","Interval_1727",0,FALSE,FALSE,FALSE,FALSE,FALSE,FALSE,FALSE,"Liver_hypermethylated"
1647,"chr18",50022353,50022889,1729,0.790747976635073,0.207619000609604,0.58312897602547,2.12416502304345,9.80363547962657e-05,0.00093983369769587,4,0,0,23.1875,24.6875,4,4,641,"+","Interval_1729",0,FALSE,FALSE,FALSE,FALSE,FALSE,FALSE,FALSE,"Kidney_hypermethylated"
1648,"chr18",50028040,50028997,1730,0.785796467112121,0.0976565547302951,0.688139912381826,3.07083328282894,1.53479542704782e-05,0.000341714416638001,16,0,0,28.28125,27.578125,4,4,276,"+","Interval_1730",0,FALSE,FALSE,FALSE,FALSE,FALSE,TRUE,TRUE,"Kidney_hypermethylated"
1649,"chr18",50031103,50031580,1731,0.473527479406552,0.0859841734078493,0.387543305998703,2.35592839522451,4.18014298441194e-05,0.000575200387512194,12,0,0,27.875,30.6875,4,4,827,"+","Interval_1731",0,FALSE,FALSE,FALSE,FALSE,FALSE,TRUE,TRUE,"Kidney_hypermethylated"
1650,"chr18",50032560,50032902,1732,0.326708378127801,0.0943364475778431,0.232371930549958,1.71146265179004,0.00802831283936181,0.0200381731916646,7,0,0,23.3214285714286,23.1428571428571,3.71428571428571,4,2462,"+","Interval_1732",0,FALSE,FALSE,FALSE,FALSE,FALSE,FALSE,FALSE,"Kidney_hypermethylated"
1651,"chr18",50034941,50035691,1733,0.386415353218434,0.653656997233428,-0.267241644014994,-1.11988213586601,0.00119652477945039,0.00486135187670884,14,0,0,29.6785714285714,32.875,4,4,1591,"+","Interval_1733",0,FALSE,FALSE,FALSE,FALSE,FALSE,FALSE,FALSE,"Liver_hypermethylated"
1652,"chr18",50039217,50039513,1734,0.867997546976943,0.396894012658605,0.471103534318338,1.16421491126738,1.25003560031467e-05,0.000309736643707001,3,0,0,34.3333333333333,33,4,4,1430,"+","Interval_1734",0,FALSE,FALSE,FALSE,FALSE,FALSE,FALSE,FALSE,"Kidney_hypermethylated"
1653,"chr18",50042229,50042603,1735,0.455414712665437,0.751048286600157,-0.29563357393472,-0.75046871387371,0.000494169291377433,0.0026728594920707,11,0,0,31.0454545454545,37.0681818181818,4,4,2319,"+","Interval_1735",0,FALSE,FALSE,FALSE,FALSE,FALSE,FALSE,FALSE,"Liver_hypermethylated"
1654,"chr18",50046285,50047154,1736,0.198913727737439,0.600442611965023,-0.401528884227584,-1.62398875570884,0.00013818674086812,0.00114097680705211,19,0,0,25.8289473684211,28.3026315789474,4,4,829,"+","Interval_1736",0,FALSE,FALSE,FALSE,FALSE,FALSE,FALSE,FALSE,"Liver_hypermethylated"
1656,"chr18",50064609,50065182,1738,0.378873571977816,0.677597826929452,-0.298724254951636,-1.06581992139944,0.0026722617347214,0.00873924872797393,14,0,0,22.375,24.4464285714286,4,3.92857142857143,1879,"+","Interval_1738",0,FALSE,FALSE,FALSE,FALSE,FALSE,FALSE,FALSE,"Liver_hypermethylated"
1657,"chr18",50087315,50088115,1739,0.375673408546335,0.55451656308425,-0.178843154537915,-0.693623243802249,0.00646094142622486,0.0169668739590392,17,0,0,25.7794117647059,27.8529411764706,4,4,2482,"+","Interval_1739",0,FALSE,FALSE,FALSE,FALSE,FALSE,FALSE,FALSE,"Liver_hypermethylated"
1659,"chr18",50112329,50113190,1741,0.201080918316373,0.270611906727073,-0.0695309884107005,-0.148723979888103,0.0192974989808901,0.0388542369716807,15,0,0,27.6833333333333,31.0666666666667,4,4,4983,"+","Interval_1741",0,FALSE,FALSE,FALSE,FALSE,FALSE,FALSE,FALSE,"Liver_hypermethylated"
1661,"chr18",50129508,50129869,1743,0.412815665193134,0.833733193613982,-0.420917528420848,-1.01373539696143,0.00122622498443071,0.00492664634826465,9,0,0,28.8333333333333,28.5,4,4,1699,"+","Interval_1743",0,FALSE,FALSE,FALSE,FALSE,FALSE,FALSE,FALSE,"Liver_hypermethylated"
1662,"chr18",50136850,50137102,1744,0.727367291105218,0.883855309172914,-0.156488018067695,-0.286498543939601,0.0109816323751089,0.025350161887695,2,0,0,39.75,36.625,4,4,4157,"+","Interval_1744",0,FALSE,FALSE,FALSE,FALSE,FALSE,FALSE,FALSE,"Liver_hypermethylated"
1665,"chr18",50250564,50250873,1747,0.283443607237467,0.530343352795887,-0.24689974555842,-0.874719306695169,0.00210452047694626,0.00736881956172921,3,0,0,39.1666666666667,39.3333333333333,4,4,2009,"+","Interval_1747",0,FALSE,FALSE,FALSE,FALSE,FALSE,FALSE,FALSE,"Liver_hypermethylated"
1668,"chr18",50726573,50726948,1751,0.815839314194577,0.401120448179272,0.414718866015306,1.00629996984788,3.04444099015883e-05,0.000497555582035266,1,0,0,18.75,17.5,4,4,1717,"+","Interval_1751",0,FALSE,TRUE,TRUE,FALSE,FALSE,FALSE,FALSE,"Kidney_hypermethylated"
1669,"chr18",50855596,50856521,1753,0.177034039133768,0.495438978356973,-0.318404939223205,-1.74349006496935,0.00127681724671071,0.00508163340740758,4,0,0,33,32.25,4,4,1544,"+","Interval_1753",0,FALSE,FALSE,FALSE,FALSE,TRUE,FALSE,TRUE,"Liver_hypermethylated"
1670,"chr18",50942810,50943064,1755,0.773563305152979,0.533352130325815,0.240211174827165,0.5301573496554,0.000951617100225549,0.0041679879407598,2,0,0,19.5,23.5,3.5,4,3006,"+","Interval_1755",0,FALSE,FALSE,FALSE,FALSE,FALSE,FALSE,FALSE,"Kidney_hypermethylated"
1672,"chr18",51130666,51130939,1757,0.500429294861096,0.331357031153227,0.169072263707869,0.583249231063644,0.0154558206809143,0.032943467944578,2,0,0,43,42.75,4,4,2883,"+","Interval_1757",0,FALSE,FALSE,FALSE,FALSE,FALSE,FALSE,FALSE,"Kidney_hypermethylated"
1674,"chr18",51155391,51155733,1759,0.733974248693928,0.435455251077732,0.298518997616196,0.763705950502342,0.000994704907614925,0.00428979309706362,3,0,0,27,28.0833333333333,4,4,2289,"+","Interval_1759",0,FALSE,FALSE,FALSE,FALSE,FALSE,FALSE,FALSE,"Kidney_hypermethylated"
1675,"chr18",51165048,51165525,1760,0.86819957493417,0.634746768560151,0.233452806374019,0.442946247125725,0.000393611946758837,0.00230356705984101,2,0,0,44.25,38.125,4,4,3347,"+","Interval_1760",0,FALSE,FALSE,FALSE,FALSE,FALSE,TRUE,TRUE,"Kidney_hypermethylated"
1676,"chr18",51266969,51267230,1761,0.956158077442819,0.752687873738837,0.203470203703982,0.342386935833479,0.0032816198051099,0.0101283544462081,2,0,0,40.375,27.875,4,4,3822,"+","Interval_1761",0,FALSE,FALSE,FALSE,FALSE,FALSE,FALSE,FALSE,"Kidney_hypermethylated"
1677,"chr18",51300080,51300482,1762,0.499261394997387,0.353640391414001,0.145621003583386,0.613301415588656,0.0228598527533894,0.0445241823041451,4,0,0,40.5625,39.6875,4,4,3155,"+","Interval_1762",0,FALSE,FALSE,FALSE,FALSE,FALSE,FALSE,FALSE,"Kidney_hypermethylated"
1678,"chr18",51496073,51496797,1763,0.555721331200363,0.669567162083218,-0.113845830882854,-0.311899493626746,0.00353324167814546,0.010650487985583,4,0,0,32.875,29.5625,4,4,4015,"+","Interval_1763",0,FALSE,FALSE,FALSE,FALSE,FALSE,FALSE,FALSE,"Liver_hypermethylated"
1680,"chr18",51574520,51575136,1765,0.417225756266678,0.462710083475563,-0.0454843272088851,-0.425327921063512,0.0129676142281844,0.0288926720203746,5,0,0,37.75,33.05,4,4,4378,"+","Interval_1765",0,FALSE,FALSE,FALSE,FALSE,FALSE,FALSE,FALSE,"Liver_hypermethylated"
1681,"chr18",51672196,51672808,1766,0.164797538722037,0.511141633063252,-0.346344094341215,-1.71932834108868,8.54493907007797e-05,0.000869348519629621,7,0,0,28.5357142857143,25.7142857142857,4,4,1041,"+","Interval_1766",0,FALSE,TRUE,TRUE,FALSE,FALSE,FALSE,FALSE,"Liver_hypermethylated"
1682,"chr18",51707805,51708346,1767,0.165535100396832,0.421067204638919,-0.255532104242086,-2.06292481021669,0.000942672061378099,0.00413576093089594,3,0,0,41.0833333333333,36.5833333333333,4,4,1695,"+","Interval_1767",0,FALSE,FALSE,FALSE,FALSE,FALSE,FALSE,FALSE,"Liver_hypermethylated"
1683,"chr18",51758266,51758947,1768,0.0663393688458916,0.335623970857094,-0.269284602011203,-2.09672185632586,0.000401472626267061,0.00232740498906707,4,0,0,25.1875,23.5625,4,4,1573,"+","Interval_1768",0,FALSE,FALSE,FALSE,FALSE,FALSE,FALSE,FALSE,"Liver_hypermethylated"
1684,"chr18",51796592,51797141,1769,0.822671494226768,0.607117950855598,0.21555354337117,0.430379694524094,0.0103008680975951,0.024149843684308,13,0,0,27.1538461538462,26.3846153846154,4,4,3414,"+","Interval_1769",0,FALSE,TRUE,TRUE,FALSE,FALSE,FALSE,FALSE,"Kidney_hypermethylated"
1685,"chr18",52146228,52146530,1770,0.861736542443064,0.534126984126984,0.32760955831608,0.679948811638657,0.00187037527928568,0.00675291192198034,1,0,0,22,24.5,4,4,2495,"+","Interval_1770",0,FALSE,FALSE,FALSE,FALSE,FALSE,FALSE,FALSE,"Kidney_hypermethylated"
1686,"chr18",52185037,52185383,1771,0.254523696953158,0.438536800209594,-0.184013103256436,-0.754799587081368,0.0203534423474919,0.0405288085629741,2,0,0,29.75,30,4,4,3086,"+","Interval_1771",0,FALSE,FALSE,FALSE,FALSE,FALSE,FALSE,FALSE,"Liver_hypermethylated"
1688,"chr18",52348865,52349162,1773,0.166091759709359,0.398528921564892,-0.232437161855532,-1.26427419052322,0.00207778207761709,0.00730433115958639,3,0,0,38,34,4,4,1918,"+","Interval_1773",0,FALSE,FALSE,FALSE,FALSE,FALSE,FALSE,FALSE,"Liver_hypermethylated"
1689,"chr18",52409684,52410319,1774,0.360460748273178,0.314254527618285,0.0462062206548935,-0.0914670204554014,0.0108138795300854,0.0250601120976219,9,0,0,42.1111111111111,40.5833333333333,4,4,5398,"+","Interval_1774",0,FALSE,FALSE,FALSE,FALSE,FALSE,FALSE,FALSE,"Kidney_hypermethylated"
1692,"chr18",52473931,52474234,1777,0.719379251851569,0.709430746424448,0.00994850542712127,-0.0229308467801446,0.0139541584764002,0.0305262740610464,4,0,0,41.3125,40.8125,4,4,5943,"+","Interval_1777",0,FALSE,FALSE,FALSE,FALSE,FALSE,FALSE,FALSE,"Kidney_hypermethylated"
1695,"chr18",52613225,52614379,1780,0.217228028427218,0.478227555556508,-0.26099952712929,-1.09075227506164,0.0021454405332081,0.00748225429997944,14,0,0,27.6071428571429,26.5892857142857,4,4,1762,"+","Interval_1780",0,FALSE,FALSE,FALSE,FALSE,FALSE,FALSE,FALSE,"Liver_hypermethylated"
1696,"chr18",52627309,52627648,1781,0.905326563878762,0.625402196335114,0.279924367543648,0.549368607016849,0.000804120331126434,0.00371721333039417,7,0,0,36.2857142857143,28.8571428571429,4,4,2937,"+","Interval_1781",0,FALSE,FALSE,FALSE,FALSE,FALSE,FALSE,FALSE,"Kidney_hypermethylated"
1698,"chr18",52676942,52677596,1783,0.500618090946659,0.341379548012128,0.159238542934531,0.362746831658809,0.02460382546353,0.0471292105590373,3,0,0,33.1666666666667,30,4,4,3723,"+","Interval_1783",0,FALSE,FALSE,FALSE,FALSE,FALSE,FALSE,FALSE,"Kidney_hypermethylated"
1700,"chr18",52749772,52750487,1785,0.34716601085257,0.0563771299247989,0.290788880927771,2.47011793853455,7.86286694374491e-05,0.000842712387488804,8,0,0,22.40625,24.78125,4,4,1413,"+","Interval_1785",0,FALSE,FALSE,FALSE,FALSE,FALSE,FALSE,FALSE,"Kidney_hypermethylated"
1702,"chr18",52786769,52787237,1787,0.122031689444514,0.384638909105756,-0.262607219661243,-2.0643401448163,0.0146831304695428,0.0317256809899229,5,0,0,38.4,35.25,4,4,2844,"+","Interval_1787",0,FALSE,FALSE,FALSE,FALSE,FALSE,FALSE,FALSE,"Liver_hypermethylated"
1703,"chr18",52790496,52790953,1788,0.758253194662527,0.131713664899121,0.626539529763406,2.44445970425723,9.56060986175139e-07,0.000124999888511622,3,0,0,49.9166666666667,41.4166666666667,4,4,166,"+","Interval_1788",0,FALSE,FALSE,FALSE,FALSE,FALSE,FALSE,FALSE,"Kidney_hypermethylated"
1704,"chr18",52791070,52792373,1789,0.383548123395759,0.44978223652808,-0.0662341131323203,-0.319055575997322,0.010894894721668,0.0252032364715726,13,0,0,38.3076923076923,36.7692307692308,4,4,3992,"+","Interval_1789",0,FALSE,FALSE,FALSE,FALSE,FALSE,FALSE,FALSE,"Liver_hypermethylated"
1706,"chr18",52808075,52809500,1791,0.279594244812292,0.554617766007401,-0.275023521195109,-1.1205578818914,0.000662864843425116,0.00327436050068114,8,0,0,37.125,36.5,4,4,1521,"+","Interval_1791",0,FALSE,FALSE,FALSE,FALSE,TRUE,FALSE,TRUE,"Liver_hypermethylated"
1708,"chr18",52825164,52825640,1793,0.279343918450063,0.613063185426881,-0.333719266976818,-1.64111572730233,0.000290094743042249,0.00185800382759547,11,0,0,30.7727272727273,28.3863636363636,4,4,1113,"+","Interval_1793",0,FALSE,FALSE,FALSE,FALSE,FALSE,FALSE,FALSE,"Liver_hypermethylated"
1709,"chr18",52831261,52832432,1794,0.54258338285287,0.650994260661297,-0.108410877808427,-0.420779622215229,0.00519710607521546,0.0143019331984769,13,0,0,33.2884615384615,29.4038461538462,4,4,3452,"+","Interval_1794",0,FALSE,FALSE,FALSE,FALSE,TRUE,FALSE,TRUE,"Liver_hypermethylated"
1710,"chr18",52842417,52842699,1795,0.46777289520824,0.689789971845554,-0.222017076637314,-0.633020608991459,0.0103044573051677,0.024149843684308,2,0,0,25.875,28.875,4,4,2635,"+","Interval_1795",0,FALSE,FALSE,FALSE,FALSE,FALSE,FALSE,FALSE,"Liver_hypermethylated"
1711,"chr18",52860441,52861560,1796,0.333528363809835,0.446474514769115,-0.11294615095928,-0.678139124615518,0.017304819415037,0.0358161385333118,11,0,0,32.9318181818182,32.6590909090909,4,4,3343,"+","Interval_1796",0,FALSE,FALSE,FALSE,FALSE,FALSE,FALSE,FALSE,"Liver_hypermethylated"
1712,"chr18",52908989,52909384,1797,0.850531980154428,0.262174080044051,0.588357900110376,1.83446458213212,1.84001666164592e-06,0.000151200778386532,6,0,0,32.7916666666667,30.0416666666667,4,4,615,"+","Interval_1797",0,FALSE,FALSE,FALSE,FALSE,FALSE,FALSE,FALSE,"Kidney_hypermethylated"
1713,"chr18",52921712,52922444,1798,0.328541865433891,0.660507551358194,-0.331965685924303,-1.09491996488298,0.000419800302978165,0.00237969408793136,7,0,0,30.2857142857143,30.3571428571429,4,4,1550,"+","Interval_1798",0,FALSE,FALSE,FALSE,FALSE,FALSE,FALSE,FALSE,"Liver_hypermethylated"
1714,"chr18",52941698,52942819,1799,0.388856147806081,0.586020593699861,-0.19716444589378,-0.724857457501555,0.00186640818428851,0.00674651664261937,7,0,0,28.0714285714286,21.9642857142857,4,4,2391,"+","Interval_1799",0,FALSE,FALSE,FALSE,FALSE,FALSE,FALSE,FALSE,"Liver_hypermethylated"
1716,"chr18",52959986,52960294,1801,0.218042513134729,0.450078477532889,-0.23203596439816,-1.33127273044451,0.00136984861949991,0.00535478356668382,9,0,0,24.7222222222222,23.5,4,4,1924,"+","Interval_1801",0,FALSE,FALSE,FALSE,FALSE,FALSE,FALSE,FALSE,"Liver_hypermethylated"
1717,"chr18",53017109,53017337,1802,0.944322629316648,0.701873567151521,0.242449062165127,0.429534432586096,0.00151658798536501,0.0057812860856501,2,0,0,27.25,31,4,4,3417,"+","Interval_1802",0,FALSE,FALSE,FALSE,FALSE,FALSE,FALSE,FALSE,"Kidney_hypermethylated"
1718,"chr18",53076435,53077432,1803,0.195034068318358,0.563834669763746,-0.368800601445388,-1.55205721729172,0.000156248065113215,0.00123081915646214,11,0,0,30.7272727272727,30.7954545454545,4,4,918,"+","Interval_1803",0,FALSE,FALSE,FALSE,FALSE,FALSE,FALSE,FALSE,"Liver_hypermethylated"
1720,"chr18",53108283,53108692,1805,0.232911114095522,0.531905377542682,-0.29899426344716,-1.17670386570206,0.00107919491413866,0.00452247274457616,4,0,0,26.4375,27.9375,4,4,1465,"+","Interval_1805",0,FALSE,FALSE,FALSE,FALSE,FALSE,FALSE,FALSE,"Liver_hypermethylated"
1721,"chr18",53138278,53138997,1806,0.851109067133332,0.576514994742455,0.274594072390877,0.569076534821822,0.000275450503603743,0.00179877082321466,8,0,0,29.5,29.59375,4,4,2859,"+","Interval_1806",0,FALSE,FALSE,FALSE,FALSE,FALSE,FALSE,FALSE,"Kidney_hypermethylated"
1722,"chr18",53160970,53161888,1807,0.687044111918393,0.352945671356853,0.334098440561539,1.14802240474262,0.000112687479105151,0.00100773250649645,11,0,0,28.1818181818182,30.2954545454545,4,4,1447,"+","Interval_1807",0,FALSE,FALSE,FALSE,FALSE,FALSE,FALSE,FALSE,"Kidney_hypermethylated"
1725,"chr18",53250083,53250533,1810,0.0354387398198819,0.00935882505175983,0.0260799147681221,1.03517040288606,0.014182834817827,0.0309174912577419,8,0,0,26.96875,25.46875,4,4,4741,"+","Interval_1810",0,FALSE,FALSE,FALSE,FALSE,FALSE,FALSE,FALSE,"Kidney_hypermethylated"
1726,"chr18",53254663,53255076,1811,0.874096119929453,0.587478575346222,0.286617544583231,0.63590306031809,0.00907610524481309,0.022140796637307,3,0,0,17.4166666666667,16.6666666666667,4,3.66666666666667,2624,"+","Interval_1811",0,FALSE,FALSE,FALSE,FALSE,FALSE,FALSE,FALSE,"Kidney_hypermethylated"
1727,"chr18",53264036,53264984,1812,0.464442628034918,0.242901805052068,0.22154082298285,1.24285955491525,0.00118882713497847,0.00483797532744548,12,0,0,22.75,22.3541666666667,3.91666666666667,4,2022,"+","Interval_1812",0,FALSE,FALSE,FALSE,FALSE,FALSE,FALSE,FALSE,"Kidney_hypermethylated"
1728,"chr18",53293491,53294110,1813,0.319698058410577,0.632395476473516,-0.312697418062939,-1.01532941647599,0.00254868646288922,0.00844750718147479,5,0,0,22.65,21.7,4,4,1854,"+","Interval_1813",0,FALSE,FALSE,FALSE,FALSE,FALSE,FALSE,FALSE,"Liver_hypermethylated"
1729,"chr18",53309639,53309935,1814,0.431079712453593,0.614092222704627,-0.183012510251033,-0.523875720720164,0.0218991221748744,0.043062433844673,5,0,0,26.05,23.7,4,4,3125,"+","Interval_1814",0,FALSE,FALSE,FALSE,FALSE,FALSE,FALSE,FALSE,"Liver_hypermethylated"
1730,"chr18",53326762,53327199,1815,0.464122927127188,0.63660975190387,-0.172486824776681,-0.655509889514221,0.018814080032981,0.0381811498687808,5,0,0,33.85,36,4,4,3028,"+","Interval_1815",0,FALSE,FALSE,FALSE,FALSE,FALSE,FALSE,FALSE,"Liver_hypermethylated"
1731,"chr18",53340809,53341390,1816,0.627183638630761,0.737893145642168,-0.110709507011406,-0.398308343027326,0.00245022874344638,0.0082097358933904,9,0,0,23.3611111111111,24.6388888888889,4,4,3556,"+","Interval_1816",0,FALSE,FALSE,FALSE,FALSE,FALSE,FALSE,FALSE,"Liver_hypermethylated"
1734,"chr18",53371585,53372815,1819,0.730785519934087,0.609430243683467,0.121355276250621,0.110362644130199,0.00437546846818746,0.0125758904289111,20,0,0,25.4375,23.7125,4,4,5279,"+","Interval_1819",0,FALSE,FALSE,FALSE,FALSE,FALSE,FALSE,FALSE,"Kidney_hypermethylated"
1738,"chr18",53486910,53487671,1823,0.470052499633158,0.646223268861295,-0.176170769228137,-0.486885454937322,0.00998025714301804,0.0235327944435487,11,0,0,21.1363636363636,21.5227272727273,4,4,3172,"+","Interval_1823",0,FALSE,FALSE,FALSE,FALSE,FALSE,FALSE,FALSE,"Liver_hypermethylated"
1739,"chr18",53524745,53525339,1824,0.37567427028101,0.595106334555683,-0.219432064274674,-0.736815503303908,0.00446954713221505,0.0127805337959337,7,0,0,31.5357142857143,31.8928571428571,4,4,2361,"+","Interval_1824",0,FALSE,FALSE,FALSE,FALSE,FALSE,FALSE,FALSE,"Liver_hypermethylated"
1740,"chr18",53536358,53536631,1825,0.342010173548016,0.563996664503954,-0.221986490955938,-0.953905450087874,0.00110342787660336,0.00459387825320303,8,0,0,34.6875,35.78125,4,4,2016,"+","Interval_1825",0,FALSE,FALSE,FALSE,FALSE,FALSE,FALSE,FALSE,"Liver_hypermethylated"
1741,"chr18",53552470,53552808,1826,0.0975922992109448,0.496120465042009,-0.398528165831064,-2.5839473590742,0.000140210014363135,0.00115185900837094,13,0,0,23.0769230769231,25.0192307692308,4,4,778,"+","Interval_1826",0,FALSE,TRUE,TRUE,FALSE,FALSE,FALSE,FALSE,"Liver_hypermethylated"
1743,"chr18",53596556,53596954,1828,0.109495780635487,0.236434001441741,-0.126938220806255,-1.7020175208382,1.05128610270676e-05,0.000292314619960772,6,0,0,14.7916666666667,16.7083333333333,3.5,4,3164,"+","Interval_1828",0,FALSE,FALSE,FALSE,FALSE,FALSE,FALSE,FALSE,"Liver_hypermethylated"
1744,"chr18",53597470,53598223,1829,0.113387232664868,0.492206871069789,-0.378819638404921,-2.13322851065743,0.000398147799500281,0.00232307433225271,13,0,0,25.5576923076923,24.0576923076923,4,4,1052,"+","Interval_1829",0,FALSE,FALSE,FALSE,FALSE,FALSE,FALSE,FALSE,"Liver_hypermethylated"
1748,"chr18",53692273,53692655,1833,0.353733446663507,0.725458477590071,-0.371725030926564,-1.00684679089548,0.000120683876418784,0.00104578114979737,2,0,0,37.375,40.625,4,4,1715,"+","Interval_1833",0,FALSE,FALSE,FALSE,FALSE,FALSE,FALSE,FALSE,"Liver_hypermethylated"
1750,"chr18",53855070,53855387,1835,0.829655000395132,0.611422977224389,0.218232023170743,0.439801175322581,0.0110683578905845,0.0254929007637338,2,0,0,30,34.125,4,4,3368,"+","Interval_1835",0,FALSE,FALSE,FALSE,FALSE,FALSE,FALSE,FALSE,"Kidney_hypermethylated"
1753,"chr18",53943598,53943841,1838,0.325023205552416,0.660157024488921,-0.335133818936505,-1.12510786254439,0.000646787859840415,0.00321302457455081,3,0,0,32.8333333333333,31.0833333333333,4,4,1492,"+","Interval_1838",0,FALSE,FALSE,FALSE,FALSE,FALSE,FALSE,FALSE,"Liver_hypermethylated"
1755,"chr18",53990054,53990347,1840,0.80625532662889,0.526509166181635,0.279746160447255,0.807190339846687,0.000324766477292547,0.00202402637217313,3,0,0,30.3333333333333,27.25,4,4,2167,"+","Interval_1840",0,FALSE,FALSE,FALSE,FALSE,FALSE,FALSE,FALSE,"Kidney_hypermethylated"
1759,"chr18",54125193,54126300,1844,0.331263499070608,0.809160865976895,-0.477897366906287,-1.29540534692537,3.56873470996494e-05,0.000534306805921592,26,0,0,31.6442307692308,28.4711538461538,4,4,1235,"+","Interval_1844",0,FALSE,FALSE,FALSE,FALSE,FALSE,FALSE,FALSE,"Liver_hypermethylated"
1760,"chr18",54174904,54175827,1845,0.248464578947403,0.297469755727074,-0.0490051767796711,-0.0486518328690718,0.00676377738507104,0.0175949130945204,6,0,0,31.25,29.625,4,4,5707,"+","Interval_1845",0,FALSE,FALSE,FALSE,FALSE,FALSE,FALSE,FALSE,"Liver_hypermethylated"
1761,"chr18",54178463,54178781,1846,0.154159378270778,0.64658685251645,-0.492427474245672,-2.15933794299181,1.13733649633014e-05,0.000301699037480631,4,0,0,30.75,34.3125,4,4,435,"+","Interval_1846",0,FALSE,FALSE,FALSE,FALSE,FALSE,FALSE,FALSE,"Liver_hypermethylated"
1762,"chr18",54277594,54278315,1848,0.106713610196694,0.692613597056186,-0.585899986859492,-2.69260127587833,1.20651159764743e-05,0.000306998436478351,15,0,0,35.8333333333333,31.4,4,4,239,"+","Interval_1848",0,FALSE,FALSE,FALSE,FALSE,FALSE,FALSE,FALSE,"Liver_hypermethylated"
1763,"chr18",54317781,54318092,1849,0.778014836041797,0.225714969596549,0.552299866445248,1.79099247560134,0.00021467793240307,0.00151283932868907,3,0,0,22.0833333333333,22.3333333333333,4,4,872,"+","Interval_1849",0,FALSE,FALSE,FALSE,FALSE,FALSE,FALSE,FALSE,"Kidney_hypermethylated"
1764,"chr18",54342198,54342751,1850,0.268751253383987,0.367277177493743,-0.0985259241097555,-0.627568718433018,0.0190372358755557,0.0385068513677715,7,0,0,28.5357142857143,26.6428571428571,4,4,3545,"+","Interval_1850",0,FALSE,FALSE,FALSE,FALSE,FALSE,FALSE,FALSE,"Liver_hypermethylated"
1765,"chr18",54343126,54343342,1851,0.676351036308488,0.40870424984876,0.267646786459728,0.756838408432023,0.000621381915761086,0.00311960120290186,2,0,0,25.5,24.75,4,4,2301,"+","Interval_1851",0,FALSE,FALSE,FALSE,FALSE,FALSE,FALSE,FALSE,"Kidney_hypermethylated"
1766,"chr18",54374279,54374515,1852,0.185193367777209,0.725487257396248,-0.540293889619039,-1.91478052028333,8.46549598370616e-07,0.000124999888511622,2,0,0,35.875,35.625,4,4,524,"+","Interval_1852",0,FALSE,FALSE,FALSE,FALSE,FALSE,FALSE,FALSE,"Liver_hypermethylated"
1767,"chr18",54422034,54422777,1854,0.748474127450745,0.212790206239616,0.535683921211129,2.0830546424166,1.48935899380151e-05,0.000337716273686725,4,0,0,24.0625,26.625,3.25,3.25,388,"+","Interval_1854",0,FALSE,FALSE,FALSE,FALSE,FALSE,TRUE,TRUE,"Kidney_hypermethylated"
1768,"chr18",54436365,54437973,1855,0.640673082365986,0.322598460833747,0.318074621532239,1.36152773340486,0.00056485009262853,0.00290655831217497,10,0,0,32.075,35.25,4,4,1207,"+","Interval_1855",0,FALSE,FALSE,FALSE,FALSE,FALSE,TRUE,TRUE,"Kidney_hypermethylated"
1769,"chr18",54452591,54453224,1856,0.151849531327431,0.74039450843117,-0.588544977103738,-2.46905410791838,8.32764784739601e-06,0.000259802673539206,16,0,0,34.671875,34.40625,4,4,209,"+","Interval_1856",0,FALSE,FALSE,FALSE,FALSE,FALSE,FALSE,FALSE,"Liver_hypermethylated"
1770,"chr18",54468772,54469243,1857,0.819890359557248,0.162482565170737,0.657407794386511,2.28158121139181,3.10738517802553e-06,0.000177516461463742,3,0,0,29,32.1666666666667,4,4,248,"+","Interval_1857",0,FALSE,FALSE,FALSE,FALSE,FALSE,TRUE,TRUE,"Kidney_hypermethylated"
1772,"chr18",54492870,54493098,1859,0.336471640813214,0.635743463313186,-0.299271822499973,-1.20237106725367,0.000201071334951715,0.00144007383831968,3,0,0,43.0833333333333,43.25,4,4,1367,"+","Interval_1859",0,FALSE,FALSE,FALSE,FALSE,FALSE,FALSE,FALSE,"Liver_hypermethylated"
1773,"chr18",54502324,54502749,1860,0.362941728845491,0.631145180100614,-0.268203451255123,-0.788905262201843,0.00172376886599392,0.00635045544456392,9,0,0,28.8888888888889,30.0555555555556,4,4,2216,"+","Interval_1860",0,FALSE,FALSE,FALSE,FALSE,FALSE,FALSE,FALSE,"Liver_hypermethylated"
1775,"chr18",54595264,54596010,1862,0.788214751254382,0.262335385596367,0.525879365658015,1.56219392807982,2.11934738281129e-05,0.000408614293929159,4,0,0,33.5,35.375,4,4,900,"+","Interval_1862",0,FALSE,FALSE,FALSE,FALSE,FALSE,FALSE,FALSE,"Kidney_hypermethylated"
1776,"chr18",54602812,54603082,1863,0.914700821714413,0.173005411612156,0.741695410102257,2.34007204557257,2.39473185033806e-05,0.000431543320244204,5,0,0,27.6,30.95,4,4,341,"+","Interval_1863",0,FALSE,FALSE,FALSE,FALSE,FALSE,FALSE,FALSE,"Kidney_hypermethylated"
1777,"chr18",54610768,54611187,1864,0.143629612293039,0.562380888919496,-0.418751276626457,-2.49105739949569,0.0011075532277534,0.00460170019238988,7,0,0,23.5,26.9642857142857,4,4,1479,"+","Interval_1864",0,FALSE,FALSE,FALSE,FALSE,FALSE,FALSE,FALSE,"Liver_hypermethylated"
1779,"chr18",54626367,54627613,1866,0.836397884160313,0.368788333714846,0.467609550445468,1.36688461294249,2.53607092472322e-05,0.000447820569897246,9,0,0,30,31.3055555555556,4,4,1137,"+","Interval_1866",0,FALSE,FALSE,FALSE,FALSE,FALSE,TRUE,TRUE,"Kidney_hypermethylated"
1780,"chr18",54656467,54657142,1867,0.855213718422673,0.442783114707809,0.412430603714864,1.0281547019904,8.44444451150833e-05,0.000864851858720311,4,0,0,42,40,4,4,1670,"+","Interval_1867",0,FALSE,FALSE,FALSE,FALSE,FALSE,TRUE,TRUE,"Kidney_hypermethylated"
1784,"chr18",54815671,54816018,1871,0.700629782503184,0.105335348098212,0.595294434404972,2.64192295079882,1.20204013197217e-06,0.000135880492616173,6,0,0,29.9583333333333,28.6666666666667,4,4,193,"+","Interval_1871",0,FALSE,FALSE,FALSE,FALSE,FALSE,FALSE,FALSE,"Kidney_hypermethylated"
1785,"chr18",54828033,54828988,1872,0.102119290215834,0.317070478015849,-0.214951187800014,-1.56695340448519,0.00640959114087094,0.0168680674777953,18,0,0,20.1111111111111,19.875,3.83333333333333,3.66666666666667,2335,"+","Interval_1872",0,FALSE,FALSE,FALSE,FALSE,FALSE,FALSE,FALSE,"Liver_hypermethylated"
1786,"chr18",54831602,54831978,1873,0.658860614910807,0.189037984657459,0.469822630253347,1.81677673864445,3.66606797490664e-05,0.000536601993469678,3,0,0,29.3333333333333,30.8333333333333,4,4,635,"+","Interval_1873",0,FALSE,FALSE,FALSE,FALSE,FALSE,FALSE,FALSE,"Kidney_hypermethylated"
1788,"chr18",54885199,54885496,1875,0.491092709205782,0.590479590971781,-0.0993868817659984,-0.470995348809712,0.0127170245673369,0.0284984893971741,4,0,0,31.625,27.5,4,4,3533,"+","Interval_1875",0,FALSE,FALSE,FALSE,FALSE,FALSE,FALSE,FALSE,"Liver_hypermethylated"
1792,"chr18",54906246,54907249,1879,0.214389896303923,0.0545458404580687,0.159844055845854,1.6866918106709,0.00855720095580316,0.0210982296328038,15,0,0,33.8833333333333,34.0833333333333,4,4,2732,"+","Interval_1879",0,FALSE,FALSE,FALSE,FALSE,FALSE,FALSE,FALSE,"Kidney_hypermethylated"
1793,"chr18",54911454,54911978,1880,0.142359342509032,0.592752881018172,-0.45039353850914,-2.21799705725906,0.000105694195519279,0.000975600816520136,11,0,0,29.3181818181818,32.0227272727273,4,4,665,"+","Interval_1880",0,FALSE,FALSE,FALSE,FALSE,FALSE,FALSE,FALSE,"Liver_hypermethylated"
1795,"chr18",54918058,54918309,1882,0.856007669866365,0.679583188203878,0.176424481662488,0.328655199895928,0.0232049458276231,0.0449966526067353,1,0,0,27,26.25,4,4,3908,"+","Interval_1882",0,FALSE,FALSE,FALSE,FALSE,FALSE,FALSE,FALSE,"Kidney_hypermethylated"
1797,"chr18",54934324,54934820,1884,0.354141064298138,0.750582926176232,-0.396441861878095,-1.0768589442849,8.32645639613523e-05,0.000858628243561724,5,0,0,42.9,40.5,4,4,1589,"+","Interval_1884",0,FALSE,FALSE,FALSE,FALSE,FALSE,FALSE,FALSE,"Liver_hypermethylated"
1798,"chr18",54937546,54938079,1885,0.563997780892464,0.220159564528014,0.34383821636445,1.31616778806643,4.93442043988185e-05,0.000639704928334894,3,0,0,33.75,31.5,4,4,1202,"+","Interval_1885",0,FALSE,FALSE,FALSE,FALSE,FALSE,FALSE,FALSE,"Kidney_hypermethylated"
1799,"chr18",54940574,54941352,1886,0.450487990819218,0.68186514945575,-0.231377158636533,-0.657091661653434,0.0019637695960973,0.00701917268069789,5,0,0,36.3,34.95,4,4,2554,"+","Interval_1886",0,FALSE,FALSE,FALSE,FALSE,FALSE,FALSE,FALSE,"Liver_hypermethylated"
1800,"chr18",54948257,54948696,1887,0.0633388070068737,0.125498646354503,-0.062159839347629,-1.61394737151215,0.0207950651734192,0.041261115754169,5,0,0,43.35,38.9,4,4,4073,"+","Interval_1887",0,FALSE,FALSE,FALSE,FALSE,FALSE,FALSE,FALSE,"Liver_hypermethylated"
1803,"chr18",54970871,54971160,1890,0.570064444333145,0.136832756642914,0.433231687690231,2.18734548581524,0.00073652475118774,0.0035024139150094,5,0,0,23.9,22.6,4,4,1292,"+","Interval_1890",0,FALSE,FALSE,FALSE,FALSE,FALSE,FALSE,FALSE,"Kidney_hypermethylated"
1804,"chr18",54978391,54979186,1891,0.148022944875804,0.328432310401058,-0.180409365525254,-1.28323148427754,0.0142197187824805,0.0309529478988108,15,0,0,24.6333333333333,25.9333333333333,4,4,2823,"+","Interval_1891",0,FALSE,FALSE,FALSE,FALSE,FALSE,FALSE,FALSE,"Liver_hypermethylated"
1805,"chr18",54985529,54986010,1892,0.0148450522007032,0.0938816442005055,-0.0790365919998023,-2.29751083563442,8.2540302984768e-05,0.000857325941995481,9,0,0,24.2222222222222,27.2777777777778,4,4,3807,"+","Interval_1892",0,FALSE,FALSE,FALSE,FALSE,FALSE,FALSE,FALSE,"Liver_hypermethylated"
1808,"chr18",55015232,55016132,1895,0.0247357351943933,0.0719949057606467,-0.0472591705662534,-1.19584054303445,0.0206410767112641,0.0409820408370655,25,0,0,25.68,25.63,3.96,3.96,4350,"+","Interval_1895",0,FALSE,FALSE,FALSE,FALSE,FALSE,FALSE,FALSE,"Liver_hypermethylated"
1809,"chr18",55040520,55041144,1896,0.0720652215690063,0.317420156943331,-0.245354935374325,-3.17442329581494,7.35367915978329e-07,0.000124999888511622,11,0,0,27.4772727272727,27.8409090909091,4,4,1786,"+","Interval_1896",0,FALSE,FALSE,FALSE,FALSE,FALSE,FALSE,FALSE,"Liver_hypermethylated"
1811,"chr18",55095928,55096237,1898,0.730947938939502,0.233513951726067,0.497433987213436,1.65242265937023,4.90048580795284e-06,0.000205871252523945,6,0,0,35.4583333333333,36.75,4,4,794,"+","Interval_1898",0,FALSE,TRUE,TRUE,FALSE,FALSE,FALSE,FALSE,"Kidney_hypermethylated"
1812,"chr18",55106735,55107592,1899,0.514521688051395,0.100981202331092,0.413540485720303,2.26697668749055,5.24321634569658e-05,0.000668455693865259,9,0,0,31.9722222222222,31.8333333333333,4,4,712,"+","Interval_1899",0,FALSE,FALSE,FALSE,FALSE,FALSE,TRUE,TRUE,"Kidney_hypermethylated"
1813,"chr18",55120009,55120264,1900,0.137965821373329,0.531669338501631,-0.393703517128302,-1.87016950510769,0.000479936944643481,0.00262152224429706,2,0,0,37.5,39.125,4,4,1125,"+","Interval_1900",0,FALSE,FALSE,FALSE,FALSE,FALSE,FALSE,FALSE,"Liver_hypermethylated"
1814,"chr18",55133717,55134629,1901,0.215826591354458,0.0596977227574828,0.156128868596975,0.925824935360198,0.0145770894861428,0.0315854072257926,17,0,0,29.3235294117647,30.8235294117647,4,4,2836,"+","Interval_1901",0,FALSE,FALSE,FALSE,FALSE,FALSE,FALSE,FALSE,"Kidney_hypermethylated"
1816,"chr18",55187671,55187965,1903,0.869519230769231,0.662329192546584,0.207190038222647,0.387547329926329,0.00142245860361011,0.00550441317328975,1,0,0,21.75,24,4,4,3609,"+","Interval_1903",0,FALSE,FALSE,FALSE,FALSE,FALSE,FALSE,FALSE,"Kidney_hypermethylated"
1817,"chr18",55209724,55210530,1904,0.43149757558779,0.689710010590071,-0.258212435002281,-0.794374981811128,0.0057847670039298,0.0156014670867645,6,0,0,25.4166666666667,24.3333333333333,4,4,2278,"+","Interval_1904",0,FALSE,FALSE,FALSE,FALSE,FALSE,FALSE,FALSE,"Liver_hypermethylated"
1818,"chr18",55256946,55257276,1905,0.376112530425803,0.707198983350352,-0.331086452924549,-1.00855718641576,0.00231882227516182,0.00790302988400964,7,0,0,19.1785714285714,25.8571428571429,4,4,1803,"+","Interval_1905",0,FALSE,FALSE,FALSE,FALSE,FALSE,FALSE,FALSE,"Liver_hypermethylated"
1819,"chr18",55258500,55259016,1906,0.0790502800073423,0.36896835411938,-0.289918074112038,-2.47278887334324,0.000385661177072046,0.00227033063804442,8,0,0,31.65625,30.1875,4,4,1421,"+","Interval_1906",0,FALSE,FALSE,FALSE,FALSE,FALSE,FALSE,FALSE,"Liver_hypermethylated"
1822,"chr18",55291223,55291508,1909,0.553859702938978,0.74743883991344,-0.193579136974462,-0.443029640881712,0.00185288276065562,0.00670946644916252,5,0,0,34.5,31.7,4,4,3345,"+","Interval_1909",0,FALSE,FALSE,FALSE,FALSE,FALSE,FALSE,FALSE,"Liver_hypermethylated"
1823,"chr18",55309727,55309963,1910,0.392146702622715,0.718438919639185,-0.326292217016471,-0.860082826069203,0.000786575012592543,0.00366730155719361,2,0,0,26,24.75,4,4,2039,"+","Interval_1910",0,FALSE,FALSE,FALSE,FALSE,FALSE,FALSE,FALSE,"Liver_hypermethylated"
1825,"chr18",55361161,55361396,1912,0.145745608111388,0.572239910953804,-0.426494302842417,-1.98442445609338,1.56225934789577e-05,0.000343041238954196,4,0,0,39.875,35.125,4,4,658,"+","Interval_1912",0,FALSE,FALSE,FALSE,FALSE,FALSE,FALSE,FALSE,"Liver_hypermethylated"
1826,"chr18",55377683,55378144,1913,0.0700925087083093,0.474531740626626,-0.404439231918317,-2.93061683822092,0.0016354038413025,0.00611658953426893,8,0,0,39.71875,36.6875,4,4,1643,"+","Interval_1913",0,FALSE,FALSE,FALSE,FALSE,FALSE,FALSE,FALSE,"Liver_hypermethylated"
1828,"chr18",55393231,55393480,1915,0.0949882423603261,0.671272611796805,-0.576284369436479,-2.69955651050898,3.11029664143576e-06,0.000177516461463742,2,0,0,39.125,30.25,4,4,237,"+","Interval_1915",0,FALSE,FALSE,FALSE,FALSE,FALSE,FALSE,FALSE,"Liver_hypermethylated"
1829,"chr18",55405340,55405930,1916,0.123678995413909,0.421467796336217,-0.297788800922308,-1.71384114113277,0.0177807272644428,0.0366161424396787,2,0,0,22.75,21.25,4,4,2984,"+","Interval_1916",0,FALSE,FALSE,FALSE,FALSE,FALSE,FALSE,FALSE,"Liver_hypermethylated"
1830,"chr18",55409300,55409631,1917,0.829372336710082,0.194175088773721,0.635197247936361,2.49344259411172,5.33640244242819e-05,0.000674736481660931,5,0,0,35.9,29.5,4,4,486,"+","Interval_1917",0,FALSE,FALSE,FALSE,FALSE,FALSE,FALSE,FALSE,"Kidney_hypermethylated"
1831,"chr18",55414376,55414697,1918,0.245467928371348,0.769864601825232,-0.524396673453884,-1.70130491567927,5.72112168135174e-05,0.000698932261071698,4,0,0,44.5,39.5625,4,4,755,"+","Interval_1918",0,FALSE,FALSE,FALSE,FALSE,FALSE,FALSE,FALSE,"Liver_hypermethylated"
1833,"chr18",55497563,55497818,1920,0.226209314542534,0.596693920284309,-0.370484605741775,-1.57188226319019,0.00056156992852496,0.00289500604931701,5,0,0,27.9,25.75,4,4,1192,"+","Interval_1920",0,FALSE,FALSE,FALSE,FALSE,FALSE,FALSE,FALSE,"Liver_hypermethylated"
1834,"chr18",55500354,55500716,1921,0.449055699787831,0.618818321215634,-0.169762621427802,-0.489413226323156,0.00945591822833434,0.0226986735610439,3,0,0,33.5833333333333,31.75,4,4,3162,"+","Interval_1921",0,FALSE,FALSE,FALSE,FALSE,FALSE,FALSE,FALSE,"Liver_hypermethylated"
1835,"chr18",55547202,55547638,1922,0.415657690377024,0.657176830487575,-0.241519140110551,-0.759124898395693,0.00135381330009974,0.00531981702471108,8,0,0,26.90625,24.71875,4,4,2299,"+","Interval_1922",0,FALSE,FALSE,FALSE,FALSE,FALSE,FALSE,FALSE,"Liver_hypermethylated"
1836,"chr18",55548534,55550249,1923,0.0246471966122891,0.104185511164103,-0.0795383145518135,-1.40879589712594,0.0149205131182695,0.0320632533838732,30,0,0,26.2,24.4166666666667,3.86666666666667,3.93333333333333,3800,"+","Interval_1923",0,FALSE,FALSE,FALSE,FALSE,FALSE,FALSE,FALSE,"Liver_hypermethylated"
1837,"chr18",55569525,55570414,1924,0.748188409537988,0.175025788115105,0.573162621422883,2.07303968025922,4.66516542012556e-06,0.000205871252523945,4,0,0,31.875,28.75,4,4,399,"+","Interval_1924",0,FALSE,FALSE,FALSE,FALSE,FALSE,FALSE,FALSE,"Kidney_hypermethylated"
1838,"chr18",55623482,55624650,1925,0.178051146800561,0.494675640578694,-0.316624493778133,-1.69996407900087,0.000720536317847185,0.00345897206382946,11,0,0,33.6590909090909,32.75,4,4,1280,"+","Interval_1925",0,FALSE,FALSE,FALSE,FALSE,FALSE,FALSE,FALSE,"Liver_hypermethylated"
1839,"chr18",55640185,55640472,1926,0.207463144963145,0.682193309910701,-0.474730164947556,-1.67040408002241,2.39879118103196e-06,0.000165624402330802,1,0,0,39.5,34.5,4,4,783,"+","Interval_1926",0,FALSE,FALSE,FALSE,FALSE,FALSE,FALSE,FALSE,"Liver_hypermethylated"
1840,"chr18",55688117,55688910,1927,0.5959290504221,0.666881734620851,-0.0709526841987508,-0.352720560213884,0.00326433759204641,0.0100851455520991,13,0,0,30.9038461538462,29.1346153846154,4,4,3928,"+","Interval_1927",0,FALSE,FALSE,FALSE,FALSE,FALSE,FALSE,FALSE,"Liver_hypermethylated"
1841,"chr18",55695130,55695427,1928,0.131786329028175,0.470425511308642,-0.338639182280467,-1.87972104089531,0.000429051926906139,0.00240339479565928,4,0,0,26.125,26.6875,4,4,1097,"+","Interval_1928",0,FALSE,FALSE,FALSE,FALSE,FALSE,FALSE,FALSE,"Liver_hypermethylated"
1842,"chr18",55718527,55719003,1929,0.945110370066687,0.694396755334255,0.250713614732432,0.442226391088239,0.00895382133725199,0.0219208096085313,3,0,0,29.1666666666667,32.1666666666667,4,4,3355,"+","Interval_1929",0,FALSE,FALSE,FALSE,FALSE,FALSE,TRUE,TRUE,"Kidney_hypermethylated"
1843,"chr18",55733507,55733973,1930,0.430851633219967,0.685983469296487,-0.255131836076519,-0.791635689745475,0.00493961458645648,0.0137909730276125,12,0,0,26.9166666666667,26.2291666666667,4,4,2207,"+","Interval_1930",0,FALSE,FALSE,FALSE,FALSE,FALSE,FALSE,FALSE,"Liver_hypermethylated"
1844,"chr18",55763153,55764280,1931,0.0725019469579755,0.559840252006854,-0.487338305048878,-3.26473475609402,0.000882879048668823,0.00396295964504742,6,0,0,40.4583333333333,36.5,4,4,1369,"+","Interval_1931",0,FALSE,FALSE,FALSE,FALSE,TRUE,FALSE,TRUE,"Liver_hypermethylated"
1846,"chr18",55793745,55794495,1933,0.272989369673704,0.459191766892457,-0.186202397218753,-1.05442162332182,0.00481938431150171,0.0135105458915046,9,0,0,33.6666666666667,30.0833333333333,4,4,2402,"+","Interval_1933",0,FALSE,FALSE,FALSE,FALSE,FALSE,FALSE,FALSE,"Liver_hypermethylated"
1847,"chr18",55815666,55816565,1934,0.0245109148879459,0.0995503478320541,-0.0750394329441082,-1.69785581277838,0.00115912778914946,0.00476444164837688,13,0,0,24.7115384615385,24.4807692307692,3.92307692307692,4,3868,"+","Interval_1934",0,FALSE,FALSE,FALSE,FALSE,FALSE,FALSE,FALSE,"Liver_hypermethylated"
1848,"chr18",55985340,55985827,1935,0.350151489549667,0.605590090047402,-0.255438600497735,-0.877043627269266,0.000727744880190174,0.00347744345938462,5,0,0,32.25,27.35,4,4,2004,"+","Interval_1935",0,FALSE,FALSE,FALSE,FALSE,FALSE,FALSE,FALSE,"Liver_hypermethylated"
1849,"chr18",56026252,56026502,1936,0.900396825396825,0.59635976702509,0.304037058371736,0.586321495418306,0.0011320302797869,0.0046780941958914,1,0,0,29.5,32.25,4,4,2795,"+","Interval_1936",0,FALSE,FALSE,FALSE,FALSE,FALSE,FALSE,FALSE,"Kidney_hypermethylated"
1850,"chr18",56138310,56138706,1937,0.825419749455286,0.624972695154231,0.200447054301055,0.416511954918665,0.00659599044388252,0.0172404769364773,10,0,0,28.925,25.925,4,4,3475,"+","Interval_1937",0,FALSE,FALSE,FALSE,FALSE,FALSE,FALSE,FALSE,"Kidney_hypermethylated"
1851,"chr18",56250890,56251388,1938,0.146762639883396,0.567293869153488,-0.420531229270092,-1.96320289474276,5.68703115103224e-05,0.000696151522372373,8,0,0,35.375,30.34375,4,4,686,"+","Interval_1938",0,FALSE,FALSE,FALSE,FALSE,FALSE,FALSE,FALSE,"Liver_hypermethylated"
1852,"chr18",56368813,56369593,1939,0.186809524265119,0.75609081235766,-0.569281288092541,-2.11367366399669,2.2397197885327e-06,0.000164653885741238,17,0,0,32.3529411764706,33.5882352941176,4,4,359,"+","Interval_1939",0,FALSE,FALSE,FALSE,FALSE,FALSE,FALSE,FALSE,"Liver_hypermethylated"
1856,"chr18",56442272,56442553,1943,0.95833207842298,0.737347240998919,0.220984837424061,0.385464201840753,0.00303294424559936,0.00954787007643857,5,0,0,28.35,26.5,4,4,3619,"+","Interval_1943",0,FALSE,FALSE,FALSE,FALSE,FALSE,FALSE,FALSE,"Kidney_hypermethylated"
1857,"chr18",56452193,56452697,1944,0.886623206021741,0.523870799804708,0.362752406217033,0.787642986232233,0.000355903084931598,0.0021589580028674,3,0,0,31.9166666666667,27.5833333333333,4,4,2221,"+","Interval_1944",0,FALSE,FALSE,FALSE,FALSE,FALSE,FALSE,FALSE,"Kidney_hypermethylated"
1859,"chr18",56494563,56494849,1946,0.331536960126641,0.569942348737476,-0.238405388610835,-1.04112567599042,0.000477465127031232,0.00261034093025527,3,0,0,42.0833333333333,40.1666666666667,4,4,1867,"+","Interval_1946",0,FALSE,FALSE,FALSE,FALSE,FALSE,FALSE,FALSE,"Liver_hypermethylated"
1860,"chr18",56537617,56538087,1947,0.349914488922117,0.709594676987441,-0.359680188065324,-1.07426991906779,0.000290265854270406,0.00185800382759547,5,0,0,23.4,17.65,4,3.8,1594,"+","Interval_1947",0,FALSE,FALSE,FALSE,FALSE,FALSE,FALSE,FALSE,"Liver_hypermethylated"
1864,"chr18",56607887,56608177,1951,0.724911024537383,0.416432183646992,0.308478840890392,0.81427078654194,0.000715753694748743,0.00343886352950041,2,0,0,28.25,31,4,4,2147,"+","Interval_1951",0,FALSE,FALSE,FALSE,FALSE,FALSE,FALSE,FALSE,"Kidney_hypermethylated"
1867,"chr18",56676212,56676819,1954,0.230330895239024,0.427648877807095,-0.197317982568072,-0.917879762416075,0.00811825491897456,0.0202052152600643,14,0,0,23,22.9821428571429,4,4,2469,"+","Interval_1954",0,FALSE,FALSE,FALSE,FALSE,FALSE,FALSE,FALSE,"Liver_hypermethylated"
1868,"chr18",56683181,56683574,1955,0.063050413486202,0.22426791243707,-0.161217498950868,-1.63284811837172,0.0044582714609042,0.0127601668035661,4,0,0,29.5,27.625,4,4,2713,"+","Interval_1955",0,FALSE,FALSE,FALSE,FALSE,FALSE,FALSE,FALSE,"Liver_hypermethylated"
1871,"chr18",56715830,56716493,1958,0.306861255607797,0.436775989779261,-0.129914734171463,-0.934038474063588,0.00795677392656233,0.0199014514972586,14,0,0,27.7321428571429,31.3928571428571,4,4,3123,"+","Interval_1958",0,FALSE,FALSE,FALSE,FALSE,FALSE,FALSE,FALSE,"Liver_hypermethylated"
1872,"chr18",56717591,56718041,1959,0.538376470933228,0.76526388149581,-0.226887410562582,-0.536626108598744,0.00237561929199704,0.00803864567693932,9,0,0,26.8611111111111,25.8333333333333,4,4,2986,"+","Interval_1959",0,FALSE,FALSE,FALSE,FALSE,FALSE,FALSE,FALSE,"Liver_hypermethylated"
1873,"chr18",56754440,56755103,1960,0.487967766713915,0.851021028861164,-0.363053262147249,-0.869989004202087,0.000411619276591654,0.00235951534949227,16,0,0,24.59375,23.046875,3.9375,3.8125,2021,"+","Interval_1960",0,FALSE,FALSE,FALSE,FALSE,FALSE,FALSE,FALSE,"Liver_hypermethylated"
1874,"chr18",56763473,56763712,1961,0.420428878795584,0.873297098618484,-0.4528682198229,-1.04100843555479,0.000942913110526479,0.00413576093089594,3,0,0,23.75,24.9166666666667,4,4,1645,"+","Interval_1961",0,FALSE,FALSE,FALSE,FALSE,FALSE,FALSE,FALSE,"Liver_hypermethylated"
1875,"chr18",56774147,56774718,1962,0.0742590967616343,0.758001286889933,-0.683742190128299,-3.33951722085024,0.000198997169563463,0.00143357281004394,22,0,0,23.375,25.125,4,4,853,"+","Interval_1962",0,FALSE,FALSE,FALSE,FALSE,FALSE,FALSE,FALSE,"Liver_hypermethylated"
1876,"chr18",56776569,56776868,1963,0.540618703257493,0.44796519153305,0.0926535117244428,0.432513441253073,0.0230695110227083,0.0448188887873988,5,0,0,36.25,38.45,4,4,3641,"+","Interval_1963",0,TRUE,FALSE,TRUE,FALSE,FALSE,FALSE,FALSE,"Kidney_hypermethylated"
1878,"chr18",56805785,56806126,1965,0.159378359856145,0.84808475628564,-0.688706396429495,-2.5340822681303,0.000377609566821907,0.00224714004202801,8,0,0,34.21875,36.28125,4,4,1032,"+","Interval_1965",0,FALSE,FALSE,FALSE,FALSE,FALSE,FALSE,FALSE,"Liver_hypermethylated"
1879,"chr18",56809984,56810365,1966,0.301460339690909,0.793216116479407,-0.491755776788498,-1.46415233653829,7.94168722809809e-06,0.000255506115270486,2,0,0,24.375,25.875,4,4,1024,"+","Interval_1966",0,FALSE,FALSE,FALSE,FALSE,FALSE,FALSE,FALSE,"Liver_hypermethylated"
1880,"chr18",56840320,56840936,1967,0.895169023072249,0.653401846140305,0.241767176931943,0.476528269828972,0.000688341108118,0.00335969508291113,2,0,0,28.75,28.125,4,4,3196,"+","Interval_1967",0,FALSE,FALSE,FALSE,FALSE,FALSE,FALSE,FALSE,"Kidney_hypermethylated"
1881,"chr18",56851427,56851912,1968,0.717764362659981,0.177876040558678,0.539888322101303,2.39542061449101,4.68997738726964e-05,0.000618453026711845,3,0,0,34.3333333333333,41,4,4,466,"+","Interval_1968",0,FALSE,FALSE,FALSE,FALSE,FALSE,TRUE,TRUE,"Kidney_hypermethylated"
1882,"chr18",56870429,56871741,1969,0.865074105378,0.199869207622422,0.665204897755578,2.2394515373768,2.80345562175984e-07,0.000124617339437297,7,0,0,40.8571428571429,42.9285714285714,4,4,280,"+","Interval_1969",0,FALSE,FALSE,FALSE,FALSE,FALSE,TRUE,TRUE,"Kidney_hypermethylated"
1883,"chr18",56883594,56884258,1970,0.930276390257325,0.806886035831366,0.12339035442596,0.300128313072219,0.00417273757126771,0.0121121740082381,15,0,0,25.5833333333333,26.7166666666667,4,4,4071,"+","Interval_1970",0,FALSE,FALSE,FALSE,FALSE,FALSE,FALSE,FALSE,"Kidney_hypermethylated"
1884,"chr18",56886217,56886789,1971,0.514418086576028,0.632210063865175,-0.117791977289148,-0.635288804921129,0.000294448565379889,0.00188085907927175,2,0,0,42.75,45.125,4,4,3275,"+","Interval_1971",0,FALSE,FALSE,FALSE,FALSE,FALSE,FALSE,FALSE,"Liver_hypermethylated"
1886,"chr18",56897620,56898671,1973,0.8452400671716,0.418193518255774,0.427046548915826,1.12307587128632,0.000604059446022978,0.00305761556491862,5,0.4,0.4,28.05,28.5,3.2,3.2,1497,"+","Interval_1973",0,FALSE,FALSE,FALSE,FALSE,FALSE,TRUE,TRUE,"Kidney_hypermethylated"
1887,"chr18",56903467,56904969,1974,0.918361249294315,0.356488274829614,0.561872974464701,1.52782684992069,1.11703033046128e-05,0.000301699037480631,11,0,0,41.2045454545455,41.7045454545455,4,4,946,"+","Interval_1974",0,TRUE,FALSE,TRUE,FALSE,FALSE,TRUE,TRUE,"Kidney_hypermethylated"
1888,"chr18",56907278,56907905,1975,0.361540290417704,0.791085046226289,-0.429544755808585,-1.13362146441314,1.75913332959119e-05,0.000368937689772623,5,0,0,39.7,43.75,4,4,1476,"+","Interval_1975",0,FALSE,FALSE,FALSE,FALSE,FALSE,FALSE,FALSE,"Liver_hypermethylated"
1890,"chr18",56943590,56943805,1977,0.8767121590651,0.754928315412186,0.121783843652914,0.213141305423802,0.0148190570418365,0.0318848408690774,1,0,0,32,34.75,4,4,4577,"+","Interval_1977",0,FALSE,FALSE,FALSE,FALSE,FALSE,FALSE,FALSE,"Kidney_hypermethylated"
1891,"chr18",56964725,56965196,1978,0.30554452294374,0.731325067709082,-0.425780544765342,-1.31793684841721,3.48448937070607e-05,0.000530892758329499,5,0,0,33.5,35.25,4,4,1199,"+","Interval_1978",0,FALSE,FALSE,FALSE,FALSE,FALSE,FALSE,FALSE,"Liver_hypermethylated"
1893,"chr18",56977495,56978466,1980,0.753798541551578,0.118457532686396,0.635341008865183,2.73339838550295,4.33670372033055e-06,0.000205871252523945,8,0,0,35.875,38.65625,4,4,125,"+","Interval_1980",0,FALSE,FALSE,FALSE,FALSE,FALSE,TRUE,TRUE,"Kidney_hypermethylated"
1895,"chr18",57029671,57030074,1982,0.492091088944852,0.446247089397423,0.0458439995474294,0.137464632385802,0.0191925120074375,0.0387444107377475,11,0,0,29.8863636363636,31.6818181818182,4,4,5062,"+","Interval_1982",0,FALSE,FALSE,FALSE,FALSE,FALSE,FALSE,FALSE,"Kidney_hypermethylated"
1896,"chr18",57084908,57086154,1983,0.34264404742106,0.114174164791363,0.228469882629698,1.74242388285292,0.00146314312775999,0.00561587415370715,21,0,0,23.6785714285714,25.7619047619048,4,4,1950,"+","Interval_1983",0,FALSE,FALSE,FALSE,FALSE,FALSE,FALSE,FALSE,"Kidney_hypermethylated"
1899,"chr18",57261741,57262768,1986,0.410825005835125,0.583135319747816,-0.172310313912691,-0.721877971797807,0.0209056576031685,0.0413912532326727,18,0,0,22.8194444444444,22.3888888888889,4,4,3103,"+","Interval_1986",0,FALSE,FALSE,FALSE,FALSE,TRUE,FALSE,TRUE,"Liver_hypermethylated"
1900,"chr18",57275305,57275641,1987,0.791983760215159,0.808528400318695,-0.0165446401035363,-0.0478783085274426,0.0191758955125172,0.0387235878818332,6,0,0,30.0833333333333,23.7083333333333,4,4,5711,"+","Interval_1987",0,FALSE,FALSE,FALSE,FALSE,FALSE,FALSE,FALSE,"Liver_hypermethylated"
1902,"chr18",57386193,57387139,1989,0.373682079023095,0.767170966116306,-0.39348888709321,-1.34593193050788,3.59972363956939e-05,0.000534306805921592,7,0,0,29.7857142857143,29.5714285714286,4,4,1159,"+","Interval_1989",0,FALSE,FALSE,FALSE,FALSE,FALSE,FALSE,FALSE,"Liver_hypermethylated"
1904,"chr18",57405313,57405600,1991,0.188468236425133,0.503190799545925,-0.314722563120792,-1.67280816382408,0.00315354465684018,0.00981191489432047,5,0,0,22.4,23.5,3.8,4,1975,"+","Interval_1991",0,FALSE,FALSE,FALSE,FALSE,FALSE,FALSE,FALSE,"Liver_hypermethylated"
1907,"chr18",57452729,57453061,1994,0.261931406281694,0.615088480294575,-0.353157074012881,-1.20638779548088,0.000149120719587567,0.00119758553769035,3,0,0,40.8333333333333,42.25,4,4,1364,"+","Interval_1994",0,FALSE,FALSE,FALSE,FALSE,FALSE,FALSE,FALSE,"Liver_hypermethylated"
1908,"chr18",57465270,57465792,1995,0.486625788399244,0.523369314449358,-0.0367435260501145,-0.0623899892370891,0.00592047439592103,0.0158528528770593,3,0,0,26.4166666666667,28.4166666666667,4,4,5605,"+","Interval_1995",0,FALSE,FALSE,FALSE,FALSE,FALSE,FALSE,FALSE,"Liver_hypermethylated"
1909,"chr18",57468371,57468918,1996,0.114485434381053,0.312926165556013,-0.19844073117496,-1.55275732135565,0.0115549616272491,0.0263277045706459,12,0,0,31.5625,28.6041666666667,4,4,2696,"+","Interval_1996",0,FALSE,TRUE,TRUE,FALSE,FALSE,FALSE,FALSE,"Liver_hypermethylated"
1910,"chr18",57482305,57482761,1997,0.360368891640917,0.4850571888696,-0.124688297228682,-0.584535368157868,0.00845435560509589,0.0208810350455443,11,0,0,39.2727272727273,33.4545454545455,4,4,3202,"+","Interval_1997",0,FALSE,FALSE,FALSE,FALSE,FALSE,FALSE,FALSE,"Liver_hypermethylated"
1911,"chr18",57522795,57523148,1998,0.350018533213535,0.671224812064225,-0.321206278850691,-0.940543374656627,0.000558921225018894,0.00288377072018564,3,0,0,35.4166666666667,32.1666666666667,4,4,1847,"+","Interval_1998",0,FALSE,FALSE,FALSE,FALSE,FALSE,FALSE,FALSE,"Liver_hypermethylated"
1912,"chr18",57540435,57540925,1999,0.410673064592861,0.538758150433988,-0.128085085841128,-0.618227900300172,0.00293114257131571,0.00930365242806562,7,0,0,32.5357142857143,32.2857142857143,4,4,3139,"+","Interval_1999",0,FALSE,FALSE,FALSE,FALSE,FALSE,FALSE,FALSE,"Liver_hypermethylated"
1913,"chr18",57543356,57543723,2000,0.516114486248287,0.442366683432755,0.0737478028155313,0.151130409335897,0.00940698116542205,0.0226519812571735,6,0,0,25.875,28.4583333333333,4,4,4964,"+","Interval_2000",0,FALSE,FALSE,FALSE,FALSE,FALSE,FALSE,FALSE,"Kidney_hypermethylated"
1916,"chr18",57570357,57570944,2003,0.416761582390857,0.492337896308485,-0.0755763139176271,-0.280916169554595,0.00232612950942265,0.00791915004731421,3,0,0,26,23.4166666666667,3,3,4189,"+","Interval_2003",0,FALSE,FALSE,FALSE,FALSE,FALSE,FALSE,FALSE,"Liver_hypermethylated"
1918,"chr18",57608114,57608717,2005,0.207499584995804,0.607485156783089,-0.399985571787285,-1.73664736911594,8.80643821346629e-05,0.00088501991677161,14,0,0,27.7857142857143,26,4,4,772,"+","Interval_2005",0,FALSE,FALSE,FALSE,FALSE,TRUE,FALSE,TRUE,"Liver_hypermethylated"
1919,"chr18",57609475,57609845,2006,0.258012191495616,0.520128497120431,-0.262116305624815,-1.02761007879953,0.000323964054973142,0.00202107524650757,5,0,0,31.65,28.9,4,4,1673,"+","Interval_2006",0,FALSE,FALSE,FALSE,FALSE,FALSE,FALSE,FALSE,"Liver_hypermethylated"
1920,"chr18",57698149,57698606,2007,0.57045038835217,0.443777484722436,0.126672903629735,0.279319717940943,0.00691220201959396,0.0178768861154903,3,0,0,27.75,24.1666666666667,4,4,4197,"+","Interval_2007",0,FALSE,FALSE,FALSE,FALSE,FALSE,FALSE,FALSE,"Kidney_hypermethylated"
1921,"chr18",57750893,57751287,2008,0.365206530012396,0.538321309440522,-0.173114779428127,-0.704821940002157,0.0071792777745532,0.0183819424685956,6,0,0,26.25,25.7916666666667,4,4,2565,"+","Interval_2008",0,FALSE,FALSE,FALSE,FALSE,FALSE,FALSE,FALSE,"Liver_hypermethylated"
1922,"chr18",57778120,57778372,2009,0.540029189802009,0.77973217149679,-0.239702981694781,-0.563707978063685,0.0052032713914944,0.0143124900182333,5,0,0,21.9,21.3,4,4,2887,"+","Interval_2009",0,FALSE,FALSE,FALSE,FALSE,FALSE,FALSE,FALSE,"Liver_hypermethylated"
1924,"chr18",57823877,57824667,2011,0.361918087085717,0.554844537820143,-0.192926450734426,-0.833190555543306,0.00855946077698616,0.0210982296328038,11,0,0,30.0227272727273,29.2272727272727,4,4,2493,"+","Interval_2011",0,FALSE,FALSE,FALSE,FALSE,FALSE,FALSE,FALSE,"Liver_hypermethylated"
1925,"chr18",57836974,57837459,2012,0.730710495615246,0.131477012597964,0.599233483017282,2.72961206347934,3.89822943656586e-06,0.000201299326787371,11,0,0,37.9090909090909,35.9545454545455,4,4,189,"+","Interval_2012",0,FALSE,FALSE,FALSE,FALSE,FALSE,TRUE,TRUE,"Kidney_hypermethylated"
1926,"chr18",57850970,57851855,2013,0.37638181124442,0.69295351149902,-0.3165717002546,-0.991016514966458,0.000170557143318345,0.00129391808110028,9,0,0,34.9166666666667,33.1944444444444,4,4,1744,"+","Interval_2013",0,FALSE,FALSE,FALSE,FALSE,TRUE,FALSE,TRUE,"Liver_hypermethylated"
1927,"chr18",57854309,57855035,2014,0.226202718685856,0.502611430617968,-0.276408711932112,-1.20078019389699,0.000383095578808465,0.00226575777841965,9,0,0,32.3333333333333,32.2777777777778,4,4,1510,"+","Interval_2014",0,FALSE,FALSE,FALSE,FALSE,TRUE,FALSE,TRUE,"Liver_hypermethylated"
1932,"chr18",58017054,58017529,2019,0.804685003031804,0.298952068835824,0.50573293419598,1.41627081511951,3.89706905004915e-05,0.000553115727206479,8,0,0,42.5625,36.96875,4,4,1088,"+","Interval_2019",0,FALSE,FALSE,FALSE,FALSE,FALSE,FALSE,FALSE,"Kidney_hypermethylated"
1933,"chr18",58027693,58028148,2020,0.93315241375541,0.750121958640765,0.183030455114645,0.321831021129491,0.00512023445331936,0.0141665199079907,18,0,0,33.5555555555556,29.6527777777778,4,4,3955,"+","Interval_2020",0,FALSE,FALSE,FALSE,FALSE,FALSE,FALSE,FALSE,"Kidney_hypermethylated"
1934,"chr18",58033454,58033693,2021,0.456628766566914,0.315795860089431,0.140832906477484,1.35680195873804,4.10440956280501e-05,0.000570624361163728,5,0,0,25.45,24.25,4,4,2970,"+","Interval_2021",0,FALSE,FALSE,FALSE,FALSE,FALSE,FALSE,FALSE,"Kidney_hypermethylated"
1935,"chr18",58052702,58054221,2022,0.479962127376964,0.723225513836648,-0.243263386459684,-0.576319416476275,0.000833350413426115,0.00381590036550184,25,0,0,35.36,34.18,4,4,2833,"+","Interval_2022",0,FALSE,FALSE,FALSE,FALSE,FALSE,FALSE,FALSE,"Liver_hypermethylated"
1936,"chr18",58067561,58068243,2023,0.479310049751763,0.690784861439961,-0.211474811688197,-0.535497276318755,0.00697652411157775,0.0179600924447613,11,0,0,27.7954545454545,25.0681818181818,4,4,2988,"+","Interval_2023",0,FALSE,FALSE,FALSE,FALSE,FALSE,FALSE,FALSE,"Liver_hypermethylated"
1938,"chr18",58107891,58108152,2025,0.527739243977773,0.674737061775648,-0.146997817797875,-0.548661922485566,0.0017614702332094,0.00646118014721126,2,0,0,29.875,27.75,4,4,2941,"+","Interval_2025",0,FALSE,FALSE,FALSE,FALSE,FALSE,FALSE,FALSE,"Liver_hypermethylated"
1940,"chr18",58160750,58161327,2027,0.9123983110805,0.224050945865232,0.688347365215268,1.99848693162441,0.000223143075711793,0.00155642928518612,10,0,0,37.175,32.825,4,4,881,"+","Interval_2027",0,FALSE,FALSE,FALSE,FALSE,FALSE,FALSE,FALSE,"Kidney_hypermethylated"
1941,"chr18",58187634,58187864,2028,0.173949153645835,0.421508804314672,-0.247559650668837,-1.26245547064597,0.00067096057603711,0.00329844219179843,2,0,0,35.75,28.375,4,4,1765,"+","Interval_2028",0,FALSE,FALSE,FALSE,FALSE,TRUE,FALSE,TRUE,"Liver_hypermethylated"
1942,"chr18",58193849,58194082,2029,0.825041625041625,0.558940367452596,0.266101257589029,0.579894806215999,0.00160882326510674,0.00602450881418703,2,0,0,27.375,25.5,4,4,2825,"+","Interval_2029",0,FALSE,FALSE,FALSE,FALSE,FALSE,FALSE,FALSE,"Kidney_hypermethylated"
1943,"chr18",58204301,58204743,2030,0.319977488188695,0.617905385452237,-0.297927897263542,-1.0082274165893,0.000439987828991478,0.00245569955418041,2,0,0,28,28.25,4,4,1713,"+","Interval_2030",0,FALSE,TRUE,TRUE,FALSE,FALSE,FALSE,FALSE,"Liver_hypermethylated"
1946,"chr18",58375587,58376463,2033,0.356316710791538,0.413097139280437,-0.0567804284888993,-0.55223108723963,0.0190273529366311,0.0384995336831076,7,0,0,39.3214285714286,36.6071428571429,4,4,4165,"+","Interval_2033",0,FALSE,FALSE,FALSE,FALSE,FALSE,FALSE,FALSE,"Liver_hypermethylated"
1948,"chr18",58394519,58395926,2035,0.321834672879099,0.670843353142505,-0.349008680263406,-1.5248607488133,0.000127677233973108,0.00108059006298785,24,0,0,28.6145833333333,30.4479166666667,4,4,1024,"+","Interval_2035",0,FALSE,TRUE,TRUE,FALSE,FALSE,FALSE,FALSE,"Liver_hypermethylated"
1949,"chr18",58404605,58404896,2036,0.434726781802943,0.637082586780041,-0.202355804977098,-0.660781597943305,0.00652390881113473,0.0171102943424767,6,0,0,36,29.7916666666667,4,4,2545,"+","Interval_2036",0,FALSE,FALSE,FALSE,FALSE,FALSE,FALSE,FALSE,"Liver_hypermethylated"
1950,"chr18",58455284,58455813,2038,0.152802639723739,0.492770424020424,-0.339967784296685,-1.64783850548076,5.60949557951954e-05,0.000690788583890733,3,0,0,26.6666666666667,25.0833333333333,4,4,1072,"+","Interval_2038",0,FALSE,FALSE,FALSE,FALSE,TRUE,FALSE,TRUE,"Liver_hypermethylated"
1951,"chr18",58466355,58467035,2040,0.294462601786348,0.689977478631418,-0.395514876845071,-1.33639797080984,8.13672553693374e-05,0.000850343170483976,12,0,0,29.8333333333333,28.5208333333333,4,4,1178,"+","Interval_2040",0,FALSE,FALSE,FALSE,FALSE,FALSE,FALSE,FALSE,"Liver_hypermethylated"
1952,"chr18",58475558,58475999,2041,0.252208649516321,0.591517492973464,-0.339308843457143,-1.19788561989023,0.000609122664527157,0.00307437738122107,3,0,0,39.3333333333333,31.9166666666667,4,4,1377,"+","Interval_2041",0,FALSE,FALSE,FALSE,FALSE,FALSE,FALSE,FALSE,"Liver_hypermethylated"
1953,"chr18",58482390,58482916,2042,0.836397315358487,0.689198586804889,0.147198728553598,0.309563960531189,0.0210080646165627,0.0414961610635738,14,0,0,26.4285714285714,23.7321428571429,4,4,4023,"+","Interval_2042",0,FALSE,FALSE,FALSE,FALSE,FALSE,FALSE,FALSE,"Kidney_hypermethylated"
1954,"chr18",58483086,58483517,2043,0.288122342286047,0.624942606903703,-0.336820264617656,-1.16759550660213,0.00140135733986797,0.00543988683100991,4,0,0,26.25,27.625,4,4,1583,"+","Interval_2043",0,FALSE,FALSE,FALSE,FALSE,FALSE,FALSE,FALSE,"Liver_hypermethylated"
1957,"chr18",58520321,58520837,2046,0.287804849476896,0.532977030437648,-0.245172180960752,-1.18314728543017,0.00641607954253462,0.0168779147212651,3,0,0,31.3333333333333,31.8333333333333,4,4,2336,"+","Interval_2046",0,FALSE,FALSE,FALSE,FALSE,FALSE,FALSE,FALSE,"Liver_hypermethylated"
1960,"chr18",58561771,58562147,2049,0.410146984918149,0.57301430972539,-0.16286732480724,-0.676106365081781,0.0109936386460064,0.0253683475327486,3,0,0,32.25,29.9166666666667,4,4,2691,"+","Interval_2049",0,FALSE,FALSE,FALSE,FALSE,FALSE,FALSE,FALSE,"Liver_hypermethylated"
1961,"chr18",58570224,58571172,2051,0.680837176766052,0.677883371484107,0.00295380528194584,-0.0857178278813782,0.0204919876795825,0.0407399613549245,10,0,0,28.9,27.05,4,3.7,5665,"+","Interval_2051",0,FALSE,FALSE,FALSE,FALSE,FALSE,FALSE,FALSE,"Kidney_hypermethylated"
1964,"chr18",58671007,58671518,2055,0.878577774914482,0.470011243544755,0.408566531369726,1.0864477723953,0.00271216708790643,0.00885091171279076,4,0,0,38.625,35.25,4,4,1883,"+","Interval_2055",0,FALSE,FALSE,FALSE,FALSE,FALSE,FALSE,FALSE,"Kidney_hypermethylated"
1965,"chr18",58703605,58703939,2056,0.237471201252087,0.55111623105505,-0.313645029802962,-1.21861527383255,0.001127982011185,0.00466764273315275,7,0,0,35.8571428571429,36.6785714285714,4,4,1485,"+","Interval_2056",0,FALSE,FALSE,FALSE,FALSE,FALSE,FALSE,FALSE,"Liver_hypermethylated"
1967,"chr18",58810969,58811618,2058,0.417627827908495,0.729178394967869,-0.311550567059374,-1.27744871382789,0.000182584538288551,0.00135721314177358,3,0,0,34.0833333333333,36.0833333333333,4,4,1261,"+","Interval_2058",0,FALSE,FALSE,FALSE,FALSE,FALSE,FALSE,FALSE,"Liver_hypermethylated"
1969,"chr18",58889769,58890047,2060,0.523227421965512,0.542058821498119,-0.0188313995326073,-0.046864995501249,0.00911947131583903,0.0222113163836032,5,0,0,41.05,35.4,4,4,5721,"+","Interval_2060",0,FALSE,FALSE,FALSE,FALSE,FALSE,FALSE,FALSE,"Liver_hypermethylated"
1970,"chr18",59061885,59063302,2061,0.280778322336232,0.519850789358199,-0.239072467021966,-1.36157638286122,0.00606178529916527,0.0161463678644866,18,0,0,21.4166666666667,20.7222222222222,3.61111111111111,3.61111111111111,2307,"+","Interval_2061",0,FALSE,FALSE,FALSE,FALSE,FALSE,FALSE,FALSE,"Liver_hypermethylated"
1971,"chr18",59076846,59077798,2062,0.565085703989988,0.631842431016917,-0.0667567270269298,-0.282682327423635,0.016676466023992,0.0348560828970854,9,0,0,27.4166666666667,23.9166666666667,3.88888888888889,4,4180,"+","Interval_2062",0,FALSE,FALSE,FALSE,FALSE,FALSE,FALSE,FALSE,"Liver_hypermethylated"
1973,"chr18",59087675,59088041,2064,0.616569176895019,0.423347723543279,0.193221453351739,0.519972649447711,0.00771595614359894,0.0194476718851577,3,0,0,28.1666666666667,26.5,4,4,3037,"+","Interval_2064",0,FALSE,FALSE,FALSE,FALSE,FALSE,FALSE,FALSE,"Kidney_hypermethylated"
1975,"chr18",59198388,59198940,2066,0.683007738195399,0.505966829419515,0.177040908775884,0.420544218974481,0.0260276381002838,0.0493336940549797,3,0,0,30.0833333333333,27.0833333333333,4,4,3454,"+","Interval_2066",0,FALSE,FALSE,FALSE,FALSE,FALSE,FALSE,FALSE,"Kidney_hypermethylated"
1976,"chr18",59237331,59237745,2067,0.0515504980496236,0.427489824873315,-0.375939326823691,-2.92398006540027,0.000280887671888572,0.00181881427160724,7,0,0,33.8928571428571,31.25,4,4,949,"+","Interval_2067",0,FALSE,FALSE,FALSE,FALSE,FALSE,FALSE,FALSE,"Liver_hypermethylated"
1977,"chr18",59352396,59352826,2068,0.363075702684535,0.612663215284369,-0.249587512599834,-0.73090337182241,0.00186931599934131,0.00675291192198034,4,0,0,40.0625,35.25,4,4,2377,"+","Interval_2068",0,FALSE,FALSE,FALSE,FALSE,FALSE,FALSE,FALSE,"Liver_hypermethylated"
1978,"chr18",59421665,59422232,2069,0.897480869088275,0.261495318266577,0.635985550821698,1.76282271622194,0.000114346534838848,0.00100859275522365,3,0,0,37.75,34.5833333333333,4,4,695,"+","Interval_2069",0,FALSE,FALSE,FALSE,FALSE,FALSE,TRUE,TRUE,"Kidney_hypermethylated"
1979,"chr18",59422986,59424014,2070,0.564697940887724,0.409575908542694,0.155122032345031,0.36073879005407,0.0208064065437893,0.041270293160615,2,0,0,24.5,28.375,4,4,3739,"+","Interval_2070",0,FALSE,FALSE,FALSE,FALSE,FALSE,FALSE,FALSE,"Kidney_hypermethylated"
1982,"chr18",60065262,60065870,2074,0.333019666082109,0.503143628247869,-0.17012396216576,-0.656081078470857,0.025297062222236,0.0481718151086582,8,0,0,23.3125,25.125,3.5,3.5,3227,"+","Interval_2074",0,FALSE,FALSE,FALSE,FALSE,FALSE,FALSE,FALSE,"Liver_hypermethylated"
1983,"chr18",60202677,60202893,2075,0.825887427789602,0.531337490482227,0.294549937307374,0.620066331042029,0.00994243392580766,0.023489525749361,2,0,0,22.875,24.5,4,4,2671,"+","Interval_2075",0,FALSE,FALSE,FALSE,FALSE,FALSE,FALSE,FALSE,"Kidney_hypermethylated"
1984,"chr18",60225488,60225899,2076,0.866528183162124,0.441929859268569,0.424598323893555,0.955701599095352,4.63788168484686e-05,0.000612898558137289,1,0,0,29,29.75,4,4,1816,"+","Interval_2076",0,FALSE,FALSE,FALSE,FALSE,FALSE,FALSE,FALSE,"Kidney_hypermethylated"
1986,"chr18",60375304,60376219,2079,0.394601993139272,0.542342224125952,-0.14774023098668,-0.638481591293295,0.00785938900580743,0.0197448673101744,3,0,0,39.5,39,4,4,2873,"+","Interval_2079",0,FALSE,FALSE,FALSE,FALSE,FALSE,FALSE,FALSE,"Liver_hypermethylated"
1987,"chr18",60382387,60382758,2080,0.195756711381711,0.376932659490799,-0.181175948109088,-0.965247736079779,0.00976411699352044,0.0232370627327802,2,0,0,39.5,41.25,4,4,2580,"+","Interval_2080",0,FALSE,FALSE,FALSE,FALSE,FALSE,FALSE,FALSE,"Liver_hypermethylated"
1988,"chr18",60438769,60439644,2081,0.18371157995771,0.385357862903226,-0.201646282945516,-0.954813403207168,0.00257183805910984,0.00850131515504572,2,0,0,30.875,36,4,4,2224,"+","Interval_2081",0,FALSE,FALSE,FALSE,FALSE,FALSE,FALSE,FALSE,"Liver_hypermethylated"
1990,"chr18",60468509,60468799,2083,0.805632467200912,0.592523653371123,0.213108813829789,0.438335569865376,0.00441940362716372,0.0126784478473021,3,0,0,29.1666666666667,33.1666666666667,4,4,3372,"+","Interval_2083",0,TRUE,TRUE,TRUE,TRUE,FALSE,FALSE,FALSE,"Kidney_hypermethylated"
1992,"chr18",60482769,60483341,2085,0.541917731704714,0.647427509476875,-0.105509777772161,-0.199452118576918,0.00239543254368681,0.00807410595959096,11,0,0,34.9318181818182,38.1818181818182,4,4,4671,"+","Interval_2085",0,FALSE,FALSE,FALSE,FALSE,FALSE,FALSE,FALSE,"Liver_hypermethylated"
1994,"chr18",60507152,60507631,2087,0.845958041310674,0.500415958551732,0.345542082758941,0.793726207213664,0.000545924958756768,0.00285535408292319,8,0,0,31.53125,31.625,4,4,2202,"+","Interval_2087",0,FALSE,FALSE,FALSE,FALSE,FALSE,TRUE,TRUE,"Kidney_hypermethylated"
1995,"chr18",60513123,60513666,2088,0.234001431788504,0.731561952116524,-0.49756052032802,-1.63789678312464,9.20313619228019e-06,0.000269301294769342,6,0,0,42.8333333333333,42,4,4,812,"+","Interval_2088",0,FALSE,FALSE,FALSE,FALSE,FALSE,FALSE,FALSE,"Liver_hypermethylated"
1996,"chr18",60514066,60514614,2089,0.20659350622259,0.772293268135621,-0.565699761913031,-1.87677750747806,2.51666059484028e-06,0.000170419791771935,4,0,0,30.75,34.125,4,4,566,"+","Interval_2089",0,FALSE,FALSE,FALSE,FALSE,FALSE,FALSE,FALSE,"Liver_hypermethylated"
1997,"chr18",60516898,60517817,2090,0.874192055497931,0.263146162650322,0.611045892847609,1.78828307981089,1.45763611009965e-05,0.000336667453042492,11,0,0,32,33.7954545454545,4,4,674,"+","Interval_2090",0,FALSE,FALSE,FALSE,FALSE,FALSE,TRUE,TRUE,"Kidney_hypermethylated"
1998,"chr18",60519953,60520465,2091,0.576632536586226,0.443249725108555,0.133382811477672,0.500206593051809,0.0184286148895984,0.037647552691683,7,0,0,29.25,31.5714285714286,4,4,3116,"+","Interval_2091",0,FALSE,FALSE,FALSE,FALSE,FALSE,FALSE,FALSE,"Kidney_hypermethylated"
2003,"chr18",60604256,60605006,2096,0.360904525058985,0.542818161073248,-0.181913636014262,-0.79097816928027,0.0199640590792461,0.0399866828689593,17,0,0,20.6911764705882,22.8382352941176,3.88235294117647,4,3068,"+","Interval_2096",0,FALSE,FALSE,FALSE,FALSE,FALSE,FALSE,FALSE,"Liver_hypermethylated"
2004,"chr18",60606086,60606581,2097,0.0992676443441061,0.523241475515576,-0.42397383117147,-2.47554947808091,0.00771893762862483,0.0194476718851577,5,0,0,23.8,22.55,4,4,2439,"+","Interval_2097",0,FALSE,FALSE,FALSE,FALSE,FALSE,FALSE,FALSE,"Liver_hypermethylated"
2006,"chr18",60625475,60625711,2099,0.441901411581045,0.265831887410835,0.176069524170211,0.671713084669844,0.00552691246691699,0.0150477966810832,3,0,0,22,23.1666666666667,4,4,2520,"+","Interval_2099",0,FALSE,TRUE,TRUE,FALSE,FALSE,FALSE,FALSE,"Kidney_hypermethylated"
2010,"chr18",60663806,60664534,2103,0.180170121689563,0.317611885069573,-0.13744176338001,-1.62768708242848,0.00281478010749825,0.009074933767354,13,0,0,22.0192307692308,21.5,3.84615384615385,3.69230769230769,3016,"+","Interval_2103",0,FALSE,FALSE,FALSE,FALSE,FALSE,FALSE,FALSE,"Liver_hypermethylated"
2011,"chr18",60669646,60670021,2104,0.539400369704992,0.200468158006162,0.33893221169883,1.48892567898729,0.00836046659464521,0.0206823942125985,7,0,0,12.4285714285714,14.8571428571429,3.57142857142857,3.71428571428571,2484,"+","Interval_2104",0,FALSE,FALSE,FALSE,FALSE,FALSE,FALSE,FALSE,"Kidney_hypermethylated"
2012,"chr18",60670470,60671174,2105,0.536277768566846,0.48940443509633,0.0468733334705155,0.207638809383954,0.0131599764529514,0.0291731801238768,7,0,0,18.75,20.9285714285714,4,4,4616,"+","Interval_2105",0,FALSE,FALSE,FALSE,FALSE,FALSE,FALSE,FALSE,"Kidney_hypermethylated"
2014,"chr18",60698819,60699969,2107,0.912255428840392,0.609513849539417,0.302741579300975,0.59703232787679,0.00135321362952485,0.00531981702471108,15,0,0,27.0333333333333,26.4,4,4,2761,"+","Interval_2107",0,FALSE,FALSE,FALSE,FALSE,FALSE,FALSE,FALSE,"Kidney_hypermethylated"
2016,"chr18",60709110,60710748,2109,0.78551299510126,0.264195131290007,0.521317863811254,1.81486412284184,0.000269725277260161,0.0017748001767677,39,0,0,20.3717948717949,20.8461538461538,3.92307692307692,4,933,"+","Interval_2109",0,FALSE,FALSE,FALSE,FALSE,FALSE,FALSE,FALSE,"Kidney_hypermethylated"
2017,"chr18",60712132,60712706,2110,0.435938924957892,0.701897860191706,-0.265958935233814,-0.772561086467951,0.00354692672980201,0.0106790126186347,13,0,0,20.2307692307692,22.4230769230769,3.69230769230769,4,2262,"+","Interval_2110",0,FALSE,FALSE,FALSE,FALSE,FALSE,FALSE,FALSE,"Liver_hypermethylated"
2019,"chr18",60718557,60718841,2112,0.236074717288669,0.650525950084774,-0.414451232796104,-1.55388337891664,0.00634513945370548,0.0167271050806607,5,0,0,20.25,22.1,3.4,4,2331,"+","Interval_2112",0,FALSE,FALSE,FALSE,FALSE,FALSE,FALSE,FALSE,"Liver_hypermethylated"
2020,"chr18",60722475,60723541,2113,0.768873650674042,0.306832375142836,0.462041275531206,1.78441259784276,0.00026570605103691,0.00176008407562936,16,0,0,19.34375,20.53125,4,4,927,"+","Interval_2113",0,FALSE,FALSE,FALSE,FALSE,FALSE,FALSE,FALSE,"Kidney_hypermethylated"
2022,"chr18",60735383,60735884,2115,0.0793491653416561,0.319429993225147,-0.240080827883491,-2.06533724414626,0.0236453668976011,0.0456920690521255,7,0,0,17.2142857142857,19.75,4,4,3180,"+","Interval_2115",0,FALSE,FALSE,FALSE,FALSE,FALSE,FALSE,FALSE,"Liver_hypermethylated"
2025,"chr18",60761641,60762550,2118,0.45035170836601,0.0835284044785023,0.366823303887508,2.29372161455058,0.000828383513339316,0.00380334751352123,9,0,0,24.9444444444444,27.1388888888889,4,4,1338,"+","Interval_2118",0,FALSE,FALSE,FALSE,FALSE,FALSE,FALSE,FALSE,"Kidney_hypermethylated"
2026,"chr18",60766930,60767362,2119,0.462340484660922,0.215222081915728,0.247118402745193,1.21506787291338,0.000692902041454894,0.00336591545038761,10,0,0,32.525,32.175,4,4,1772,"+","Interval_2119",0,FALSE,FALSE,FALSE,FALSE,FALSE,FALSE,FALSE,"Kidney_hypermethylated"
2028,"chr18",60779671,60780573,2121,0.731116482646185,0.531842534826878,0.199273947819307,0.444830439500485,0.0143638373301805,0.0312334679384145,10,0,0,33.325,32.075,4,4,3336,"+","Interval_2121",0,FALSE,FALSE,FALSE,FALSE,FALSE,FALSE,FALSE,"Kidney_hypermethylated"
2030,"chr18",60795777,60795995,2123,0.861493248100738,0.589000751543785,0.272492496556954,0.546744152782542,0.000802425583699165,0.00371582909708468,5,0,0,33.4,31.7,4,4,2946,"+","Interval_2123",0,FALSE,FALSE,FALSE,FALSE,FALSE,FALSE,FALSE,"Kidney_hypermethylated"
2031,"chr18",60806530,60807111,2124,0.871022600872309,0.675221508979848,0.195801091892462,0.375149142955993,0.00239661013348965,0.00807410595959096,8,0,0,29.0625,32.25,4,4,3657,"+","Interval_2124",0,FALSE,FALSE,FALSE,FALSE,FALSE,FALSE,FALSE,"Kidney_hypermethylated"
2036,"chr18",60901312,60901642,2129,0.159983751279943,0.398872440930817,-0.238888689650874,-1.28655408444445,0.00117228958084571,0.00480101892669621,4,0,0,31.75,35.0625,4,4,1860,"+","Interval_2129",0,FALSE,FALSE,FALSE,FALSE,FALSE,FALSE,FALSE,"Liver_hypermethylated"
2039,"chr18",60913651,60913937,2132,0.441294055183038,0.638855477133608,-0.19756142195057,-0.525731953953811,0.00918577533761814,0.022319726947277,9,0,0,19.6666666666667,22.7777777777778,4,4,3016,"+","Interval_2132",0,FALSE,TRUE,TRUE,FALSE,FALSE,FALSE,FALSE,"Liver_hypermethylated"
2040,"chr18",60947439,60948994,2133,0.379570224730723,0.560849411611988,-0.181279186881265,-0.885612327604087,0.00769876198738337,0.0194165350811998,26,0,0,22.6538461538462,23.0192307692308,4,4,2443,"+","Interval_2133",0,FALSE,FALSE,FALSE,FALSE,FALSE,FALSE,FALSE,"Liver_hypermethylated"
2041,"chr18",60950739,60950957,2134,0.131195915100141,0.460812378921992,-0.329616463821851,-2.33807363444503,0.00400668115002992,0.0117243122223495,4,0,0,27.1875,25.4375,4,4,2100,"+","Interval_2134",0,FALSE,FALSE,FALSE,FALSE,FALSE,FALSE,FALSE,"Liver_hypermethylated"
2056,"chr18",61076552,61076784,2149,0.934968578423139,0.781448680486081,0.153519897937057,0.262090313274413,0.0127056375035372,0.0284845466834133,7,0,0,22.6785714285714,23.8571428571429,4,4,4294,"+","Interval_2149",0,FALSE,FALSE,FALSE,FALSE,FALSE,FALSE,FALSE,"Kidney_hypermethylated"
2057,"chr18",61077255,61078082,2150,0.848418506988692,0.412587519004027,0.435830987984665,1.10413952995182,0.000862053406216854,0.00390121207827348,9,0,0,26.8611111111111,26.8611111111111,4,4,1534,"+","Interval_2150",0,FALSE,FALSE,FALSE,FALSE,FALSE,FALSE,FALSE,"Kidney_hypermethylated"
2058,"chr18",61091982,61092462,2151,0.50495753876611,0.674882288848505,-0.169924750082395,-0.392997618182041,0.00560158843162615,0.0152106764968372,8,0,0,36.34375,32.125,4,4,3586,"+","Interval_2151",0,FALSE,TRUE,TRUE,FALSE,FALSE,FALSE,FALSE,"Liver_hypermethylated"
2059,"chr18",61107911,61108895,2152,0.543717889303975,0.277550311431854,0.266167577872121,1.08726919326694,0.0130732143566667,0.0290227247910826,14,0,0,15.2321428571429,15.4821428571429,3.28571428571429,3.14285714285714,2768,"+","Interval_2152",0,FALSE,FALSE,FALSE,FALSE,FALSE,FALSE,FALSE,"Kidney_hypermethylated"
2060,"chr18",61144993,61145432,2153,0.483693801807267,0.646902690647573,-0.163208888840306,-0.422775480106695,0.00649108126943725,0.0170387417345971,5,0,0,35.15,41.85,4,4,3444,"+","Interval_2153",0,FALSE,FALSE,FALSE,FALSE,FALSE,FALSE,FALSE,"Liver_hypermethylated"
2062,"chr18",61155006,61155412,2155,0.904018345596819,0.204634965317963,0.699383380278856,2.16934113320639,0.000636304072088323,0.00317377315177171,5,0,0,23.5,24.6,4,4,1232,"+","Interval_2155",0,FALSE,FALSE,FALSE,FALSE,FALSE,TRUE,TRUE,"Kidney_hypermethylated"
2065,"chr18",61198526,61199018,2159,0.641779457450618,0.85432556618987,-0.212546108739251,-0.435158361507438,0.00095504059733842,0.00417405723374437,7,0,0,38.8571428571429,36.0357142857143,4,4,3387,"+","Interval_2159",0,FALSE,FALSE,FALSE,FALSE,FALSE,FALSE,FALSE,"Liver_hypermethylated"
2067,"chr18",61220082,61220547,2161,0.63023802167305,0.389761445347948,0.240476576325102,0.952712803967632,8.81419347541457e-05,0.00088501991677161,9,0,0,27.9166666666667,28.7777777777778,4,4,1838,"+","Interval_2161",0,FALSE,FALSE,FALSE,FALSE,FALSE,FALSE,FALSE,"Kidney_hypermethylated"
2069,"chr18",61277890,61279331,2163,0.792306408668461,0.303009914593613,0.489296494074848,1.65482834604523,9.2206151966331e-05,0.000905122689829239,16,0,0,25.203125,26.875,4,4,792,"+","Interval_2163",0,FALSE,FALSE,FALSE,FALSE,FALSE,TRUE,TRUE,"Kidney_hypermethylated"
2070,"chr18",61283223,61283532,2164,0.192486588732387,0.436901003081512,-0.244414414349125,-1.2705119082562,0.00104259481631559,0.00443987882623654,4,0,0,28.5625,26,4,4,1797,"+","Interval_2164",0,FALSE,FALSE,FALSE,FALSE,FALSE,FALSE,FALSE,"Liver_hypermethylated"
2071,"chr18",61287101,61287435,2165,0.748132177394191,0.565564260436509,0.182567916957682,0.436678171888428,0.0155274755452968,0.0330503419556109,6,0,0,20.1666666666667,18.8333333333333,4,4,3380,"+","Interval_2165",0,FALSE,FALSE,FALSE,FALSE,FALSE,FALSE,FALSE,"Kidney_hypermethylated"
2072,"chr18",61294082,61294417,2166,0.396896648211866,0.562456507140804,-0.165559858928938,-0.559023433651075,0.0152716977715921,0.0326302443694136,4,0,0,29.5625,27.25,4,4,2903,"+","Interval_2166",0,FALSE,FALSE,FALSE,FALSE,FALSE,FALSE,FALSE,"Liver_hypermethylated"
2073,"chr18",61305352,61305616,2167,0.708202183041818,0.162590632755106,0.545611550286711,2.05523918666648,1.72346873273911e-06,0.000151200778386532,4,0,0,34.875,37.1875,4,4,421,"+","Interval_2167",0,FALSE,FALSE,FALSE,FALSE,FALSE,TRUE,TRUE,"Kidney_hypermethylated"
2075,"chr18",61331117,61331350,2169,0.576303738063952,0.379304857808842,0.19699888025511,0.656033864609016,0.0162667241645175,0.0342442685820349,4,0,0,25.25,25.75,4,4,2919,"+","Interval_2169",0,FALSE,FALSE,FALSE,FALSE,FALSE,FALSE,FALSE,"Kidney_hypermethylated"
2076,"chr18",61331687,61332254,2170,0.380448662119888,0.75762096205036,-0.377172299930472,-1.23078202840674,0.000798024317155981,0.00370102598409321,10,0,0,22.45,22.375,3.8,4,1332,"+","Interval_2170",0,FALSE,FALSE,FALSE,FALSE,FALSE,FALSE,FALSE,"Liver_hypermethylated"
2077,"chr18",61335716,61336435,2171,0.274638293908721,0.685085073981746,-0.410446780073025,-1.47014679549712,0.000142461642646934,0.00116279284286837,10,0,0,17.125,17.675,3.7,3.7,1015,"+","Interval_2171",0,FALSE,FALSE,FALSE,FALSE,FALSE,FALSE,FALSE,"Liver_hypermethylated"
2078,"chr18",61350685,61350980,2172,0.748099494694322,0.632080735634335,0.116018759059987,0.267389604633464,0.00969470417321224,0.0231265361585362,2,0,0,28.375,25.5,4,4,4254,"+","Interval_2172",0,FALSE,FALSE,FALSE,FALSE,FALSE,FALSE,FALSE,"Kidney_hypermethylated"
2079,"chr18",61360029,61361102,2173,0.18838368804434,0.51988719032967,-0.33150350228533,-2.47169420118355,0.0112641285049485,0.0258180043502083,8,0,0,19.90625,21.375,3.875,4,2681,"+","Interval_2173",0,FALSE,FALSE,FALSE,FALSE,FALSE,FALSE,FALSE,"Liver_hypermethylated"
2080,"chr18",61362539,61362870,2174,0.82101303064721,0.272275167687835,0.548737862959375,1.79323375690082,0.000157763256691355,0.00123340357807681,7,0,0,23.1071428571429,20.4642857142857,4,4,786,"+","Interval_2174",0,FALSE,FALSE,FALSE,FALSE,FALSE,FALSE,FALSE,"Kidney_hypermethylated"
2082,"chr18",61373869,61374548,2176,0.485023793316162,0.744354672617289,-0.259330879301127,-0.755841370194854,0.00704118463954697,0.0180962273567612,15,0,0,26.5166666666667,28.4,4,4,2391,"+","Interval_2176",0,FALSE,FALSE,FALSE,FALSE,FALSE,FALSE,FALSE,"Liver_hypermethylated"
2086,"chr18",61408691,61409267,2180,0.265043752543753,0.715492128572624,-0.450448376028871,-1.39929882806792,2.1810314351498e-05,0.000417521438286465,1,0,0,35.25,36,4,4,1107,"+","Interval_2180",0,FALSE,TRUE,TRUE,FALSE,FALSE,FALSE,FALSE,"Liver_hypermethylated"
2087,"chr18",61415924,61417170,2181,0.35307834067153,0.389927371718111,-0.0368490310465809,-0.0026702778698691,0.00436605080580882,0.0125664553637917,13,0,0,28.9807692307692,30.0576923076923,4,4,6124,"+","Interval_2181",0,FALSE,TRUE,TRUE,FALSE,FALSE,FALSE,FALSE,"Liver_hypermethylated"
2088,"chr18",61421584,61422012,2182,0.667107203715113,0.533005388428776,0.134101815286337,0.262567004860042,0.0187449360441581,0.0381089936071145,2,0,0,21.625,26.5,4,4,4291,"+","Interval_2182",0,FALSE,TRUE,TRUE,FALSE,FALSE,FALSE,FALSE,"Kidney_hypermethylated"
2089,"chr18",61438030,61438443,2183,0.878188222502914,0.507276740700545,0.370911481802369,0.804226645557815,0.000614585435445346,0.0030955963121407,5,0,0,26.3,26.2,4,4,2175,"+","Interval_2183",0,FALSE,FALSE,FALSE,FALSE,FALSE,FALSE,FALSE,"Kidney_hypermethylated"
2095,"chr18",61505372,61506015,2189,0.351952201013979,0.108045040784493,0.243907160229486,2.13064110193726,0.0127211320449876,0.0284984893971741,18,0,0,20.9166666666667,22.3055555555556,4,4,2743,"+","Interval_2189",0,TRUE,FALSE,TRUE,FALSE,FALSE,TRUE,TRUE,"Kidney_hypermethylated"
2097,"chr18",61544732,61545112,2191,0.124771234965087,0.439653479586919,-0.314882244621833,-1.70354968951788,0.00135393539814106,0.00531981702471108,10,0,0,18.9,19.525,4,4,1563,"+","Interval_2191",0,FALSE,TRUE,TRUE,FALSE,FALSE,FALSE,FALSE,"Liver_hypermethylated"
2101,"chr18",61609685,61610212,2196,0.189564427784104,0.546438108697606,-0.356873680913502,-1.61534888050877,0.000157557596827791,0.00123336488217424,8,0,0,29.875,28.28125,4,4,976,"+","Interval_2196",0,FALSE,FALSE,FALSE,FALSE,FALSE,FALSE,FALSE,"Liver_hypermethylated"
2103,"chr18",61626308,61626842,2198,0.75368493984722,0.318765073666862,0.434919866180358,1.45226674195215,7.34738466675433e-05,0.000814976151213093,10,0,0,24.225,23.175,4,4,1046,"+","Interval_2198",0,FALSE,FALSE,FALSE,FALSE,FALSE,FALSE,FALSE,"Kidney_hypermethylated"
2104,"chr18",61632415,61633085,2199,0.469486322712035,0.148742244126104,0.320744078585932,2.20069093299002,0.000782770625977654,0.00365789011150775,13,0,0,16.75,16.7115384615385,3.76923076923077,3.30769230769231,1315,"+","Interval_2199",0,FALSE,FALSE,FALSE,FALSE,FALSE,FALSE,FALSE,"Kidney_hypermethylated"
2109,"chr18",61653008,61654018,2204,0.0616255572104815,0.381780473542459,-0.320154916331978,-2.85236832177403,0.000793396426568768,0.00368512550360172,15,0,0,18.05,17.6333333333333,4,3.93333333333333,1323,"+","Interval_2204",0,FALSE,FALSE,FALSE,FALSE,FALSE,FALSE,FALSE,"Liver_hypermethylated"
2110,"chr18",61660151,61660390,2205,0.282984341715328,0.460597751120253,-0.177613409404925,-0.684400388465344,0.0150832825631438,0.0323175632323984,3,0,0,21.5,23,4,4,2868,"+","Interval_2205",0,FALSE,TRUE,TRUE,FALSE,FALSE,FALSE,FALSE,"Liver_hypermethylated"
2111,"chr18",61665041,61666774,2206,0.353175369092123,0.518730924784922,-0.165555555692799,-0.760755983241866,0.016569801401546,0.0347276362934857,35,0,0,19.9928571428571,20.0785714285714,3.97142857142857,4,2932,"+","Interval_2206",0,FALSE,FALSE,FALSE,FALSE,FALSE,FALSE,FALSE,"Liver_hypermethylated"
2112,"chr18",61675762,61676132,2207,0.193472361702986,0.333459163961028,-0.139986802258042,-0.972995778813072,0.0183594910682613,0.0375437845638821,15,0,0,25.9166666666667,26.7833333333333,4,4,3005,"+","Interval_2207",0,FALSE,FALSE,FALSE,FALSE,FALSE,FALSE,FALSE,"Liver_hypermethylated"
2113,"chr18",61679552,61680034,2208,0.767054146889106,0.524500152625153,0.242553994263953,0.538203244347956,0.00558504902846194,0.0151791801326398,2,0,0,18.125,26.375,4,4,2975,"+","Interval_2208",0,FALSE,FALSE,FALSE,FALSE,FALSE,FALSE,FALSE,"Kidney_hypermethylated"
2114,"chr18",61684759,61685314,2209,0.368655916740012,0.13301483095946,0.235641085780552,0.941872510320703,0.00514099684582312,0.0142111676192456,5,0,0,29.3,27.6,4,4,2223,"+","Interval_2209",0,FALSE,FALSE,FALSE,FALSE,FALSE,FALSE,FALSE,"Kidney_hypermethylated"
2115,"chr18",61697119,61697548,2210,0.959946972305426,0.570608969981439,0.389338002323988,0.960734081481594,0.00152419577886768,0.00579232100256147,17,0,0,19.9117647058824,19.5147058823529,3.94117647058824,3.64705882352941,1802,"+","Interval_2210",0,FALSE,FALSE,FALSE,FALSE,FALSE,FALSE,FALSE,"Kidney_hypermethylated"
2118,"chr18",61734740,61735461,2213,0.81691379083584,0.510231994201618,0.306681796634223,0.855452058162372,0.00091843778615734,0.00406907007637841,9,0,0,25.3888888888889,26.0833333333333,4,4,2048,"+","Interval_2213",0,FALSE,FALSE,FALSE,FALSE,FALSE,FALSE,FALSE,"Kidney_hypermethylated"
2119,"chr18",61737321,61737552,2214,0.138839056254318,0.731192009549536,-0.592352953295219,-2.40017784453179,7.94109986839902e-05,0.000843025365346793,12,0,0,26.0208333333333,24.5,4,4,578,"+","Interval_2214",0,FALSE,FALSE,FALSE,FALSE,FALSE,FALSE,FALSE,"Liver_hypermethylated"
2120,"chr18",61741807,61742026,2215,0.45374663172077,0.792405131054556,-0.338658499333787,-1.18632958816457,0.00011060362482876,0.000999498933195194,3,0,0,25.0833333333333,24.5,4,4,1400,"+","Interval_2215",0,FALSE,FALSE,FALSE,FALSE,FALSE,FALSE,FALSE,"Liver_hypermethylated"
2122,"chr18",61758789,61759239,2217,0.617863264230373,0.163896939116764,0.453966325113609,1.921151379274,9.32223268654872e-05,0.000907746207983392,5,0,0,23.8,24.9,4,4,631,"+","Interval_2217",0,FALSE,FALSE,FALSE,FALSE,FALSE,FALSE,FALSE,"Kidney_hypermethylated"
2123,"chr18",61767829,61768407,2218,0.49219638324837,0.167418472277295,0.324777910971075,1.81788537201935,0.000454162992090372,0.00251199962771857,8,0,0,23.1875,24.28125,4,4,1171,"+","Interval_2218",0,FALSE,FALSE,FALSE,FALSE,FALSE,FALSE,FALSE,"Kidney_hypermethylated"
2125,"chr18",61789026,61789440,2220,0.692348807672366,0.0651159123765671,0.627232895295799,3.2862133603559,2.98848529877862e-06,0.000177516461463742,11,0,0,26.4318181818182,26.8636363636364,4,4,133,"+","Interval_2220",0,FALSE,FALSE,FALSE,FALSE,FALSE,TRUE,TRUE,"Kidney_hypermethylated"
2127,"chr18",61815156,61815541,2222,0.622222222222222,0.333739177489177,0.288483044733045,0.87911745449875,0.00120700819713381,0.00488286067899097,1,0,0,20.75,20.5,4,4,1995,"+","Interval_2222",0,FALSE,FALSE,FALSE,FALSE,FALSE,FALSE,FALSE,"Kidney_hypermethylated"
2128,"chr18",61835811,61836279,2223,0.255471367206154,0.655640234085087,-0.400168866878933,-1.33702663275086,0.000359208763635001,0.00217257662651288,5,0,0,23.65,25.65,4,4,1177,"+","Interval_2223",0,FALSE,FALSE,FALSE,FALSE,FALSE,FALSE,FALSE,"Liver_hypermethylated"
2134,"chr18",61952005,61953976,2229,0.581126528891552,0.442051108624641,0.13907542026691,0.302842466086112,0.00980374136863676,0.0232872016661279,41,0,0,20.4390243902439,21.4085365853659,3.58536585365854,3.85365853658537,4055,"+","Interval_2229",0,FALSE,FALSE,FALSE,FALSE,FALSE,FALSE,FALSE,"Kidney_hypermethylated"
2135,"chr18",61959540,61959960,2230,0.621946340579074,0.809191985182839,-0.187245644603765,-0.425827733104086,0.000997145483926596,0.00428979309706362,3,0,0,31.0833333333333,32.25,4,4,3434,"+","Interval_2230",0,FALSE,FALSE,FALSE,FALSE,FALSE,FALSE,FALSE,"Liver_hypermethylated"
2136,"chr18",61960231,61961157,2231,0.811369494144224,0.276921178495193,0.534448315649031,1.826825143724,3.24424833637407e-06,0.000182898220431364,14,0,0,32.4285714285714,32,4,4,627,"+","Interval_2231",0,FALSE,FALSE,FALSE,FALSE,FALSE,TRUE,TRUE,"Kidney_hypermethylated"
2138,"chr18",61976567,61976948,2233,0.864174903315565,0.667061025807544,0.197113877508021,0.394496357042929,0.000997577597348075,0.00428979309706362,3,0,0,31.0833333333333,35,4,4,3577,"+","Interval_2233",0,FALSE,FALSE,FALSE,FALSE,FALSE,FALSE,FALSE,"Kidney_hypermethylated"
2140,"chr18",62001697,62002189,2235,0.260943064537676,0.627551430582088,-0.366608366044412,-1.317269559693,0.000117161918805601,0.00102606001872238,8,0,0,33.5,35.09375,4,4,1200,"+","Interval_2235",0,FALSE,FALSE,FALSE,FALSE,FALSE,FALSE,FALSE,"Liver_hypermethylated"
2143,"chr18",62043984,62044630,2238,0.32101677038588,0.385195417990905,-0.0641786476050254,0.163244553215131,0.0152474690815564,0.0325898078282309,8,0,0,26.46875,31.3125,3.875,4,4901,"+","Interval_2238",0,FALSE,FALSE,FALSE,FALSE,FALSE,FALSE,FALSE,"Liver_hypermethylated"
2144,"chr18",62046817,62047333,2239,0.748051133524759,0.177755292422615,0.570295841102144,2.12041614072534,6.78438809516119e-05,0.000776351300647402,5,0,0,25.25,27.15,4,4,537,"+","Interval_2239",0,FALSE,FALSE,FALSE,FALSE,FALSE,FALSE,FALSE,"Kidney_hypermethylated"
2145,"chr18",62061926,62062274,2240,0.891604010025063,0.555260316270436,0.336343693754626,0.673578515046758,0.000270220694841751,0.0017748001767677,1,0,0,17,24.25,4,4,2508,"+","Interval_2240",0,FALSE,FALSE,FALSE,FALSE,FALSE,FALSE,FALSE,"Kidney_hypermethylated"
2146,"chr18",62072727,62073114,2241,0.687511584958358,0.0621562152155934,0.625355369742765,3.32495891580102,0.000428204274481648,0.00240083509734464,8,0,0,22.15625,26.59375,4,4,1096,"+","Interval_2241",0,FALSE,FALSE,FALSE,FALSE,FALSE,TRUE,TRUE,"Kidney_hypermethylated"
2147,"chr18",62073877,62074235,2242,0.845942645341959,0.301568125414474,0.544374519927485,1.46006046135919,0.000544483974203231,0.00285535408292319,2,0,0,23.125,27.25,4,4,1166,"+","Interval_2242",0,FALSE,FALSE,FALSE,FALSE,FALSE,TRUE,TRUE,"Kidney_hypermethylated"
2148,"chr18",62110506,62111483,2243,0.778020982767977,0.239250742763216,0.538770240004761,2.12066931510322,1.01669967865311e-05,0.00028917201120448,9,0,0,36.3888888888889,40.6388888888889,4,4,356,"+","Interval_2243",0,FALSE,FALSE,FALSE,FALSE,FALSE,TRUE,TRUE,"Kidney_hypermethylated"
2149,"chr18",62126599,62126939,2245,0.938972431077694,0.346019779612358,0.592952651465336,1.71143028274679,0.0102068419322267,0.023994278375491,2,0,0,22.5,24.375,3.5,4,2614,"+","Interval_2245",0,FALSE,FALSE,FALSE,FALSE,FALSE,TRUE,TRUE,"Kidney_hypermethylated"
2150,"chr18",62140203,62140528,2246,0.231723976033569,0.584898456971795,-0.353174480938226,-1.46290558133905,0.000724602087963602,0.0034678191826607,3,0,0,27.25,26.5,4,4,1284,"+","Interval_2246",0,FALSE,TRUE,TRUE,FALSE,FALSE,FALSE,FALSE,"Liver_hypermethylated"
2151,"chr18",62149949,62150594,2247,0.788810286374709,0.221385361315227,0.567424925059482,1.82057726338208,0.000128820940626731,0.00108290653919461,9,0,0,29.25,33.1944444444444,4,4,731,"+","Interval_2247",0,FALSE,FALSE,FALSE,FALSE,FALSE,FALSE,FALSE,"Kidney_hypermethylated"
2152,"chr18",62155774,62156735,2248,0.449698598193952,0.343189765362451,0.106508832831501,0.851139866960768,0.000438591784041594,0.00245459609556976,9,0,0,27.6111111111111,28.9166666666667,4,4,3435,"+","Interval_2248",0,FALSE,FALSE,FALSE,FALSE,FALSE,FALSE,FALSE,"Kidney_hypermethylated"
2153,"chr18",62165994,62166791,2249,0.734650111890618,0.129367733313435,0.605282378577182,2.41263457622291,1.62919408922654e-06,0.000151200778386532,6,0,0,34.2083333333333,37.2083333333333,4,4,179,"+","Interval_2249",0,FALSE,FALSE,FALSE,FALSE,FALSE,TRUE,TRUE,"Kidney_hypermethylated"
2154,"chr18",62169408,62169674,2250,0.66537037037037,0.112357397504456,0.553012972865914,2.46457756052779,0.000208387216717008,0.00148039242396071,1,0,0,26.75,31,4,4,865,"+","Interval_2250",0,FALSE,FALSE,FALSE,FALSE,FALSE,TRUE,TRUE,"Kidney_hypermethylated"
2155,"chr18",62174324,62175148,2251,0.40911223791477,0.106439998317802,0.302672239596969,1.87885364799516,0.00033426753564996,0.00207063911952521,8,0,0,28.53125,33.40625,4,4,1328,"+","Interval_2251",0,FALSE,FALSE,FALSE,FALSE,FALSE,TRUE,TRUE,"Kidney_hypermethylated"
2157,"chr18",62188820,62189563,2253,0.567832122569735,0.138807157979991,0.429024964589744,2.11207601410459,0.000335847256804842,0.00207415215383493,16,0,0,20.484375,22.875,3.9375,4,995,"+","Interval_2253",0,FALSE,FALSE,FALSE,FALSE,FALSE,FALSE,FALSE,"Kidney_hypermethylated"
2159,"chr18",62231329,62231940,2255,0.443453674161597,0.27288202749452,0.170571646667077,0.74061410212856,0.0153940543915428,0.0328459945263996,12,0,0,22.4583333333333,23.3541666666667,3.83333333333333,4,2880,"+","Interval_2255",0,FALSE,FALSE,FALSE,FALSE,FALSE,FALSE,FALSE,"Kidney_hypermethylated"
2161,"chr18",62279756,62280010,2257,0.874863127069009,0.54016029016029,0.334702836908719,0.685602301032056,0.000443818016989997,0.00247482914192698,1,0,0,34.5,24.5,4,4,2480,"+","Interval_2257",0,TRUE,FALSE,TRUE,FALSE,FALSE,FALSE,FALSE,"Kidney_hypermethylated"
2162,"chr18",62285082,62285875,2258,0.572876777640781,0.343516699729565,0.229360077911216,0.727401509606594,0.00202279771824744,0.00716844981466581,9,0,0,30.0277777777778,33.8333333333333,4,4,2385,"+","Interval_2258",0,FALSE,FALSE,FALSE,FALSE,FALSE,FALSE,FALSE,"Kidney_hypermethylated"
2164,"chr18",62525672,62526133,2260,0.909583241562499,0.295167263070938,0.614415978491561,1.63988116617517,4.39844973437372e-05,0.000590141345365207,5,0,0,30.2,30.3,4,4,809,"+","Interval_2260",0,FALSE,FALSE,FALSE,FALSE,FALSE,TRUE,TRUE,"Kidney_hypermethylated"
2166,"chr18",62570098,62570397,2262,0.242536517808213,0.662295387824399,-0.419758870016186,-1.46289557006252,0.00012509390975858,0.00106918240810122,5,0,0,30.35,30.5,4,4,1028,"+","Interval_2262",0,FALSE,FALSE,FALSE,FALSE,FALSE,FALSE,FALSE,"Liver_hypermethylated"
2167,"chr18",62652367,62652726,2263,0.437432670711348,0.657773054688679,-0.220340383977331,-0.719030251337219,0.0015269261819161,0.00579552896100954,3,0,0,31.8333333333333,36.8333333333333,4,4,2403,"+","Interval_2263",0,FALSE,FALSE,FALSE,FALSE,FALSE,FALSE,FALSE,"Liver_hypermethylated"
2170,"chr18",62720000,62720378,2266,0.766714005535235,0.143926946834755,0.62278705870048,2.33046610275897,4.38662224049707e-05,0.000590141345365207,4,0,0,30.4375,30.75,4,4,456,"+","Interval_2266",0,FALSE,FALSE,FALSE,FALSE,FALSE,FALSE,FALSE,"Kidney_hypermethylated"
2171,"chr18",62734182,62734892,2267,0.676216421315116,0.658915997149366,0.0173004241657498,-0.00718257322959778,0.0255359856988138,0.0485966652583496,13,0,0,27.3653846153846,24.3653846153846,4,4,6082,"+","Interval_2267",0,TRUE,FALSE,TRUE,FALSE,FALSE,FALSE,FALSE,"Kidney_hypermethylated"
2173,"chr18",62769249,62769601,2269,0.205532407302118,0.445033815064152,-0.239501407762034,-1.24421507152647,0.0036028271638853,0.010810240684607,3,0,0,43.0833333333333,38.25,4,4,2048,"+","Interval_2269",0,FALSE,FALSE,FALSE,FALSE,FALSE,FALSE,FALSE,"Liver_hypermethylated"
2177,"chr18",62848130,62848900,2273,0.453101755317808,0.43145239992989,0.0216493553879189,0.264513004795423,0.0195568842157715,0.0393249520634541,7,0,0,36.4642857142857,33.9285714285714,4,4,4831,"+","Interval_2273",0,FALSE,FALSE,FALSE,FALSE,FALSE,FALSE,FALSE,"Kidney_hypermethylated"
2178,"chr18",62878659,62879538,2274,0.447445213649753,0.579622044023292,-0.132176830373539,-0.446183108838036,0.0146240152538267,0.0316536011746267,11,0,0,35.7045454545455,36.6818181818182,4,4,3331,"+","Interval_2274",0,FALSE,FALSE,FALSE,FALSE,FALSE,FALSE,FALSE,"Liver_hypermethylated"
2179,"chr18",62906238,62906701,2275,0.572999671840271,0.627897017576938,-0.0548973457366672,-0.175671618138648,0.00577285292456266,0.0155793505583828,5,0,0,22.55,25.05,4,4,4826,"+","Interval_2275",0,FALSE,FALSE,FALSE,FALSE,FALSE,FALSE,FALSE,"Liver_hypermethylated"
2181,"chr18",62940698,62941299,2277,0.401492159779603,0.629907287350095,-0.228415127570492,-0.639406145658526,0.00630564687062616,0.0166789074725351,6,0,0,30.1666666666667,30.25,4,4,2610,"+","Interval_2277",0,FALSE,TRUE,TRUE,FALSE,FALSE,FALSE,FALSE,"Liver_hypermethylated"
2185,"chr18",63119268,63119741,2281,0.903801959751446,0.578038810011227,0.325763149740219,0.638935221127768,0.000209820535189282,0.00148713631919047,6,0,0,35.6666666666667,38,4,4,2612,"+","Interval_2281",0,FALSE,FALSE,FALSE,FALSE,FALSE,FALSE,FALSE,"Kidney_hypermethylated"
2186,"chr18",63201090,63201567,2282,0.0846157036765639,0.666126503726638,-0.581510800050074,-3.05484583277219,5.97452067826323e-05,0.000715661395086307,6,0,0,27.875,27.0833333333333,4,4,513,"+","Interval_2282",0,FALSE,FALSE,FALSE,FALSE,FALSE,FALSE,FALSE,"Liver_hypermethylated"
2187,"chr18",63203434,63205166,2283,0.793441121777993,0.264095833152351,0.529345288625642,1.8800248292148,4.86845121970751e-05,0.000633826964938616,12,0,0,30.0416666666667,31.375,3.83333333333333,4,561,"+","Interval_2283",0,FALSE,FALSE,FALSE,FALSE,FALSE,TRUE,TRUE,"Kidney_hypermethylated"
2189,"chr18",63211623,63212049,2285,0.901442461758191,0.275355069776707,0.626087391981484,1.80852740173577,9.13318399187836e-07,0.000124999888511622,8,0,0,36.125,37.21875,4,4,640,"+","Interval_2285",0,FALSE,FALSE,FALSE,FALSE,FALSE,TRUE,TRUE,"Kidney_hypermethylated"
2190,"chr18",63232860,63233244,2286,0.586883667439822,0.7319078165604,-0.145024149120579,-0.339125158150368,0.0119910724294697,0.0272202216767978,7,0,0,36.8571428571429,37.7142857142857,4,4,3840,"+","Interval_2286",0,FALSE,FALSE,FALSE,FALSE,FALSE,FALSE,FALSE,"Liver_hypermethylated"
2192,"chr18",63299350,63299997,2288,0.401662521591584,0.317438445135577,0.0842240764560073,0.332322542719582,0.0179423465952684,0.0369242196342679,6,0,0,33.7083333333333,32.625,4,4,3886,"+","Interval_2288",0,FALSE,FALSE,FALSE,FALSE,FALSE,FALSE,FALSE,"Kidney_hypermethylated"
2193,"chr18",63337956,63338363,2289,0.285064536194958,0.537207520423665,-0.252142984228707,-0.973384436789631,0.00245757692163467,0.00822538681015527,5,0,0,34.85,34.5,4,4,1836,"+","Interval_2289",0,FALSE,FALSE,FALSE,FALSE,FALSE,FALSE,FALSE,"Liver_hypermethylated"
2197,"chr18",63409647,63409966,2293,0.748393666853066,0.53414408775119,0.214249579101876,0.492137453072683,0.0016502148456888,0.00616448038100771,3,0,0,28,25.6666666666667,4,4,3149,"+","Interval_2293",0,FALSE,FALSE,FALSE,FALSE,FALSE,FALSE,FALSE,"Kidney_hypermethylated"
2198,"chr18",63495859,63496495,2294,0.171590879681063,0.351947797725901,-0.180356918044838,-1.20080110558145,0.00586424562031428,0.0157729044912347,8,0,0,26.9375,28.53125,4,4,2466,"+","Interval_2294",0,FALSE,FALSE,FALSE,FALSE,FALSE,FALSE,FALSE,"Liver_hypermethylated"
2199,"chr18",63501482,63501878,2295,0.374629738078014,0.530316096043062,-0.155686357965048,-0.489374158928486,0.014410719019795,0.0313243255665512,5,0,0,23.45,23.4,4,4,3163,"+","Interval_2295",0,FALSE,FALSE,FALSE,FALSE,FALSE,FALSE,FALSE,"Liver_hypermethylated"
2200,"chr18",63532082,63532398,2296,0.283610197672698,0.668233082706767,-0.384622885034069,-1.21902251951831,0.000246626667509286,0.00166907585004908,2,0,0,22.5,22.5,4,4,1348,"+","Interval_2296",0,FALSE,FALSE,FALSE,FALSE,FALSE,FALSE,FALSE,"Liver_hypermethylated"
2201,"chr18",63548675,63549409,2297,0.469229511974234,0.559078879468836,-0.0898493674946018,-0.28950873672201,0.0102157405827843,0.0240060137213037,9,0,0,35.0555555555556,33,4,4,4141,"+","Interval_2297",0,FALSE,FALSE,FALSE,FALSE,FALSE,FALSE,FALSE,"Liver_hypermethylated"
2203,"chr18",63601921,63602378,2300,0.256553802717661,0.653735143238464,-0.397181340520803,-1.29488831446083,0.000774850580986703,0.00363469986272007,6,0,0,31.9583333333333,33.375,4,4,1310,"+","Interval_2300",0,FALSE,FALSE,FALSE,FALSE,FALSE,FALSE,FALSE,"Liver_hypermethylated"
2204,"chr18",63643589,63643857,2301,0.8961012230445,0.742735152099127,0.153366070945373,0.267462404852454,0.00338819892250969,0.0103532980501353,2,0,0,41.125,38,4,4,4253,"+","Interval_2301",0,FALSE,FALSE,FALSE,FALSE,FALSE,FALSE,FALSE,"Kidney_hypermethylated"
2206,"chr18",63672473,63672775,2304,0.920845340502034,0.196383097666553,0.724462242835481,2.18972331893789,7.52450231732118e-05,0.000824207963278764,5,0,0,26.05,28.6,4,4,561,"+","Interval_2304",0,FALSE,FALSE,FALSE,FALSE,FALSE,TRUE,TRUE,"Kidney_hypermethylated"
2209,"chr18",63727657,63728516,2307,0.909178225955605,0.495052341109231,0.414125884846374,1.26079724894976,0.000407620914587776,0.00234754500481901,12,0,0,30.5,36.2291666666667,4,4,1288,"+","Interval_2307",0,FALSE,FALSE,FALSE,FALSE,FALSE,TRUE,TRUE,"Kidney_hypermethylated"
2210,"chr18",63744691,63745432,2308,0.661889128129885,0.439404501067498,0.222484627062387,0.976633654546816,0.00449976007590335,0.0128370592694643,12,0,0,34.0416666666667,36.0625,4,4,2154,"+","Interval_2308",0,FALSE,FALSE,FALSE,FALSE,FALSE,TRUE,TRUE,"Kidney_hypermethylated"
2212,"chr18",63847128,63847368,2310,0.199183752746585,0.668330273079559,-0.469146520332974,-1.96222654359467,0.000165461697323005,0.00127095266256233,4,0,0,29.6875,29.75,4,4,800,"+","Interval_2310",0,FALSE,FALSE,FALSE,FALSE,FALSE,FALSE,FALSE,"Liver_hypermethylated"
2213,"chr18",63859783,63860158,2311,0.0280991979623438,0.113949897098178,-0.0858506991358342,-1.14076284970629,0.0187970219078621,0.0381811498687808,10,0,0,34.825,36.45,4,4,3710,"+","Interval_2311",0,TRUE,FALSE,TRUE,FALSE,FALSE,FALSE,FALSE,"Liver_hypermethylated"
2214,"chr18",63863690,63864560,2312,0.0135408443643685,0.0782088161354239,-0.0646679717710554,-1.8731865752703,0.00530260333142091,0.0145207207983875,16,0,0,24.75,25.484375,3.9375,4,4029,"+","Interval_2312",0,FALSE,FALSE,FALSE,FALSE,FALSE,FALSE,FALSE,"Liver_hypermethylated"
2216,"chr18",63971764,63972019,2314,0.678737855633017,0.69390003824588,-0.0151621826128631,-0.0519986414336678,0.000891507936106181,0.00398423001263453,2,0,0,31.75,31.125,4,4,5685,"+","Interval_2314",0,FALSE,FALSE,FALSE,FALSE,FALSE,FALSE,FALSE,"Liver_hypermethylated"
2218,"chr18",64013707,64014402,2316,0.0639436992172631,0.138355607582686,-0.0744119083654233,-1.52820733562274,0.00666190332538858,0.0173905675167854,12,0,0,15.3333333333333,15.9375,3.08333333333333,3.41666666666667,3874,"+","Interval_2316",0,TRUE,TRUE,TRUE,TRUE,FALSE,FALSE,FALSE,"Liver_hypermethylated"
2219,"chr18",64075737,64076061,2317,0.655679563549048,0.44207244989454,0.213607113654508,0.596126419841632,0.00338172562657219,0.0103532980501353,6,0,0,33.0833333333333,28.7083333333333,4,4,2768,"+","Interval_2317",0,FALSE,FALSE,FALSE,FALSE,FALSE,FALSE,FALSE,"Kidney_hypermethylated"
2220,"chr18",64188618,64189269,2318,0.163200034938077,0.442880508461533,-0.279680473523456,-1.64176231984735,0.0239701388238006,0.0462389921540077,3,0,0,27.5833333333333,27.5,4,4,3185,"+","Interval_2318",0,FALSE,FALSE,FALSE,FALSE,FALSE,FALSE,FALSE,"Liver_hypermethylated"
2222,"chr18",64325829,64326097,2320,0.716661591196379,0.369051060938919,0.347610530257461,1.02486001630202,3.0179027887412e-05,0.000495855952856006,6,0,0,38.6666666666667,39.375,4,4,1680,"+","Interval_2320",0,TRUE,FALSE,TRUE,FALSE,FALSE,FALSE,FALSE,"Kidney_hypermethylated"
2227,"chr18",64461672,64462095,2325,0.864174423539959,0.422894760824819,0.44127966271514,1.09916426184025,2.51230987237953e-05,0.000444949283431728,4,0,0,23.5,27.5625,4,4,1544,"+","Interval_2325",0,FALSE,FALSE,FALSE,FALSE,FALSE,FALSE,FALSE,"Kidney_hypermethylated"
2228,"chr18",64466407,64467095,2326,0.0527030503617813,0.244883482543998,-0.192180432182217,-1.96725147086611,0.00964638544835236,0.0230338747693547,11,0,0,24.0454545454545,24.9090909090909,3.90909090909091,4,2573,"+","Interval_2326",0,FALSE,FALSE,FALSE,FALSE,FALSE,FALSE,FALSE,"Liver_hypermethylated"
2229,"chr18",64482522,64482873,2327,0.831692007364744,0.152285417705488,0.679406589659256,2.47441422203637,1.86378292553631e-05,0.000383669116532649,6,0,0,32.7083333333333,36.75,4,4,298,"+","Interval_2327",0,FALSE,FALSE,FALSE,FALSE,FALSE,TRUE,TRUE,"Kidney_hypermethylated"
2230,"chr18",64485541,64486321,2328,0.884111719647253,0.167883455003058,0.716228264644195,2.3861031783984,5.86469631250847e-05,0.000706638408634599,4,0,0,23.375,25.9375,3,3,510,"+","Interval_2328",0,FALSE,FALSE,FALSE,FALSE,FALSE,TRUE,TRUE,"Kidney_hypermethylated"
2232,"chr18",64491029,64491572,2330,0.787958811554405,0.154417497359881,0.633541314194524,2.36773587965134,2.88964723660843e-06,0.000177516461463742,8,0,0,26.75,30.8125,4,4,202,"+","Interval_2330",0,FALSE,FALSE,FALSE,FALSE,FALSE,TRUE,TRUE,"Kidney_hypermethylated"
2233,"chr18",64500952,64501326,2331,0.833292942605556,0.625641411024698,0.207651531580859,0.411587362420846,0.00334734429881603,0.0102847153581122,3,0,0,33.6666666666667,34.75,4,4,3508,"+","Interval_2331",0,FALSE,FALSE,FALSE,FALSE,FALSE,FALSE,FALSE,"Kidney_hypermethylated"
2234,"chr18",64505198,64505700,2332,0.941594014635227,0.727384365406199,0.214209649229028,0.416545872931287,0.0054976534625591,0.014988057021928,7,0,0,24.1071428571429,26.7142857142857,4,4,3474,"+","Interval_2332",0,FALSE,FALSE,FALSE,FALSE,FALSE,FALSE,FALSE,"Kidney_hypermethylated"
2237,"chr18",64538950,64539415,2335,0.866125114377641,0.18804009434029,0.678085020037351,2.26439232765931,9.87936805703999e-05,0.000944148004829094,14,0,0,26.0714285714286,26.6785714285714,4,4,643,"+","Interval_2335",0,FALSE,FALSE,FALSE,FALSE,FALSE,TRUE,TRUE,"Kidney_hypermethylated"
2238,"chr18",64543049,64543823,2336,0.831421723502383,0.171119527449485,0.660302196052898,2.29549063567702,1.73715559210467e-06,0.000151200778386532,12,0,0,26.7916666666667,31.6041666666667,4,4,236,"+","Interval_2336",0,FALSE,FALSE,FALSE,FALSE,FALSE,TRUE,TRUE,"Kidney_hypermethylated"
2239,"chr18",64550235,64550670,2337,0.882563839001236,0.254829230230976,0.627734608770261,1.80185800388411,4.05604647048391e-07,0.000124617339437297,4,0,0,39.625,44.0625,4,4,653,"+","Interval_2337",0,FALSE,FALSE,FALSE,FALSE,FALSE,TRUE,TRUE,"Kidney_hypermethylated"
2240,"chr18",64599660,64600418,2338,0.736596350380931,0.165972765470778,0.570623584910153,2.7154683232133,4.39798231982624e-05,0.000590141345365207,9,0,0,24.7222222222222,26.8055555555556,4,4,457,"+","Interval_2338",0,FALSE,FALSE,FALSE,FALSE,FALSE,TRUE,TRUE,"Kidney_hypermethylated"
2241,"chr18",64618352,64619130,2339,0.737924125134982,0.196908201885563,0.541015923249419,2.14279788767669,3.50169485281729e-05,0.000531306540013883,10,0,0,30.525,30.175,4,4,405,"+","Interval_2339",0,FALSE,FALSE,FALSE,FALSE,FALSE,FALSE,FALSE,"Kidney_hypermethylated"
2243,"chr18",64627551,64627859,2341,0.330459807418201,0.663440898629494,-0.332981091211293,-1.17227932620315,0.000287141467359093,0.00184719860278927,5,0,0,33.25,36.15,4,4,1416,"+","Interval_2341",0,FALSE,FALSE,FALSE,FALSE,FALSE,FALSE,FALSE,"Liver_hypermethylated"
2244,"chr18",64632341,64633195,2342,0.86151014922883,0.517781217890444,0.343728931338387,0.766885057290231,0.000551248200719598,0.00285981622089517,7,0,0,25.2142857142857,24.8928571428571,4,4,2278,"+","Interval_2342",0,FALSE,FALSE,FALSE,FALSE,FALSE,FALSE,FALSE,"Kidney_hypermethylated"
2245,"chr18",64633725,64634115,2343,0.561751729947378,0.771526893157168,-0.20977516320979,-0.450534049156343,0.00281432484245578,0.009074933767354,6,0,0,27.375,29.9583333333333,4,4,3313,"+","Interval_2343",0,FALSE,FALSE,FALSE,FALSE,FALSE,FALSE,FALSE,"Liver_hypermethylated"
2246,"chr18",64643498,64643975,2344,0.843032726878905,0.593230370716337,0.249802356162568,0.508902776130089,0.000383604355836713,0.00226658535251596,3,0,0,29.25,35.4166666666667,4,4,3077,"+","Interval_2344",0,FALSE,FALSE,FALSE,FALSE,FALSE,FALSE,FALSE,"Kidney_hypermethylated"
2249,"chr18",64678120,64678457,2347,0.67924360942594,0.176280712025494,0.502962897400446,1.93717967549498,6.36500618251623e-05,0.000747857800985894,3,0,0,31.25,30.8333333333333,4,4,523,"+","Interval_2347",0,FALSE,FALSE,FALSE,FALSE,FALSE,FALSE,FALSE,"Kidney_hypermethylated"
2251,"chr18",64699801,64700701,2349,0.363543674557047,0.59485604661841,-0.231312372061363,-0.761747386922454,0.000788256609044782,0.00366957338074256,14,0,0,29.8035714285714,30.5178571428571,4,4,2293,"+","Interval_2349",0,FALSE,FALSE,FALSE,FALSE,FALSE,FALSE,FALSE,"Liver_hypermethylated"
2252,"chr18",64750798,64751084,2350,0.57903431403465,0.470201885194132,0.108832428840517,0.323301786601183,0.000205852348936293,0.00146917849502151,3,0,0,32.5833333333333,30.4166666666667,4,4,3937,"+","Interval_2350",0,FALSE,FALSE,FALSE,FALSE,FALSE,FALSE,FALSE,"Kidney_hypermethylated"
2254,"chr18",64853747,64854043,2352,0.632552281849289,0.627474406383477,0.00507787546581268,-0.0960769360161276,0.0166316267524359,0.0347978707503298,3,0,0,26.6666666666667,26.9166666666667,4,4,5496,"+","Interval_2352",0,FALSE,FALSE,FALSE,FALSE,FALSE,FALSE,FALSE,"Kidney_hypermethylated"
2255,"chr18",64858885,64859108,2353,0.206367334190398,0.524389741030566,-0.318022406840168,-1.54344205018916,0.000834386821548774,0.00381668642634545,6,0,0,26.5833333333333,28.8333333333333,4,4,1343,"+","Interval_2353",0,FALSE,FALSE,FALSE,FALSE,FALSE,FALSE,FALSE,"Liver_hypermethylated"
2257,"chr18",64920980,64921697,2355,0.740739768731887,0.19542858400274,0.545311184729147,1.95922377569161,5.51545053241944e-06,0.00021587543644406,14,0,0,28.875,26.5357142857143,4,4,489,"+","Interval_2355",0,FALSE,FALSE,FALSE,FALSE,FALSE,FALSE,FALSE,"Kidney_hypermethylated"
2258,"chr18",64931259,64931965,2356,0.256673609902853,0.398831595430526,-0.142157985527672,-0.873665719870099,0.00867099600033767,0.0213474641114083,16,0,0,21.015625,21.03125,4,3.9375,2948,"+","Interval_2356",0,FALSE,FALSE,FALSE,FALSE,FALSE,FALSE,FALSE,"Liver_hypermethylated"
2260,"chr18",64959215,64959442,2358,0.418037174087469,0.643538271737377,-0.225501097649907,-0.607978494738094,0.00138381382615805,0.00539222318436349,4,0,0,32.75,32.625,4,4,2717,"+","Interval_2358",0,FALSE,FALSE,FALSE,FALSE,FALSE,FALSE,FALSE,"Liver_hypermethylated"
2261,"chr18",64961647,64961961,2359,0.614809541601078,0.258272217381569,0.356537324219509,1.16451173270121,0.000489939312000125,0.00265556983302428,6,0,0,26.9166666666667,25.3333333333333,4,4,1429,"+","Interval_2359",0,FALSE,FALSE,FALSE,FALSE,FALSE,FALSE,FALSE,"Kidney_hypermethylated"
2262,"chr18",64964968,64965625,2360,0.225542006948657,0.552876828563455,-0.327334821614798,-1.31504708425266,0.000666439971174058,0.00328292803828647,5,0,0,25.8,26.85,4,4,1247,"+","Interval_2360",0,FALSE,FALSE,FALSE,FALSE,FALSE,FALSE,FALSE,"Liver_hypermethylated"
2263,"chr18",64972169,64972430,2361,0.211478300894782,0.504207478732374,-0.292729177837591,-1.21793686071072,0.00353454623006189,0.010650487985583,3,0,0,26.4166666666667,26.75,4,4,2039,"+","Interval_2361",0,FALSE,FALSE,FALSE,FALSE,FALSE,FALSE,FALSE,"Liver_hypermethylated"
2265,"chr18",65001027,65001264,2363,0.411108578744077,0.234112022158361,0.176996556585716,0.729322251157678,0.0222962336174924,0.0436616811916798,6,0,0,21.9583333333333,24.2916666666667,4,4,3138,"+","Interval_2363",0,FALSE,FALSE,FALSE,FALSE,FALSE,FALSE,FALSE,"Kidney_hypermethylated"
2266,"chr18",65006060,65006351,2364,0.913230844159647,0.142040065513639,0.771190778646009,2.60989435640734,0.000101504687867109,0.000950022988322171,3,0,0,30,31.3333333333333,4,4,655,"+","Interval_2364",0,FALSE,FALSE,FALSE,FALSE,FALSE,FALSE,FALSE,"Kidney_hypermethylated"
2267,"chr18",65023382,65024036,2365,0.217116274250459,0.373085121258419,-0.155968847007959,-0.948740938057047,0.0170576791042585,0.0354119723296177,11,0,0,23.0909090909091,23.0909090909091,3.90909090909091,4,2960,"+","Interval_2365",0,FALSE,FALSE,FALSE,FALSE,FALSE,FALSE,FALSE,"Liver_hypermethylated"
2270,"chr18",65052860,65053913,2368,0.834410636785904,0.525056047493808,0.309354589292096,0.692724508126955,0.000330666750711708,0.00205662670356624,9,0,0,28.4722222222222,28.3333333333333,4,4,2471,"+","Interval_2368",0,FALSE,FALSE,FALSE,FALSE,FALSE,FALSE,FALSE,"Kidney_hypermethylated"
2271,"chr18",65071490,65072484,2369,0.678489896423228,0.563843001728792,0.114646894694436,0.305308392547603,0.00131770704687381,0.00521733879061829,19,0,0,29.1973684210526,28.4605263157895,4,4,4042,"+","Interval_2369",0,FALSE,FALSE,FALSE,FALSE,FALSE,FALSE,FALSE,"Kidney_hypermethylated"
2272,"chr18",65083141,65083421,2370,0.560437263607205,0.758540179272276,-0.198102915665071,-0.432850367198158,0.00552242360080486,0.0150422398169086,4,0,0,22.375,19.875,4,4,3400,"+","Interval_2370",0,FALSE,FALSE,FALSE,FALSE,FALSE,FALSE,FALSE,"Liver_hypermethylated"
2275,"chr18",65101819,65102116,2373,0.910955774853801,0.68289389834491,0.228061876508892,0.410497426576594,0.00185717956948621,0.00671861547616225,1,0,0,30.25,33,4,4,3509,"+","Interval_2373",0,FALSE,FALSE,FALSE,FALSE,FALSE,FALSE,FALSE,"Kidney_hypermethylated"
2276,"chr18",65134980,65135225,2374,0.565920825068464,0.724356983596114,-0.15843615852765,-0.368559270846456,0.0181612589629802,0.0371879161371254,2,0,0,18,23.375,4,4,3684,"+","Interval_2374",0,FALSE,FALSE,FALSE,FALSE,FALSE,FALSE,FALSE,"Liver_hypermethylated"
2277,"chr18",65143890,65144576,2375,0.493397159943773,0.707147033940281,-0.213749873996507,-0.674279887763514,0.019345529966956,0.0389381859308694,12,0,0,20.2916666666667,20.25,3.75,3.91666666666667,3053,"+","Interval_2375",0,FALSE,FALSE,FALSE,FALSE,FALSE,FALSE,FALSE,"Liver_hypermethylated"
2278,"chr18",65149438,65150542,2376,0.132639400087537,0.457705807756033,-0.325066407668496,-1.9519854989758,0.00192102612241423,0.00689124665629624,15,0,0,25.7,25.5833333333333,4,4,1713,"+","Interval_2376",0,FALSE,FALSE,FALSE,FALSE,FALSE,FALSE,FALSE,"Liver_hypermethylated"
2279,"chr18",65156024,65156474,2377,0.439495276293701,0.512192223802442,-0.0726969475087409,-0.50165936656361,0.00631632507852852,0.0166869379224238,7,0,0,25.3928571428571,25.4642857142857,4,4,3900,"+","Interval_2377",0,FALSE,FALSE,FALSE,FALSE,FALSE,FALSE,FALSE,"Liver_hypermethylated"
2280,"chr18",65169282,65169629,2378,0.402107789275728,0.715821291432658,-0.31371350215693,-0.992252659842575,0.000149178743543919,0.00119758553769035,7,0,0,33.0714285714286,31.6428571428571,4,4,1740,"+","Interval_2378",0,FALSE,FALSE,FALSE,FALSE,FALSE,FALSE,FALSE,"Liver_hypermethylated"
2281,"chr18",65175151,65175540,2379,0.574781719537778,0.753516395896666,-0.178734676358887,-0.386306928851112,0.0111867398509845,0.0256847827179344,6,0,0,24.5,24.625,4,4,3617,"+","Interval_2379",0,FALSE,FALSE,FALSE,FALSE,FALSE,FALSE,FALSE,"Liver_hypermethylated"
2282,"chr18",65220674,65221190,2380,0.670118887876176,0.536989178203378,0.133129709672798,0.299288389735552,0.00360680023423305,0.0108149038667181,9,0,0,27.2222222222222,25.6666666666667,4,4,4077,"+","Interval_2380",0,FALSE,FALSE,FALSE,FALSE,FALSE,FALSE,FALSE,"Kidney_hypermethylated"
2283,"chr18",65225971,65226392,2381,0.683816128891986,0.45815145484617,0.225664674045816,0.543877646643927,0.00262439428105143,0.00862401222302731,5,0,0,30,29.1,4,4,2956,"+","Interval_2381",0,FALSE,FALSE,FALSE,FALSE,FALSE,TRUE,TRUE,"Kidney_hypermethylated"
2285,"chr18",65249014,65251476,2383,0.830218679783291,0.452064003336367,0.378154676446923,0.956107291268835,6.87953414077657e-05,0.000784317946105232,20,0,0,32.2,31.5375,4,4,1814,"+","Interval_2383",0,FALSE,FALSE,FALSE,FALSE,FALSE,TRUE,TRUE,"Kidney_hypermethylated"
2286,"chr18",65251555,65251827,2384,0.940752743928787,0.520066939456539,0.420685804472248,0.842895635768967,8.22814624296172e-05,0.000856982350220335,1,0,0,36,31.75,4,4,2070,"+","Interval_2384",0,FALSE,FALSE,FALSE,FALSE,FALSE,TRUE,TRUE,"Kidney_hypermethylated"
2287,"chr18",65255979,65256362,2385,0.912665468589382,0.650832071629706,0.261833396959676,0.511401119408935,0.0263811550542954,0.0498346750103428,5,0,0,21.65,19.25,4,4,3253,"+","Interval_2385",0,FALSE,FALSE,FALSE,FALSE,FALSE,FALSE,FALSE,"Kidney_hypermethylated"
2290,"chr18",65273657,65273898,2388,0.0728012829782448,0.328591627277498,-0.255790344299253,-2.20257559741884,0.00070050264497247,0.00338145228071942,2,0,0,31,34.5,4,4,1692,"+","Interval_2388",0,FALSE,TRUE,TRUE,FALSE,FALSE,FALSE,FALSE,"Liver_hypermethylated"
2292,"chr18",65304340,65304705,2390,0.829031009338473,0.571399569274159,0.257631440064314,0.55226828575503,0.00635337092863108,0.0167416227943559,6,0,0,22.75,22.375,4,4,2926,"+","Interval_2390",0,FALSE,FALSE,FALSE,FALSE,FALSE,FALSE,FALSE,"Kidney_hypermethylated"
2295,"chr18",65445654,65446516,2393,0.907317136393136,0.553784639802378,0.353532496590757,1.07093682919699,3.39828509248118e-05,0.000523111225493624,6,0,0,32.125,29.75,4,4,1598,"+","Interval_2393",0,FALSE,FALSE,FALSE,FALSE,FALSE,TRUE,TRUE,"Kidney_hypermethylated"
2305,"chr18",65611222,65611520,2403,0.706046956559467,0.468464564188248,0.237582392371219,0.582546309308935,0.00963157659969155,0.0230116789288898,2,0,0,30.625,22.625,4,4,2815,"+","Interval_2403",0,FALSE,FALSE,FALSE,FALSE,FALSE,FALSE,FALSE,"Kidney_hypermethylated"
2307,"chr18",65620111,65620540,2405,0.499643492666771,0.731755410483908,-0.232111917817137,-0.564455872912488,0.00475637523968133,0.0133827499303305,11,0,0,27.0454545454545,24.8409090909091,4,4,2883,"+","Interval_2405",0,FALSE,FALSE,FALSE,FALSE,FALSE,FALSE,FALSE,"Liver_hypermethylated"
2308,"chr18",65632140,65632535,2406,0.622079234806638,0.403550246464249,0.218528988342389,0.56289678992572,0.00926627843195306,0.0224282635282959,5,0,0,14.35,14.35,3,3.2,2889,"+","Interval_2406",0,FALSE,FALSE,FALSE,FALSE,FALSE,FALSE,FALSE,"Kidney_hypermethylated"
2309,"chr18",65635226,65635476,2407,0.712802714428101,0.445122455542095,0.267680258886007,0.842626439249281,0.00105422408806686,0.00446772898011781,3,0,0,21.75,21.4166666666667,4,4,2072,"+","Interval_2407",0,FALSE,FALSE,FALSE,FALSE,FALSE,FALSE,FALSE,"Kidney_hypermethylated"
2311,"chr18",65683263,65683535,2409,0.472409209067356,0.720804031318262,-0.248394822250906,-0.603022793658071,0.00570061049091709,0.0154454371546232,6,0,0,28.2083333333333,28.0416666666667,4,4,2738,"+","Interval_2409",0,FALSE,FALSE,FALSE,FALSE,FALSE,FALSE,FALSE,"Liver_hypermethylated"
2312,"chr18",65693405,65693765,2410,0.731141307200523,0.304540781506946,0.426600525693577,1.2763141492259,5.33531329528989e-05,0.000674736481660931,4,0,0,23.75,24.0625,4,4,1256,"+","Interval_2410",0,FALSE,FALSE,FALSE,FALSE,FALSE,FALSE,FALSE,"Kidney_hypermethylated"
2315,"chr18",65703866,65704585,2413,0.147199059135234,0.230663398031212,-0.0834643388959781,-1.16848025710125,0.00276450528124168,0.00896458308877578,19,0,0,25.5394736842105,26.25,4,4,3756,"+","Interval_2413",0,FALSE,TRUE,TRUE,FALSE,FALSE,FALSE,FALSE,"Liver_hypermethylated"
2316,"chr18",65711965,65712732,2414,0.526034379528638,0.707246637981155,-0.181212258452517,-0.562639239509147,0.00444543349797952,0.0127420318008026,6,0,0,26,27.0416666666667,4,4,2890,"+","Interval_2414",0,FALSE,FALSE,FALSE,FALSE,FALSE,FALSE,FALSE,"Liver_hypermethylated"
2323,"chr18",65888106,65888369,2421,0.717319757944758,0.582429416023166,0.134890341921592,0.33907070150786,0.0151529811706697,0.0324342459348118,2,0,0,27.875,29.75,4,4,3842,"+","Interval_2421",0,FALSE,FALSE,FALSE,FALSE,FALSE,FALSE,FALSE,"Kidney_hypermethylated"
2327,"chr18",65960095,65960954,2425,0.324317369830583,0.0810033473490933,0.243314022481489,1.80793521190115,0.00312267747446032,0.00974053455865924,13,0,0,25.6730769230769,25.7307692307692,3.53846153846154,3.84615384615385,1970,"+","Interval_2425",0,FALSE,FALSE,FALSE,FALSE,FALSE,FALSE,FALSE,"Kidney_hypermethylated"
2332,"chr18",66075408,66075804,2430,0.0703313265429783,0.34334061345409,-0.273009286911111,-2.13388848213614,0.000293596454209865,0.00187736754538982,7,0,0,30.5357142857143,30.7857142857143,4,4,1541,"+","Interval_2430",0,FALSE,FALSE,FALSE,FALSE,FALSE,FALSE,FALSE,"Liver_hypermethylated"
2333,"chr18",66076527,66077194,2431,0.386581660878852,0.573088298769242,-0.18650663789039,-0.741628633762751,0.00522342742074631,0.0143615040270631,6,0,0,20.75,22.7083333333333,4,4,2399,"+","Interval_2431",0,TRUE,FALSE,TRUE,FALSE,FALSE,FALSE,FALSE,"Liver_hypermethylated"
2334,"chr18",66078189,66078707,2432,0.321403130623208,0.566826860056027,-0.245423729432818,-0.801167513747005,0.00145724467076859,0.00559673031367062,3,0,0,32.9166666666667,34.8333333333333,4,4,2183,"+","Interval_2432",0,FALSE,FALSE,FALSE,FALSE,FALSE,FALSE,FALSE,"Liver_hypermethylated"
2335,"chr18",66083709,66084106,2433,0.373427304682668,0.380252012034741,-0.00682470735207277,0.0246003188806613,0.0164002667829977,0.0344719325592472,4,0,0,20.1875,21.1875,4,4,5922,"+","Interval_2433",0,FALSE,FALSE,FALSE,FALSE,FALSE,FALSE,FALSE,"Liver_hypermethylated"
2337,"chr18",66147223,66147660,2435,0.164177679785299,0.46287614541817,-0.298698465632871,-1.41818547753685,0.000124501562021285,0.00106816842145708,4,0,0,26.875,29.5,4,4,1354,"+","Interval_2435",0,FALSE,FALSE,FALSE,FALSE,FALSE,FALSE,FALSE,"Liver_hypermethylated"
2338,"chr18",66162241,66162479,2436,0.488912922869783,0.686244353794853,-0.19733143092507,-0.471799035403132,0.0044556679628226,0.0127586577966192,4,0,0,29.375,31.5625,4,4,3219,"+","Interval_2436",0,FALSE,FALSE,FALSE,FALSE,FALSE,FALSE,FALSE,"Liver_hypermethylated"
2340,"chr18",66173045,66173539,2438,0.264679876187903,0.569367067380809,-0.304687191192906,-1.13905813767069,0.000280765974993298,0.00181881427160724,6,0,0,33.5833333333333,33.375,4,4,1467,"+","Interval_2438",0,FALSE,FALSE,FALSE,FALSE,FALSE,FALSE,FALSE,"Liver_hypermethylated"
2341,"chr18",66178274,66179205,2439,0.219657647844648,0.486811171928615,-0.267153524083967,-1.30545284632709,0.00282516612606947,0.00908934337418687,10,0,0,27.65,27.075,4,4,1910,"+","Interval_2439",0,FALSE,FALSE,FALSE,FALSE,FALSE,FALSE,FALSE,"Liver_hypermethylated"
2342,"chr18",66187885,66188697,2440,0.389760757330095,0.580466740180604,-0.190705982850508,-0.87399963935928,0.00696250301059767,0.0179315092205041,10,0,0,26.375,26.925,4,4,2386,"+","Interval_2440",0,FALSE,FALSE,FALSE,FALSE,FALSE,FALSE,FALSE,"Liver_hypermethylated"
2343,"chr18",66208072,66208360,2441,0.316748073161759,0.535347578588045,-0.218599505426285,-0.742081690082875,0.00283835809455481,0.00910794281516412,4,0,0,27.6875,28.625,4,4,2343,"+","Interval_2441",0,FALSE,FALSE,FALSE,FALSE,FALSE,FALSE,FALSE,"Liver_hypermethylated"
2344,"chr18",66209638,66210317,2442,0.792424245361692,0.322511980201952,0.46991226515974,1.4540449163,3.67272593317262e-05,0.000536601993469678,6,0,0,26.75,30.0416666666667,4,4,1043,"+","Interval_2442",0,FALSE,FALSE,FALSE,FALSE,FALSE,FALSE,FALSE,"Kidney_hypermethylated"
2345,"chr18",66210695,66211112,2443,0.475056618713824,0.286350819654602,0.188705799059222,0.834428860321113,0.0163020569228433,0.0343068971886548,7,0,0,25.0714285714286,24.3571428571429,3.57142857142857,3.85714285714286,2920,"+","Interval_2443",0,FALSE,FALSE,FALSE,FALSE,FALSE,FALSE,FALSE,"Kidney_hypermethylated"
2346,"chr18",66223069,66223686,2444,0.439645016308572,0.207962735204017,0.231682281104555,1.44713287610674,0.00809696223953924,0.0201603861272158,10,0,0,23.425,21.6,4,4,2468,"+","Interval_2444",0,FALSE,FALSE,FALSE,FALSE,FALSE,FALSE,FALSE,"Kidney_hypermethylated"
2348,"chr18",66243361,66243845,2446,0.339743346556224,0.454354956886973,-0.114611610330748,-0.374195955033713,0.0166208875371883,0.0347978707503298,6,0,0,28.7083333333333,30.6666666666667,4,4,3662,"+","Interval_2446",0,FALSE,FALSE,FALSE,FALSE,FALSE,FALSE,FALSE,"Liver_hypermethylated"
2352,"chr18",66372938,66373354,2450,0.315133813281056,0.692621610429336,-0.37748779714828,-1.29070014409398,0.000895066511274451,0.00399432368321097,9,0,0,26.6388888888889,29.6666666666667,4,4,1377,"+","Interval_2450",0,FALSE,FALSE,FALSE,FALSE,FALSE,FALSE,FALSE,"Liver_hypermethylated"
2355,"chr18",66410508,66411011,2453,0.179831448067841,0.0701505161505162,0.109680931917325,1.32277282037188,0.00018236242502105,0.00135721314177358,5,0,0,32.6,28.2,4,4,3391,"+","Interval_2453",0,TRUE,FALSE,TRUE,FALSE,FALSE,FALSE,FALSE,"Kidney_hypermethylated"
2356,"chr18",66421222,66421930,2454,0.153458416443789,0.35613793282107,-0.202679516377281,-1.12641006025168,0.0180339240113636,0.0370011562770716,5,0,0,29.2,29.1,3.8,3.6,2995,"+","Interval_2454",0,FALSE,FALSE,FALSE,FALSE,FALSE,FALSE,FALSE,"Liver_hypermethylated"
2357,"chr18",66427329,66427591,2455,0.300160082972583,0.120821822782334,0.179338260190249,1.24540980492837,0.0020511218827793,0.00722714677160482,1,0,0,34,28.5,4,4,2476,"+","Interval_2455",0,TRUE,FALSE,TRUE,FALSE,FALSE,FALSE,FALSE,"Kidney_hypermethylated"
2358,"chr18",66442155,66442674,2456,0.340057291363718,0.0916618444191974,0.248395446944521,1.44476377641936,0.00400456713164192,0.0117237089204095,3,0,0,21.25,18.25,4,4,2099,"+","Interval_2456",0,TRUE,FALSE,TRUE,FALSE,FALSE,FALSE,FALSE,"Kidney_hypermethylated"
2360,"chr18",66467989,66468365,2458,0.786490816615195,0.212408982732293,0.574081833882902,2.07062289725456,1.43610131518419e-05,0.000335615367957899,12,0,0,19.3125,20.0416666666667,4,4,402,"+","Interval_2458",0,TRUE,FALSE,TRUE,FALSE,FALSE,FALSE,FALSE,"Kidney_hypermethylated"
2362,"chr18",66475469,66475978,2460,0.0723561637476269,0.162224326183717,-0.0898681624360906,-1.53369924446835,0.00750319983587263,0.0190211068446524,15,0,0,25.15,26.8666666666667,4,4,3670,"+","Interval_2460",0,FALSE,FALSE,FALSE,FALSE,FALSE,FALSE,FALSE,"Liver_hypermethylated"
2364,"chr18",66477913,66478240,2462,0.852334390415786,0.323106060606061,0.529228329809725,1.37226581373383,2.22401882785184e-05,0.000423114417868407,1,0,0,32.5,34.25,4,4,1131,"+","Interval_2462",0,FALSE,FALSE,FALSE,FALSE,FALSE,FALSE,FALSE,"Kidney_hypermethylated"
2365,"chr18",66488458,66489132,2463,0.912773561330843,0.626989025435199,0.285784535895644,0.559802614273815,0.0012118732060965,0.0048993163496467,5,0,0,25,26.6,3.8,4,2897,"+","Interval_2463",0,TRUE,FALSE,TRUE,FALSE,FALSE,FALSE,FALSE,"Kidney_hypermethylated"
2366,"chr18",66492277,66492473,2464,0.910343207155821,0.508773946360153,0.401569260795667,0.827065932999054,1.02638936673383e-05,0.00028917201120448,1,0,0,35.5,26,4,4,2116,"+","Interval_2464",0,FALSE,FALSE,FALSE,FALSE,FALSE,FALSE,FALSE,"Kidney_hypermethylated"
2367,"chr18",66503121,66503370,2465,0.814588285470201,0.562472484683747,0.252115800786454,0.546101831873381,0.000723258499569077,0.00346408688998595,2,0,0,32.125,31.625,4,4,2948,"+","Interval_2465",0,FALSE,FALSE,FALSE,FALSE,FALSE,FALSE,FALSE,"Kidney_hypermethylated"
2372,"chr18",66583420,66583657,2470,0.0677664849131353,0.514313967951683,-0.446547483038548,-2.83389435351838,0.00118816289189422,0.00483797532744548,3,0,0,33.3333333333333,31.3333333333333,4,4,1509,"+","Interval_2470",0,FALSE,FALSE,FALSE,FALSE,FALSE,FALSE,FALSE,"Liver_hypermethylated"
2373,"chr18",66648751,66648983,2471,0.939401362614124,0.695837068297521,0.243564294316603,0.448737459433291,0.000860707311197583,0.00390047671630468,5,0,0,27.6,24.3,4,4,3320,"+","Interval_2471",0,FALSE,TRUE,TRUE,FALSE,FALSE,FALSE,FALSE,"Kidney_hypermethylated"
2374,"chr18",66703017,66703291,2472,0.301746669477287,0.468925395096614,-0.167178725619326,-0.682552800779153,0.00993555152127352,0.023482293883933,7,0,0,36.8214285714286,33.2857142857143,4,4,2630,"+","Interval_2472",0,FALSE,FALSE,FALSE,FALSE,FALSE,FALSE,FALSE,"Liver_hypermethylated"
2378,"chr18",66984237,66984649,2477,0.799032126292301,0.244387877053182,0.554644249239118,1.72878427222308,1.02937463244594e-05,0.00028917201120448,5,0,0,28.2,28.75,4,4,721,"+","Interval_2477",0,FALSE,FALSE,FALSE,FALSE,FALSE,FALSE,FALSE,"Kidney_hypermethylated"
2385,"chr18",67248590,67249096,2484,0.576672136283142,0.14737037660122,0.429301759681922,1.89077708278109,4.48651930377824e-05,0.000596745911725482,5,0,0,23.6,26.35,4,4,648,"+","Interval_2484",0,FALSE,FALSE,FALSE,FALSE,FALSE,TRUE,TRUE,"Kidney_hypermethylated"
2386,"chr18",67251990,67252886,2485,0.312909783287988,0.677973498052684,-0.365063714764696,-1.25049294880113,0.000117351805974842,0.00102606001872238,9,0,0,28.7777777777778,30.5,4,4,1301,"+","Interval_2485",0,FALSE,FALSE,FALSE,FALSE,FALSE,FALSE,FALSE,"Liver_hypermethylated"
2387,"chr18",67262859,67263350,2486,0.153687152228149,0.633287941353895,-0.479600789125746,-2.32110519335981,0.000261168112079465,0.00173876278302092,9,0,0,24.3333333333333,28.9166666666667,4,4,923,"+","Interval_2486",0,FALSE,TRUE,TRUE,FALSE,FALSE,FALSE,FALSE,"Liver_hypermethylated"
2394,"chr18",67307896,67308364,2493,0.321813555499211,0.631603730253519,-0.309790174754308,-1.09920495728104,0.00100880914538886,0.00433505748140876,7,0,0,23.25,22.2142857142857,4,4,1543,"+","Interval_2493",0,FALSE,FALSE,FALSE,FALSE,FALSE,FALSE,FALSE,"Liver_hypermethylated"
2395,"chr18",67311992,67312409,2494,0.239534382132119,0.634330602460978,-0.394796220328859,-1.59679034024876,4.6243154662438e-05,0.000612898558137289,5,0,0,23.5,22.8,4,4,856,"+","Interval_2494",0,FALSE,FALSE,FALSE,FALSE,FALSE,FALSE,FALSE,"Liver_hypermethylated"
2398,"chr18",67324253,67324828,2497,0.590632612482087,0.332631341227129,0.258001271254958,1.25808503024485,0.00245214395074194,0.00821167551896959,16,0,0,32.078125,28.796875,4,3.9375,1835,"+","Interval_2497",0,FALSE,FALSE,FALSE,FALSE,FALSE,FALSE,FALSE,"Kidney_hypermethylated"
2400,"chr18",67348605,67349187,2499,0.588330012898978,0.0639537727484156,0.524376240150563,3.22836772727108,0.000112031302231702,0.00100773250649645,2,0,0,31,33.375,4,4,682,"+","Interval_2499",0,FALSE,FALSE,FALSE,FALSE,FALSE,TRUE,TRUE,"Kidney_hypermethylated"
2404,"chr18",67396513,67397112,2503,0.164036890747553,0.51764226542813,-0.353605374680578,-1.80454470945293,0.000154914411282776,0.00122673847594414,14,0,0,25.25,26.9107142857143,4,4,994,"+","Interval_2503",0,FALSE,FALSE,FALSE,FALSE,FALSE,FALSE,FALSE,"Liver_hypermethylated"
2405,"chr18",67435622,67437240,2504,0.846349733622186,0.252793550680228,0.593556182941958,1.90008189561485,0.000197937198213941,0.00142928799415355,18,0,0,26.6944444444444,31.8333333333333,4,4,851,"+","Interval_2504",0,FALSE,FALSE,FALSE,FALSE,FALSE,TRUE,TRUE,"Kidney_hypermethylated"
2409,"chr18",67469284,67469688,2508,0.77191631561889,0.251055095059008,0.520861220559882,1.87025711143537,4.46952164397489e-06,0.000205871252523945,6,0,0,29.4166666666667,35.7083333333333,4,4,576,"+","Interval_2508",0,FALSE,FALSE,FALSE,FALSE,FALSE,FALSE,FALSE,"Kidney_hypermethylated"
2411,"chr18",67497901,67498207,2510,0.373464821218054,0.884499569057435,-0.511034747839381,-1.24881658721711,1.45286685584573e-05,0.000336667453042492,4,0,0,25.9375,33.9375,4,4,1304,"+","Interval_2510",0,FALSE,FALSE,FALSE,FALSE,FALSE,FALSE,FALSE,"Liver_hypermethylated"
2414,"chr18",67560608,67561987,2513,0.712675555893462,0.19359481456161,0.519080741331852,1.73165601695245,1.15974471393559e-05,0.000303260904984435,10,0,0,32.8,33.125,4,4,719,"+","Interval_2513",0,FALSE,FALSE,FALSE,FALSE,FALSE,TRUE,TRUE,"Kidney_hypermethylated"
2415,"chr18",67573090,67573963,2514,0.852211169645545,0.301027978527075,0.551183191118469,1.62686400637033,3.53865917529734e-05,0.000531664074136972,12,0,0,30.625,29.3958333333333,4,4,825,"+","Interval_2514",0,FALSE,FALSE,FALSE,FALSE,FALSE,TRUE,TRUE,"Kidney_hypermethylated"
2417,"chr18",67592841,67593296,2517,0.776322960709683,0.163916141663961,0.612406819045721,2.29804567837254,5.87260298917684e-06,0.000219784352681278,3,0,0,26.8333333333333,29.4166666666667,4,4,234,"+","Interval_2517",0,FALSE,FALSE,FALSE,FALSE,FALSE,FALSE,FALSE,"Kidney_hypermethylated"
2418,"chr18",67597925,67598498,2518,0.566881926924928,0.701110121634178,-0.13422819470925,-0.360802054075363,0.00315644472054692,0.00981596802012188,11,0,0,30.8863636363636,35.0454545454545,4,4,3738,"+","Interval_2518",0,FALSE,FALSE,FALSE,FALSE,FALSE,FALSE,FALSE,"Liver_hypermethylated"
2420,"chr18",67639491,67639853,2520,0.682270296459187,0.399348730853845,0.282921565605342,1.020484983321,0.00141030084376521,0.00546080572459812,5,0,0,28.25,34.3,4,4,1687,"+","Interval_2520",0,FALSE,FALSE,FALSE,FALSE,FALSE,TRUE,TRUE,"Kidney_hypermethylated"
2422,"chr18",67666590,67667220,2522,0.922773163631405,0.363386239375608,0.559386924255796,1.51573581643512,0.00108371990432775,0.00453332798644929,9,0,0,34.8611111111111,32.3333333333333,4,4,1469,"+","Interval_2522",0,FALSE,FALSE,FALSE,FALSE,FALSE,TRUE,TRUE,"Kidney_hypermethylated"
2423,"chr18",67670213,67670942,2523,0.921612956016265,0.226256822066113,0.695356133950152,2.18432047464442,7.74746137383635e-05,0.000836698596524154,6,0,0,32.2916666666667,33.5416666666667,4,4,569,"+","Interval_2523",0,FALSE,FALSE,FALSE,FALSE,FALSE,TRUE,TRUE,"Kidney_hypermethylated"
2424,"chr18",67699450,67700013,2524,0.612385847932913,0.174125267351972,0.438260580580942,1.80747706592831,1.47975635843745e-05,0.000337716273686725,4,0,0,39.375,36.375,4,4,644,"+","Interval_2524",0,FALSE,FALSE,FALSE,FALSE,FALSE,FALSE,FALSE,"Kidney_hypermethylated"
2432,"chr18",67817931,67818876,2532,0.941307319872044,0.305834566354466,0.635472753517578,1.79620136396418,1.61293508840161e-06,0.000151200778386532,9,0,0,33.0277777777778,34.25,4,4,659,"+","Interval_2532",0,FALSE,FALSE,FALSE,FALSE,FALSE,TRUE,TRUE,"Kidney_hypermethylated"
2433,"chr18",67876375,67877327,2533,0.231081737735432,0.490035858137908,-0.258954120402477,-0.707466686231009,0.000144269832610502,0.00117029026934153,4,0,0,25.9375,28.125,4,4,2425,"+","Interval_2533",0,FALSE,FALSE,FALSE,FALSE,FALSE,FALSE,FALSE,"Liver_hypermethylated"
2435,"chr18",67938495,67939218,2536,0.512162500527424,0.5818689017806,-0.0697064012531756,-0.293967483136334,0.0154542797770427,0.032943467944578,11,0,0,24.4772727272727,26.2727272727273,4,4,4116,"+","Interval_2536",0,FALSE,FALSE,FALSE,FALSE,FALSE,FALSE,FALSE,"Liver_hypermethylated"
2437,"chr18",68009503,68010132,2538,0.447812995439601,0.62650729472234,-0.178694299282739,-0.530399195463625,0.0112416052052284,0.0257759940246749,11,0,0,31.3409090909091,30.6136363636364,4,4,3005,"+","Interval_2538",0,FALSE,FALSE,FALSE,FALSE,FALSE,FALSE,FALSE,"Liver_hypermethylated"
2438,"chr18",68020407,68020644,2539,0.530622358807946,0.699958055221213,-0.169335696413267,-0.393112612367022,0.0243379556633464,0.0467364804847698,1,0,0,36.75,40.75,4,4,3585,"+","Interval_2539",0,FALSE,FALSE,FALSE,FALSE,FALSE,FALSE,FALSE,"Liver_hypermethylated"
2439,"chr18",68042700,68042927,2540,0.884559612786612,0.727051645231028,0.157507967555585,0.286606554140879,0.0108152021615774,0.0250601120976219,6,0,0,27.5416666666667,28.9583333333333,4,4,4155,"+","Interval_2540",0,FALSE,FALSE,FALSE,FALSE,FALSE,FALSE,FALSE,"Kidney_hypermethylated"
2442,"chr18",68062159,68062484,2544,0.712585526367002,0.505337504243134,0.207248022123868,0.572841777056147,0.00447338105880086,0.0127855472587587,6,0,0,23.625,22.75,4,4,2848,"+","Interval_2544",0,FALSE,FALSE,FALSE,FALSE,FALSE,FALSE,FALSE,"Kidney_hypermethylated"
2444,"chr18",68084559,68085506,2546,0.157740694068448,0.629088221511953,-0.471347527443505,-2.17942495901176,8.03204748971452e-05,0.000846774701952467,14,0,0,29.0892857142857,30.6964285714286,4,4,582,"+","Interval_2546",0,FALSE,FALSE,FALSE,FALSE,FALSE,FALSE,FALSE,"Liver_hypermethylated"
2447,"chr18",68119053,68119463,2549,0.19699383614396,0.703581100237607,-0.506587264093647,-1.86477593905855,0.000457220238404267,0.00252487214106914,4,0,0,24,26.25,4,4,1112,"+","Interval_2549",0,FALSE,FALSE,FALSE,FALSE,FALSE,FALSE,FALSE,"Liver_hypermethylated"
2449,"chr18",68148231,68148476,2551,0.70791244094791,0.424870884340294,0.283041556607616,0.868956107127416,0.00160349593623388,0.00600822105375438,4,0,0,32.125,32.9375,4,4,2025,"+","Interval_2551",0,FALSE,FALSE,FALSE,FALSE,FALSE,FALSE,FALSE,"Kidney_hypermethylated"
2450,"chr18",68156770,68156994,2552,0.0826044891640867,0.0380747190386113,0.0445297701254754,0.945803706240511,0.0217031265432009,0.0427317246420922,1,0,0,36.5,43.75,4,4,4395,"+","Interval_2552",0,FALSE,FALSE,FALSE,FALSE,FALSE,FALSE,FALSE,"Kidney_hypermethylated"
2452,"chr18",68159871,68160574,2554,0.402317035490591,0.10124171560844,0.301075319882151,1.86134837097858,0.00012653825661035,0.00107697726713379,11,0,0,31.0681818181818,31.3409090909091,4,4,1341,"+","Interval_2554",0,FALSE,FALSE,FALSE,FALSE,FALSE,FALSE,FALSE,"Kidney_hypermethylated"
2453,"chr18",68178077,68178462,2555,0.344249370601279,0.637714379554814,-0.293465008953534,-1.10992871449148,0.000245950131522344,0.00166633247872635,9,0,0,41.8055555555556,42.5277777777778,4,4,1521,"+","Interval_2555",0,FALSE,FALSE,FALSE,FALSE,FALSE,FALSE,FALSE,"Liver_hypermethylated"
2456,"chr18",68195915,68196396,2558,0.450251223347719,0.097585169400527,0.352666053947192,2.09768309480566,0.00138334061844508,0.00539222318436349,6,0,0,27.5,30.6666666666667,4,4,1576,"+","Interval_2558",0,FALSE,FALSE,FALSE,FALSE,FALSE,TRUE,TRUE,"Kidney_hypermethylated"
2457,"chr18",68198871,68199748,2559,0.895178707651216,0.507345807132185,0.387832900519031,0.877656963992484,1.51407706667495e-05,0.000339562174259764,5,0,0,34.65,37.35,4,4,2000,"+","Interval_2559",0,FALSE,FALSE,FALSE,FALSE,FALSE,TRUE,TRUE,"Kidney_hypermethylated"
2458,"chr18",68208871,68209491,2560,0.886734136237291,0.684637132254191,0.2020970039831,0.382300658933404,0.00180398733788163,0.00657893305120631,6,0,0,35.2083333333333,39.7916666666667,4,4,3634,"+","Interval_2560",0,FALSE,FALSE,FALSE,FALSE,FALSE,TRUE,TRUE,"Kidney_hypermethylated"
2459,"chr18",68218634,68220502,2561,0.715862903553022,0.285449814810066,0.430413088742956,1.89126827374403,0.000373801768865124,0.00223227586946179,12,0,0,26.25,28.875,4,4,1029,"+","Interval_2561",0,FALSE,FALSE,FALSE,FALSE,FALSE,TRUE,TRUE,"Kidney_hypermethylated"
2460,"chr18",68227258,68228052,2562,0.662309715747216,0.232685154374648,0.429624561372567,1.99963897830003,0.00152604630451838,0.00579552896100954,6,0,0,20.0833333333333,23.4583333333333,4,4,1618,"+","Interval_2562",0,FALSE,FALSE,FALSE,FALSE,FALSE,TRUE,TRUE,"Kidney_hypermethylated"
2461,"chr18",68230051,68231020,2563,0.607255355577352,0.330005382190491,0.277249973386861,1.39387089518426,0.00171112024867706,0.00632478991095696,15,0,0,30.3,32.1,4,4,1662,"+","Interval_2563",0,TRUE,FALSE,TRUE,FALSE,FALSE,TRUE,TRUE,"Kidney_hypermethylated"
2462,"chr18",68236116,68236401,2564,0.2543706039136,0.834175749185128,-0.579805145271528,-1.72563607650296,3.37965184752872e-07,0.000124617339437297,7,0,0,28.1071428571429,29.3214285714286,4,4,723,"+","Interval_2564",0,FALSE,FALSE,FALSE,FALSE,FALSE,FALSE,FALSE,"Liver_hypermethylated"
2464,"chr18",68273988,68275415,2566,0.881653869943615,0.582004356860138,0.299649513083476,0.848648628644634,0.000856857310179367,0.00388589532918982,15,0,0,32.3333333333333,36.1833333333333,4,4,2059,"+","Interval_2566",0,FALSE,FALSE,FALSE,FALSE,FALSE,TRUE,TRUE,"Kidney_hypermethylated"
2467,"chr18",68397426,68398195,2569,0.846504072322461,0.324054394911154,0.522449677411308,1.4568521067108,0.000157000306794943,0.00123081915646214,4,0,0,28.6875,31.75,4,4,1039,"+","Interval_2569",0,FALSE,FALSE,FALSE,FALSE,FALSE,FALSE,FALSE,"Kidney_hypermethylated"
2468,"chr18",68403483,68404040,2570,0.869270756177725,0.257914250975797,0.611356505201928,1.84845305695504,1.89039921208197e-05,0.000384652422458401,12,0,0,34.3958333333333,35.9583333333333,4,4,601,"+","Interval_2570",0,FALSE,FALSE,FALSE,FALSE,FALSE,FALSE,FALSE,"Kidney_hypermethylated"
2469,"chr18",68429149,68429686,2571,0.198160711683482,0.289690529136888,-0.091529817453406,-0.374185980862973,0.0187097513190783,0.0380826173752024,5,0,0,37.15,38.8,4,4,3663,"+","Interval_2571",0,FALSE,FALSE,FALSE,FALSE,FALSE,FALSE,FALSE,"Liver_hypermethylated"
2471,"chr18",68440670,68441197,2573,0.886318825212177,0.709177694889651,0.177141130322525,0.3294452016063,0.00794048824739117,0.0198916837669053,5,0,0,17.7,19.35,4,4,3904,"+","Interval_2573",0,FALSE,FALSE,FALSE,FALSE,FALSE,FALSE,FALSE,"Kidney_hypermethylated"
2472,"chr18",68465422,68466078,2574,0.861029540108538,0.107430394658052,0.753599145450486,3.03760917252762,1.1849119137755e-05,0.000306342029972925,11,0,0,21.4772727272727,25.5909090909091,3.81818181818182,3.90909090909091,237,"+","Interval_2574",0,FALSE,FALSE,FALSE,FALSE,FALSE,FALSE,FALSE,"Kidney_hypermethylated"
2474,"chr18",68472179,68472515,2576,0.832446817851314,0.242373281238488,0.590073536612826,1.8079637240697,5.12463322745064e-05,0.000658804836457828,5,0,0,25.65,27.5,4,4,641,"+","Interval_2576",0,FALSE,FALSE,FALSE,FALSE,FALSE,FALSE,FALSE,"Kidney_hypermethylated"
2476,"chr18",68499111,68499367,2578,0.765861251540599,0.37561521766115,0.390246033879449,1.18718062414596,0.00223841904053157,0.00771599941849222,3,0,0,27.9166666666667,28.25,4,4,1782,"+","Interval_2578",0,FALSE,FALSE,FALSE,FALSE,FALSE,FALSE,FALSE,"Kidney_hypermethylated"
2477,"chr18",68573517,68573711,2579,0.879895577395577,0.481666127989657,0.39822944940592,0.855957088512385,0.000836884399325768,0.00382069437879409,1,0,0,26,28.25,4,4,2047,"+","Interval_2579",0,FALSE,FALSE,FALSE,FALSE,FALSE,FALSE,FALSE,"Kidney_hypermethylated"
2478,"chr18",68590361,68590973,2580,0.510516103241082,0.703563209904594,-0.193047106663512,-0.49830008812744,0.00516689175998468,0.0142580266095924,8,0,0,26.90625,24.40625,4,4,3125,"+","Interval_2580",0,FALSE,FALSE,FALSE,FALSE,FALSE,FALSE,FALSE,"Liver_hypermethylated"
2479,"chr18",68679006,68679261,2581,0.361413047030425,0.538587427904458,-0.177174380874033,-0.609226723696554,0.0157742481796508,0.0333940976216054,3,0,0,34.4166666666667,33.25,4,4,2902,"+","Interval_2581",0,FALSE,FALSE,FALSE,FALSE,FALSE,FALSE,FALSE,"Liver_hypermethylated"
2480,"chr18",68710106,68710377,2582,0.466347233366684,0.311349281648143,0.154997951718541,0.618774781474444,0.0101960389298682,0.023994278375491,2,0,0,22.125,22.125,4,4,2794,"+","Interval_2582",0,FALSE,FALSE,FALSE,FALSE,FALSE,FALSE,FALSE,"Kidney_hypermethylated"
2481,"chr18",68711103,68711532,2583,0.119590912188905,0.436953227135524,-0.317362314946618,-2.25727808774745,0.000278363810656236,0.00181010118146303,7,0,0,29.75,30,4,4,1215,"+","Interval_2583",0,FALSE,FALSE,FALSE,FALSE,FALSE,FALSE,FALSE,"Liver_hypermethylated"
2483,"chr18",68829165,68829521,2585,0.567391149351313,0.308775390145285,0.258615759206028,0.896864839363551,0.00124739298676229,0.0049871372177321,5,0,0,31.95,33.85,4,4,1941,"+","Interval_2585",0,FALSE,FALSE,FALSE,FALSE,FALSE,FALSE,FALSE,"Kidney_hypermethylated"
2484,"chr18",68870862,68871939,2586,0.241979223227204,0.582849258623173,-0.34087003539597,-1.30491164463565,0.000363830395737506,0.00219128642058285,26,0,0,26.2211538461538,24.9134615384615,4,4,1220,"+","Interval_2586",0,FALSE,TRUE,TRUE,FALSE,TRUE,FALSE,TRUE,"Liver_hypermethylated"
2485,"chr18",68942319,68944200,2587,0.137010215806146,0.579455540842447,-0.442445325036301,-2.31449802952296,0.00018469142222636,0.00135918775062322,37,0,0,23.6351351351351,22.8783783783784,3.97297297297297,3.89189189189189,834,"+","Interval_2587",0,FALSE,FALSE,FALSE,FALSE,FALSE,FALSE,FALSE,"Liver_hypermethylated"
2486,"chr18",68975645,68975977,2588,0.917424616714854,0.695959357428917,0.221465259285937,0.415855342649386,0.0161442044899758,0.0340014231120447,7,0,0,23.1428571428571,21.8571428571429,3.85714285714286,4,3478,"+","Interval_2588",0,FALSE,FALSE,FALSE,FALSE,FALSE,FALSE,FALSE,"Kidney_hypermethylated"
2488,"chr18",69015866,69016311,2590,0.172319491835289,0.604982885773513,-0.432663393938224,-1.89006104906778,0.000311620888033653,0.00195898104478296,14,0,0,19.4107142857143,18.7321428571429,4,4,977,"+","Interval_2590",0,FALSE,FALSE,FALSE,FALSE,FALSE,FALSE,FALSE,"Liver_hypermethylated"
2490,"chr18",69083998,69085219,2592,0.169498481551803,0.331413210011471,-0.161914728459668,-1.06564081702888,0.00807322214594532,0.0201175791106383,27,0,0,28.7407407407407,26.712962962963,4,3.92592592592593,2706,"+","Interval_2592",0,FALSE,FALSE,FALSE,FALSE,FALSE,FALSE,FALSE,"Liver_hypermethylated"
2491,"chr18",69118445,69118678,2593,0.434714131958587,0.642693228110932,-0.207979096152346,-0.531443922242297,0.00211003590582882,0.00738392405542035,4,0,0,39.375,33.5625,4,4,3002,"+","Interval_2593",0,FALSE,FALSE,FALSE,FALSE,FALSE,FALSE,FALSE,"Liver_hypermethylated"
2494,"chr18",69152131,69152716,2596,0.755694717573761,0.782445938622873,-0.0267512210491117,-0.0956575317784713,0.013211964816233,0.0292462261512075,16,0,0,23.640625,23.8125,4,4,5374,"+","Interval_2596",0,FALSE,FALSE,FALSE,FALSE,FALSE,FALSE,FALSE,"Liver_hypermethylated"
2495,"chr18",69169284,69169663,2597,0.914028821957463,0.613615865576498,0.300412956380965,0.581457227013387,0.0024350546531684,0.00816780067888638,3,0,0,30.5,25.9166666666667,4,4,2818,"+","Interval_2597",0,FALSE,FALSE,FALSE,FALSE,FALSE,FALSE,FALSE,"Kidney_hypermethylated"
2499,"chr18",69270591,69270963,2602,0.471208060698125,0.63154285092352,-0.160334790225396,-0.458872868754196,0.0144732573480925,0.0314158129297168,4,0,0,40.8125,35.5,4,4,3276,"+","Interval_2602",0,FALSE,FALSE,FALSE,FALSE,FALSE,FALSE,FALSE,"Liver_hypermethylated"
2502,"chr18",69352009,69352701,2605,0.266816474747562,0.525995888325246,-0.259179413577685,-1.01394589753185,0.000461908092434187,0.00254542268372275,7,0,0,38.0714285714286,37.2857142857143,4,4,1697,"+","Interval_2605",0,FALSE,FALSE,FALSE,FALSE,FALSE,FALSE,FALSE,"Liver_hypermethylated"
2505,"chr18",69393342,69393661,2608,0.788663293429417,0.633358092271011,0.155305201158407,0.309078176551184,0.0236066259744676,0.0456315560280287,7,0,0,33.0714285714286,33.5357142857143,4,4,4026,"+","Interval_2608",0,FALSE,FALSE,FALSE,FALSE,FALSE,FALSE,FALSE,"Kidney_hypermethylated"
2506,"chr18",69394824,69395575,2609,0.701261442706377,0.226411925894168,0.474849516812209,1.78860930806511,2.62799699361249e-06,0.000175533060062486,6,0,0,40.4166666666667,38.75,4,4,672,"+","Interval_2609",0,FALSE,FALSE,FALSE,FALSE,FALSE,FALSE,FALSE,"Kidney_hypermethylated"
2507,"chr18",69404898,69405130,2610,0.872062095563669,0.659180280740765,0.212881814822904,0.431443066799111,0.000251047280672215,0.00169339795799205,5,0,0,37,30.7,4,4,3408,"+","Interval_2610",0,FALSE,FALSE,FALSE,FALSE,FALSE,FALSE,FALSE,"Kidney_hypermethylated"
2508,"chr18",69415529,69416116,2611,0.314428307671191,0.121794140542108,0.192634167129083,1.25846399376475,0.00765167884220582,0.0193337033245702,10,0,0,27.9,27.9,4,4,2432,"+","Interval_2611",0,FALSE,FALSE,FALSE,FALSE,FALSE,FALSE,FALSE,"Kidney_hypermethylated"
2509,"chr18",69428619,69429264,2612,0.391530916048956,0.656270523508595,-0.264739607459639,-0.904432531229204,0.000829689925683029,0.00380334751352123,12,0,0,36.75,35.625,4,4,1926,"+","Interval_2612",0,FALSE,FALSE,FALSE,FALSE,FALSE,FALSE,FALSE,"Liver_hypermethylated"
2510,"chr18",69462466,69463543,2613,0.585582434112322,0.737105912331445,-0.151523478219123,-0.405419938406293,0.00690858454291182,0.0178750534805024,18,0,0,31.8055555555556,32.7638888888889,4,4,3528,"+","Interval_2613",0,FALSE,FALSE,FALSE,FALSE,FALSE,FALSE,FALSE,"Liver_hypermethylated"
2512,"chr18",69469327,69469816,2615,0.419545710272921,0.673460113491249,-0.253914403218328,-0.681738072533142,0.00196630386446441,0.00702088160786393,6,0,0,32.25,32.1666666666667,4,4,2492,"+","Interval_2615",0,FALSE,FALSE,FALSE,FALSE,FALSE,FALSE,FALSE,"Liver_hypermethylated"
2513,"chr18",69477022,69477273,2616,0.313905667983737,0.630878179281341,-0.316972511297605,-1.26347432156245,0.000273060598377025,0.00178886713968744,4,0,0,29.8125,35.5,4,4,1283,"+","Interval_2616",0,FALSE,FALSE,FALSE,FALSE,FALSE,FALSE,FALSE,"Liver_hypermethylated"
2514,"chr18",69498937,69499580,2617,0.263168980999797,0.730517755970167,-0.467348774970369,-1.57961286306738,0.000146907240889863,0.00118782236219501,14,0,0,21.6428571428571,23.875,4,4,874,"+","Interval_2617",0,FALSE,FALSE,FALSE,FALSE,FALSE,FALSE,FALSE,"Liver_hypermethylated"
2516,"chr18",69521404,69521792,2619,0.273185478512303,0.454648091514419,-0.181462613002116,-0.5845248850729,0.00202652666897318,0.00717000569373361,8,0,0,23.71875,21.96875,4,4,2808,"+","Interval_2619",0,FALSE,FALSE,FALSE,FALSE,FALSE,FALSE,FALSE,"Liver_hypermethylated"
2517,"chr18",69527969,69528422,2620,0.849115271407861,0.492817542789357,0.356297728618504,0.91600871032122,3.89761079444929e-05,0.000553115727206479,6,0,0,41.5833333333333,39.7916666666667,4,4,1900,"+","Interval_2620",0,FALSE,FALSE,FALSE,FALSE,FALSE,FALSE,FALSE,"Kidney_hypermethylated"
2519,"chr18",69547439,69548081,2622,0.316881520490378,0.532064162440506,-0.215182641950129,-1.16262664503012,0.0118149412038083,0.0268501529946013,3,0,0,21.25,20.3333333333333,3.66666666666667,4,2704,"+","Interval_2622",0,FALSE,FALSE,FALSE,FALSE,FALSE,FALSE,FALSE,"Liver_hypermethylated"
2522,"chr18",69586265,69586645,2625,0.822999167142176,0.49271807752403,0.330281089618146,0.742404537183607,0.00137525832534755,0.00537251265687265,5,0,0,32.05,26.5,4,4,2340,"+","Interval_2625",0,FALSE,FALSE,FALSE,FALSE,FALSE,FALSE,FALSE,"Kidney_hypermethylated"
2524,"chr18",69613669,69615093,2627,0.0650458609505238,0.545634952206894,-0.48058909125637,-3.50302785561772,9.05407958512581e-05,0.000900659516556748,31,0,0,15.2983870967742,15.5403225806452,3.2258064516129,3.35483870967742,617,"+","Interval_2627",0,FALSE,FALSE,FALSE,FALSE,FALSE,FALSE,FALSE,"Liver_hypermethylated"
2526,"chr18",69660440,69660775,2629,0.245008215216927,0.422150847077045,-0.177142631860119,-0.737097877448908,0.0140054234566826,0.0306240143294245,3,0,0,24.4166666666667,25,4,4,2810,"+","Interval_2629",0,FALSE,FALSE,FALSE,FALSE,FALSE,FALSE,FALSE,"Liver_hypermethylated"
2527,"chr18",69662241,69662813,2630,0.814522070131403,0.167899327810686,0.646622742320718,2.48463556859949,0.000289759535584622,0.00185800382759547,9,0,0,21.4722222222222,22.4166666666667,3.77777777777778,3.77777777777778,958,"+","Interval_2630",0,FALSE,FALSE,FALSE,FALSE,FALSE,FALSE,FALSE,"Kidney_hypermethylated"
2528,"chr18",69665470,69665724,2631,0.436179802291748,0.604635058389389,-0.168455256097641,-0.474779876204341,0.0181947663424907,0.0372441169802151,4,0,0,29.6875,29.375,4,4,3203,"+","Interval_2631",0,FALSE,FALSE,FALSE,FALSE,FALSE,FALSE,FALSE,"Liver_hypermethylated"
2530,"chr18",69689620,69689832,2634,0.944249409848418,0.716588548149768,0.22766086169865,0.39868001994371,0.000775980873056957,0.00363552774768404,6,0,0,32.4583333333333,37.5833333333333,4,4,3554,"+","Interval_2634",0,FALSE,FALSE,FALSE,FALSE,FALSE,FALSE,FALSE,"Kidney_hypermethylated"
2532,"chr18",69781856,69782620,2636,0.566622127796085,0.127968465398111,0.438653662397974,2.12586114534218,0.00011207883751108,0.00100773250649645,7,0,0,30.3571428571429,29.8571428571429,4,4,683,"+","Interval_2636",0,FALSE,FALSE,FALSE,FALSE,FALSE,FALSE,FALSE,"Kidney_hypermethylated"
2533,"chr18",69794266,69795280,2637,0.0516735378637364,0.405051557785263,-0.353378019921527,-3.21900810056096,2.26887364352177e-05,0.000424373710092416,28,0,0,22.9642857142857,25,3.92857142857143,4,997,"+","Interval_2637",0,FALSE,FALSE,FALSE,FALSE,TRUE,FALSE,TRUE,"Liver_hypermethylated"
2534,"chr18",69795978,69796367,2638,0.0341227435410894,0.0991263465009886,-0.0650036029598993,-1.27070832998957,0.0232953341719947,0.0451149790377899,15,0,0,22.3333333333333,21.0666666666667,4,4,4018,"+","Interval_2638",0,FALSE,FALSE,FALSE,FALSE,FALSE,FALSE,FALSE,"Liver_hypermethylated"
2535,"chr18",69805994,69806261,2639,0.186164051754627,0.670205527596943,-0.484041475842316,-1.98542086755488,6.58313572878736e-05,0.000765257257905094,2,0,0,39.25,43.625,4,4,528,"+","Interval_2639",0,FALSE,FALSE,FALSE,FALSE,FALSE,FALSE,FALSE,"Liver_hypermethylated"
2536,"chr18",69832634,69832978,2640,0.122459707293145,0.443514007678376,-0.32105430038523,-1.79109867740628,3.10722115157668e-05,0.000502470367801018,4,0,0,39.75,39.5,4,4,1190,"+","Interval_2640",0,FALSE,FALSE,FALSE,FALSE,FALSE,FALSE,FALSE,"Liver_hypermethylated"
2538,"chr18",69925001,69926100,2642,0.163605442949058,0.235262799291648,-0.0716573563425892,-1.62893417935096,0.00102942484382911,0.00439511721220588,30,0,0,20.1083333333333,19.6333333333333,3.63333333333333,3.83333333333333,3917,"+","Interval_2642",0,FALSE,FALSE,FALSE,FALSE,FALSE,FALSE,FALSE,"Liver_hypermethylated"
2539,"chr18",69937920,69938252,2643,0.311746563444356,0.581559181559182,-0.269812618114825,-0.878597768633191,0.000544375195958349,0.00285535408292319,1,0,0,33.5,30.5,4,4,1997,"+","Interval_2643",0,FALSE,FALSE,FALSE,FALSE,FALSE,FALSE,FALSE,"Liver_hypermethylated"
2540,"chr18",69938752,69939064,2644,0.395633366481814,0.550444937272206,-0.154811570790392,-0.627450867848937,0.00291694665576569,0.00927776252571436,8,0,0,36.71875,36.21875,4,4,2796,"+","Interval_2644",0,FALSE,FALSE,FALSE,FALSE,FALSE,FALSE,FALSE,"Liver_hypermethylated"
2541,"chr18",69946730,69947029,2645,0.680029021653998,0.164217587690622,0.515811433963376,2.03027553217874,1.21375361739641e-06,0.000135880492616173,4,0,0,35.375,37.5625,4,4,438,"+","Interval_2645",0,FALSE,FALSE,FALSE,FALSE,FALSE,FALSE,FALSE,"Kidney_hypermethylated"
2543,"chr18",70000518,70001345,2647,0.84582482740547,0.181563408768978,0.664261418636492,2.21706297931194,7.45639059881704e-07,0.000124999888511622,7,0,0,39.7142857142857,41.25,4,4,290,"+","Interval_2647",0,FALSE,FALSE,FALSE,FALSE,FALSE,TRUE,TRUE,"Kidney_hypermethylated"
2544,"chr18",70024350,70024745,2648,0.928140873793048,0.683033730974907,0.24510714281814,0.436879005862096,0.000609872421107971,0.00307437738122107,1,0,0,30.5,26.75,4,4,3379,"+","Interval_2648",0,FALSE,FALSE,FALSE,FALSE,FALSE,FALSE,FALSE,"Kidney_hypermethylated"
2545,"chr18",70028749,70030476,2649,0.821878798903376,0.348458518114699,0.473420280788677,1.28768356257843,5.43680193778101e-05,0.000676298540640978,10,0,0,39.225,40.575,4,4,1244,"+","Interval_2649",0,FALSE,FALSE,FALSE,FALSE,FALSE,FALSE,FALSE,"Kidney_hypermethylated"
2546,"chr18",70035664,70036915,2650,0.833453050133245,0.271012396456657,0.562440653676588,1.8558134242777,1.81334862928543e-06,0.000151200778386532,7,0,0,42.3214285714286,40.75,4,4,591,"+","Interval_2650",0,FALSE,FALSE,FALSE,FALSE,FALSE,TRUE,TRUE,"Kidney_hypermethylated"
2548,"chr18",70055124,70055432,2652,0.710562628834726,0.0978070936179758,0.61275553521675,2.76761352074636,4.47490635546402e-06,0.000205871252523945,4,0,0,30.0625,32.4375,4,4,164,"+","Interval_2652",0,FALSE,FALSE,FALSE,FALSE,FALSE,TRUE,TRUE,"Kidney_hypermethylated"
2549,"chr18",70063934,70064725,2653,0.900159641615844,0.421163056864425,0.478996584751419,1.09799250578527,0.000254432745656748,0.00170617201147151,2,0,0,28.625,26.25,4,4,1545,"+","Interval_2653",0,FALSE,FALSE,FALSE,FALSE,FALSE,FALSE,FALSE,"Kidney_hypermethylated"
2550,"chr18",70070294,70070766,2654,0.865201642109312,0.593014381353027,0.272187260756285,0.564769141180203,0.00164890938125965,0.00616335045489083,4,0,0,28.6875,31.1875,4,4,2882,"+","Interval_2654",0,FALSE,FALSE,FALSE,FALSE,FALSE,FALSE,FALSE,"Kidney_hypermethylated"
2551,"chr18",70102786,70103189,2655,0.800739117287231,0.148060138785945,0.652678978501286,2.37923286498031,1.98932162009482e-06,0.000155206139113446,2,0,0,30.875,34.625,4,4,197,"+","Interval_2655",0,FALSE,FALSE,FALSE,FALSE,FALSE,TRUE,TRUE,"Kidney_hypermethylated"
2552,"chr18",70140952,70141842,2656,0.138177961730439,0.246375246266971,-0.108197284536532,-1.24039476287735,0.0130334301462193,0.0289947584528401,16,0,0,26.3125,28.6875,4,4,3414,"+","Interval_2656",0,FALSE,FALSE,FALSE,FALSE,FALSE,FALSE,FALSE,"Liver_hypermethylated"
2555,"chr18",70372516,70372772,2659,0.246045621045621,0.493685697249276,-0.247640076203655,-0.976122878569895,0.00988847422535171,0.0234070393354338,1,0,0,36.75,37.25,4,4,2596,"+","Interval_2659",0,FALSE,FALSE,FALSE,FALSE,FALSE,FALSE,FALSE,"Liver_hypermethylated"
2556,"chr18",70375664,70376264,2660,0.240703274987339,0.680324007059987,-0.439620732072648,-1.47205838197542,8.45309100210158e-06,0.000259802673539206,5,0,0,40.85,37.3,4,4,1012,"+","Interval_2660",0,FALSE,FALSE,FALSE,FALSE,FALSE,FALSE,FALSE,"Liver_hypermethylated"
2560,"chr18",70437570,70438042,2664,0.539320886486873,0.680049257301701,-0.140728370814828,-0.352035474008404,0.0205518366172906,0.0408312434572424,6,0,0,36.2083333333333,37.3333333333333,4,4,3783,"+","Interval_2664",0,FALSE,FALSE,FALSE,FALSE,FALSE,FALSE,FALSE,"Liver_hypermethylated"
2563,"chr18",70522176,70522761,2667,0.457898673235292,0.676990470138308,-0.219091796903016,-0.51434453987709,0.00192493930982447,0.00689889008632519,9,0,0,29.7222222222222,32.0555555555556,4,4,3060,"+","Interval_2667",0,FALSE,FALSE,FALSE,FALSE,FALSE,FALSE,FALSE,"Liver_hypermethylated"
2565,"chr18",70536392,70537088,2669,0.866871419586271,0.363108362847355,0.503763056738916,1.32213666101184,3.40511782257851e-05,0.000523111225493624,9,0,0,31.1944444444444,36.6944444444444,4,4,1195,"+","Interval_2669",0,FALSE,FALSE,FALSE,FALSE,FALSE,TRUE,TRUE,"Kidney_hypermethylated"
2566,"chr18",70545543,70546403,2670,0.436126115685775,0.63238662948276,-0.196260513796984,-0.791596186198599,0.00281025198594545,0.00906985212900987,14,0,0,34.625,38.8392857142857,4,4,2291,"+","Interval_2670",0,TRUE,FALSE,TRUE,FALSE,FALSE,FALSE,FALSE,"Liver_hypermethylated"
2568,"chr18",70552594,70553712,2672,0.544739379343938,0.49451191232438,0.0502274670195578,0.218434656880203,0.00266443519747679,0.00872432488867613,19,0,0,29.0657894736842,29.8421052631579,4,4,4550,"+","Interval_2672",0,FALSE,FALSE,FALSE,FALSE,FALSE,FALSE,FALSE,"Kidney_hypermethylated"
2569,"chr18",70562912,70563784,2673,0.830374933221938,0.19896546036013,0.631409472861808,2.10487336257574,5.92317457710704e-06,0.000219784352681278,11,0,0,33.5,33.0681818181818,4,4,370,"+","Interval_2673",0,FALSE,FALSE,FALSE,FALSE,FALSE,TRUE,TRUE,"Kidney_hypermethylated"
2571,"chr18",70573009,70573608,2675,0.525117012617013,0.127207040035987,0.397909972581025,2.00823267155629,0.020480869735648,0.0407399613549245,3,0,0,11.3333333333333,16,2,4,3089,"+","Interval_2675",0,FALSE,FALSE,FALSE,FALSE,FALSE,TRUE,TRUE,"Kidney_hypermethylated"
2573,"chr18",70578040,70578564,2677,0.525050094629996,0.202811843835239,0.322238250794756,1.58984376568681,8.06465302490269e-05,0.000848583781473066,4,0,0,35.4375,37.375,4,4,1183,"+","Interval_2677",0,FALSE,FALSE,FALSE,FALSE,FALSE,FALSE,FALSE,"Kidney_hypermethylated"
2574,"chr18",70579111,70579430,2678,0.360784172750475,0.665723828620195,-0.304939655869721,-0.962414511679804,0.00155827624647475,0.00589757228189272,4,0,0,24.1875,21.3125,4,4,1795,"+","Interval_2678",0,FALSE,FALSE,FALSE,FALSE,FALSE,FALSE,FALSE,"Liver_hypermethylated"
2575,"chr18",70582165,70582965,2679,0.388017702617281,0.924887082358634,-0.536869379741354,-1.38425392614194,0.000200924199717905,0.00144007383831968,15,0,0,28.1166666666667,31.5833333333333,4,4,1119,"+","Interval_2679",0,FALSE,FALSE,FALSE,FALSE,FALSE,FALSE,FALSE,"Liver_hypermethylated"
2576,"chr18",70588786,70589218,2680,0.419572876965402,0.850196720625928,-0.430623843660527,-1.06760080230207,2.31761577574926e-05,0.000428379272744152,5,0,0,36.6,39.9,4,4,1600,"+","Interval_2680",0,FALSE,FALSE,FALSE,FALSE,FALSE,FALSE,FALSE,"Liver_hypermethylated"
2577,"chr18",70599958,70600298,2681,0.829232828141262,0.604325009954916,0.224907818186346,0.607550336348848,0.00113386839254866,0.00468254117756151,3,0,0,28.6666666666667,31,4,4,2719,"+","Interval_2681",0,FALSE,FALSE,FALSE,FALSE,FALSE,FALSE,FALSE,"Kidney_hypermethylated"
2578,"chr18",70608268,70608892,2682,0.457495892761631,0.840977242070087,-0.383481349308455,-1.08526161181682,0.00169467049407192,0.00628849648917388,10,0,0,20.825,23.25,3.8,4,1656,"+","Interval_2682",0,FALSE,FALSE,FALSE,FALSE,FALSE,FALSE,FALSE,"Liver_hypermethylated"
2581,"chr18",70622428,70622691,2685,0.818398951285191,0.603086825851947,0.215312125433244,0.506652045418679,0.00246401337536223,0.00823795549053366,7,0,0,29.6785714285714,33.1071428571429,4,4,3087,"+","Interval_2685",0,FALSE,FALSE,FALSE,FALSE,FALSE,FALSE,FALSE,"Kidney_hypermethylated"
2582,"chr18",70644047,70645191,2686,0.620723175661461,0.31228049112571,0.308442684535751,1.23055735029501,0.000551572384503494,0.00285981622089517,20,0,0,29.7125,30.6625,4,4,1333,"+","Interval_2686",0,FALSE,FALSE,FALSE,FALSE,FALSE,FALSE,FALSE,"Kidney_hypermethylated"
2585,"chr18",70657157,70658034,2689,0.836245506382969,0.30221175920307,0.534033747179899,1.6522904560983,4.7252230022409e-06,0.000205871252523945,9,0,0,33.6388888888889,35.4722222222222,4,4,795,"+","Interval_2689",0,FALSE,FALSE,FALSE,FALSE,FALSE,TRUE,TRUE,"Kidney_hypermethylated"
2586,"chr18",70672987,70673602,2690,0.721104784513807,0.371966325548217,0.34913845896559,1.27195367231539,0.000282133769022365,0.00182477580214736,3,0,0,27.4166666666667,28.5,4,4,1261,"+","Interval_2690",0,FALSE,FALSE,FALSE,FALSE,FALSE,FALSE,FALSE,"Kidney_hypermethylated"
2587,"chr18",70697459,70698289,2691,0.359283371133139,0.468584706208461,-0.109301335075322,-0.664194897202052,0.00135891164125828,0.0053323831644522,5,0,0,36.7,38.25,4,4,3397,"+","Interval_2691",0,FALSE,FALSE,FALSE,FALSE,FALSE,FALSE,FALSE,"Liver_hypermethylated"
2588,"chr18",70760697,70761765,2692,0.561297414705564,0.646132175924256,-0.0848347612186919,-0.323882329518538,0.00120133496601557,0.00486311157191417,12,0,0,32.7083333333333,37,4,4,3935,"+","Interval_2692",0,FALSE,FALSE,FALSE,FALSE,FALSE,FALSE,FALSE,"Liver_hypermethylated"
2589,"chr18",70796593,70797176,2693,0.835400104085577,0.691487812073198,0.143912292012378,0.29086492315567,0.0191058622933215,0.038598808124771,8,0,0,18.625,18.40625,3.5,3.5,4138,"+","Interval_2693",0,FALSE,TRUE,TRUE,FALSE,FALSE,FALSE,FALSE,"Kidney_hypermethylated"
2590,"chr18",70805096,70805397,2695,0.407219406447998,0.574224015451476,-0.167004609003478,-0.539802426375047,0.0112861888016316,0.0258492844524884,8,0,0,37.4375,37.90625,4,4,2971,"+","Interval_2695",0,FALSE,FALSE,FALSE,FALSE,FALSE,FALSE,FALSE,"Liver_hypermethylated"
2591,"chr18",70856910,70857174,2696,0.899372759856631,0.591259946949602,0.308112812907029,0.596882932667284,0.000369887109774248,0.00221884943168264,1,0,0,36.75,33.75,4,4,2765,"+","Interval_2696",0,FALSE,FALSE,FALSE,FALSE,FALSE,FALSE,FALSE,"Kidney_hypermethylated"
2592,"chr18",70911049,70911353,2698,0.496161180848681,0.341727388523267,0.154433792325414,0.979173474321104,0.00150263018624373,0.00574395269851638,2,0,0,35.25,38.125,4,4,2801,"+","Interval_2698",0,FALSE,FALSE,FALSE,FALSE,FALSE,FALSE,FALSE,"Kidney_hypermethylated"
2594,"chr18",70937898,70938363,2700,0.364964682890527,0.619147175721828,-0.254182492831301,-0.752655821931894,0.000897031662646311,0.00400018836499389,2,0,0,27.375,25,4,4,2313,"+","Interval_2700",0,FALSE,FALSE,FALSE,FALSE,FALSE,FALSE,FALSE,"Liver_hypermethylated"
2595,"chr18",70947965,70948581,2702,0.405457200942163,0.507445231847272,-0.101988030905109,-0.361749594920982,0.016649886488612,0.0348242179960928,7,0,0,43.5357142857143,39.1785714285714,4,4,3731,"+","Interval_2702",0,FALSE,FALSE,FALSE,FALSE,FALSE,FALSE,FALSE,"Liver_hypermethylated"
2597,"chr18",71281231,71281676,2704,0.190405046831909,0.571744952939744,-0.381339906107835,-1.57207410157956,0.00102319112200802,0.00437822964287642,3,0,0,37,34.75,4,4,1436,"+","Interval_2704",0,FALSE,FALSE,FALSE,FALSE,FALSE,FALSE,FALSE,"Liver_hypermethylated"
2599,"chr18",71442840,71443309,2706,0.343630746973222,0.705774090883421,-0.362143343910198,-1.10088889371818,0.000152895507412489,0.00121231341038677,3,0,0,35.75,32.4166666666667,4,4,1538,"+","Interval_2706",0,FALSE,TRUE,TRUE,FALSE,FALSE,FALSE,FALSE,"Liver_hypermethylated"
2600,"chr18",71456732,71457157,2707,0.194286862249769,0.661579597385063,-0.467292735135293,-1.7962552414878,6.63292742138422e-06,0.000234249074737966,7,0,0,32.1785714285714,32.25,4,4,657,"+","Interval_2707",0,FALSE,TRUE,TRUE,FALSE,FALSE,FALSE,FALSE,"Liver_hypermethylated"
2601,"chr18",71541096,71541391,2708,0.769384272579134,0.399289388701873,0.37009488387726,0.934360622987804,8.03368024797866e-05,0.000846774701952467,2,0,0,40.75,37,4,4,1858,"+","Interval_2708",0,FALSE,FALSE,FALSE,FALSE,FALSE,FALSE,FALSE,"Kidney_hypermethylated"
2602,"chr18",71595328,71595644,2709,0.669986601308809,0.227335567658148,0.442651033650661,1.51857799692494,0.000593751118877118,0.00302036475620852,1,0,0,39.5,32.5,4,4,1208,"+","Interval_2709",0,FALSE,FALSE,FALSE,FALSE,FALSE,FALSE,FALSE,"Kidney_hypermethylated"
2603,"chr18",71601906,71603330,2710,0.35933863418806,0.579951412061342,-0.220612777873282,-0.780233365569133,0.00222257634559475,0.00768151386033733,6,0,0,41.375,34.5416666666667,4,4,2240,"+","Interval_2710",0,FALSE,TRUE,TRUE,FALSE,TRUE,FALSE,TRUE,"Liver_hypermethylated"
2606,"chr18",71741208,71741511,2713,0.78771646513582,0.367479631352629,0.420236833783191,1.079477256634,0.000142655087355201,0.00116279284286837,1,0,0,26.25,24,4,4,1583,"+","Interval_2713",0,FALSE,FALSE,FALSE,FALSE,FALSE,FALSE,FALSE,"Kidney_hypermethylated"
2607,"chr18",71840626,71841525,2714,0.327698186912532,0.468447504835452,-0.14074931792292,-0.58103777664036,0.0109253637436806,0.025258224305838,8,0,0,34.5,32.65625,4,4,2974,"+","Interval_2714",0,FALSE,FALSE,FALSE,FALSE,FALSE,FALSE,FALSE,"Liver_hypermethylated"
2609,"chr18",72049079,72049383,2719,0.271815386306189,0.597669892428067,-0.325854506121879,-1.09203924795721,0.000721064802891056,0.00345897206382946,4,0,0,31,31.8125,4,4,1556,"+","Interval_2719",0,FALSE,TRUE,TRUE,FALSE,FALSE,FALSE,FALSE,"Liver_hypermethylated"
2610,"chr18",72112934,72113440,2720,0.357779530993432,0.560585705930305,-0.202806174936873,-0.644376371259272,0.00210407581308102,0.00736881956172921,4,0,0,31.625,30.3125,4,4,2595,"+","Interval_2720",0,FALSE,TRUE,TRUE,FALSE,FALSE,FALSE,FALSE,"Liver_hypermethylated"
2613,"chr18",72358628,72358993,2723,0.7125064857623,0.495038295038295,0.217468190724005,0.516617752569337,0.00184529781885766,0.00668594050523605,1,0,0,40.25,37.25,4,4,3052,"+","Interval_2723",0,FALSE,FALSE,FALSE,FALSE,FALSE,FALSE,FALSE,"Kidney_hypermethylated"
2617,"chr18",73022963,73023733,2727,0.777325655938649,0.605807939447001,0.171517716491648,0.358703423925909,0.01093800235995,0.0252763371941241,5,0,0,34.95,31.55,4,4,3752,"+","Interval_2727",0,FALSE,FALSE,FALSE,FALSE,FALSE,FALSE,FALSE,"Kidney_hypermethylated"
2619,"chr18",73165720,73166481,2729,0.354524468986915,0.431415877189956,-0.076891408203041,-0.646772821922336,0.00628592339428079,0.016635227931893,6,0,0,36.9166666666667,34.3333333333333,4,4,3835,"+","Interval_2729",0,FALSE,FALSE,FALSE,FALSE,FALSE,FALSE,FALSE,"Liver_hypermethylated"
2621,"chr18",73215780,73216098,2732,0.698772196968686,0.650352195532529,0.0484200014361566,0.0939245755546368,0.0108151866861145,0.0250601120976219,2,0,0,28.375,28.125,4,4,5387,"+","Interval_2732",0,FALSE,TRUE,TRUE,FALSE,FALSE,FALSE,FALSE,"Kidney_hypermethylated"
2622,"chr18",73286564,73286802,2733,0.442787962333475,0.652670310388285,-0.209882348054811,-0.675829808511122,0.00727565494617995,0.0185383440475465,3,0,0,24.4166666666667,24.3333333333333,4,4,2504,"+","Interval_2733",0,FALSE,TRUE,TRUE,FALSE,FALSE,FALSE,FALSE,"Liver_hypermethylated"
2623,"chr18",73287117,73287574,2734,0.149354039861559,0.345260295260295,-0.195906255398737,-1.15664086459161,0.022312717487725,0.0436800410838069,1,0,0,35,32.25,4,4,3139,"+","Interval_2734",0,FALSE,TRUE,TRUE,FALSE,FALSE,FALSE,FALSE,"Liver_hypermethylated"
2624,"chr18",73338300,73338569,2735,0.47693144499179,0.171378621378621,0.305552823613168,1.42471425056252,0.00130140516238377,0.005156115230721,1,0,0,24.75,27,4,4,1551,"+","Interval_2735",0,FALSE,TRUE,TRUE,FALSE,FALSE,FALSE,FALSE,"Kidney_hypermethylated"
2627,"chr18",73541751,73542310,2738,0.671259937987658,0.135835333934004,0.535424604053653,2.3202605383035,1.63691755759598e-05,0.000352942399699203,17,0,0,29.5147058823529,27.8382352941176,4,4,330,"+","Interval_2738",0,FALSE,FALSE,FALSE,FALSE,FALSE,FALSE,FALSE,"Kidney_hypermethylated"
2629,"chr18",73595440,73595703,2740,0.943730256230256,0.270574534161491,0.673155722068766,1.76519721481692,6.58200121454922e-07,0.000124617339437297,1,0,0,39,40.75,4,4,692,"+","Interval_2740",0,FALSE,FALSE,FALSE,FALSE,FALSE,FALSE,FALSE,"Kidney_hypermethylated"
2630,"chr18",73603600,73604505,2741,0.499871220508271,0.686947683888814,-0.187076463380544,-0.519290696285335,0.00498826607054012,0.013901539684113,17,0,0,23.6470588235294,26.1176470588235,4,4,3038,"+","Interval_2741",0,FALSE,FALSE,FALSE,FALSE,FALSE,FALSE,FALSE,"Liver_hypermethylated"
2635,"chr18",73718888,73719115,2746,0.784124053530011,0.491560352472174,0.292563701057837,0.668603168615984,0.00126512896863216,0.00504491726946439,5,0,0,29.2,28.9,4,4,2524,"+","Interval_2746",0,FALSE,FALSE,FALSE,FALSE,FALSE,FALSE,FALSE,"Kidney_hypermethylated"
2636,"chr18",73746657,73747137,2747,0.644716840067309,0.348032422488944,0.296684417578365,1.234863099772,0.00138042112338351,0.00538925527521706,6,0,0,22.3333333333333,22.3333333333333,4,4,1574,"+","Interval_2747",0,FALSE,FALSE,FALSE,FALSE,FALSE,FALSE,FALSE,"Kidney_hypermethylated"
2639,"chr18",73787584,73789045,2750,0.925511842214382,0.650158130728042,0.27535371148634,0.654158414790217,0.000631835383241352,0.00315478261001063,27,0,0,29.4722222222222,30.1111111111111,4,4,2566,"+","Interval_2750",0,FALSE,FALSE,FALSE,FALSE,FALSE,TRUE,TRUE,"Kidney_hypermethylated"
2641,"chr18",73822577,73822812,2752,0.870939275317678,0.72175697865353,0.149182296664148,0.267778135386049,0.00571246430614556,0.015463917692187,2,0,0,29.625,34.75,4,4,4251,"+","Interval_2752",0,FALSE,FALSE,FALSE,FALSE,FALSE,FALSE,FALSE,"Kidney_hypermethylated"
2642,"chr18",73830167,73831086,2753,0.654913220978008,0.189114225091585,0.465798995886423,2.27471505009421,0.000229813616159263,0.0015849659610535,11,0,0,35.8181818181818,36.2272727272727,4,4,891,"+","Interval_2753",0,FALSE,FALSE,FALSE,FALSE,FALSE,FALSE,FALSE,"Kidney_hypermethylated"
2643,"chr18",73835257,73835687,2754,0.367374167482109,0.186188717813419,0.18118544966869,0.959689758369935,0.00294004174508105,0.00931746081666996,3,0,0,32.0833333333333,36.5833333333333,4,4,2446,"+","Interval_2754",0,FALSE,FALSE,FALSE,FALSE,FALSE,FALSE,FALSE,"Kidney_hypermethylated"
2645,"chr18",73855394,73856301,2756,0.465497669936653,0.60031919756145,-0.134821527624797,-0.479638542971126,0.0035241907307585,0.0106342184801619,8,0,0,28.15625,27.09375,4,4,3189,"+","Interval_2756",0,FALSE,TRUE,TRUE,FALSE,FALSE,FALSE,FALSE,"Liver_hypermethylated"
2652,"chr18",73948070,73949010,2763,0.358476622856283,0.528462252832372,-0.169985629976089,-0.602375931108104,0.0128617201905646,0.0287277763041937,16,0,0,21.578125,21.609375,3.8125,3.5,2751,"+","Interval_2763",0,FALSE,FALSE,FALSE,FALSE,FALSE,FALSE,FALSE,"Liver_hypermethylated"
2654,"chr18",73971145,73971636,2765,0.079555438163983,0.205119720242905,-0.125564282078922,-1.50213011298432,0.00730592806059882,0.0186054405024367,8,0,0,27,26.1875,4,4,3183,"+","Interval_2765",0,FALSE,FALSE,FALSE,FALSE,FALSE,FALSE,FALSE,"Liver_hypermethylated"
2656,"chr18",73997319,73997781,2767,0.467521083812146,0.688826132759003,-0.221305048946857,-0.67405767262687,0.001960827006853,0.00701355177945966,6,0,0,28.6666666666667,31.375,3.83333333333333,4,2507,"+","Interval_2767",0,FALSE,FALSE,FALSE,FALSE,FALSE,FALSE,FALSE,"Liver_hypermethylated"
2657,"chr18",74002022,74002600,2768,0.217093787896814,0.71887602043224,-0.501782232535427,-1.961041322029,7.17378540105294e-06,0.000242933200890567,17,0,0,29.5882352941176,27.6764705882353,4,4,487,"+","Interval_2768",0,FALSE,TRUE,TRUE,FALSE,FALSE,FALSE,FALSE,"Liver_hypermethylated"
2658,"chr18",74004150,74004390,2769,0.352002267956215,0.537059514441228,-0.185057246485013,-0.747094481372432,0.00459162786715296,0.013053051182066,2,0,0,23.25,24.5,4,4,2409,"+","Interval_2769",0,FALSE,FALSE,FALSE,FALSE,FALSE,FALSE,FALSE,"Liver_hypermethylated"
2659,"chr18",74007842,74008507,2770,0.522907665777298,0.118517077789881,0.404390587987417,2.07967348429813,8.60099614471058e-06,0.000259802673539206,9,0,0,31.1944444444444,31.3333333333333,4,4,750,"+","Interval_2770",0,FALSE,FALSE,FALSE,FALSE,FALSE,TRUE,TRUE,"Kidney_hypermethylated"
2661,"chr18",74017218,74017874,2772,0.896385161121442,0.716665624963779,0.179719536157663,0.330910463019797,0.00748456759151247,0.018989540813313,9,0,0,28.4166666666667,26,4,4,3892,"+","Interval_2772",0,FALSE,FALSE,FALSE,FALSE,FALSE,FALSE,FALSE,"Kidney_hypermethylated"
2662,"chr18",74022952,74024054,2773,0.462648822862937,0.664089270271807,-0.201440447408869,-0.604619973876643,0.00679046974385475,0.0176437363957664,13,0,0,31.4615384615385,29.6153846153846,4,4,2730,"+","Interval_2773",0,FALSE,FALSE,FALSE,FALSE,FALSE,FALSE,FALSE,"Liver_hypermethylated"
2667,"chr18",74190211,74191042,2778,0.597216982508995,0.36441936673105,0.232797615777945,1.12559756858869,0.00337767153565606,0.0103468552276204,11,0,0,26.4090909090909,29.6363636363636,4,4,2006,"+","Interval_2778",0,FALSE,FALSE,FALSE,FALSE,FALSE,FALSE,FALSE,"Kidney_hypermethylated"
2670,"chr18",74252236,74252956,2781,0.818214435030655,0.442835895669565,0.375378539361089,0.961534420447995,0.00139861381090766,0.00543610491336341,15,0,0,18.7833333333333,22.2666666666667,3.8,4,1797,"+","Interval_2781",0,TRUE,FALSE,TRUE,FALSE,FALSE,FALSE,FALSE,"Kidney_hypermethylated"
2673,"chr18",74330083,74331395,2785,0.188405319256033,0.456760369378571,-0.268355050122538,-1.63319403600224,0.00055334767886808,0.00285981622089517,5,0,0,34.25,32.4,4,4,1578,"+","Interval_2785",0,FALSE,TRUE,TRUE,FALSE,FALSE,FALSE,FALSE,"Liver_hypermethylated"
2674,"chr18",74347669,74348487,2786,0.417656712809258,0.28397010889177,0.133686603917488,0.764122874724144,0.0176311738943759,0.036355068286402,10,0,0,21.775,22.575,4,4,3075,"+","Interval_2786",0,FALSE,FALSE,FALSE,FALSE,FALSE,FALSE,FALSE,"Kidney_hypermethylated"
2675,"chr18",74364757,74365036,2787,0.959064642677193,0.84476365388316,0.114300988794034,0.184883659867781,0.0187196748544992,0.0380901993314229,17,0,0,21.5735294117647,22.8088235294118,4,4,4759,"+","Interval_2787",0,TRUE,TRUE,TRUE,TRUE,FALSE,FALSE,FALSE,"Kidney_hypermethylated"
2676,"chr18",74393006,74393272,2788,0.74788934890183,0.431089115682677,0.316800233219153,0.795662716387947,0.000263633287977475,0.00175138005905036,5,0,0,31.85,34.55,4,4,2197,"+","Interval_2788",0,TRUE,FALSE,TRUE,FALSE,FALSE,FALSE,FALSE,"Kidney_hypermethylated"
2677,"chr18",74422533,74423325,2789,0.872569602317771,0.508740875896864,0.363828726420907,0.789109589926872,0.00011427955162221,0.00100859275522365,9,0,0,27.25,27.6388888888889,4,4,2215,"+","Interval_2789",0,FALSE,FALSE,FALSE,FALSE,FALSE,FALSE,FALSE,"Kidney_hypermethylated"
2680,"chr18",74443820,74444648,2792,0.0259920512033804,0.0524356389478656,-0.0264435877444852,-0.9795055517864,0.0102667154723707,0.0241072003413581,27,0,0,24.1111111111111,23.8518518518519,4,3.92592592592593,4730,"+","Interval_2792",0,FALSE,FALSE,FALSE,FALSE,FALSE,FALSE,FALSE,"Liver_hypermethylated"
2681,"chr18",74456100,74456422,2793,0.281927564924587,0.717444075595967,-0.43551651067138,-1.43582721969682,1.50724839517654e-05,0.000339268915324537,6,0,0,28,26.3333333333333,4,4,1060,"+","Interval_2793",0,FALSE,FALSE,FALSE,FALSE,FALSE,FALSE,FALSE,"Liver_hypermethylated"
2682,"chr18",74459273,74459862,2794,0.365260507064123,0.630656774192199,-0.265396267128076,-0.843660447436128,0.00240455081528095,0.00809018650932689,12,0,0,30.2916666666667,34.25,3.91666666666667,4,2068,"+","Interval_2794",0,FALSE,FALSE,FALSE,FALSE,FALSE,FALSE,FALSE,"Liver_hypermethylated"
2683,"chr18",74471970,74473013,2795,0.257051196382056,0.420269163985926,-0.16321796760387,-0.922329477434049,0.0123049427382964,0.0277685909389758,12,0,0,24.5833333333333,26.4791666666667,4,4,2723,"+","Interval_2795",0,FALSE,FALSE,FALSE,FALSE,FALSE,FALSE,FALSE,"Liver_hypermethylated"
2685,"chr18",74498608,74499092,2798,0.43087992170493,0.630071090863031,-0.199191169158101,-0.791329176535921,0.00838589168145508,0.0207369434134976,6,0,0,29.3333333333333,29.9166666666667,4,4,2485,"+","Interval_2798",0,FALSE,FALSE,FALSE,FALSE,FALSE,FALSE,FALSE,"Liver_hypermethylated"
2687,"chr18",74518433,74518748,2800,0.643861474154579,0.639032876463653,0.00482859769092634,-0.124642248626215,0.0124893688080717,0.0281099180602108,7,0,0,31.2142857142857,31.1071428571429,4,4,5510,"+","Interval_2800",0,FALSE,FALSE,FALSE,FALSE,FALSE,FALSE,FALSE,"Kidney_hypermethylated"
2689,"chr18",74546639,74546914,2802,0.708767576926114,0.163193180175088,0.545574396751026,2.17757254919204,0.000101590515983241,0.000950022988322171,4,0,0,27.375,23.25,4,4,656,"+","Interval_2802",0,FALSE,FALSE,FALSE,FALSE,FALSE,FALSE,FALSE,"Kidney_hypermethylated"
2693,"chr18",74624979,74625752,2806,0.875311803473235,0.683127826626644,0.19218397684659,0.424339700700784,0.00841475203361886,0.020799940163551,11,0,0,23.6590909090909,26.2954545454545,4,4,3440,"+","Interval_2806",0,FALSE,FALSE,FALSE,FALSE,FALSE,FALSE,FALSE,"Kidney_hypermethylated"
2694,"chr18",74666892,74667142,2807,0.893523148261692,0.671216755038286,0.222306393223405,0.409108491391361,0.00337681802487534,0.0103468552276204,2,0,0,34,32.875,4,4,3513,"+","Interval_2807",0,FALSE,FALSE,FALSE,FALSE,FALSE,FALSE,FALSE,"Kidney_hypermethylated"
2695,"chr18",74688449,74689261,2808,0.329714497919758,0.534121858736235,-0.204407360816477,-0.991202283914261,0.000807979130941238,0.00372470499597443,6,0,0,26.3333333333333,29.625,4,4,2190,"+","Interval_2808",0,FALSE,FALSE,FALSE,FALSE,FALSE,FALSE,FALSE,"Liver_hypermethylated"
2697,"chr18",74727692,74728334,2810,0.452358937220957,0.893570628413771,-0.441211691192814,-0.964411110565966,0.00213670057444861,0.0074644826776502,15,0,0,15.2833333333333,16.1166666666667,3.46666666666667,3.6,1792,"+","Interval_2810",0,FALSE,FALSE,FALSE,FALSE,FALSE,FALSE,FALSE,"Liver_hypermethylated"
2698,"chr18",74729037,74730149,2811,0.513962228979776,0.198824129022184,0.315138099957592,1.43450292622999,0.000339343343758112,0.00209073413240432,17,0,0,26.7352941176471,28.7352941176471,4,4,1233,"+","Interval_2811",0,FALSE,FALSE,FALSE,FALSE,FALSE,TRUE,TRUE,"Kidney_hypermethylated"
2699,"chr18",74739814,74740072,2812,0.623131926828669,0.235144476372925,0.387987450455744,1.41220530861909,7.93094985179557e-05,0.000843025365346793,2,0,0,36.125,24.75,4,4,1095,"+","Interval_2812",0,FALSE,FALSE,FALSE,FALSE,FALSE,FALSE,FALSE,"Kidney_hypermethylated"
2700,"chr18",74741055,74741665,2813,0.385054162175475,0.657475891898767,-0.272421729723292,-0.904845495965088,0.0011103046075134,0.00461001473862825,5,0,0,30.65,28.75,4,4,1920,"+","Interval_2813",0,FALSE,FALSE,FALSE,FALSE,FALSE,FALSE,FALSE,"Liver_hypermethylated"
2701,"chr18",74767836,74768280,2814,0.732861889691204,0.554009965728716,0.178851923962489,0.407251673472998,0.00926086136058644,0.0224282635282959,2,0,0,33.875,34.625,4,4,3519,"+","Interval_2814",0,FALSE,FALSE,FALSE,FALSE,FALSE,FALSE,FALSE,"Kidney_hypermethylated"
2703,"chr18",74821694,74822661,2816,0.500465019467988,0.649770650715309,-0.149305631247321,-0.440932086684116,0.00217140674371435,0.00753858442944899,14,0,0,27.4642857142857,29.1785714285714,4,4,3360,"+","Interval_2816",0,FALSE,TRUE,TRUE,FALSE,FALSE,FALSE,FALSE,"Liver_hypermethylated"
2706,"chr18",74829701,74830633,2819,0.307505351334762,0.462330716810961,-0.154825365476199,-0.681999035601035,0.0209477240338899,0.0414035909257811,21,0,0,19.547619047619,21.9404761904762,3.61904761904762,3.76190476190476,3109,"+","Interval_2819",0,FALSE,FALSE,FALSE,FALSE,FALSE,FALSE,FALSE,"Liver_hypermethylated"
2709,"chr18",74904682,74905430,2822,0.184314960336819,0.451149397959426,-0.266834437622607,-1.66423123880408,0.00355918445407301,0.0107054275429656,6,0,0,28.5416666666667,28.0833333333333,4,4,2043,"+","Interval_2822",0,FALSE,TRUE,TRUE,FALSE,TRUE,FALSE,TRUE,"Liver_hypermethylated"
2711,"chr18",74940162,74940908,2824,0.377224640739933,0.551031953852498,-0.173807313112566,-0.750207955846445,0.0043408502893313,0.0125056376127243,13,0,0,28.7692307692308,28.1153846153846,4,4,2554,"+","Interval_2824",0,FALSE,FALSE,FALSE,FALSE,FALSE,FALSE,FALSE,"Liver_hypermethylated"
2712,"chr18",74959084,74959448,2825,0.215076416336013,0.433006837301409,-0.217930420965396,-0.933756580495703,0.00694683221359655,0.0179129323100113,4,0,0,25.75,24.75,4,4,2383,"+","Interval_2825",0,FALSE,TRUE,TRUE,FALSE,FALSE,FALSE,FALSE,"Liver_hypermethylated"
2714,"chr18",74980854,74982078,2827,0.429446650688087,0.561782906943942,-0.132336256255854,-0.412581436113771,0.0189696890812855,0.0384334782078797,16,0,0,27.046875,29.828125,4,4,3502,"+","Interval_2827",0,FALSE,TRUE,TRUE,FALSE,FALSE,FALSE,FALSE,"Liver_hypermethylated"
2720,"chr18",75021977,75022438,2833,0.316445414307513,0.153377817804768,0.163067596502745,0.87162086727327,0.0150304104133633,0.0322267522645211,5,0,0,21.15,25,4,4,2866,"+","Interval_2833",0,FALSE,FALSE,FALSE,FALSE,FALSE,FALSE,FALSE,"Kidney_hypermethylated"
2721,"chr18",75038365,75039357,2834,0.727178257244861,0.273882232572605,0.453296024672256,1.90847417883825,9.36359186180887e-05,0.000908993238401509,9,0,0,25.1944444444444,27.3055555555556,4,4,633,"+","Interval_2834",0,FALSE,FALSE,FALSE,FALSE,FALSE,TRUE,TRUE,"Kidney_hypermethylated"
2722,"chr18",75040252,75040920,2835,0.617894382633316,0.756089076968255,-0.138194694334939,-0.380230151229265,0.0163357602159204,0.0343632649312032,12,0,0,24.6041666666667,26.7916666666667,4,4,3639,"+","Interval_2835",0,FALSE,FALSE,FALSE,FALSE,FALSE,FALSE,FALSE,"Liver_hypermethylated"
2723,"chr18",75058013,75058547,2836,0.894804796918768,0.510196656413762,0.384608140505006,0.831461929882942,0.000165987980566891,0.00127340342145262,2,0,0,17.75,19,4,4,2105,"+","Interval_2836",0,FALSE,FALSE,FALSE,FALSE,FALSE,FALSE,FALSE,"Kidney_hypermethylated"
2724,"chr18",75065552,75066177,2837,0.410741013264694,0.619105476844605,-0.208364463579911,-0.470567143121505,0.00308079967575415,0.00963926375127763,13,0,0,23.5576923076923,26.7115384615385,4,4,3225,"+","Interval_2837",0,FALSE,FALSE,FALSE,FALSE,FALSE,FALSE,FALSE,"Liver_hypermethylated"
2727,"chr18",75105577,75105916,2840,0.432451404659641,0.797038897465162,-0.364587492805521,-0.949884621360387,0.000159120882749067,0.00123771876518103,6,0,0,28.1666666666667,31.3333333333333,4,4,1829,"+","Interval_2840",0,FALSE,FALSE,FALSE,FALSE,FALSE,FALSE,FALSE,"Liver_hypermethylated"
2728,"chr18",75117734,75118405,2841,0.475399985800959,0.818357443821239,-0.342957458020281,-0.8956451965057,0.000232426570488128,0.00159939672525145,9,0,0,28.6666666666667,29.6666666666667,4,4,1943,"+","Interval_2841",0,FALSE,FALSE,FALSE,FALSE,FALSE,FALSE,FALSE,"Liver_hypermethylated"
2729,"chr18",75138971,75139346,2842,0.609876373158209,0.856980158562403,-0.247103785404195,-0.503820840490547,0.00276193742928174,0.00896283912091156,13,0,0,22.8076923076923,25.5961538461538,4,4,3100,"+","Interval_2842",0,FALSE,FALSE,FALSE,FALSE,FALSE,FALSE,FALSE,"Liver_hypermethylated"
2730,"chr18",75139867,75140261,2843,0.21484325729902,0.422637011168724,-0.207793753869705,-1.87377607315575,0.000140114861415967,0.00115185900837094,6,0,0,27.0833333333333,25.625,4,4,2157,"+","Interval_2843",0,FALSE,FALSE,FALSE,FALSE,FALSE,FALSE,FALSE,"Liver_hypermethylated"
2732,"chr18",75164574,75165846,2845,0.606324959452801,0.838806190099286,-0.232481230646485,-0.503403574294783,0.00724095740980187,0.0184966572698123,30,0,0,21.8583333333333,23.3,3.93333333333333,3.96666666666667,3103,"+","Interval_2845",0,FALSE,FALSE,FALSE,FALSE,FALSE,FALSE,FALSE,"Liver_hypermethylated"
2735,"chr18",75190838,75191234,2848,0.925575657894737,0.825204377459057,0.10037128043568,0.163725052323403,0.0180828034260093,0.0370543985045547,1,0,0,35,40.5,4,4,4897,"+","Interval_2848",0,FALSE,FALSE,FALSE,FALSE,FALSE,FALSE,FALSE,"Kidney_hypermethylated"
2736,"chr18",75215461,75215951,2849,0.621495402061264,0.754503994953431,-0.133008592892167,-0.35613761796259,0.0245612389704069,0.04707698486374,12,0,0,27.0833333333333,28.6458333333333,4,4,3763,"+","Interval_2849",0,FALSE,FALSE,FALSE,FALSE,FALSE,FALSE,FALSE,"Liver_hypermethylated"
2737,"chr18",75222414,75224260,2850,0.416696153067435,0.77314250379264,-0.356446350725205,-1.16900979956131,0.000492625103697905,0.00266712005482258,23,0,0,29.6521739130435,32.0326086956522,4,4,1423,"+","Interval_2850",0,FALSE,FALSE,FALSE,FALSE,FALSE,FALSE,FALSE,"Liver_hypermethylated"
2738,"chr18",75261962,75263125,2851,0.636326662665223,0.232361801473015,0.403964861192208,1.81134159395452,0.00042534535102682,0.00239573527228214,13,0,0,33.5,33.4038461538462,4,4,1091,"+","Interval_2851",0,FALSE,FALSE,FALSE,FALSE,FALSE,TRUE,TRUE,"Kidney_hypermethylated"
2739,"chr18",75278450,75278920,2852,0.361879005997406,0.196846279114851,0.165032726882555,1.02946393348599,0.019271620348967,0.0388148498998369,8,0,0,26.03125,27.6875,4,4,3051,"+","Interval_2852",0,FALSE,FALSE,FALSE,FALSE,FALSE,FALSE,FALSE,"Kidney_hypermethylated"
2740,"chr18",75284372,75284663,2853,0.812265917255683,0.597393123025916,0.214872794229767,0.682461307862683,0.0262878390164544,0.0497195354743343,8,0,0,21.09375,19.71875,4,4,3249,"+","Interval_2853",0,FALSE,FALSE,FALSE,FALSE,FALSE,FALSE,FALSE,"Kidney_hypermethylated"
2742,"chr18",75307302,75307743,2856,0.415928832197215,0.122706575771914,0.293222256425301,1.75805082948028,0.0228745135393726,0.0445323803978666,18,0,0,11.6388888888889,12.5694444444444,2.77777777777778,3.55555555555556,3156,"+","Interval_2856",0,FALSE,TRUE,TRUE,FALSE,FALSE,FALSE,FALSE,"Kidney_hypermethylated"
2743,"chr18",75312626,75313147,2857,0.868321124515803,0.213836874478956,0.654484250036847,2.14934964841124,1.52490195317402e-06,0.000151200778386532,7,0,0,31.5714285714286,31.25,4,4,338,"+","Interval_2857",0,FALSE,FALSE,FALSE,FALSE,FALSE,TRUE,TRUE,"Kidney_hypermethylated"
2747,"chr18",75375499,75375806,2861,0.0616396892129636,0.423771480355478,-0.362131791142514,-2.79144047586649,0.000886198826480051,0.00397205819746164,9,0,0,24.0833333333333,23.4444444444444,4,4,1371,"+","Interval_2861",0,FALSE,FALSE,FALSE,FALSE,FALSE,FALSE,FALSE,"Liver_hypermethylated"
2750,"chr18",75385953,75386637,2865,0.0663524164044743,0.486336965013346,-0.419984548608872,-3.04588773902065,0.000827181551911339,0.00380181797793207,17,0,0,20.4558823529412,22.1911764705882,3.82352941176471,3.88235294117647,1337,"+","Interval_2865",0,FALSE,FALSE,FALSE,FALSE,FALSE,FALSE,FALSE,"Liver_hypermethylated"
2752,"chr18",75391207,75391768,2867,0.124551942647551,0.36658106915544,-0.242029126507889,-1.61055926006341,0.0034074258288524,0.0104017047780914,6,0,0,18.9583333333333,19.25,4,4,2013,"+","Interval_2867",0,FALSE,FALSE,FALSE,FALSE,FALSE,FALSE,FALSE,"Liver_hypermethylated"
2754,"chr18",75397770,75398106,2869,0.833285553003045,0.633304790800954,0.199980762202091,0.39051754643806,0.000862139300617638,0.00390121207827348,2,0,0,34.25,32.75,4,4,3599,"+","Interval_2869",0,FALSE,FALSE,FALSE,FALSE,FALSE,FALSE,FALSE,"Kidney_hypermethylated"
2755,"chr18",75401990,75402300,2870,0.0660440935188319,0.47818261953913,-0.412138526020299,-3.02145419126552,0.000117383269839192,0.00102606001872238,10,0,0,25.15,26.925,4,4,718,"+","Interval_2870",0,FALSE,FALSE,FALSE,FALSE,FALSE,FALSE,FALSE,"Liver_hypermethylated"
2756,"chr18",75405134,75406143,2871,0.278959436961273,0.579563960223858,-0.300604523262585,-2.48384139029929,0.000183469061907298,0.00135721314177358,21,0,0,16.9642857142857,18.702380952381,3.38095238095238,3.38095238095238,1345,"+","Interval_2871",0,FALSE,FALSE,FALSE,FALSE,FALSE,FALSE,FALSE,"Liver_hypermethylated"
2757,"chr18",75410268,75410581,2872,0.111298003314594,0.453494840067909,-0.342196836753316,-2.04760802923884,0.000628183683513507,0.00314091841756754,5,0,0,20.55,20.4,3.8,3.8,1229,"+","Interval_2872",0,FALSE,FALSE,FALSE,FALSE,FALSE,FALSE,FALSE,"Liver_hypermethylated"
2760,"chr18",75434148,75435412,2875,0.0632508302755986,0.247345605659255,-0.184094775383656,-2.47911350936504,0.00108472242153089,0.0045344348845628,34,0,0,13.6544117647059,14.5808823529412,3.05882352941176,2.91176470588235,2418,"+","Interval_2875",0,FALSE,TRUE,TRUE,FALSE,FALSE,FALSE,FALSE,"Liver_hypermethylated"
2762,"chr18",75446548,75447521,2877,0.240106635485949,0.522988673658184,-0.282882038172235,-1.54443140247494,0.0029708457009243,0.00939086771202665,16,0,0,20.78125,22.109375,3.5,3.5625,1944,"+","Interval_2877",0,FALSE,FALSE,FALSE,FALSE,FALSE,FALSE,FALSE,"Liver_hypermethylated"
2763,"chr18",75456316,75457231,2878,0.270790575619865,0.494604273561769,-0.223813697941904,-1.14502991799749,0.00921293103341956,0.0223414503011938,8,0,0,23.90625,25.53125,4,4,2534,"+","Interval_2878",0,FALSE,FALSE,FALSE,FALSE,FALSE,FALSE,FALSE,"Liver_hypermethylated"
2764,"chr18",75462047,75463176,2879,0.153280421403891,0.380396723224602,-0.227116301820712,-1.41090135700845,0.0128663363408473,0.0287277763041937,14,0,0,19.1785714285714,20.25,3.71428571428571,3.64285714285714,2752,"+","Interval_2879",0,FALSE,FALSE,FALSE,FALSE,FALSE,FALSE,FALSE,"Liver_hypermethylated"
2765,"chr18",75464627,75465783,2880,0.0826662628753534,0.377884559471471,-0.295218296596117,-2.5629562376653,0.000915727261994107,0.00406254739898482,15,0,0,19.8666666666667,22.4666666666667,3.8,4,1386,"+","Interval_2880",0,FALSE,FALSE,FALSE,FALSE,FALSE,FALSE,FALSE,"Liver_hypermethylated"
2768,"chr18",75489386,75490612,2883,0.872512739968137,0.197916561213846,0.67459617875429,2.25069434344886,0.000557589069164184,0.00287931498320496,11,0,0,26.75,26.3409090909091,4,4,1190,"+","Interval_2883",0,FALSE,FALSE,FALSE,FALSE,FALSE,TRUE,TRUE,"Kidney_hypermethylated"
2770,"chr18",75494041,75494290,2885,0.444388999292587,0.538469990707326,-0.0940809914147391,-0.0826672351918889,0.000332690239885303,0.00206503184252039,5,0,0,22.9,23.75,4,4,5461,"+","Interval_2885",0,FALSE,FALSE,FALSE,FALSE,FALSE,FALSE,FALSE,"Liver_hypermethylated"
2772,"chr18",75502339,75503914,2887,0.0933290746158893,0.0123126651683151,0.0810164094475742,1.73493209769447,0.00798628090705504,0.0199494699893712,38,0,0,18.4407894736842,20.3157894736842,3.86842105263158,3.89473684210526,3782,"+","Interval_2887",0,FALSE,FALSE,FALSE,FALSE,FALSE,FALSE,FALSE,"Kidney_hypermethylated"
2773,"chr18",75510953,75511614,2888,0.504349473181231,0.716062577672941,-0.211713104491709,-0.537175724456859,0.0131815053546397,0.0292103679784568,17,0,0,18.9852941176471,20.9852941176471,4,4,2979,"+","Interval_2888",0,FALSE,FALSE,FALSE,FALSE,FALSE,FALSE,FALSE,"Liver_hypermethylated"
2774,"chr18",75519284,75519926,2889,0.325415274631599,0.81032454472984,-0.48490927009824,-1.45864695973264,5.68653125982643e-05,0.000696151522372373,26,0,0,17.9134615384615,21.8269230769231,3.96153846153846,4,1035,"+","Interval_2889",0,FALSE,FALSE,FALSE,FALSE,FALSE,FALSE,FALSE,"Liver_hypermethylated"
2777,"chr18",75563097,75563630,2892,0.25947132324647,0.718197394660193,-0.458726071413723,-1.6694442206012,0.00104544926563368,0.00444447565853204,18,0,0,21.1944444444444,20.6111111111111,4,4,1445,"+","Interval_2892",0,FALSE,FALSE,FALSE,FALSE,FALSE,FALSE,FALSE,"Liver_hypermethylated"
2778,"chr18",75571545,75571823,2893,0.578822554348121,0.715756152208358,-0.136933597860237,-0.286837690930339,0.0069300084697562,0.0178878497085642,3,0,0,34.75,31.4166666666667,4,4,4152,"+","Interval_2893",0,FALSE,TRUE,TRUE,FALSE,FALSE,FALSE,FALSE,"Liver_hypermethylated"
2779,"chr18",75578442,75578807,2894,0.715885440088085,0.166659000159762,0.549226439928322,2.15098288981534,1.23364881849721e-05,0.000308382006147099,7,0,0,28.75,30,4,4,335,"+","Interval_2894",0,FALSE,FALSE,FALSE,FALSE,FALSE,FALSE,FALSE,"Kidney_hypermethylated"
2785,"chr18",75657444,75657711,2900,0.51208241438226,0.456847343536718,0.0552350708455424,0.00148519516116985,0.00143627003641589,0.00554737861330963,5,0,0,29.35,26.9,4,4,6136,"+","Interval_2900",0,FALSE,FALSE,FALSE,FALSE,FALSE,FALSE,FALSE,"Kidney_hypermethylated"
2787,"chr18",75690554,75690984,2903,0.179706173438764,0.385879546852267,-0.206173373413503,-1.11710403679052,0.00119800215395667,0.00486243278471847,4,0,0,26.0625,32,4,4,2175,"+","Interval_2903",0,FALSE,FALSE,FALSE,FALSE,FALSE,FALSE,FALSE,"Liver_hypermethylated"
2793,"chr18",75807511,75808078,2909,0.799800483088522,0.256987819808455,0.542812663280067,1.57977354644027,0.000135160680255517,0.00112390037912064,5,0,0,21.45,19.45,3.6,3.8,873,"+","Interval_2909",0,FALSE,FALSE,FALSE,FALSE,FALSE,FALSE,FALSE,"Kidney_hypermethylated"
2796,"chr18",75891585,75892412,2913,0.477725609994305,0.602266508549226,-0.124540898554921,-0.543171604697817,0.00987654006944093,0.0233969895939497,13,0,0,22.6730769230769,21.1538461538462,4,4,3204,"+","Interval_2913",0,FALSE,FALSE,FALSE,FALSE,FALSE,FALSE,FALSE,"Liver_hypermethylated"
2798,"chr18",75936678,75937250,2915,0.189529822029822,0.573688466461299,-0.384158644431477,-1.88279244783161,0.00387305965111826,0.0114422844019816,3,0,0,21.1666666666667,15.5833333333333,4,4,2080,"+","Interval_2915",0,FALSE,FALSE,FALSE,FALSE,FALSE,FALSE,FALSE,"Liver_hypermethylated"
2799,"chr18",75958581,75959233,2916,0.445561641731738,0.521867954482111,-0.0763063127503734,-0.482956751735606,0.00393564519004112,0.0115497337998079,7,0,0,27.8928571428571,26.5,3.85714285714286,4,3847,"+","Interval_2916",0,FALSE,FALSE,FALSE,FALSE,FALSE,FALSE,FALSE,"Liver_hypermethylated"
2800,"chr18",75973818,75974638,2917,0.867760194811191,0.66855065372379,0.199209541087401,0.387809283781595,0.00323851985701243,0.0100305970369664,19,0,0,28.8289473684211,26.1973684210526,3.78947368421053,3.68421052631579,3607,"+","Interval_2917",0,FALSE,TRUE,TRUE,FALSE,FALSE,FALSE,FALSE,"Kidney_hypermethylated"
2803,"chr18",76003542,76003817,2920,0.860052605636105,0.325071867865379,0.534980737770726,1.37864582680358,3.88358161108558e-07,0.000124617339437297,2,0,0,35.625,33.125,4,4,1122,"+","Interval_2920",0,FALSE,FALSE,FALSE,FALSE,FALSE,FALSE,FALSE,"Kidney_hypermethylated"
2804,"chr18",76011069,76011937,2921,0.123253999755849,0.43420229720965,-0.310948297453801,-2.30527101421994,0.000686438995250975,0.00335454826298329,22,0,0,21.2613636363636,20.3977272727273,4,3.86363636363636,1266,"+","Interval_2921",0,FALSE,TRUE,TRUE,FALSE,FALSE,FALSE,FALSE,"Liver_hypermethylated"
2805,"chr18",76015740,76016517,2922,0.685648617595174,0.473901458593493,0.211747159001681,0.576802079647412,0.00277861638470053,0.00899609993887501,9,0,0,26.6111111111111,29.1944444444444,4,4,2832,"+","Interval_2922",0,FALSE,FALSE,FALSE,FALSE,FALSE,FALSE,FALSE,"Kidney_hypermethylated"
2807,"chr18",76051492,76051969,2924,0.297511001050761,0.0960924453477063,0.201418555703054,1.41459591914331,0.00463769770127942,0.0131390744003513,8,0,0,24.0625,25.6875,4,4,2227,"+","Interval_2924",0,FALSE,FALSE,FALSE,FALSE,FALSE,FALSE,FALSE,"Kidney_hypermethylated"
2808,"chr18",76057203,76057717,2925,0.148283155433891,0.305149630761997,-0.156866475328107,-1.14011307828004,0.0166291237334718,0.0347978707503298,6,0,0,18.75,19.6666666666667,4,4,2936,"+","Interval_2925",0,FALSE,TRUE,TRUE,FALSE,FALSE,FALSE,FALSE,"Liver_hypermethylated"
2812,"chr18",76069789,76070220,2929,0.171636109152354,0.473824738423719,-0.302188629271365,-1.56218734839118,0.00329539203873543,0.0101657550592516,7,0,0,19.4642857142857,22.2857142857143,3.85714285714286,4,1992,"+","Interval_2929",0,FALSE,FALSE,FALSE,FALSE,FALSE,FALSE,FALSE,"Liver_hypermethylated"
2813,"chr18",76071872,76072806,2930,0.428779497962044,0.568938524152773,-0.140159026190729,-0.551231238170691,0.00721737870125065,0.0184564261835977,17,0,0,16.9852941176471,17.5294117647059,3.52941176470588,3.47058823529412,2982,"+","Interval_2930",0,FALSE,FALSE,FALSE,FALSE,FALSE,FALSE,FALSE,"Liver_hypermethylated"
2815,"chr18",76087568,76088488,2932,0.214951754577743,0.548666332851846,-0.333714578274103,-1.37378700481905,0.000489455749840146,0.00265556983302428,11,0,0,29.0227272727273,24.5227272727273,4,4,1132,"+","Interval_2932",0,FALSE,FALSE,FALSE,FALSE,FALSE,FALSE,FALSE,"Liver_hypermethylated"
2816,"chr18",76111280,76112030,2933,0.60498373735781,0.411189075803528,0.193794661554282,0.749492603738153,0.0153060320098739,0.0326922372960289,8,0,0,18.0625,21.125,3.75,4,2877,"+","Interval_2933",0,FALSE,FALSE,FALSE,FALSE,FALSE,FALSE,FALSE,"Kidney_hypermethylated"
2820,"chr18",76140327,76141299,2937,0.302489298702955,0.54608869131268,-0.243599392609725,-1.28034515024357,0.000923199784386644,0.00407840594899779,13,0,0,20.1923076923077,21.1153846153846,3.84615384615385,3.84615384615385,1807,"+","Interval_2937",0,FALSE,FALSE,FALSE,FALSE,FALSE,FALSE,FALSE,"Liver_hypermethylated"
2826,"chr18",76200458,76200708,2943,0.488540423644373,0.293137352027058,0.195403071617315,0.754317737247673,0.018526500176238,0.0377678051307137,5,0,0,20.15,18.2,4,4,3013,"+","Interval_2943",0,FALSE,FALSE,FALSE,FALSE,FALSE,FALSE,FALSE,"Kidney_hypermethylated"
2827,"chr18",76204876,76205244,2944,0.771437350634181,0.511425221719262,0.260012128914919,0.602129137042662,0.00140234606412025,0.00544028823486045,5,0,0,26.9,26,4,4,2745,"+","Interval_2944",0,FALSE,FALSE,FALSE,FALSE,FALSE,FALSE,FALSE,"Kidney_hypermethylated"
2832,"chr18",76332940,76333200,2949,0.469507295936227,0.656515206300711,-0.187007910364484,-0.458583370254124,0.0165261981548548,0.0346717267536984,4,0,0,32.3125,28.5625,4,4,3278,"+","Interval_2949",0,FALSE,FALSE,FALSE,FALSE,FALSE,FALSE,FALSE,"Liver_hypermethylated"
2835,"chr18",76396467,76396813,2953,0.881160625591999,0.667671702856039,0.21348892273596,0.403697300357683,0.00105368588853431,0.00446772898011781,5,0,0,29.85,31.05,4,4,3533,"+","Interval_2953",0,FALSE,FALSE,FALSE,FALSE,FALSE,FALSE,FALSE,"Kidney_hypermethylated"
2836,"chr18",76458623,76459111,2954,0.141817173869846,0.6191515879871,-0.477334414117254,-2.04630578296514,6.91380526305496e-06,0.000242773333379844,5,0,0,26.35,31.1,4,4,478,"+","Interval_2954",0,FALSE,FALSE,FALSE,FALSE,FALSE,FALSE,FALSE,"Liver_hypermethylated"
2837,"chr18",76465806,76466683,2955,0.519677125223053,0.498893985788021,0.0207831394350318,-0.296251608449558,0.00796339898823805,0.0199084974705951,7,0,0,26.4285714285714,26.2857142857143,4,4,4847,"+","Interval_2955",0,FALSE,FALSE,FALSE,FALSE,FALSE,FALSE,FALSE,"Kidney_hypermethylated"
2842,"chr18",76662368,76663082,2960,0.84587256745971,0.552564832469045,0.293307734990664,0.778188868340259,0.00269777709177959,0.00881502322958234,8,0,0,23.375,21.65625,4,4,2245,"+","Interval_2960",0,FALSE,FALSE,FALSE,FALSE,FALSE,FALSE,FALSE,"Kidney_hypermethylated"
2855,"chr18",77018225,77018456,2973,0.920416939054002,0.741657581371456,0.178759357682546,0.309378707247556,0.00038641753170861,0.00227033063804442,2,0,0,25.625,24.375,4,4,4024,"+","Interval_2973",0,FALSE,FALSE,FALSE,FALSE,FALSE,FALSE,FALSE,"Kidney_hypermethylated"
2858,"chr18",77072048,77072283,2976,0.492827315827183,0.760605191889904,-0.26777787606272,-0.619777759226071,0.000137835544290638,0.00113997230103092,3,0,0,32.3333333333333,35.3333333333333,4,4,2672,"+","Interval_2976",0,FALSE,FALSE,FALSE,FALSE,FALSE,FALSE,FALSE,"Liver_hypermethylated"
2860,"chr18",77077647,77078242,2978,0.17493393466419,0.649145329308373,-0.474211394644182,-1.86557509061634,4.98428092692661e-06,0.000206948691188946,2,0,0,26.375,26.125,4,4,581,"+","Interval_2978",0,FALSE,FALSE,FALSE,FALSE,TRUE,FALSE,TRUE,"Liver_hypermethylated"
2861,"chr18",77094623,77094951,2979,0.935644157353132,0.425733231002214,0.509910926350918,1.17517894036417,1.03891292840571e-06,0.00013028816214394,2,0,0,49.875,42.75,4,4,1411,"+","Interval_2979",0,FALSE,FALSE,FALSE,FALSE,FALSE,FALSE,FALSE,"Kidney_hypermethylated"
2864,"chr18",77358743,77359079,2982,0.335691444152053,0.736517914948754,-0.400826470796701,-1.13653429026124,3.78737415001197e-05,0.00054890127716565,6,0,0,25.4583333333333,22.625,4,4,1470,"+","Interval_2982",0,FALSE,FALSE,FALSE,FALSE,TRUE,FALSE,TRUE,"Liver_hypermethylated"
2869,"chr18",77487769,77488238,2987,0.302928378685088,0.559933561795545,-0.257005183110457,-1.00649187457533,0.011104430467121,0.0255371361154647,11,0,0,16.3409090909091,17.9545454545455,3.72727272727273,3.90909090909091,2672,"+","Interval_2987",0,FALSE,FALSE,FALSE,FALSE,FALSE,FALSE,FALSE,"Liver_hypermethylated"
2870,"chr18",77489929,77490974,2988,0.456738983273068,0.667606515609023,-0.210867532335954,-0.697499099618552,0.00476790989241708,0.0133986559277469,16,0,0,15.796875,17.375,3.75,3.875,2460,"+","Interval_2988",0,FALSE,FALSE,FALSE,FALSE,FALSE,FALSE,FALSE,"Liver_hypermethylated"
2873,"chr18",77550736,77550977,2991,0.684326672933472,0.606646787871433,0.0776798850620395,0.0995540959979108,0.0114594501255141,0.0261486524401352,3,0,0,27,26.75,4,4,5346,"+","Interval_2991",0,FALSE,FALSE,FALSE,FALSE,FALSE,FALSE,FALSE,"Kidney_hypermethylated"
2876,"chr18",77570718,77571045,2994,0,0.138306878306878,-0.138306878306878,-3.89051360481142,7.1482682393994e-09,2.19630541655547e-05,1,0,0,23.25,25,4,4,3005,"+","Interval_2994",0,FALSE,FALSE,FALSE,FALSE,FALSE,FALSE,FALSE,"Liver_hypermethylated"
2877,"chr18",77606941,77607260,2995,0.425297229674737,0.633995464479828,-0.208698234805091,-0.459698783671418,0.00178872743872982,0.00654269649463974,12,0,0,28.6875,27.3333333333333,4,4,3275,"+","Interval_2995",0,FALSE,FALSE,FALSE,FALSE,FALSE,FALSE,FALSE,"Liver_hypermethylated"
2878,"chr18",77608353,77609032,2996,0.787846419462779,0.289396021867461,0.498450397595318,1.64351155884332,8.98382821663186e-06,0.000265411655726936,8,0,0,25.71875,28.21875,4,4,804,"+","Interval_2996",0,FALSE,FALSE,FALSE,FALSE,FALSE,TRUE,TRUE,"Kidney_hypermethylated"
2879,"chr18",77644465,77644700,2997,0.442760874760592,0.77486986697513,-0.332108992214538,-0.793704178695622,0.000257134838413151,0.00171562821069361,1,0,0,43.75,38.75,4,4,2203,"+","Interval_2997",0,FALSE,FALSE,FALSE,FALSE,FALSE,FALSE,FALSE,"Liver_hypermethylated"
2880,"chr18",77646396,77646652,2998,0.655594405594406,0.848748326141943,-0.193153920547538,-0.367592074361387,0.00679492675482392,0.0176478549908677,1,0,0,36,47.5,4,4,3694,"+","Interval_2998",0,FALSE,FALSE,FALSE,FALSE,FALSE,FALSE,FALSE,"Liver_hypermethylated"
2883,"chr18",77683742,77684290,3001,0.90629222972973,0.802550403225806,0.103741826503923,0.173350477698512,0.00576029722347828,0.0155591325003402,1,0,0,33,28.25,4,4,4838,"+","Interval_3001",0,FALSE,FALSE,FALSE,FALSE,FALSE,FALSE,FALSE,"Kidney_hypermethylated"
2884,"chr18",77704329,77705473,3002,0.673508864025978,0.157429714605054,0.516079149420924,2.02691006251669,1.08301348540556e-05,0.00029727840801708,5,0,0,35.85,39.85,4,4,443,"+","Interval_3002",0,FALSE,FALSE,FALSE,FALSE,FALSE,TRUE,TRUE,"Kidney_hypermethylated"
2889,"chr18",77743429,77744024,3007,0.543654742464304,0.258637652444058,0.285017090020246,1.12771468469638,0.000781913026910207,0.00365666328033731,8,0,0,30.90625,34.6875,4,4,1485,"+","Interval_3007",0,FALSE,FALSE,FALSE,FALSE,FALSE,FALSE,FALSE,"Kidney_hypermethylated"
2890,"chr18",77758892,77759161,3008,0.793718434343434,0.794035594035594,-0.000317159692159785,-0.0151566946989665,0.0248774543399018,0.0475495977974173,2,0,0,28.25,28.5,4,4,6083,"+","Interval_3008",0,FALSE,FALSE,FALSE,FALSE,FALSE,FALSE,FALSE,"Liver_hypermethylated"
2893,"chr18",77781722,77782074,3011,0.910422263786016,0.200138636035018,0.710283627750998,2.15744849004287,6.69222490061971e-07,0.000124617339437297,2,0,0,31.125,33,4,4,327,"+","Interval_3011",0,FALSE,FALSE,FALSE,FALSE,FALSE,TRUE,TRUE,"Kidney_hypermethylated"
2896,"chr18",77806136,77807245,3014,0.700642818468406,0.220029027037475,0.480613791430931,1.68884799237568,2.63007565195675e-05,0.000456548442973848,18,0,0,30.9166666666667,31.2361111111111,4,4,765,"+","Interval_3014",0,FALSE,FALSE,FALSE,FALSE,FALSE,TRUE,TRUE,"Kidney_hypermethylated"
2897,"chr18",77811657,77812220,3015,0.784996781186863,0.207686038783303,0.577310742403561,1.92235806622104,3.62379011286811e-06,0.000192782611755491,8,0,0,33.96875,33.3125,4,4,514,"+","Interval_3015",0,FALSE,FALSE,FALSE,FALSE,FALSE,TRUE,TRUE,"Kidney_hypermethylated"
2898,"chr18",77818904,77819226,3016,0.794019707473054,0.200368201637985,0.593651505835069,1.94353684315673,4.31260377897945e-05,0.000585009938671716,5,0,0,22.75,25.75,4,4,500,"+","Interval_3016",0,FALSE,FALSE,FALSE,FALSE,FALSE,TRUE,TRUE,"Kidney_hypermethylated"
2899,"chr18",77820789,77821135,3017,0.605921544423383,0.213070012694207,0.392851531729176,1.458329395584,0.000253523818827581,0.00170262717671638,2,0,0,38.25,42.625,4,4,1038,"+","Interval_3017",0,FALSE,FALSE,FALSE,FALSE,FALSE,FALSE,FALSE,"Kidney_hypermethylated"
2900,"chr18",77821392,77822031,3018,0.806231301569564,0.479149606337551,0.327081695232013,0.856776000406155,0.00166105319494236,0.00620119798476356,20,0,0,19.35,21.9,3.9,4,2044,"+","Interval_3018",0,FALSE,FALSE,FALSE,FALSE,FALSE,FALSE,FALSE,"Kidney_hypermethylated"
2902,"chr18",77849112,77849872,3020,0.829455243306225,0.393700437963534,0.435754805342691,1.26912679967454,3.07437565778187e-05,0.000499776199870729,8,0,0,31.34375,35.71875,4,4,1266,"+","Interval_3020",0,FALSE,FALSE,FALSE,FALSE,FALSE,TRUE,TRUE,"Kidney_hypermethylated"
2903,"chr18",77869739,77870491,3021,0.194068773410331,0.309094884321315,-0.115026110910984,-0.808575767836638,0.0262074129475436,0.0495979527448892,17,0,0,19.7941176470588,23.1176470588235,3.70588235294118,4,3307,"+","Interval_3021",0,FALSE,FALSE,FALSE,FALSE,FALSE,FALSE,FALSE,"Liver_hypermethylated"
2904,"chr18",77879196,77880405,3022,0.432377839179001,0.607076896922914,-0.174699057743913,-0.611672418870647,0.0124059255944485,0.0279451659742985,11,0,0,23.2727272727273,26.2727272727273,3.72727272727273,3.81818181818182,2728,"+","Interval_3022",0,FALSE,FALSE,FALSE,FALSE,FALSE,FALSE,FALSE,"Liver_hypermethylated"
2905,"chr18",77880531,77880857,3023,0.811285701910702,0.606799450549451,0.204486251361251,0.413082701755176,0.00256848028522196,0.008494785442782,1,0,0,41.5,40,4,4,3498,"+","Interval_3023",0,FALSE,FALSE,FALSE,FALSE,FALSE,FALSE,FALSE,"Kidney_hypermethylated"
2907,"chr18",77956230,77956797,3025,0.871016037280224,0.517290968281529,0.353725068998694,0.837792064576242,0.0120268786611088,0.0272914214817259,11,0,0,22.5454545454545,24.9318181818182,4,4,2708,"+","Interval_3025",0,FALSE,FALSE,FALSE,FALSE,FALSE,TRUE,TRUE,"Kidney_hypermethylated"
2908,"chr18",77966925,77967161,3026,0.501886623285251,0.235285376844161,0.26660124644109,1.0590832094548,0.000980705671257666,0.00424875771797744,2,0,0,36.375,35,4,4,1617,"+","Interval_3026",0,FALSE,FALSE,FALSE,FALSE,FALSE,FALSE,FALSE,"Kidney_hypermethylated"
2911,"chr18",78028847,78029455,3029,0.897682759179142,0.574525953276345,0.323156805902797,0.929411711165061,0.00903781249766769,0.0220736716208935,20,0,0,21.8,22.2875,3.7,3.9,2516,"+","Interval_3029",0,FALSE,FALSE,FALSE,FALSE,FALSE,TRUE,TRUE,"Kidney_hypermethylated"
2912,"chr18",78032094,78032489,3030,0.753830715381536,0.197560891656263,0.556269823725273,1.87107761096625,1.88222240345728e-05,0.000384261018911794,2,0,0,23.375,25,4,4,574,"+","Interval_3030",0,FALSE,FALSE,FALSE,FALSE,FALSE,FALSE,FALSE,"Kidney_hypermethylated"
2915,"chr18",78052537,78053006,3033,0.821556712381165,0.466312207945956,0.355244504435209,1.03254447442222,0.00109293100487126,0.00455944400878066,5,0,0,25.8,26.3,4,4,1663,"+","Interval_3033",0,TRUE,FALSE,TRUE,FALSE,FALSE,TRUE,TRUE,"Kidney_hypermethylated"
2916,"chr18",78097338,78097954,3034,0.0404025900583543,0.238076127038245,-0.197673536979891,-2.38204166980129,0.00768148759494531,0.0193944487944769,4,0,0,30.5,37.3125,4,4,2433,"+","Interval_3034",0,FALSE,FALSE,FALSE,FALSE,FALSE,FALSE,FALSE,"Liver_hypermethylated"
2917,"chr18",78122496,78124420,3035,0.261521973709174,0.0789183581668325,0.182603615542342,1.20559096229354,0.018397413064554,0.0375963097045841,38,0,0,24.3289473684211,26.1052631578947,4,3.97368421052632,3007,"+","Interval_3035",0,TRUE,FALSE,TRUE,FALSE,FALSE,TRUE,TRUE,"Kidney_hypermethylated"
2920,"chr18",78166910,78167304,3038,0.820594575389331,0.370504266865224,0.450090308524107,1.23863760035429,3.38062376851217e-05,0.000523111225493624,3,0,0,29.75,28.8333333333333,4,4,1322,"+","Interval_3038",0,FALSE,FALSE,FALSE,FALSE,FALSE,TRUE,TRUE,"Kidney_hypermethylated"
2922,"chr18",78181367,78181838,3040,0.621808357912661,0.731710858363931,-0.109902500451269,-0.251908358950487,0.00282461019478828,0.00908934337418687,5,0,0,31.55,31.1,4,4,4348,"+","Interval_3040",0,FALSE,FALSE,FALSE,FALSE,FALSE,FALSE,FALSE,"Liver_hypermethylated"
2924,"chr18",78205497,78206279,3042,0.687130554829769,0.740032434418224,-0.0529018795884555,-0.131400354904956,0.0144461544468313,0.0313680632776602,12,0,0,27.9791666666667,28.4583333333333,4,4,5100,"+","Interval_3042",0,FALSE,FALSE,FALSE,FALSE,FALSE,FALSE,FALSE,"Liver_hypermethylated"
2925,"chr18",78212191,78213135,3043,0.704655189361173,0.328024445726732,0.37663074363444,1.85637259638608,0.00259191411974198,0.00854928194622354,17,0,0,29.2647058823529,30.1911764705882,4,4,1863,"+","Interval_3043",0,FALSE,FALSE,FALSE,FALSE,FALSE,TRUE,TRUE,"Kidney_hypermethylated"
2926,"chr18",78237143,78237959,3044,0.235179075864439,0.510175894006188,-0.274996818141749,-1.3156765332402,0.00114384610563051,0.00471388565628839,15,0,0,25.8,26.1333333333333,4,3.93333333333333,1522,"+","Interval_3044",0,FALSE,TRUE,TRUE,FALSE,TRUE,FALSE,TRUE,"Liver_hypermethylated"
2928,"chr18",78255480,78256658,3046,0.299713770249504,0.503375874604408,-0.203662104354904,-1.16032648351924,0.00454213695255941,0.0129339349274688,11,0,0,24.1363636363636,24.9318181818182,4,4,2203,"+","Interval_3046",0,FALSE,FALSE,FALSE,FALSE,FALSE,FALSE,FALSE,"Liver_hypermethylated"
2929,"chr18",78267345,78268357,3047,0.252986655048228,0.657660546321499,-0.404673891273271,-1.36449798400037,0.000116993543120377,0.00102606001872238,11,0,0,28.7045454545455,29.6818181818182,4,4,1142,"+","Interval_3047",0,FALSE,FALSE,FALSE,FALSE,FALSE,FALSE,FALSE,"Liver_hypermethylated"
2930,"chr18",78280403,78280948,3048,0.320628740023633,0.641130627370044,-0.320501887346411,-1.03500374261307,0.000265802770086908,0.00176008407562936,9,0,0,34.2777777777778,34.2222222222222,4,4,1657,"+","Interval_3048",0,FALSE,FALSE,FALSE,FALSE,FALSE,FALSE,FALSE,"Liver_hypermethylated"
2931,"chr18",78294508,78294980,3049,0.831443738675621,0.657678764371415,0.173764974304207,0.333603050191272,0.00160286797333206,0.00600822105375438,3,0,0,39.0833333333333,37.0833333333333,4,4,3877,"+","Interval_3049",0,FALSE,FALSE,FALSE,FALSE,FALSE,FALSE,FALSE,"Kidney_hypermethylated"
2932,"chr18",78313021,78313391,3050,0.0827173825611326,0.390359928784386,-0.307642546223253,-2.0743842076126,0.00444571459412869,0.0127420318008026,2,0,0,32.25,32.25,4,4,2144,"+","Interval_3050",0,FALSE,FALSE,FALSE,FALSE,FALSE,FALSE,FALSE,"Liver_hypermethylated"
2933,"chr18",78335509,78336622,3051,0.865233727185619,0.22489409515095,0.640339632034669,2.29883563752294,9.48814443159594e-07,0.000124999888511622,8,0,0,32.59375,29.96875,4,3.875,233,"+","Interval_3051",0,FALSE,FALSE,FALSE,FALSE,FALSE,TRUE,TRUE,"Kidney_hypermethylated"
2935,"chr18",78344436,78344977,3053,0.907148935002196,0.68095863661121,0.226190298390986,0.415577481865065,0.003935743299723,0.0115497337998079,2,0,0,25.125,24.75,4,4,3480,"+","Interval_3053",0,FALSE,FALSE,FALSE,FALSE,FALSE,TRUE,TRUE,"Kidney_hypermethylated"
2936,"chr18",78351137,78351842,3054,0.481354924808644,0.226617912239069,0.254737012569575,1.23811809772018,0.000741199410662164,0.0035133516542691,3,0,0,46.5833333333333,49.75,4,4,1706,"+","Interval_3054",0,FALSE,FALSE,FALSE,FALSE,FALSE,TRUE,TRUE,"Kidney_hypermethylated"
2937,"chr18",78357405,78358008,3055,0.323165182522113,0.577345814011617,-0.254180631489503,-0.891867993287874,0.000500322113163651,0.00269454810288399,7,0,0,29.9285714285714,36.1071428571429,4,4,1956,"+","Interval_3055",0,FALSE,TRUE,TRUE,FALSE,FALSE,FALSE,FALSE,"Liver_hypermethylated"
2940,"chr18",78431039,78431641,3058,0.290742592084751,0.553850308349832,-0.263107716265081,-0.996244663596601,0.000692167330590523,0.00336500652411295,9,0,0,29.4444444444444,29.25,4,4,1737,"+","Interval_3058",0,FALSE,FALSE,FALSE,FALSE,FALSE,FALSE,FALSE,"Liver_hypermethylated"
2941,"chr18",78432203,78433194,3059,0.48132513070174,0.566221364790066,-0.0848962340883259,-0.433317460144528,0.0175773690308164,0.0362824765516852,11,0,0,30.7045454545455,30.5227272727273,4,4,3736,"+","Interval_3059",0,FALSE,FALSE,FALSE,FALSE,FALSE,FALSE,FALSE,"Liver_hypermethylated"
2942,"chr18",78455744,78456234,3060,0.900478192007797,0.69640406162465,0.204074130383147,0.366130823737137,0.00136819148864707,0.00535171018315483,1,0,0,27.5,29.5,4,4,3699,"+","Interval_3060",0,FALSE,TRUE,TRUE,FALSE,FALSE,FALSE,FALSE,"Kidney_hypermethylated"
2943,"chr18",78483268,78483561,3061,0.922294622794447,0.681592488792563,0.240702134001884,0.431127066665447,0.00112377148504746,0.00465335294852875,3,0,0,32.5833333333333,35.1666666666667,4,4,3411,"+","Interval_3061",0,FALSE,FALSE,FALSE,FALSE,FALSE,FALSE,FALSE,"Kidney_hypermethylated"
2944,"chr18",78488581,78489221,3062,0.0898095005096817,0.513438102466417,-0.423628601956736,-2.54119295995714,0.000110552138007634,0.000999498933195194,17,0,0,32.2941176470588,33.8382352941176,4,4,679,"+","Interval_3062",0,FALSE,FALSE,FALSE,FALSE,FALSE,FALSE,FALSE,"Liver_hypermethylated"
2945,"chr18",78495369,78495889,3063,0.185596563290735,0.366999549148284,-0.18140298585755,-0.946277041786604,0.00250609943649944,0.00835139969484221,5,0,0,24.6,26.25,4,4,2442,"+","Interval_3063",0,FALSE,FALSE,FALSE,FALSE,FALSE,FALSE,FALSE,"Liver_hypermethylated"
2946,"chr18",78501797,78502358,3064,0.839513021358918,0.135144167081099,0.704368854277819,2.70827619891698,4.7022252338377e-06,0.000205871252523945,6,0,0,28.625,26.8333333333333,4,4,138,"+","Interval_3064",0,FALSE,FALSE,FALSE,FALSE,FALSE,FALSE,FALSE,"Kidney_hypermethylated"
2947,"chr18",78547248,78547751,3065,0.598114175284022,0.493190399017208,0.104923776266814,0.120255273922347,0.0022661268074793,0.00778387324313041,7,0,0,33.8214285714286,31.1428571428571,4,4,5188,"+","Interval_3065",0,FALSE,FALSE,FALSE,FALSE,FALSE,FALSE,FALSE,"Kidney_hypermethylated"
2948,"chr18",78601300,78601523,3066,0.487313569117376,0.210075047662769,0.277238521454607,1.65458481501825,0.00103819905902743,0.00442422553240193,4,0,0,24.5625,23.3125,4,4,1504,"+","Interval_3066",0,FALSE,FALSE,FALSE,FALSE,FALSE,FALSE,FALSE,"Kidney_hypermethylated"
2950,"chr18",78669127,78669759,3068,0.761517544428728,0.25722761550102,0.504289928927708,1.83299257775207,7.2376525877584e-06,0.000242933200890567,6,0,0,33.125,31.8333333333333,4,4,617,"+","Interval_3068",0,FALSE,FALSE,FALSE,FALSE,FALSE,FALSE,FALSE,"Kidney_hypermethylated"
2951,"chr18",78730838,78731151,3069,0.722914293530385,0.429428607957641,0.293485685572744,0.761761260661155,0.00378278972675343,0.0112187465593146,2,0,0,33.875,36.375,4,4,2292,"+","Interval_3069",0,FALSE,FALSE,FALSE,FALSE,FALSE,FALSE,FALSE,"Kidney_hypermethylated"
2952,"chr18",78801137,78801563,3070,0.465015039998429,0.710512998728284,-0.245497958729856,-0.639849442279777,0.0106067603425387,0.0246981971598714,5,0,0,25.55,25.3,4,4,2639,"+","Interval_3070",0,FALSE,FALSE,FALSE,FALSE,FALSE,FALSE,FALSE,"Liver_hypermethylated"
2953,"chr18",78826042,78826418,3071,0.266862858224173,0.571431678189987,-0.304568819965814,-1.17261431017543,0.00016720396216359,0.00127794570583988,4,0,0,38.125,38,4,4,1415,"+","Interval_3071",0,FALSE,FALSE,FALSE,FALSE,FALSE,FALSE,FALSE,"Liver_hypermethylated"
2954,"chr18",78849645,78850118,3072,0.228622268713231,0.576819466105635,-0.348197197392404,-1.33901966904764,0.000194210200477803,0.00140733688907559,3,0,0,30.6666666666667,31.75,4,4,1171,"+","Interval_3072",0,FALSE,FALSE,FALSE,FALSE,TRUE,FALSE,TRUE,"Liver_hypermethylated"
2960,"chr18",79013920,79014304,3078,0.260840534225625,0.502244085286176,-0.241403551060551,-1.08683956998987,0.00117239246056863,0.00480101892669621,5,0,0,39.2,42.8,4,4,1823,"+","Interval_3078",0,FALSE,FALSE,FALSE,FALSE,FALSE,FALSE,FALSE,"Liver_hypermethylated"
2961,"chr18",79020170,79020832,3079,0.482821414776296,0.621552507597358,-0.138731092821062,-0.813736645399389,0.0245913975767902,0.047120092955839,6,0,0,28.2916666666667,27.3333333333333,4,4,3207,"+","Interval_3079",0,FALSE,FALSE,FALSE,FALSE,FALSE,FALSE,FALSE,"Liver_hypermethylated"
2965,"chr18",79068447,79068766,3083,0.206815023212082,0.550122549019608,-0.343307525807526,-1.42146735315328,0.000156982619273189,0.00123081915646214,2,0,0,21.25,21.125,4,4,1079,"+","Interval_3083",0,FALSE,FALSE,FALSE,FALSE,FALSE,FALSE,FALSE,"Liver_hypermethylated"
2966,"chr18",79070530,79070826,3084,0.177647349215444,0.544145472056008,-0.366498122840564,-1.8405672557529,0.00261036992493088,0.00858251641985033,9,0,0,20.2222222222222,23.6666666666667,4,4,1869,"+","Interval_3084",0,FALSE,FALSE,FALSE,FALSE,FALSE,FALSE,FALSE,"Liver_hypermethylated"
2967,"chr18",79078431,79078759,3085,0.695942492885175,0.677408108711321,0.0185343841738545,-0.0684692784815864,0.020223378641624,0.0403613711441311,6,0,0,18.75,17.0833333333333,3.83333333333333,4,5558,"+","Interval_3085",0,FALSE,FALSE,FALSE,FALSE,FALSE,FALSE,FALSE,"Kidney_hypermethylated"
2970,"chr18",79256992,79258183,3088,0.416570427162526,0.108889559066618,0.307680868095908,2.20877890517011,0.0061930076452783,0.0164176151769781,11,0,0,24.0909090909091,22.9318181818182,3.27272727272727,3.27272727272727,2318,"+","Interval_3088",0,FALSE,FALSE,FALSE,FALSE,FALSE,FALSE,FALSE,"Kidney_hypermethylated"
2974,"chr18",79473050,79473320,3092,0.282256497875535,0.10409066226764,0.178165835607895,1.39741399966971,0.0126012519167225,0.0282918133095578,3,0,0,36.9166666666667,30.25,4,4,2737,"+","Interval_3092",0,FALSE,FALSE,FALSE,FALSE,FALSE,FALSE,FALSE,"Kidney_hypermethylated"
2976,"chr18",79626260,79626506,3094,0.400747363339275,0.355116965248014,0.0456303980912615,0.217976412260204,0.0192327624258084,0.0388046538773459,2,0,0,33.875,32.5,4,4,4555,"+","Interval_3094",0,FALSE,FALSE,FALSE,FALSE,FALSE,FALSE,FALSE,"Kidney_hypermethylated"
2978,"chr18",79925916,79926271,3096,0.589425125313283,0.360503227279543,0.22892189803374,0.692635518375875,0.00433897340820741,0.0125056376127243,2,0,0,19,21.875,4,4,2472,"+","Interval_3096",0,FALSE,FALSE,FALSE,FALSE,FALSE,FALSE,FALSE,"Kidney_hypermethylated"
2983,"chr18",80090310,80090768,3101,0.60444510921946,0.73529022733975,-0.13084511812029,-0.356597933073961,0.0202857291057188,0.040441724113788,10,0,0,18.775,20.6,3.7,3.9,3759,"+","Interval_3101",0,FALSE,FALSE,FALSE,FALSE,FALSE,FALSE,FALSE,"Liver_hypermethylated"
2984,"chr18",80103540,80103770,3102,0.758963815789474,0.440092244164386,0.318871571625088,0.75481120287028,0.00337582082928005,0.0103468552276204,2,0,0,17,22.375,4,4,2305,"+","Interval_3102",0,FALSE,FALSE,FALSE,FALSE,FALSE,FALSE,FALSE,"Kidney_hypermethylated"
2985,"chr18",80118640,80119046,3103,0.528361709653425,0.431219441904437,0.0971422677489886,0.184961808825883,0.00200553442923912,0.00713607936750109,10,0,0,34.95,32.575,4,4,4756,"+","Interval_3103",0,FALSE,FALSE,FALSE,FALSE,FALSE,FALSE,FALSE,"Kidney_hypermethylated"
2990,"chr18",80169203,80170527,3108,0.491060781496377,0.275011827017711,0.216048954478666,0.891944049674923,0.00518012966539885,0.0142807971260098,30,0,0,24.675,28.25,3.93333333333333,3.93333333333333,2229,"+","Interval_3108",0,FALSE,FALSE,FALSE,FALSE,FALSE,FALSE,FALSE,"Kidney_hypermethylated"
2991,"chr18",80178322,80178953,3109,0.878089754788319,0.240729279226297,0.637360475562022,2.05438612337756,1.28928437738289e-05,0.000315431078618692,12,0,0,32.4166666666667,34.4583333333333,4,4,423,"+","Interval_3109",0,FALSE,FALSE,FALSE,FALSE,FALSE,TRUE,TRUE,"Kidney_hypermethylated"
2992,"chr18",80179338,80179806,3110,0.86643230385074,0.337484029357448,0.528948274493292,1.64972488128427,0.000187012599211692,0.00136321758262852,19,0,0,28.8552631578947,26.7368421052632,4,3.63157894736842,843,"+","Interval_3110",0,FALSE,FALSE,FALSE,FALSE,FALSE,FALSE,FALSE,"Kidney_hypermethylated"
2993,"chr18",80193456,80194360,3111,0.727982538133499,0.595393542120004,0.132588996013495,0.475903617912938,0.00452990457341852,0.0129110684618074,10,0,0,29.25,32.3,4,4,3197,"+","Interval_3111",0,FALSE,FALSE,FALSE,FALSE,FALSE,TRUE,TRUE,"Kidney_hypermethylated"
2997,"chr18",80219857,80220845,3115,0.878796982899415,0.539257114926245,0.33953986797317,0.869165362307708,0.00227138104972809,0.00779320857095428,12,0,0,28.6041666666667,30.2916666666667,4,4,2024,"+","Interval_3115",0,FALSE,FALSE,FALSE,FALSE,FALSE,TRUE,TRUE,"Kidney_hypermethylated"
2998,"chr18",80227072,80227692,3116,0.246786119635598,0.550225643860367,-0.303439524224769,-1.48246821311707,0.0010211033909494,0.00437564877083966,11,0,0,26.6818181818182,29.5681818181818,4,4,1434,"+","Interval_3116",0,FALSE,FALSE,FALSE,FALSE,FALSE,FALSE,FALSE,"Liver_hypermethylated"
3001,"chr18",80259988,80260337,3119,0.900746406245499,0.166088458679992,0.734657947565507,2.37444948948758,2.35635241646083e-05,0.000429263530417456,3,0,0,25.9166666666667,26.9166666666667,4,4,337,"+","Interval_3119",0,FALSE,FALSE,FALSE,FALSE,FALSE,TRUE,TRUE,"Kidney_hypermethylated"
3002,"chr18",80271337,80271899,3120,0.641169591410081,0.798594769713918,-0.157425178303837,-0.384331574288411,0.0181454220352903,0.0371678728022863,10,0,0,23.95,25.075,4,4,3627,"+","Interval_3120",0,FALSE,FALSE,FALSE,FALSE,FALSE,FALSE,FALSE,"Liver_hypermethylated"
3003,"chr18",80272473,80272850,3121,0.574371133379967,0.863558473805627,-0.28918734042566,-0.604695086983548,0.000415872951180561,0.00237063013451257,11,0,0,23.6136363636364,27.9545454545455,4,4,2729,"+","Interval_3121",0,FALSE,FALSE,FALSE,FALSE,FALSE,FALSE,FALSE,"Liver_hypermethylated"
3004,"chr18",80280445,80280784,3122,0.141890353313111,0.239842957787385,-0.0979526044742736,-1.19194278951197,0.0125318836331704,0.028169957303664,7,0,0,19.4285714285714,20.7857142857143,4,4,3554,"+","Interval_3122",0,FALSE,FALSE,FALSE,FALSE,FALSE,FALSE,FALSE,"Liver_hypermethylated"
3005,"chr18",80287424,80287898,3123,0.473751149393648,0.635775532069789,-0.162024382676141,-0.472467608335304,0.0147674031551453,0.0318182652133127,10,0,0,19,20.7,4,4,3216,"+","Interval_3123",0,FALSE,FALSE,FALSE,FALSE,FALSE,FALSE,FALSE,"Liver_hypermethylated"
3008,"chr18",80313036,80313601,3126,0.208806622891363,0.529262613269311,-0.320455990377947,-1.17342433285871,0.000693745914415937,0.00336608015418867,7,0,0,27.9285714285714,30.2142857142857,4,4,1413,"+","Interval_3126",0,FALSE,TRUE,TRUE,FALSE,FALSE,FALSE,FALSE,"Liver_hypermethylated"
3010,"chr18",80339815,80340270,3128,0.869007994970388,0.216899570182574,0.652108424787813,2.02414102591824,4.77544797606475e-06,0.000205871252523945,10,0,0,29,28.625,4,4,446,"+","Interval_3128",0,FALSE,FALSE,FALSE,FALSE,FALSE,TRUE,TRUE,"Kidney_hypermethylated"
3013,"chr18",80372812,80373307,3131,0.829369915616001,0.224321728577737,0.605048187038264,2.10268943121513,0.000150657034799873,0.00120232140109769,10,0,0,27.325,29.675,4,4,770,"+","Interval_3131",0,FALSE,FALSE,FALSE,FALSE,FALSE,FALSE,FALSE,"Kidney_hypermethylated"
3014,"chr18",80379017,80379369,3132,0.464058399166683,0.708581794628285,-0.244523395461602,-0.760555587913252,0.00231325154964573,0.00788841885270422,9,0,0,20.6111111111111,24.9722222222222,4,4,2298,"+","Interval_3132",0,FALSE,FALSE,FALSE,FALSE,FALSE,FALSE,FALSE,"Liver_hypermethylated"
3017,"chr18",80442656,80443602,3135,0.394890008817513,0.762071113414026,-0.367181104596512,-1.07514516480051,0.000111254099700545,0.00100390079685734,12,0,0,27.3333333333333,28.2291666666667,4,4,1591,"+","Interval_3135",0,FALSE,FALSE,FALSE,FALSE,FALSE,FALSE,FALSE,"Liver_hypermethylated"
3022,"chr18",80485166,80486300,3140,0.369837117658009,0.668251565957271,-0.298414448299262,-0.996825140010164,0.000958759240401917,0.00417546104342295,14,0,0,29.5892857142857,31.4107142857143,4,4,1734,"+","Interval_3140",0,FALSE,FALSE,FALSE,FALSE,FALSE,FALSE,FALSE,"Liver_hypermethylated"
3024,"chr18",80496112,80496499,3142,0.881848041582319,0.689715936710822,0.192132104871498,0.364950511112413,0.0110836279954034,0.0255185065686601,4,0,0,22.125,25.375,4,4,3707,"+","Interval_3142",0,TRUE,FALSE,TRUE,FALSE,FALSE,FALSE,FALSE,"Kidney_hypermethylated"
3025,"chr18",80527733,80528449,3143,0.778460432365676,0.475595268327867,0.302865164037809,0.723864451426372,0.000463323760603936,0.00254635990128898,5,0,0,25.9,26.6,4,4,2393,"+","Interval_3143",0,FALSE,FALSE,FALSE,FALSE,FALSE,FALSE,FALSE,"Kidney_hypermethylated"
3026,"chr18",80533729,80534842,3144,0.288214708969553,0.53535030314681,-0.247135594177257,-1.03261209594704,0.00335493175359121,0.0102977300828262,18,0,0,26.4583333333333,27.4444444444444,4,4,2002,"+","Interval_3144",0,FALSE,FALSE,FALSE,FALSE,FALSE,FALSE,FALSE,"Liver_hypermethylated"
3027,"chr18",80535686,80536076,3145,0.128826657656111,0.533610131098342,-0.404783473442231,-2.05631766474694,3.83374871579562e-05,0.000550429576134674,9,0,0,28.6388888888889,29.8055555555556,4,4,746,"+","Interval_3145",0,FALSE,FALSE,FALSE,FALSE,FALSE,FALSE,FALSE,"Liver_hypermethylated"
3028,"chr18",80547963,80549295,3146,0.335359734044934,0.657329594178208,-0.321969860133274,-1.13475778136534,0.0027942014438313,0.00904179456152888,33,0,0,17.6969696969697,19.6666666666667,3.6969696969697,3.78787878787879,1899,"+","Interval_3146",0,FALSE,FALSE,FALSE,FALSE,FALSE,FALSE,FALSE,"Liver_hypermethylated"
3031,"chr18",80624187,80625667,3149,0.199962266499651,0.519762424742417,-0.319800158242765,-1.44620844642996,0.000195319277879153,0.001412796286726,17,0,0,24.8676470588235,26.2205882352941,4,4,1200,"+","Interval_3149",0,FALSE,FALSE,FALSE,FALSE,FALSE,FALSE,FALSE,"Liver_hypermethylated"
3035,"chr18",80662660,80663141,3153,0.853733685042124,0.603568382186803,0.25016530285532,0.511700372630155,0.00271396111960048,0.00885206532905784,3,0,0,29.25,28.25,4,4,3065,"+","Interval_3153",0,FALSE,FALSE,FALSE,FALSE,FALSE,FALSE,FALSE,"Kidney_hypermethylated"
3036,"chr18",80697081,80697683,3154,0.774549023874286,0.202766271187387,0.571782752686899,1.9244598838177,0.000361289655099235,0.00218086928348212,16,0,0,19.90625,20.984375,4,4,1018,"+","Interval_3154",0,FALSE,FALSE,FALSE,FALSE,FALSE,FALSE,FALSE,"Kidney_hypermethylated"
3043,"chr18",80734717,80735565,3161,0.32943689552172,0.562093023482043,-0.232656127960323,-0.999248015120888,0.00830212829370762,0.0205629094578127,21,0,0,22.8214285714286,23.1785714285714,4,4,2481,"+","Interval_3161",0,FALSE,FALSE,FALSE,FALSE,FALSE,FALSE,FALSE,"Liver_hypermethylated"
3045,"chr18",80804622,80805207,3163,0.747009987911166,0.571001557674352,0.176008430236814,0.380383561216451,0.00787057990225452,0.0197594858966206,2,0,0,25.625,24,4,4,3637,"+","Interval_3163",0,FALSE,FALSE,FALSE,FALSE,FALSE,FALSE,FALSE,"Kidney_hypermethylated"
3046,"chr18",80810845,80812132,3164,0.414902229834224,0.710442572345404,-0.29554034251118,-0.87289841172448,0.000548760553038365,0.00285535408292319,16,0,0,32.109375,32.921875,4,4,2015,"+","Interval_3164",0,FALSE,FALSE,FALSE,FALSE,FALSE,FALSE,FALSE,"Liver_hypermethylated"
3047,"chr18",80818829,80819356,3165,0.400032049552002,0.762498635301759,-0.362466585749757,-1.04580343216325,6.11735201941187e-05,0.000729924818626911,6,0,0,40.2916666666667,40.875,4,4,1636,"+","Interval_3165",0,FALSE,FALSE,FALSE,FALSE,FALSE,FALSE,FALSE,"Liver_hypermethylated"
3049,"chr18",80849394,80850162,3167,0.377682186234818,0.672208867521368,-0.29452668128655,-0.815339061948327,0.000519554012358824,0.00277381355859685,1,0,0,27.5,25,4,4,2145,"+","Interval_3167",0,FALSE,FALSE,FALSE,FALSE,FALSE,FALSE,FALSE,"Liver_hypermethylated"
3051,"chr18",80857674,80858135,3169,0.895289202169129,0.264617064251586,0.630672137917543,1.83197409958318,2.18973552774269e-06,0.000164653885741238,4,0,0,35.75,34.125,4,4,618,"+","Interval_3169",0,FALSE,FALSE,FALSE,FALSE,FALSE,FALSE,FALSE,"Kidney_hypermethylated"
3052,"chr18",80926390,80926838,3170,0.553329903760268,0.789380384907851,-0.236050481147583,-0.535449053809201,0.00136421762506429,0.00534296832760998,6,0,0,33.0833333333333,31.875,4,4,2989,"+","Interval_3170",0,FALSE,FALSE,FALSE,FALSE,FALSE,FALSE,FALSE,"Liver_hypermethylated"
3055,"chr18",80950731,80951323,3173,0.139551736174184,0.416708403912006,-0.277156667737822,-1.6510911492286,0.00525183248530127,0.0144266922763417,4,0,0,22.8125,21.5625,4,4,2237,"+","Interval_3173",0,FALSE,FALSE,FALSE,FALSE,FALSE,FALSE,FALSE,"Liver_hypermethylated"
3056,"chr18",80957852,80958126,3174,0.0708208027370046,0.393578960259166,-0.322758157522162,-2.51242969214939,0.00266627862342291,0.00872432488867613,5,0,0,25.4,24.4,4,4,1878,"+","Interval_3174",0,FALSE,TRUE,TRUE,FALSE,FALSE,FALSE,FALSE,"Liver_hypermethylated"
3061,"chr18",81000315,81000783,3179,0.930816167556674,0.73438497412159,0.196431193435084,0.375931633382991,0.0021502518719816,0.00748743205669183,9,0,0,25.8611111111111,27.7222222222222,4,4,3656,"+","Interval_3179",0,TRUE,FALSE,TRUE,FALSE,FALSE,FALSE,FALSE,"Kidney_hypermethylated"
3063,"chr18",81030819,81031155,3181,0.829668360915252,0.655312529966796,0.174355830948456,0.334216091523198,0.00481163789606063,0.0134977140089591,4,0,0,30.875,26.75,4,4,3873,"+","Interval_3181",0,FALSE,FALSE,FALSE,FALSE,FALSE,FALSE,FALSE,"Kidney_hypermethylated"
3065,"chr18",81047315,81047834,3183,0.317920389603168,0.0634346729041,0.254485716699068,2.17320978873156,0.000380342233560243,0.00225649892539972,9,0,0,24.9722222222222,25.1111111111111,4,3.88888888888889,1707,"+","Interval_3183",0,FALSE,TRUE,TRUE,FALSE,FALSE,FALSE,FALSE,"Kidney_hypermethylated"
3067,"chr18",81090846,81091718,3185,0.357601467642697,0.67640486933433,-0.318803401691632,-0.91880055800631,0.000503060657685196,0.00269808292054136,22,0,0,28.8409090909091,26.9772727272727,4,4,1892,"+","Interval_3185",0,FALSE,FALSE,FALSE,FALSE,FALSE,FALSE,FALSE,"Liver_hypermethylated"
3068,"chr18",81098370,81098614,3186,0.888901276893106,0.674409127789181,0.214492149103925,0.412520941485048,0.0129311729019005,0.0288323866045641,6,0,0,23.9166666666667,21.5416666666667,4,4,3504,"+","Interval_3186",0,FALSE,FALSE,FALSE,FALSE,FALSE,FALSE,FALSE,"Kidney_hypermethylated"
3070,"chr18",81253007,81253472,3188,0.694128787878788,0.346191851626634,0.347936936252154,0.983184814295968,0.00390433398572604,0.0115070179099695,1,0,0,16.75,20,4,4,2085,"+","Interval_3188",0,FALSE,TRUE,TRUE,FALSE,FALSE,FALSE,FALSE,"Kidney_hypermethylated"
3072,"chr18",81383188,81383470,3190,0.936901270772239,0.742149379855527,0.194751890916712,0.332194794746263,6.29907838032511e-05,0.000744893222992079,1,0,0,31.75,30,4,4,3887,"+","Interval_3190",0,FALSE,FALSE,FALSE,FALSE,FALSE,FALSE,FALSE,"Kidney_hypermethylated"
3075,"chr18",81414935,81416123,3193,0.737351508116773,0.455875942025177,0.281475566091595,0.8072191024972,0.000765062528315798,0.00360529849424891,24,0,0,30.1458333333333,26.9270833333333,4,4,2166,"+","Interval_3193",0,FALSE,FALSE,FALSE,FALSE,FALSE,TRUE,TRUE,"Kidney_hypermethylated"
3076,"chr18",81428308,81428510,3194,0.915756366668016,0.726389795980294,0.189366570687721,0.333282523985971,0.013237890859469,0.0292930642172982,4,0,0,30.4375,26.625,4,4,3881,"+","Interval_3194",0,FALSE,FALSE,FALSE,FALSE,FALSE,FALSE,FALSE,"Kidney_hypermethylated"
3080,"chr18",81471597,81472147,3198,0.285100050213491,0.596541802165055,-0.311441751951564,-1.03688521377734,0.00022709712666331,0.00157257699489128,12,0,0,35.4375,32.5625,4,4,1651,"+","Interval_3198",0,FALSE,FALSE,FALSE,FALSE,FALSE,FALSE,FALSE,"Liver_hypermethylated"
3082,"chr18",81521038,81521726,3200,0.0732370700548754,0.414338195333161,-0.341101125278286,-2.54353144647777,0.000298080336281624,0.00189813851445656,11,0,0,29.7045454545455,28.8636363636364,4,4,1066,"+","Interval_3200",0,FALSE,FALSE,FALSE,FALSE,FALSE,FALSE,FALSE,"Liver_hypermethylated"
3083,"chr18",81571716,81572236,3201,0.441805261869753,0.365160939798781,0.0766443220709716,0.244480446008172,0.0246267843037428,0.0471584884844186,19,0,0,28.25,31.1315789473684,4,4,4393,"+","Interval_3201",0,TRUE,FALSE,TRUE,FALSE,FALSE,FALSE,FALSE,"Kidney_hypermethylated"
3084,"chr18",81644387,81645109,3202,0.56024858636536,0.708184179455148,-0.147935593089789,-0.330206259993704,0.0190664056479479,0.0385404811535,12,0,0,39.75,37.0833333333333,4,4,3897,"+","Interval_3202",0,FALSE,FALSE,FALSE,FALSE,FALSE,FALSE,FALSE,"Liver_hypermethylated"
3085,"chr18",81652652,81652951,3203,0.348589441319754,0.206073728822633,0.142515712497122,0.926388657745354,0.0155777823121147,0.0330886527161924,7,0,0,22.8571428571429,23.1428571428571,4,4,2941,"+","Interval_3203",0,FALSE,FALSE,FALSE,FALSE,FALSE,FALSE,FALSE,"Kidney_hypermethylated"
3087,"chr18",81711838,81712096,3206,0.98435972629521,0.796120157431702,0.188239568863508,0.302772967502052,0.0168899622557682,0.0351707279097579,1,0,0,26.75,27,4,4,4056,"+","Interval_3206",0,TRUE,TRUE,TRUE,TRUE,FALSE,FALSE,FALSE,"Kidney_hypermethylated"
3089,"chr18",81838970,81839764,3208,0.261220899444985,0.099588048821061,0.161632850623924,1.79554847067231,0.000600025024704131,0.00304220608647433,4,0,0,23.4375,21.8125,3.5,3.25,2709,"+","Interval_3208",0,FALSE,FALSE,FALSE,FALSE,FALSE,FALSE,FALSE,"Kidney_hypermethylated"
3092,"chr18",81925121,81925455,3211,0.753168337495836,0.647346227127324,0.105822110368511,0.179217208758709,0.0134228721197254,0.029649011206223,6,0,0,26.3333333333333,25.9583333333333,4,4,4803,"+","Interval_3211",0,TRUE,FALSE,TRUE,FALSE,FALSE,FALSE,FALSE,"Kidney_hypermethylated"
3096,"chr18",82161276,82162116,3215,0.752682664408043,0.499020444100476,0.253662220307567,0.616680866881253,0.00221371884441951,0.00765956121555321,6,0,0,32.9166666666667,28.0833333333333,3.5,3.83333333333333,2681,"+","Interval_3215",0,TRUE,TRUE,TRUE,TRUE,FALSE,FALSE,FALSE,"Kidney_hypermethylated"
3097,"chr18",82167052,82168873,3216,0.759475503412075,0.520485772555862,0.238989730856213,0.574599055382445,0.000735466218108197,0.0035007280482377,16,0,0,45.046875,44.1875,3.8125,3.875,2841,"+","Interval_3216",0,TRUE,TRUE,TRUE,TRUE,FALSE,FALSE,FALSE,"Kidney_hypermethylated"
3098,"chr18",82170290,82170868,3217,0.685038090311985,0.482360882701163,0.202677207610822,0.595916651235499,0.00122665075880308,0.00492664634826465,3,0,0,67.4166666666667,53.9166666666667,4,4,2770,"+","Interval_3217",0,FALSE,TRUE,TRUE,FALSE,FALSE,FALSE,FALSE,"Kidney_hypermethylated"
3101,"chr18",82461942,82462637,3220,0.876583994708995,0.687860401967789,0.188723592741206,0.401667844637796,0.01197225235531,0.0271875427654767,3,0,0,19.1666666666667,22,3.66666666666667,4,3544,"+","Interval_3220",0,FALSE,FALSE,FALSE,FALSE,FALSE,FALSE,FALSE,"Kidney_hypermethylated"
3102,"chr18",82471493,82472415,3221,0.370066205126525,0.10596744013101,0.264098764995515,1.67290592267958,0.00286688523441243,0.0091755259195127,8,0,0,25.46875,28.59375,4,4,1920,"+","Interval_3221",0,FALSE,FALSE,FALSE,FALSE,FALSE,FALSE,FALSE,"Kidney_hypermethylated"
3104,"chr18",82484542,82484957,3223,0.360842933837244,0.613751847272713,-0.252908913435468,-0.938499448135477,0.00107965297254568,0.00452247274457616,10,0,0,28.425,26.675,4,4,1852,"+","Interval_3223",0,FALSE,FALSE,FALSE,FALSE,FALSE,FALSE,FALSE,"Liver_hypermethylated"
3105,"chr18",82488930,82489931,3224,0.853288715123375,0.195685824442966,0.657602890680409,2.1894097661291,0.000296962128550671,0.00189494525435501,14,0,0,19.375,21.4285714285714,3.92857142857143,4,963,"+","Interval_3224",0,FALSE,FALSE,FALSE,FALSE,FALSE,TRUE,TRUE,"Kidney_hypermethylated"
3106,"chr18",82490595,82491071,3225,0.844433834139717,0.258522264772265,0.585911569367452,1.85423127835726,0.0116665786373225,0.0265621066047968,3,0,0,11.1666666666667,10.9166666666667,2.66666666666667,2.66666666666667,2699,"+","Interval_3225",0,FALSE,FALSE,FALSE,FALSE,FALSE,TRUE,TRUE,"Kidney_hypermethylated"
3107,"chr18",82504289,82504686,3226,0.232551587585827,0.346747573500013,-0.114195985914186,-0.490233667340589,0.00233328126755229,0.0079347058047088,4,0,0,24.125,26.6875,4,4,3320,"+","Interval_3226",0,FALSE,FALSE,FALSE,FALSE,FALSE,FALSE,FALSE,"Liver_hypermethylated"
3109,"chr18",82512114,82512370,3229,0.559485200266905,0.745210285725441,-0.185725085458535,-0.442690840195814,0.0105605955142056,0.024618687190741,4,0,0,30.875,32.25,4,4,3349,"+","Interval_3229",0,FALSE,FALSE,FALSE,FALSE,FALSE,FALSE,FALSE,"Liver_hypermethylated"
3110,"chr18",82513461,82514305,3230,0.781316316505409,0.20037698379866,0.58093933270675,2.01381481667454,1.29354974470155e-05,0.000315431078618692,11,0,0,33.9545454545455,33.5681818181818,4,4,452,"+","Interval_3230",0,TRUE,FALSE,TRUE,FALSE,FALSE,TRUE,TRUE,"Kidney_hypermethylated"
3111,"chr18",82514685,82515387,3231,0.73847395113242,0.430686240642809,0.30778771048961,0.894870820739869,0.00264358616270793,0.00866391305058145,6,0,0,32.125,34.625,4,4,1945,"+","Interval_3231",0,FALSE,FALSE,FALSE,FALSE,FALSE,TRUE,TRUE,"Kidney_hypermethylated"
3112,"chr18",82522457,82523222,3232,0.841932041630695,0.293911361876042,0.548020679754653,1.74397098775169,9.9975570372458e-05,0.000949639403147098,14,0,0,23.1607142857143,23.5714285714286,4,4,705,"+","Interval_3232",0,FALSE,FALSE,FALSE,FALSE,FALSE,TRUE,TRUE,"Kidney_hypermethylated"
3114,"chr18",82532083,82532433,3234,0.763108579443543,0.31995004995005,0.443158529493493,1.44596590357421,0.000141380004634603,0.00115722013392763,4,0,0,22.125,22.375,4,4,1052,"+","Interval_3234",0,FALSE,FALSE,FALSE,FALSE,FALSE,FALSE,FALSE,"Kidney_hypermethylated"
3116,"chr18",82546143,82546422,3236,0.455934429695769,0.693765128184777,-0.237830698489008,-0.534340464141039,0.000991609966137887,0.0042869124993446,9,0,0,21.6388888888889,26.5277777777778,4,4,2995,"+","Interval_3236",0,FALSE,FALSE,FALSE,FALSE,FALSE,FALSE,FALSE,"Liver_hypermethylated"
3118,"chr18",82567603,82569098,3238,0.611930937194465,0.346007794586469,0.265923142607995,0.900907227451272,0.00219764110858036,0.00762105226423605,31,0,0,28.5806451612903,29.5403225806452,4,4,1934,"+","Interval_3238",0,FALSE,FALSE,FALSE,FALSE,FALSE,TRUE,TRUE,"Kidney_hypermethylated"
3119,"chr18",82569663,82569913,3239,0.940194200285478,0.139150733695006,0.801043466590473,2.68719156599572,1.25765553307532e-08,2.57609775024928e-05,3,0,0,30.0833333333333,31.5833333333333,4,4,97,"+","Interval_3239",0,FALSE,FALSE,FALSE,FALSE,FALSE,TRUE,TRUE,"Kidney_hypermethylated"
3120,"chr18",82576312,82576993,3240,0.840551346801347,0.151921206516795,0.688630140284552,2.41087496928562,2.19910058055131e-06,0.000164653885741238,2,0,0,23.125,24.25,4,4,181,"+","Interval_3240",0,FALSE,FALSE,FALSE,FALSE,FALSE,TRUE,TRUE,"Kidney_hypermethylated"
3121,"chr18",82577679,82578228,3241,0.879643288278704,0.479814801206762,0.399828487071942,0.957094166010254,0.00117782598878013,0.00481232759378582,4,0,0,23.5,25.8125,4,4,1810,"+","Interval_3241",0,FALSE,FALSE,FALSE,FALSE,FALSE,TRUE,TRUE,"Kidney_hypermethylated"
3122,"chr18",82583428,82584071,3242,0.760053689605983,0.414814750097407,0.345238939508576,1.11384485967008,0.000620705055104408,0.0031187510740937,22,0,0,24.375,26.75,4,4,1514,"+","Interval_3242",0,FALSE,FALSE,FALSE,FALSE,FALSE,FALSE,FALSE,"Kidney_hypermethylated"
3124,"chr18",82605275,82605752,3244,0.929725515948965,0.489712835676321,0.440012680272645,1.17031700298115,0.000888748870601726,0.00397595233974584,5,0,0,28.05,29.3,4,4,1421,"+","Interval_3244",0,FALSE,FALSE,FALSE,FALSE,FALSE,TRUE,TRUE,"Kidney_hypermethylated"
3125,"chr18",82607638,82608082,3245,0.853571850773444,0.32434824842772,0.529223602345724,1.51473334102772,0.000764406444657484,0.00360497129886434,6,0,0,23.9583333333333,26.0833333333333,4,4,1303,"+","Interval_3245",0,FALSE,FALSE,FALSE,FALSE,FALSE,TRUE,TRUE,"Kidney_hypermethylated"
3126,"chr18",82615256,82615718,3246,0.930707994579946,0.32924121225843,0.601466782321516,1.47377278886658,0.000302777223941178,0.00192008879372398,2,0,0,27.5,33.375,4,4,1010,"+","Interval_3246",0,FALSE,FALSE,FALSE,FALSE,FALSE,TRUE,TRUE,"Kidney_hypermethylated"
3128,"chr18",82625839,82626357,3248,0.686760138741556,0.845375955794093,-0.158615817052537,-0.386579913447183,0.0064323952551571,0.0169135938566283,7,0,0,30,30.6071428571429,4,4,3616,"+","Interval_3248",0,FALSE,FALSE,FALSE,FALSE,FALSE,FALSE,FALSE,"Liver_hypermethylated"
3129,"chr18",82633734,82634845,3249,0.831211429162226,0.420033736818712,0.411177692343514,1.13310122296159,1.68682324619607e-05,0.000359987414679504,10,0,0,38.975,40.375,4,4,1478,"+","Interval_3249",0,FALSE,FALSE,FALSE,FALSE,FALSE,TRUE,TRUE,"Kidney_hypermethylated"
3130,"chr18",82644509,82645056,3250,0.836530334499662,0.586274074743621,0.250256259756041,0.50704625376372,0.00083761479810054,0.00382119000321293,8,0,0,34.125,35.96875,4,4,3083,"+","Interval_3250",0,FALSE,FALSE,FALSE,FALSE,FALSE,TRUE,TRUE,"Kidney_hypermethylated"
3131,"chr18",82659547,82659895,3251,0.311378205128205,0.808171485377368,-0.496793280249163,-1.35831425025352,0.00448798428415458,0.0128094117167347,2,0,0,12.25,14.25,4,4,2153,"+","Interval_3251",0,FALSE,FALSE,FALSE,FALSE,FALSE,FALSE,FALSE,"Liver_hypermethylated"
3133,"chr18",82681176,82681865,3254,0.90957078178305,0.449861453712117,0.459709328070934,1.23040745474098,0.000278209548022534,0.00181010118146303,6,0,0,27.5833333333333,28.5416666666667,4,4,1334,"+","Interval_3254",0,FALSE,FALSE,FALSE,FALSE,FALSE,TRUE,TRUE,"Kidney_hypermethylated"
3134,"chr18",82685389,82685683,3255,0.573710893572997,0.10741494623741,0.466295947335587,2.29335926009955,0.000772918036735477,0.00362840438177197,3,0,0,33.6666666666667,36.5833333333333,4,4,1309,"+","Interval_3255",0,FALSE,FALSE,FALSE,FALSE,FALSE,FALSE,FALSE,"Kidney_hypermethylated"
3137,"chr18",82709433,82709860,3258,0.422740916800087,0.583144958152395,-0.160404041352308,-0.953853177905242,0.0135591499390548,0.0298572955672201,12,0,0,21.0625,21.125,3.91666666666667,4,2790,"+","Interval_3258",0,FALSE,FALSE,FALSE,FALSE,FALSE,FALSE,FALSE,"Liver_hypermethylated"
3140,"chr18",82721735,82722123,3261,0.18332755078012,0.694387349689316,-0.511059798909195,-2.0070747786782,0.000235377663072097,0.00161608462522686,8,0,0,35.5,35.125,4,4,895,"+","Interval_3261",0,FALSE,TRUE,TRUE,FALSE,FALSE,FALSE,FALSE,"Liver_hypermethylated"
3141,"chr18",82722186,82722477,3262,0.272874973958064,0.592521289212424,-0.31964631525436,-1.14334929127291,0.000107625992047539,0.000986549000644646,6,0,0,24.1666666666667,24.2083333333333,3.83333333333333,4,1460,"+","Interval_3262",0,FALSE,TRUE,TRUE,FALSE,FALSE,FALSE,FALSE,"Liver_hypermethylated"
3145,"chr18",82764439,82765482,3266,0.557949130272546,0.385680254189421,0.172268876083125,0.632052761951859,0.0144397921851116,0.0313653315579749,22,0,0,22.2954545454545,23.5681818181818,3.95454545454545,3.90909090909091,2829,"+","Interval_3266",0,FALSE,TRUE,TRUE,FALSE,FALSE,FALSE,FALSE,"Kidney_hypermethylated"
3146,"chr18",82770982,82771544,3267,0.735088855681764,0.121416068079951,0.613672787601812,2.5316377367922,7.20626104794166e-07,0.000124999888511622,5,0,0,26.15,28.05,4,4,163,"+","Interval_3267",0,FALSE,FALSE,FALSE,FALSE,FALSE,TRUE,TRUE,"Kidney_hypermethylated"
3147,"chr18",82791437,82792925,3268,0.24192020348753,0.444265701531754,-0.202345498044225,-1.00840198600899,0.00277791712353321,0.00899609993887501,21,0,0,30.3333333333333,31.547619047619,4,3.95238095238095,2216,"+","Interval_3268",0,FALSE,TRUE,TRUE,FALSE,FALSE,FALSE,FALSE,"Liver_hypermethylated"
3148,"chr18",82798187,82799004,3269,0.228149050764684,0.469321515353737,-0.241172464589052,-1.7284926408026,0.00183988876640708,0.00667815503223362,21,0,0,25.0952380952381,27.1785714285714,3.9047619047619,4,1825,"+","Interval_3269",0,FALSE,TRUE,TRUE,FALSE,FALSE,FALSE,FALSE,"Liver_hypermethylated"
3151,"chr18",82849071,82849638,3272,0.823881525227477,0.70991179569873,0.113969729528747,0.266417522692771,0.0213620595860811,0.0421276816933467,12,0,0,22.1875,26.1458333333333,4,4,4259,"+","Interval_3272",0,FALSE,FALSE,FALSE,FALSE,FALSE,FALSE,FALSE,"Kidney_hypermethylated"
3154,"chr18",82869018,82869316,3276,0.133050706974016,0.488088523170033,-0.355037816196017,-1.906400672858,8.09935380965195e-05,0.000849177703128703,4,0,0,32.6875,29.3125,4,4,989,"+","Interval_3276",0,FALSE,FALSE,FALSE,FALSE,FALSE,FALSE,FALSE,"Liver_hypermethylated"
3155,"chr18",82870008,82870503,3277,0.184189859380535,0.614158055312397,-0.429968195931862,-2.00387053389668,8.64612991047678e-05,0.000873856386511181,18,0,0,23.2361111111111,24.1527777777778,4,4,640,"+","Interval_3277",0,FALSE,TRUE,TRUE,FALSE,FALSE,FALSE,FALSE,"Liver_hypermethylated"
3156,"chr18",82875833,82876211,3278,0.810575382438168,0.399012135471598,0.41156324696657,1.14277515418726,8.87510172702269e-05,0.000888232900855935,4,0,0,34.375,33.6875,4,4,1462,"+","Interval_3278",0,FALSE,FALSE,FALSE,FALSE,FALSE,FALSE,FALSE,"Kidney_hypermethylated"
3157,"chr18",82880929,82881337,3279,0.780268287025024,0.703592938241634,0.0766753487833899,0.148080398650203,0.015786322302071,0.0334045972955324,11,0,0,22.7727272727273,22.1590909090909,4,4,4989,"+","Interval_3279",0,FALSE,FALSE,FALSE,FALSE,FALSE,FALSE,FALSE,"Kidney_hypermethylated"
3158,"chr18",82888345,82889722,3280,0.140887615078431,0.592033752234805,-0.451146137156374,-2.17106981047916,1.97135674475479e-05,0.000394592416824697,23,0,0,28.0869565217391,28.1521739130435,4,4,572,"+","Interval_3280",0,FALSE,FALSE,FALSE,FALSE,FALSE,FALSE,FALSE,"Liver_hypermethylated"
3165,"chr18",82926722,82927920,3287,0.359171952464611,0.61164749789393,-0.252475545429319,-0.894068220482225,0.00208143706146239,0.00730881756724937,21,0,0,25.8690476190476,25.1785714285714,4,4,1948,"+","Interval_3287",0,FALSE,FALSE,FALSE,FALSE,FALSE,FALSE,FALSE,"Liver_hypermethylated"
3167,"chr18",82944356,82944857,3289,0.810078158151886,0.393978162918659,0.416099995233227,1.10524026020776,2.89648846275058e-05,0.000483666347923976,5,0,0,26.45,26.65,4,4,1533,"+","Interval_3289",0,FALSE,FALSE,FALSE,FALSE,FALSE,FALSE,FALSE,"Kidney_hypermethylated"
3170,"chr18",82983254,82983913,3292,0.811803410766443,0.518034166350393,0.293769244416049,0.795753436310607,0.0021996407061567,0.0076236842297422,6,0,0,23.0416666666667,22.5416666666667,4,3.83333333333333,2196,"+","Interval_3292",0,FALSE,FALSE,FALSE,FALSE,FALSE,FALSE,FALSE,"Kidney_hypermethylated"
3171,"chr18",82993019,82993645,3293,0.793223515340244,0.683384151819293,0.109839363520951,0.152199942642909,0.0180012061440755,0.0369635602561062,5,0,0,21.95,23.1,4,4,4957,"+","Interval_3293",0,FALSE,FALSE,FALSE,FALSE,FALSE,FALSE,FALSE,"Kidney_hypermethylated"
3172,"chr18",83003760,83004337,3294,0.508000100739526,0.671595118630054,-0.163595017890527,-0.454775901514956,0.00892911437079834,0.0218864809766876,8,0,0,28.75,27.71875,4,4,3295,"+","Interval_3294",0,FALSE,FALSE,FALSE,FALSE,FALSE,FALSE,FALSE,"Liver_hypermethylated"
3174,"chr18",83067305,83067524,3296,0.116715341436446,0.587849572294094,-0.471134230857648,-2.3645904625396,1.91146796617431e-06,0.00015455224542291,4,0,0,35.9375,31.4375,4,4,494,"+","Interval_3296",0,FALSE,FALSE,FALSE,FALSE,FALSE,FALSE,FALSE,"Liver_hypermethylated"
3175,"chr18",83068739,83069537,3297,0.709809327212541,0.307894495379733,0.401914831832808,1.53764217393869,0.00297635027895954,0.00940063004725387,8,0,0,23.03125,21.78125,3.75,3.625,1945,"+","Interval_3297",0,TRUE,FALSE,TRUE,FALSE,FALSE,FALSE,FALSE,"Kidney_hypermethylated"
3177,"chr18",83088300,83088679,3299,0.781497916345115,0.545377551608811,0.236120364736304,0.51111668788368,0.00716775844223532,0.0183600982190646,1,0,0,30.25,27.5,4,4,3068,"+","Interval_3299",0,FALSE,FALSE,FALSE,FALSE,FALSE,FALSE,FALSE,"Kidney_hypermethylated"
3178,"chr18",83096288,83097118,3300,0.253135179498293,0.496470923632523,-0.24333574413423,-0.897562189297027,0.00282457262590036,0.00908934337418687,13,0,0,22.9807692307692,23.75,4,4,1940,"+","Interval_3300",0,FALSE,FALSE,FALSE,FALSE,FALSE,FALSE,FALSE,"Liver_hypermethylated"
3179,"chr18",83125660,83125959,3301,0.931444045587538,0.723528280285447,0.207915765302091,0.369649901584923,0.0196492462393366,0.0394626959128749,4,0,0,28.6875,29.9375,4,4,3681,"+","Interval_3301",0,FALSE,FALSE,FALSE,FALSE,FALSE,FALSE,FALSE,"Kidney_hypermethylated"
3180,"chr18",83134701,83135497,3302,0.629746585757007,0.737140971816181,-0.107394386059174,-0.337334640940479,0.00846699360792927,0.0209038472160407,24,0,0,27.6979166666667,27.0416666666667,4,4,3850,"+","Interval_3302",0,FALSE,FALSE,FALSE,FALSE,FALSE,FALSE,FALSE,"Liver_hypermethylated"
3182,"chr18",83184752,83186292,3304,0.156364715117273,0.341337632434355,-0.184972917317082,-1.68156829647941,0.00857594563417112,0.0211225391809331,19,0,0,25.4473684210526,24.3684210526316,3.94736842105263,4,2494,"+","Interval_3304",0,FALSE,FALSE,FALSE,FALSE,FALSE,FALSE,FALSE,"Liver_hypermethylated"
3183,"chr18",83219314,83220146,3305,0.287244248938589,0.585366905352307,-0.298122656413717,-1.05183199823115,0.000809123939713646,0.00372718636397328,12,0,0,30.875,28.6875,4,4,1627,"+","Interval_3305",0,FALSE,FALSE,FALSE,FALSE,FALSE,FALSE,FALSE,"Liver_hypermethylated"
3184,"chr18",83221089,83221371,3306,0.306240273132865,0.65038982545848,-0.344149552325616,-1.12546974701424,0.000546600041574863,0.00285535408292319,6,0,0,31.4583333333333,30.0833333333333,4,4,1490,"+","Interval_3306",0,FALSE,FALSE,FALSE,FALSE,FALSE,FALSE,FALSE,"Liver_hypermethylated"
3185,"chr18",83232178,83232443,3307,0.329845481913216,0.464625717006244,-0.134780235093029,-0.656622360969557,0.0113586905106944,0.0259669468706164,11,0,0,26.9090909090909,24.1363636363636,4,4,3061,"+","Interval_3307",0,FALSE,FALSE,FALSE,FALSE,FALSE,FALSE,FALSE,"Liver_hypermethylated"
3186,"chr18",83245959,83246311,3308,0.273185576908625,0.374892177446782,-0.101706600538158,-0.810907684832928,0.00822946042207364,0.0204301077027282,6,0,0,25.875,21.3333333333333,4,4,3501,"+","Interval_3308",0,FALSE,FALSE,FALSE,FALSE,FALSE,FALSE,FALSE,"Liver_hypermethylated"
3187,"chr18",83257023,83257764,3309,0.588946983919222,0.643937290492754,-0.0549903065735319,-0.205684955980942,0.0123854633637927,0.0279297880258738,11,0,0,28.1590909090909,27.3181818181818,4,4,4628,"+","Interval_3309",0,FALSE,FALSE,FALSE,FALSE,FALSE,FALSE,FALSE,"Liver_hypermethylated"
3188,"chr18",83282676,83283337,3310,0.340807314601556,0.701121191822749,-0.360313877221193,-1.20197457691542,0.000418420891406692,0.00237633676311841,19,0,0,27.9210526315789,27.8026315789474,4,4,1369,"+","Interval_3310",0,FALSE,FALSE,FALSE,FALSE,FALSE,FALSE,FALSE,"Liver_hypermethylated"
3189,"chr18",83286929,83287520,3311,0.48118795698612,0.578954091124754,-0.0977661341386337,-0.633113813867922,0.000691159446848264,0.00336500652411295,10,0,0,23.025,22.225,4,4,3556,"+","Interval_3311",0,FALSE,FALSE,FALSE,FALSE,FALSE,FALSE,FALSE,"Liver_hypermethylated"
3192,"chr18",83334924,83335659,3314,0.441511187895084,0.675019233249754,-0.23350804535467,-0.740087344472314,0.0229471631981555,0.0446235183078055,20,0,0,16.525,17.8375,3.8,3.85,3160,"+","Interval_3314",0,FALSE,FALSE,FALSE,FALSE,FALSE,FALSE,FALSE,"Liver_hypermethylated"
3195,"chr18",83430595,83430784,3317,0.186400290638091,0.425675478524743,-0.239275187886652,-1.14301140317251,0.00876874707113517,0.0215363512198743,2,0,0,23.75,18.875,4,4,2502,"+","Interval_3317",0,FALSE,FALSE,FALSE,FALSE,FALSE,FALSE,FALSE,"Liver_hypermethylated"
3196,"chr18",83491275,83492125,3318,0.0801174945444432,0.32149527116608,-0.241377776621637,-2.01140574448149,0.00305691469497101,0.00960365071605157,16,0,0,24.078125,24.296875,4,4,1956,"+","Interval_3318",0,FALSE,FALSE,FALSE,FALSE,FALSE,FALSE,FALSE,"Liver_hypermethylated"
3198,"chr18",83526196,83526536,3320,0.23808711853698,0.687729287780136,-0.449642169243155,-1.58092827557754,0.000146198079827498,0.00118364585051381,4,0,0,34.25,30.375,4,4,870,"+","Interval_3320",0,FALSE,FALSE,FALSE,FALSE,FALSE,FALSE,FALSE,"Liver_hypermethylated"
3200,"chr18",83634096,83635105,3322,0.349592033427132,0.622959431335307,-0.273367397908175,-0.974954895232268,0.00259446984320815,0.0085531208082157,11,0,0,25.6590909090909,25.6818181818182,4,4,1864,"+","Interval_3322",0,FALSE,FALSE,FALSE,FALSE,FALSE,FALSE,FALSE,"Liver_hypermethylated"
3202,"chr18",83681827,83682180,3324,0.445619661569525,0.692955880357473,-0.247336218787948,-0.650368077050407,0.00184136271180483,0.00667848140227725,5,0,0,26.3,26.1,4,4,2576,"+","Interval_3324",0,FALSE,FALSE,FALSE,FALSE,FALSE,FALSE,FALSE,"Liver_hypermethylated"
3203,"chr18",83740471,83740769,3325,0.510881071138619,0.10936477297767,0.40151629816095,2.15674035454228,3.00246078009221e-06,0.000177516461463742,7,0,0,31.1785714285714,29.1428571428571,4,4,767,"+","Interval_3325",0,FALSE,FALSE,FALSE,FALSE,FALSE,FALSE,FALSE,"Kidney_hypermethylated"
3205,"chr18",83830453,83830915,3327,0.207523923244693,0.69118538773025,-0.483661464485557,-1.964207156891,0.000992276916870819,0.0042869124993446,12,0,0,24.625,23.0625,4,4,1422,"+","Interval_3327",0,FALSE,FALSE,FALSE,FALSE,FALSE,FALSE,FALSE,"Liver_hypermethylated"
3206,"chr18",83839759,83840050,3328,0.145620970115308,0.562190451719358,-0.41656948160405,-2.26495662551664,0.00289854373804483,0.00923356727334655,10,0,0,16.225,17.7,4,4,1929,"+","Interval_3328",0,FALSE,FALSE,FALSE,FALSE,FALSE,FALSE,FALSE,"Liver_hypermethylated"
3207,"chr18",83840904,83841167,3330,0.294299108918428,0.775423926093599,-0.481124817175171,-1.37530349768213,0.000106582947421702,0.000979001811519219,3,0,0,20.8333333333333,18,4,3.66666666666667,1126,"+","Interval_3330",0,FALSE,FALSE,FALSE,FALSE,FALSE,FALSE,FALSE,"Liver_hypermethylated"
3208,"chr18",83870531,83870766,3331,0.707164750957854,0.398375912850027,0.308788838107828,0.812406806144582,0.00676881603831507,0.0175949130945204,1,0,0,27.5,26.75,4,4,2364,"+","Interval_3331",0,FALSE,FALSE,FALSE,FALSE,FALSE,FALSE,FALSE,"Kidney_hypermethylated"
3211,"chr18",83954772,83955639,3334,0.466797420884028,0.664099466190932,-0.197302045306904,-0.564341700165044,0.000463690273318531,0.00254635990128898,9,0,0,27.4444444444444,24.4722222222222,4,4,2884,"+","Interval_3334",0,FALSE,FALSE,FALSE,FALSE,FALSE,FALSE,FALSE,"Liver_hypermethylated"
3212,"chr18",83967139,83968010,3335,0.348256127206312,0.698235987123844,-0.349979859917532,-1.40636209498859,0.000981120781417412,0.00424875771797744,15,0,0,23.9833333333333,25.0166666666667,4,4,1419,"+","Interval_3335",0,FALSE,FALSE,FALSE,FALSE,FALSE,FALSE,FALSE,"Liver_hypermethylated"
3213,"chr18",83992188,83992742,3336,0.919064742040724,0.533122916053367,0.385941825987357,0.809713099695835,0.000969472982788507,0.00421018479097906,5,0,0,26,26.1,4,4,2155,"+","Interval_3336",0,FALSE,FALSE,FALSE,FALSE,FALSE,FALSE,FALSE,"Kidney_hypermethylated"
3214,"chr18",84015607,84016446,3337,0.555490592042794,0.831371253518345,-0.275880661475551,-0.74603956328676,0.00178018206975833,0.0065192007262604,28,0,0,22.0714285714286,23.2767857142857,4,4,2334,"+","Interval_3337",0,FALSE,FALSE,FALSE,FALSE,FALSE,FALSE,FALSE,"Liver_hypermethylated"
3215,"chr18",84069510,84069792,3338,0.124593688810232,0.753628787587111,-0.629035098776879,-2.56567800244612,5.68519413074161e-06,0.000219784352681278,4,0,0,29.375,30.4375,4,4,158,"+","Interval_3338",0,FALSE,FALSE,FALSE,FALSE,FALSE,FALSE,FALSE,"Liver_hypermethylated"
3216,"chr18",84070259,84071024,3339,0.124053448045864,0.505736633046242,-0.381683185000378,-2.22238842304797,0.000147572290097183,0.00119163169861655,15,0,0,26.2333333333333,26.9833333333333,4,4,851,"+","Interval_3339",0,FALSE,FALSE,FALSE,FALSE,FALSE,FALSE,FALSE,"Liver_hypermethylated"
3217,"chr18",84073483,84073772,3340,0.0752414380995663,0.362268063145321,-0.287026625045755,-2.47179624620547,0.0025227688614378,0.00837994164282675,6,0,0,27.375,28.9166666666667,4,4,1849,"+","Interval_3340",0,FALSE,FALSE,FALSE,FALSE,TRUE,FALSE,TRUE,"Liver_hypermethylated"
3218,"chr18",84080315,84080593,3341,0.321116357683611,0.660396212451418,-0.339279854767807,-1.25780021001727,0.00360966116039687,0.0108149038667181,5,0,0,16.4,21.2,4,4,2051,"+","Interval_3341",0,FALSE,FALSE,FALSE,FALSE,FALSE,FALSE,FALSE,"Liver_hypermethylated"
3223,"chr18",84149120,84149794,3346,0.638845191860963,0.618475129979875,0.0203700618810884,0.0627733610442607,0.000938328813004006,0.00412153720937071,3,0,0,23.1666666666667,24.8333333333333,4,4,5602,"+","Interval_3346",0,FALSE,FALSE,FALSE,FALSE,FALSE,FALSE,FALSE,"Kidney_hypermethylated"
3224,"chr18",84155068,84155327,3347,0.367742287913314,0.681895686186743,-0.314153398273429,-1.0086250298968,0.000803824833846281,0.00371721333039417,4,0,0,26.9375,30.0625,4,4,1709,"+","Interval_3347",0,FALSE,FALSE,FALSE,FALSE,FALSE,FALSE,FALSE,"Liver_hypermethylated"
3225,"chr18",84192383,84192602,3348,0.532699695594595,0.813420503742178,-0.280720808147582,-0.625724930541114,0.00116156805001241,0.0047712805262876,9,0,0,25.5833333333333,26.1388888888889,4,4,2657,"+","Interval_3348",0,TRUE,FALSE,TRUE,FALSE,FALSE,FALSE,FALSE,"Liver_hypermethylated"
3227,"chr18",84199207,84199680,3350,0.294495957127621,0.516187278206892,-0.221691321079272,-0.957750997906123,0.00559985070083336,0.0152106764968372,5,0,0,29.35,27.6,4,4,2262,"+","Interval_3350",0,FALSE,FALSE,FALSE,FALSE,FALSE,FALSE,FALSE,"Liver_hypermethylated"
3229,"chr18",84229099,84229441,3352,0.888558993180353,0.386809593273342,0.501749399907012,1.24893139504171,7.10713300151595e-06,0.000242933200890567,2,0,0,33.5,35.5,4,4,1303,"+","Interval_3352",0,FALSE,FALSE,FALSE,FALSE,FALSE,FALSE,FALSE,"Kidney_hypermethylated"
3230,"chr18",84233319,84233752,3353,0.303393872588191,0.77502124721637,-0.47162737462818,-1.38721705134841,2.31306941241171e-05,0.000428379272744152,7,0,0,29.7857142857143,28.1428571428571,4,4,1118,"+","Interval_3353",0,FALSE,FALSE,FALSE,FALSE,FALSE,FALSE,FALSE,"Liver_hypermethylated"
3232,"chr18",84293594,84293936,3355,0.543630839995488,0.350391910508409,0.193238929487079,0.63877262924976,0.00602480165054935,0.0160687526660702,4,0,0,19.6875,22,3.75,3.75,2613,"+","Interval_3355",0,FALSE,FALSE,FALSE,FALSE,FALSE,FALSE,FALSE,"Kidney_hypermethylated"
3233,"chr18",84329529,84329754,3356,0.119138436729061,0.374615952652572,-0.255477515923511,-1.6212710849582,0.00430357139041004,0.0124157024385304,7,0,0,25.0714285714286,25.4285714285714,4,4,2130,"+","Interval_3356",0,FALSE,FALSE,FALSE,FALSE,FALSE,FALSE,FALSE,"Liver_hypermethylated"
3234,"chr18",84350366,84350595,3357,0.800843600953895,0.569945054945055,0.23089854600884,0.483507444823489,0.000847932593772377,0.00385395398574797,1,0,0,32,33,4,4,3178,"+","Interval_3357",0,FALSE,FALSE,FALSE,FALSE,FALSE,FALSE,FALSE,"Kidney_hypermethylated"
3235,"chr18",84376552,84377204,3358,0.466754579176936,0.735575633149187,-0.268821053972251,-0.694831214091286,0.00180946142957044,0.006594982493897,13,0,0,32.5576923076923,33.1923076923077,4,4,2464,"+","Interval_3358",0,FALSE,FALSE,FALSE,FALSE,FALSE,FALSE,FALSE,"Liver_hypermethylated"
3241,"chr18",84450573,84451228,3364,0.333123723045537,0.686352059516054,-0.353228336470517,-1.11719697506135,5.35977714385186e-05,0.000675087118166068,7,0,0,28.5357142857143,28.1428571428571,4,4,1508,"+","Interval_3364",0,FALSE,FALSE,FALSE,FALSE,FALSE,FALSE,FALSE,"Liver_hypermethylated"
3242,"chr18",84480816,84481309,3365,0.567169372865739,0.766251371837914,-0.199081998972176,-0.428249967989321,0.0117370405662926,0.0267126349184695,4,0,0,28.5,26.4375,4,4,3424,"+","Interval_3365",0,FALSE,FALSE,FALSE,FALSE,FALSE,FALSE,FALSE,"Liver_hypermethylated"
3244,"chr18",84514658,84515015,3368,0.673098574552063,0.781387819497576,-0.108289244945513,-0.235961291247895,0.0148999258285966,0.0320364045544879,2,0,0,39.25,37.875,4,4,4446,"+","Interval_3368",0,FALSE,FALSE,FALSE,FALSE,FALSE,FALSE,FALSE,"Liver_hypermethylated"
3248,"chr18",84535927,84536326,3372,0.350406712484983,0.64282141914181,-0.292414706656827,-0.780170176157393,0.000868534322177248,0.00392148670814048,6,0,0,25.125,30.6666666666667,4,4,2241,"+","Interval_3372",0,FALSE,FALSE,FALSE,FALSE,FALSE,FALSE,FALSE,"Liver_hypermethylated"
3249,"chr18",84540783,84541966,3373,0.695325761977748,0.552314631847066,0.143011130130682,0.606321756074864,0.00258320393211541,0.00852512790700817,20,0,0,28.375,30.15,3.95,3.95,2934,"+","Interval_3373",0,FALSE,FALSE,FALSE,FALSE,FALSE,FALSE,FALSE,"Kidney_hypermethylated"
3250,"chr18",84579750,84580386,3374,0.859936089548311,0.395790402492313,0.464145687055998,1.35592971363023,4.06872993637437e-05,0.000568235124068647,6,0,0,34.5,32.5416666666667,4,4,1152,"+","Interval_3374",0,FALSE,FALSE,FALSE,FALSE,FALSE,TRUE,TRUE,"Kidney_hypermethylated"
3252,"chr18",84625473,84625874,3376,0.73814137367391,0.455065829884909,0.283075543789001,0.795866823832741,0.00590963950903324,0.0158510409354034,2,0,0,31,30.375,4,4,2291,"+","Interval_3376",0,FALSE,FALSE,FALSE,FALSE,FALSE,FALSE,FALSE,"Kidney_hypermethylated"
3255,"chr18",84671565,84672388,3379,0.33464082579661,0.548810119853477,-0.214169294056867,-0.608218729665002,0.00272598386459135,0.00887244218639506,4,0,0,25.625,24.375,4,4,2715,"+","Interval_3379",0,FALSE,FALSE,FALSE,FALSE,FALSE,FALSE,FALSE,"Liver_hypermethylated"
3256,"chr18",84674505,84674935,3380,0.534366006993914,0.671375179957259,-0.137009172963346,-0.336123335836934,0.0241858298147419,0.046546171065327,5,0,0,37.05,37.4,4,4,3858,"+","Interval_3380",0,FALSE,FALSE,FALSE,FALSE,FALSE,FALSE,FALSE,"Liver_hypermethylated"
3262,"chr18",84763869,84764159,3386,0.135077827542028,0.602908642360784,-0.467830814818756,-2.26755367577886,1.7062464564864e-05,0.000361547740520997,6,0,0,27.1666666666667,29.7083333333333,4,4,509,"+","Interval_3386",0,FALSE,FALSE,FALSE,FALSE,FALSE,FALSE,FALSE,"Liver_hypermethylated"
3263,"chr18",84768520,84769151,3387,0.0525489212113211,0.245344655938774,-0.192795734727453,-2.17390991232967,0.0169863783764706,0.0353090310675645,4,0,0,18.25,18.6875,4,3.75,2956,"+","Interval_3387",0,FALSE,FALSE,FALSE,FALSE,FALSE,FALSE,FALSE,"Liver_hypermethylated"
3264,"chr18",84776810,84777053,3388,0.688746875735413,0.470860296544719,0.217886579190693,0.563905828117006,0.00173695177411944,0.00638753360380848,3,0,0,27.8333333333333,28.1666666666667,4,4,2886,"+","Interval_3388",0,FALSE,FALSE,FALSE,FALSE,FALSE,FALSE,FALSE,"Kidney_hypermethylated"
3265,"chr18",84786160,84786644,3389,0.722455195176637,0.587144214782178,0.135310980394459,0.284099695556272,0.00933893027673717,0.0225758168963611,3,0,0,33.25,36.5833333333333,4,4,4172,"+","Interval_3389",0,FALSE,FALSE,FALSE,FALSE,FALSE,FALSE,FALSE,"Kidney_hypermethylated"
3268,"chr18",84808837,84809146,3392,0.497797865384886,0.355775906493377,0.142021958891509,0.885753687181767,0.00218359908354247,0.00757663261906745,5,0,0,38.45,39.15,4,4,2951,"+","Interval_3392",0,FALSE,FALSE,FALSE,FALSE,FALSE,FALSE,FALSE,"Kidney_hypermethylated"
3269,"chr18",84818515,84819685,3393,0.897848220282431,0.685768624710338,0.212079595572093,0.419515039293113,0.00402597105103171,0.0117751509322179,3,0,0,36.0833333333333,31.9166666666667,4,4,3462,"+","Interval_3393",0,FALSE,FALSE,FALSE,FALSE,FALSE,FALSE,FALSE,"Kidney_hypermethylated"
3271,"chr18",84848642,84849609,3395,0.71459139297836,0.368606996171671,0.345984396806689,1.87389202448303,8.61650641235993e-06,0.000259802673539206,11,0,0,30.8409090909091,32.8181818181818,3.72727272727273,4,1042,"+","Interval_3395",0,FALSE,FALSE,FALSE,FALSE,FALSE,TRUE,TRUE,"Kidney_hypermethylated"
3277,"chr18",84872065,84872485,3401,0.785049019607843,0.611562627187627,0.173486392420216,0.355144052904814,0.0103857718009444,0.0242773338965773,1,0,0,36,37.25,4,4,3769,"+","Interval_3401",0,FALSE,FALSE,FALSE,FALSE,FALSE,TRUE,TRUE,"Kidney_hypermethylated"
3279,"chr18",84884434,84885688,3403,0.816508221167302,0.199576011941903,0.616932209225399,2.30839001425889,3.39423693246862e-05,0.000523111225493624,13,0,0,29.25,33,4,4,396,"+","Interval_3403",0,FALSE,FALSE,FALSE,FALSE,FALSE,TRUE,TRUE,"Kidney_hypermethylated"
3280,"chr18",84888922,84889289,3404,0.123658589484499,0.0286363526986722,0.0950222367858269,2.21237079128627,5.93994016466397e-07,0.000124617339437297,6,0,0,22.7083333333333,22.75,3.83333333333333,4,3608,"+","Interval_3404",0,FALSE,FALSE,FALSE,FALSE,FALSE,FALSE,FALSE,"Kidney_hypermethylated"
3281,"chr18",84895281,84895635,3405,0.826106109018483,0.21454072710107,0.611565381917412,1.89620176116709,1.21857578229232e-06,0.000135880492616173,2,0,0,36.875,39.25,4,4,544,"+","Interval_3405",0,TRUE,FALSE,TRUE,FALSE,FALSE,TRUE,TRUE,"Kidney_hypermethylated"
3282,"chr18",84903323,84903824,3406,0.813312412898491,0.586152661142294,0.227159751756197,0.505291027320036,0.00149676882164686,0.00573342062266047,3,0,0,37.4166666666667,41.6666666666667,4,4,3095,"+","Interval_3406",0,FALSE,FALSE,FALSE,FALSE,FALSE,TRUE,TRUE,"Kidney_hypermethylated"
3283,"chr18",84909671,84910222,3407,0.836885807523455,0.67934824749477,0.157537560028684,0.296134076930934,0.00938681494939167,0.0226381388791255,14,0,0,23.5357142857143,25.7321428571429,3.92857142857143,4,4103,"+","Interval_3407",0,FALSE,FALSE,FALSE,FALSE,FALSE,TRUE,TRUE,"Kidney_hypermethylated"
3284,"chr18",84916187,84916471,3408,0.826168437211105,0.61329337007393,0.212875067137174,0.429349500959859,0.000958279843229501,0.00417546104342295,3,0,0,34,35.6666666666667,4,4,3419,"+","Interval_3408",0,FALSE,TRUE,TRUE,FALSE,FALSE,TRUE,TRUE,"Kidney_hypermethylated"
3285,"chr18",84922611,84923205,3409,0.364054518988254,0.491210412345702,-0.127155893357448,-0.323047666786861,0.00296532541842531,0.00937824225230238,4,0,0,38,41.9375,4,4,3942,"+","Interval_3409",0,FALSE,FALSE,FALSE,FALSE,FALSE,FALSE,FALSE,"Liver_hypermethylated"
3287,"chr18",84966907,84967815,3411,0.655810285055867,0.426701537874422,0.229108747181446,0.57770720913135,0.00394449435475532,0.0115698891694374,3,0,0,33.1666666666667,34.8333333333333,4,4,2830,"+","Interval_3411",0,FALSE,FALSE,FALSE,FALSE,FALSE,FALSE,FALSE,"Kidney_hypermethylated"
3289,"chr18",85000248,85000527,3413,0.438570989096318,0.528150174169001,-0.0895791850726831,-0.322482561396463,0.0196510739614967,0.0394626959128749,7,0,0,18.5,21.6071428571429,3.28571428571429,3.42857142857143,3949,"+","Interval_3413",0,FALSE,TRUE,TRUE,FALSE,FALSE,FALSE,FALSE,"Liver_hypermethylated"
3290,"chr18",85089785,85090049,3414,0.442914058777903,0.1288504872744,0.314063571503503,1.71174769484098,0.00238132757950637,0.00804909679651631,3,0,0,24.1666666666667,23,4,4,1818,"+","Interval_3414",0,FALSE,FALSE,FALSE,FALSE,FALSE,FALSE,FALSE,"Kidney_hypermethylated"
3293,"chr18",85427899,85428734,3417,0.505018898735479,0.603609852631895,-0.0985909538964156,-0.336430536460446,0.00798243179765698,0.0199479639677113,4,0,0,32.375,36.3125,4,4,3855,"+","Interval_3417",0,FALSE,FALSE,FALSE,FALSE,FALSE,FALSE,FALSE,"Liver_hypermethylated"
3294,"chr18",85462902,85463168,3418,0.939578849688059,0.665987253487254,0.273591596200806,0.49029175857207,0.000567241204082596,0.00290959699423001,1,0,0,28.75,30.75,4,4,3158,"+","Interval_3418",0,FALSE,FALSE,FALSE,FALSE,FALSE,FALSE,FALSE,"Kidney_hypermethylated"
3295,"chr18",85465116,85465423,3419,0.927888791555671,0.664710476104258,0.263178315451413,0.482358250414329,0.0026101700489527,0.00858251641985033,2,0,0,38.25,33.25,4,4,3183,"+","Interval_3419",0,FALSE,FALSE,FALSE,FALSE,FALSE,FALSE,FALSE,"Kidney_hypermethylated"
3296,"chr18",85473697,85474258,3421,0.74907345077456,0.492203552659308,0.256869898115251,0.546405674854401,0.000398579558054881,0.00232307433225271,4,0,0,31.5,30.625,4,4,2947,"+","Interval_3421",0,FALSE,FALSE,FALSE,FALSE,FALSE,FALSE,FALSE,"Kidney_hypermethylated"
3299,"chr18",85697925,85698283,3424,0.922516584798784,0.779851625903862,0.142664958894923,0.24697343169368,0.00242857763947874,0.00815497792054475,17,0,0,16.75,17.5882352941176,3.76470588235294,3.88235294117647,4376,"+","Interval_3424",0,TRUE,FALSE,TRUE,FALSE,FALSE,FALSE,FALSE,"Kidney_hypermethylated"
3300,"chr18",85762864,85763104,3425,0.818130023596881,0.551563203997656,0.266566819599224,0.602791857721405,0.00101075308237215,0.00434037574505719,4,0,0,19.5,20.6875,4,4,2739,"+","Interval_3425",0,FALSE,TRUE,TRUE,FALSE,FALSE,FALSE,FALSE,"Kidney_hypermethylated"
3301,"chr18",85847947,85848220,3427,0.934490427839452,0.766904437371288,0.167585990468164,0.286731758899247,0.00406709731306129,0.0118652876345069,5,0,0,28.7,30.65,4,4,4154,"+","Interval_3427",0,TRUE,TRUE,TRUE,TRUE,FALSE,FALSE,FALSE,"Kidney_hypermethylated"
3302,"chr18",85956341,85956680,3428,0.845912276394548,0.644684410570662,0.201227865823886,0.415114651261416,0.00358563928471895,0.0107691854372424,6,0,0,26.6666666666667,27.5,4,4,3484,"+","Interval_3428",0,FALSE,TRUE,TRUE,FALSE,FALSE,FALSE,FALSE,"Kidney_hypermethylated"
3310,"chr18",86480878,86481319,3436,0.835645379083364,0.537051688255644,0.29859369082772,0.643292156667292,0.00113770557448694,0.00469523220632789,4,0,0,36.75,32,4,4,2597,"+","Interval_3436",0,FALSE,FALSE,FALSE,FALSE,FALSE,FALSE,FALSE,"Kidney_hypermethylated"
3319,"chr18",87028854,87029276,3446,0.835409318541148,0.56225523319173,0.273154085349418,0.567089991614385,0.0003093242610088,0.00195153756047133,3,0,0,37,34.5833333333333,4,4,2871,"+","Interval_3446",0,FALSE,FALSE,FALSE,FALSE,FALSE,FALSE,FALSE,"Kidney_hypermethylated"
3320,"chr18",87212035,87212338,3448,0.893679949893451,0.614697061672913,0.278982888220537,0.532160995715547,0.000524337292215365,0.00279284335819997,2,0,0,30.75,35.125,4,4,3001,"+","Interval_3448",0,FALSE,TRUE,TRUE,FALSE,FALSE,FALSE,FALSE,"Kidney_hypermethylated"
3321,"chr18",87306442,87306801,3449,0.449192693266734,0.353078912716061,0.0961137805506725,0.495850720720131,0.00505569180495433,0.0140258357297717,3,0,0,48.0833333333333,40.4166666666667,4,4,3591,"+","Interval_3449",0,FALSE,FALSE,FALSE,FALSE,FALSE,FALSE,FALSE,"Kidney_hypermethylated"
3322,"chr18",87386952,87387331,3450,0.799914336259445,0.484495341614907,0.315418994644538,0.733622084867843,0.000315668183892302,0.001975337057045,2,0,0,24.625,24,4,4,2369,"+","Interval_3450",0,FALSE,FALSE,FALSE,FALSE,FALSE,FALSE,FALSE,"Kidney_hypermethylated"
3323,"chr18",87764583,87764946,3452,0.371790562521987,0.637518002413638,-0.265727439891651,-0.819748526494891,0.00166671412252432,0.00621478051147569,3,0,0,31.3333333333333,30.75,4,4,2132,"+","Interval_3452",0,FALSE,TRUE,TRUE,FALSE,FALSE,FALSE,FALSE,"Liver_hypermethylated"
3325,"chr18",87901384,87901702,3454,0.361391428516666,0.671337147037487,-0.309945718520821,-0.999888031553922,0.000525571551075135,0.00279380379010096,2,0,0,33.875,33.125,4,4,1729,"+","Interval_3454",0,FALSE,FALSE,FALSE,FALSE,FALSE,FALSE,FALSE,"Liver_hypermethylated"
3326,"chr18",87901915,87902465,3455,0.413346206653316,0.584935629692639,-0.171589423039323,-0.525215047448819,0.000545336509857069,0.00285535408292319,4,0,0,45.375,42.5,4,4,3019,"+","Interval_3455",0,FALSE,FALSE,FALSE,FALSE,FALSE,FALSE,FALSE,"Liver_hypermethylated"
3328,"chr18",88389486,88389794,3457,0.738836718833364,0.36000958938565,0.378827129447713,1.28180270726469,0.00804296158030542,0.0200584411164678,2,0,0,28.875,30,4,4,2464,"+","Interval_3457",0,FALSE,TRUE,TRUE,FALSE,FALSE,FALSE,FALSE,"Kidney_hypermethylated"
3330,"chr18",88492832,88493544,3459,0.814968329674212,0.340778753968741,0.474189575705471,1.23377736670971,3.14709684091121e-05,0.000506254190769617,1,0,0,37.75,38.75,4,4,1328,"+","Interval_3459",0,FALSE,TRUE,TRUE,FALSE,FALSE,FALSE,FALSE,"Kidney_hypermethylated"
3331,"chr18",88588305,88588669,3461,0.900566502463054,0.626196172248804,0.274370330214251,0.51729269532145,0.000499503986545835,0.00269250175203873,1,0,0,22.25,20.5,4,4,3047,"+","Interval_3461",0,FALSE,TRUE,TRUE,FALSE,FALSE,FALSE,FALSE,"Kidney_hypermethylated"
3332,"chr18",88673902,88674354,3462,0.179771264800083,0.480389471124438,-0.300618206324356,-1.35782314774587,0.00034776902157263,0.00212640859459086,5,0,0,39.9,37.45,4,4,1344,"+","Interval_3462",0,FALSE,FALSE,FALSE,FALSE,FALSE,FALSE,FALSE,"Liver_hypermethylated"
3333,"chr18",88717046,88717386,3463,0.233999743580985,0.420212707398469,-0.186212963817485,-0.673546506366066,0.00570794136371844,0.015458483772609,3,0,0,34.75,31.9166666666667,4,4,2510,"+","Interval_3463",0,FALSE,FALSE,FALSE,FALSE,FALSE,FALSE,FALSE,"Liver_hypermethylated"
3334,"chr18",88726000,88726278,3464,0.573036338661339,0.164734299516908,0.40830203914443,1.73842297420766,0.000125516680194612,0.00107047703760533,1,0,0,21.25,18.5,4,4,735,"+","Interval_3464",0,FALSE,FALSE,FALSE,FALSE,FALSE,FALSE,FALSE,"Kidney_hypermethylated"
3336,"chr18",88746751,88747497,3467,0.19162029395725,0.376645363639599,-0.185025069682348,-0.996798171710674,0.00444843690821214,0.0127438903500996,2,0,0,25.875,25.875,4,4,2410,"+","Interval_3467",0,FALSE,FALSE,FALSE,FALSE,FALSE,FALSE,FALSE,"Liver_hypermethylated"
3337,"chr18",88754557,88755497,3468,0.891365848864085,0.552548254818802,0.338817594045283,0.739804996372344,0.00378774410907333,0.011228021008324,12,0,0,23.0416666666667,24.5416666666667,3.83333333333333,4,2353,"+","Interval_3468",0,FALSE,FALSE,FALSE,FALSE,FALSE,TRUE,TRUE,"Kidney_hypermethylated"
3338,"chr18",88757565,88758729,3469,0.108643988816403,0.48737684729064,-0.378732858474238,-2.06770034499947,6.21036274477087e-05,0.000739586803616608,1,0,0,33.25,30.25,4,4,867,"+","Interval_3469",0,FALSE,FALSE,FALSE,FALSE,FALSE,FALSE,FALSE,"Liver_hypermethylated"
3340,"chr18",88774406,88774748,3471,0.971084283788287,0.799145589352974,0.171938694435314,0.278279035322129,0.00168143788310665,0.00625747039092279,2,0,0,57.875,48,4,4,4203,"+","Interval_3471",0,FALSE,FALSE,FALSE,FALSE,FALSE,FALSE,FALSE,"Kidney_hypermethylated"
3345,"chr18",88905434,88905749,3477,0.851641619404777,0.456756312989707,0.39488530641507,0.884418401900536,5.17181174254413e-06,0.0002096745949246,1,0,0,38.5,44.5,4,4,1980,"+","Interval_3477",0,FALSE,FALSE,FALSE,FALSE,FALSE,FALSE,FALSE,"Kidney_hypermethylated"
3347,"chr18",88924477,88925124,3479,0.421059635256948,0.0448087420690698,0.376250893187879,2.81331118495317,0.000994854779640942,0.00428979309706362,3,0,0,34.3333333333333,34.9166666666667,4,4,1425,"+","Interval_3479",0,FALSE,FALSE,FALSE,FALSE,FALSE,FALSE,FALSE,"Kidney_hypermethylated"
3350,"chr18",89007167,89007480,3483,0.919592109297992,0.637111247629723,0.282480861668268,0.545707677868377,0.0017495995330868,0.00642251441506475,2,0,0,26.75,24.625,4,4,2951,"+","Interval_3483",0,FALSE,FALSE,FALSE,FALSE,FALSE,FALSE,FALSE,"Kidney_hypermethylated"
3351,"chr18",89019388,89019845,3484,0.886627082353902,0.621127170576797,0.265499911777105,0.706763186319785,3.34023274749984e-05,0.000522283212045458,4,0,0,35.8125,37,4,4,2430,"+","Interval_3484",0,FALSE,FALSE,FALSE,FALSE,FALSE,FALSE,FALSE,"Kidney_hypermethylated"
3353,"chr18",89117915,89118679,3486,0.94151198363564,0.700342234896203,0.241169748739437,0.429736425787384,0.000352038143811861,0.00214397858644587,3,0,0,28,28.3333333333333,4,4,3415,"+","Interval_3486",0,FALSE,FALSE,FALSE,FALSE,FALSE,FALSE,FALSE,"Kidney_hypermethylated"
3354,"chr18",89176667,89177323,3488,0.883870967741936,0.33702380952381,0.546847158218126,1.36503193978544,1.02126170673267e-05,0.00028917201120448,1,0,0,31.25,31.25,4,4,1140,"+","Interval_3488",0,FALSE,FALSE,FALSE,FALSE,FALSE,FALSE,FALSE,"Kidney_hypermethylated"
3356,"chr18",89529476,89529826,3491,0.868618881118881,0.582317912812468,0.286300968306413,0.572540560537876,0.00054724127632962,0.00285535408292319,2,0,0,29.125,25.5,4,4,2850,"+","Interval_3491",0,FALSE,FALSE,FALSE,FALSE,FALSE,FALSE,FALSE,"Kidney_hypermethylated"
3357,"chr18",89551446,89551700,3492,0.835018657101037,0.522472527472527,0.312546129628509,0.666276102426125,3.00842283779314e-05,0.00049562354794206,1,0,0,33.5,26.25,4,4,2527,"+","Interval_3492",0,FALSE,FALSE,FALSE,FALSE,FALSE,FALSE,FALSE,"Kidney_hypermethylated"
3358,"chr18",89597030,89597400,3493,0.676631016042781,0.443005952380952,0.233625063661828,0.600005020199221,0.00496347617159831,0.0138411799704941,1,0,0,21,17.75,4,4,2754,"+","Interval_3493",0,FALSE,FALSE,FALSE,FALSE,FALSE,FALSE,FALSE,"Kidney_hypermethylated"
3359,"chr18",89608225,89608927,3494,0.695437404736185,0.184197928535881,0.511239476200304,2.07144195552641,1.25596525937495e-06,0.000135880492616173,2,0,0,40.75,38,4,4,400,"+","Interval_3494",0,FALSE,FALSE,FALSE,FALSE,FALSE,FALSE,FALSE,"Kidney_hypermethylated"
3361,"chr18",89734354,89734663,3496,0.836438923395445,0.373089244851259,0.463349678544187,1.14372544816586,3.36433831775316e-06,0.000186250981644984,1,0,0,25.5,23,4,4,1457,"+","Interval_3496",0,FALSE,TRUE,TRUE,FALSE,FALSE,FALSE,FALSE,"Kidney_hypermethylated"
3365,"chr18",90018124,90018898,3502,0.89805527915983,0.603238753566574,0.294816525593256,0.587075639719942,0.00465570226310763,0.0131779320160278,8,0,0,23.46875,21.84375,4,4,2792,"+","Interval_3502",0,FALSE,TRUE,TRUE,FALSE,FALSE,FALSE,FALSE,"Kidney_hypermethylated"
3366,"chr18",90373501,90373798,3504,0.973447919147416,0.803465741559782,0.169982177587634,0.274864655981738,0.0262001424288877,0.0495979527448892,2,0,0,19.5,19.875,4,4,4219,"+","Interval_3504",0,FALSE,TRUE,TRUE,FALSE,FALSE,FALSE,FALSE,"Kidney_hypermethylated"
3370,"chr18",90601472,90601850,3508,0.977585899539345,0.849029692351161,0.128556207188184,0.201220636499205,0.0244739147580113,0.0469535454848514,2,0,0,50.375,50.625,4,4,4663,"+","Interval_3508",0,TRUE,TRUE,TRUE,TRUE,FALSE,FALSE,FALSE,"Kidney_hypermethylated"
3375,"chr19",3226899,3227567,3513,0.8174832256953,0.256959383682529,0.524020487151831,2.28600575172945,0.00133818236447566,0.00528478832243118,12,0.666666666666667,0.833333333333333,10.2916666666667,8.47916666666667,2,1.91666666666667,1556,"+","Interval_3513",0,FALSE,FALSE,FALSE,FALSE,FALSE,FALSE,FALSE,"Kidney_hypermethylated"
3381,"chr19",3333084,3334848,3520,0.502722523160037,0.492755949622884,0.00996657353715277,0.365583467112747,0.0016622260900199,0.00620180893938815,27,0,0,25.8981481481481,25.462962962963,4,4,5213,"+","Interval_3520",0,FALSE,FALSE,FALSE,FALSE,FALSE,FALSE,FALSE,"Kidney_hypermethylated"
3382,"chr19",3344817,3345783,3521,0.577688215861877,0.729907557017009,-0.152219341155131,-0.372236783776586,0.00609144146136761,0.0162013175408348,14,0,0,28.2857142857143,30.9821428571429,4,4,3672,"+","Interval_3521",0,FALSE,FALSE,FALSE,FALSE,FALSE,FALSE,FALSE,"Liver_hypermethylated"
3385,"chr19",3392450,3392759,3525,0.856775210084034,0.149314632236833,0.7074605778472,2.44377911556858,1.48680985495222e-05,0.000337716273686725,1,0,0,28,28.25,4,4,270,"+","Interval_3525",0,FALSE,FALSE,FALSE,FALSE,FALSE,TRUE,TRUE,"Kidney_hypermethylated"
3391,"chr19",3541115,3541397,3531,0.957292194010909,0.458205584864288,0.499086609146621,1.19967709752109,2.25076100931879e-06,0.000164653885741238,4,0,0,32.9375,36.125,4,4,1372,"+","Interval_3531",0,FALSE,FALSE,FALSE,FALSE,FALSE,FALSE,FALSE,"Kidney_hypermethylated"
3394,"chr19",3589505,3590252,3534,0.890982822631581,0.244896738293341,0.646086084338241,1.91509216533915,2.05315306627504e-05,0.00040264950334539,8,0,0,26.9375,28.09375,4,4,523,"+","Interval_3534",0,FALSE,FALSE,FALSE,FALSE,FALSE,TRUE,TRUE,"Kidney_hypermethylated"
3396,"chr19",3612635,3613043,3537,0.888294600136705,0.590824737298756,0.297469862837949,0.580244448451199,0.00193246023214718,0.00692014459588836,1,0,0,19.25,27,4,4,2821,"+","Interval_3537",0,FALSE,FALSE,FALSE,FALSE,FALSE,FALSE,FALSE,"Kidney_hypermethylated"
3398,"chr19",3638522,3639244,3539,0.146467875949657,0.592311748547112,-0.445843872597455,-2.58684245420157,0.000910704923389731,0.00404647993798257,9,0,0,20.0833333333333,26.4166666666667,4,4,1383,"+","Interval_3539",0,FALSE,FALSE,FALSE,FALSE,FALSE,FALSE,FALSE,"Liver_hypermethylated"
3400,"chr19",3665374,3665801,3542,0.390232913012816,0.214256244778285,0.175976668234531,0.573132730125187,0.0256963422167268,0.0487809771151642,6,0,0,22.4583333333333,25.25,3.83333333333333,4,3237,"+","Interval_3542",0,FALSE,FALSE,FALSE,FALSE,FALSE,FALSE,FALSE,"Kidney_hypermethylated"
3402,"chr19",3681139,3681797,3544,0.318129804634444,0.482410252256753,-0.164280447622309,-1.11848246514608,0.0135124481999845,0.0298040180146823,8,0,0,17.1875,19.03125,4,4,2786,"+","Interval_3544",0,FALSE,FALSE,FALSE,FALSE,FALSE,FALSE,FALSE,"Liver_hypermethylated"
3414,"chr19",3831689,3832391,3556,0.77728666806667,0.396341765418037,0.380944902648633,1.23221675313972,0.0151560557144402,0.0324342459348118,7,0,0,24.0357142857143,27.3928571428571,4,4,2871,"+","Interval_3556",0,FALSE,FALSE,FALSE,FALSE,FALSE,TRUE,TRUE,"Kidney_hypermethylated"
3416,"chr19",3842419,3842689,3558,0.35089220940696,0.487235956893859,-0.136343747486899,-0.654442464658629,0.025001030126577,0.0477115932073961,4,0,0,23.75,25.125,4,4,3220,"+","Interval_3558",0,FALSE,FALSE,FALSE,FALSE,FALSE,FALSE,FALSE,"Liver_hypermethylated"
3419,"chr19",3890129,3890653,3561,0.836761456970138,0.672853596805537,0.163907860164601,0.3213869080588,0.00490442788959157,0.0137114237404641,10,0,0,37.825,39.15,4,4,3957,"+","Interval_3561",0,FALSE,FALSE,FALSE,FALSE,FALSE,FALSE,FALSE,"Kidney_hypermethylated"
3420,"chr19",3895067,3895499,3562,0.157014615881998,0.462857627067861,-0.305843011185863,-1.4934201133981,9.33597401864123e-05,0.000907746207983392,2,0,0,25.875,28.625,4,4,1306,"+","Interval_3562",0,FALSE,FALSE,FALSE,FALSE,FALSE,FALSE,FALSE,"Liver_hypermethylated"
3423,"chr19",3923419,3923907,3565,0.325049459387246,0.522212699958274,-0.197163240571028,-0.943405190080689,0.00611287371743322,0.0162472357238872,15,0,0,19.85,22.05,4,4,2312,"+","Interval_3565",0,FALSE,FALSE,FALSE,FALSE,FALSE,FALSE,FALSE,"Liver_hypermethylated"
3425,"chr19",3929235,3929876,3567,0.485404587566865,0.213296204409115,0.27210838315775,1.21190929110893,0.00404780154587717,0.0118277415593986,10,0,0,18.175,18.575,4,4,2103,"+","Interval_3567",0,FALSE,FALSE,FALSE,FALSE,FALSE,FALSE,FALSE,"Kidney_hypermethylated"
3429,"chr19",3972040,3972633,3571,0.138974755478701,0.316083352427198,-0.177108596948497,-1.08910784295421,0.0226988872504474,0.044238713020615,8,0,0,17.0625,22.625,3.875,3.875,3153,"+","Interval_3571",0,FALSE,FALSE,FALSE,FALSE,FALSE,FALSE,FALSE,"Liver_hypermethylated"
3436,"chr19",4045823,4047171,3578,0.629214894234909,0.408366998139501,0.220847896095408,0.727960674598994,0.00254153107396803,0.00842833699381196,20,0,0,28.625,31.2875,4,4,2383,"+","Interval_3578",0,FALSE,FALSE,FALSE,FALSE,FALSE,TRUE,TRUE,"Kidney_hypermethylated"
3437,"chr19",4058903,4059867,3579,0.787510788164891,0.180182625433497,0.607328162731395,2.51283520150581,0.000485550217785486,0.00264278661496175,15,0,0,20.7333333333333,23.4666666666667,3.86666666666667,3.93333333333333,1129,"+","Interval_3579",0,FALSE,FALSE,FALSE,FALSE,FALSE,TRUE,TRUE,"Kidney_hypermethylated"
3440,"chr19",4070500,4070929,3582,0.780582249367881,0.510616371698376,0.269965877669505,0.626879099044251,0.000615373064535237,0.00309702496443,10,0,0,24.075,27.65,4,4,2655,"+","Interval_3582",0,FALSE,FALSE,FALSE,FALSE,FALSE,FALSE,FALSE,"Kidney_hypermethylated"
3441,"chr19",4080422,4081106,3583,0.644529553571242,0.411217614317198,0.233311939254045,0.836699899350921,0.00517653256266682,0.0142772857260267,9,0,0,23.7222222222222,24.5,4,4,2228,"+","Interval_3583",0,FALSE,FALSE,FALSE,FALSE,FALSE,TRUE,TRUE,"Kidney_hypermethylated"
3447,"chr19",4131029,4131965,3589,0.897351815283028,0.341726682675807,0.555625132607221,1.59358609681199,0.00516722949708093,0.0142580266095924,9,0,0,14.9444444444444,16.3611111111111,3.22222222222222,3.77777777777778,2227,"+","Interval_3589",0,FALSE,FALSE,FALSE,FALSE,FALSE,TRUE,TRUE,"Kidney_hypermethylated"
3451,"chr19",4154606,4155101,3593,0.809613777964014,0.191186952514299,0.618426825449715,2.16366716443022,8.60794340772488e-05,0.000871430185180714,8,0,0,19.3125,19.5625,4,4,607,"+","Interval_3593",0,FALSE,FALSE,FALSE,FALSE,FALSE,FALSE,FALSE,"Kidney_hypermethylated"
3454,"chr19",4175277,4175990,3597,0.0920244130291238,0.260118681538214,-0.16809426850909,-2.38418197348419,0.00102993796347868,0.00439511721220588,13,0,0,17.3269230769231,18.9807692307692,3.76923076923077,4,2617,"+","Interval_3597",0,FALSE,FALSE,FALSE,FALSE,FALSE,FALSE,FALSE,"Liver_hypermethylated"
3455,"chr19",4184855,4185685,3598,0.489434811873078,0.194617149635568,0.294817662237509,1.34230120721718,0.00742238075632025,0.0188785305246639,16,0,0,18.140625,20.546875,3.9375,4,2416,"+","Interval_3598",0,FALSE,FALSE,FALSE,FALSE,FALSE,FALSE,FALSE,"Kidney_hypermethylated"
3459,"chr19",4207881,4208160,3602,0.943456750643693,0.71011611860772,0.233340632035973,0.407397403079117,0.00764626986870762,0.0193279836870458,3,0,0,22.75,28,4,4,3518,"+","Interval_3602",0,FALSE,TRUE,TRUE,FALSE,FALSE,FALSE,FALSE,"Kidney_hypermethylated"
3464,"chr19",4229610,4230254,3607,0.177604430581888,0.623116529077806,-0.445512098495918,-1.84387950082008,0.00530088747726606,0.0145207207983875,8,0,0,13.4375,11.78125,3.625,2.75,2243,"+","Interval_3607",0,FALSE,FALSE,FALSE,FALSE,FALSE,FALSE,FALSE,"Liver_hypermethylated"
3471,"chr19",4294341,4294946,3614,0.595386735582548,0.188743990214321,0.406642745368227,1.68862360874919,0.000375035616337188,0.00223746976931264,10,0,0,17.575,19.675,3.8,4,1030,"+","Interval_3614",0,FALSE,FALSE,FALSE,FALSE,FALSE,FALSE,FALSE,"Kidney_hypermethylated"
3472,"chr19",4299983,4300629,3615,0.525829885290305,0.169956435472351,0.355873449817954,1.72194046372344,0.0010967882250111,0.00457243123656256,8,0,0,21.875,20.46875,4,3.875,1474,"+","Interval_3615",0,FALSE,FALSE,FALSE,FALSE,FALSE,FALSE,FALSE,"Kidney_hypermethylated"
3473,"chr19",4301856,4302419,3616,0.254716743574631,0.311586004202532,-0.0568692606279012,-0.641008530199707,0.0185464888187188,0.0377878560315077,15,0,0,23.3,24.15,3.93333333333333,4,4162,"+","Interval_3616",0,FALSE,FALSE,FALSE,FALSE,FALSE,FALSE,FALSE,"Liver_hypermethylated"
3484,"chr19",4462035,4462694,3627,0.78013954233685,0.384047726243909,0.39609181609294,1.24379928853917,0.000101174553700826,0.000950022988322171,8,0,0,28.46875,29.875,4,4,1313,"+","Interval_3627",0,FALSE,FALSE,FALSE,FALSE,FALSE,FALSE,FALSE,"Kidney_hypermethylated"
3485,"chr19",4464482,4464876,3628,0.766545534286629,0.414977701847664,0.351567832438965,0.936540925818308,0.00122620148222666,0.00492664634826465,4,0,0,21.375,20.1875,4,4,1856,"+","Interval_3628",0,FALSE,FALSE,FALSE,FALSE,FALSE,FALSE,FALSE,"Kidney_hypermethylated"
3487,"chr19",4484996,4485895,3630,0.459573119800525,0.634228624931625,-0.174655505131101,-0.98361085335917,0.00271684977102968,0.00885678612359544,18,0,0,25.1944444444444,27.1805555555556,4,4,2536,"+","Interval_3630",0,FALSE,FALSE,FALSE,FALSE,FALSE,FALSE,FALSE,"Liver_hypermethylated"
3488,"chr19",4491230,4491497,3631,0.346336766718819,0.459353735080398,-0.113016968361578,-0.647591509931718,0.0203231011927909,0.0404815095071961,5,0,0,22.8,26.55,4,4,3342,"+","Interval_3631",0,FALSE,FALSE,FALSE,FALSE,FALSE,FALSE,FALSE,"Liver_hypermethylated"
3492,"chr19",4517733,4518010,3635,0.8193722177889,0.683105736800347,0.136266480988554,0.290411528210357,0.0256622634193647,0.0487464014565676,3,0,0,44,43.6666666666667,4,4,4139,"+","Interval_3635",0,FALSE,FALSE,FALSE,FALSE,FALSE,FALSE,FALSE,"Kidney_hypermethylated"
3494,"chr19",4558209,4559294,3637,0.565128099590308,0.200054720154229,0.36507337943608,1.5602736885251,0.00053458973038599,0.00282706875492419,7,0,0,20.3571428571429,21.8571428571429,3.71428571428571,3.85714285714286,1162,"+","Interval_3637",0,FALSE,FALSE,FALSE,FALSE,FALSE,TRUE,TRUE,"Kidney_hypermethylated"
3495,"chr19",4566925,4567211,3638,0.675761639382329,0.143118401206636,0.532643238175692,2.16305953299559,2.74654109276191e-05,0.000463667445467636,1,0,0,25.75,31.75,4,4,364,"+","Interval_3638",0,FALSE,FALSE,FALSE,FALSE,FALSE,TRUE,TRUE,"Kidney_hypermethylated"
3496,"chr19",4568663,4569516,3639,0.749521767662487,0.261421371177155,0.488100396485332,1.90833700511096,3.51298661642224e-05,0.000531664074136972,7,0,0,29.5357142857143,29.6428571428571,4,4,532,"+","Interval_3639",0,FALSE,FALSE,FALSE,FALSE,FALSE,TRUE,TRUE,"Kidney_hypermethylated"
3503,"chr19",4719100,4719748,3646,0.142331143313892,0.260036493722261,-0.117705350408369,-1.39612610908322,0.00203753767871653,0.00719165366784209,6,0,0,17.125,18.8333333333333,3.66666666666667,4,3276,"+","Interval_3646",0,FALSE,TRUE,TRUE,FALSE,FALSE,FALSE,FALSE,"Liver_hypermethylated"
3512,"chr19",4828589,4829016,3656,0.473856178204593,0.728320507548356,-0.254464329343763,-0.720911047918447,0.00460159441613414,0.0130669120550574,10,0,0,26.175,26.425,4,4,2401,"+","Interval_3656",0,FALSE,FALSE,FALSE,FALSE,FALSE,FALSE,FALSE,"Liver_hypermethylated"
3515,"chr19",4858755,4859672,3659,0.735737414442019,0.39889584488081,0.336841569561209,1.23576822837237,0.000169557782165065,0.00128952050916377,8,0,0,22.5625,23.4375,4,4,1325,"+","Interval_3659",0,FALSE,FALSE,FALSE,FALSE,FALSE,TRUE,TRUE,"Kidney_hypermethylated"
3518,"chr19",4883781,4884473,3662,0.89871280617577,0.622526649948068,0.276186156227702,0.772521026263657,0.00392736672734082,0.011541687489005,7,0,0,25.5,26.8571428571429,4,4,2264,"+","Interval_3662",0,FALSE,FALSE,FALSE,FALSE,FALSE,TRUE,TRUE,"Kidney_hypermethylated"
3519,"chr19",4891688,4892488,3663,0.839896453528462,0.330436775071758,0.509459678456704,1.64383070866245,8.00774288655952e-05,0.000846774701952467,8,0,0,22.4375,25.125,4,4,803,"+","Interval_3663",0,FALSE,FALSE,FALSE,FALSE,FALSE,TRUE,TRUE,"Kidney_hypermethylated"
3520,"chr19",4897271,4897746,3664,0.31062055680727,0.543045273982416,-0.232424717175146,-0.866800449550861,0.0063403039302822,0.0167215311809374,12,0,0,17.0208333333333,16.625,3.91666666666667,4,2330,"+","Interval_3664",0,FALSE,FALSE,FALSE,FALSE,FALSE,FALSE,FALSE,"Liver_hypermethylated"
3527,"chr19",5014986,5015274,3671,0.242993261442069,0.148705008930867,0.0942882525112023,1.16454527909271,0.0209078030975128,0.0413912532326727,6,0,0,31.9166666666667,32.8333333333333,4,4,3619,"+","Interval_3671",0,FALSE,TRUE,TRUE,FALSE,FALSE,FALSE,FALSE,"Kidney_hypermethylated"
3544,"chr19",5167419,5168117,3688,0.84245570586606,0.467594930996123,0.374860774869937,0.941532770942809,2.73915390158038e-05,0.000463667445467636,4,0,0,39.3125,36.375,4,4,1844,"+","Interval_3688",0,FALSE,FALSE,FALSE,FALSE,FALSE,TRUE,TRUE,"Kidney_hypermethylated"
3545,"chr19",5180477,5180676,3689,0.924755719951907,0.800491988703671,0.124263731248237,0.218532045625652,0.0191078233223032,0.038598808124771,4,0,0,34.375,36.125,4,4,4548,"+","Interval_3689",0,FALSE,FALSE,FALSE,FALSE,FALSE,FALSE,FALSE,"Kidney_hypermethylated"
3546,"chr19",5267008,5267474,3690,0.954665963662151,0.452062067544873,0.502603896117278,1.14938429124339,0.00010595583627463,0.000975600816520136,6,0,0,31.125,34.1666666666667,4,4,1444,"+","Interval_3690",0,FALSE,FALSE,FALSE,FALSE,FALSE,TRUE,TRUE,"Kidney_hypermethylated"
3547,"chr19",5268972,5269616,3691,0.86399037381678,0.161570001110417,0.702420372706363,2.38926144184475,9.95192707460004e-08,8.73637026763104e-05,5,0,0,40.2,39.2,4,4,190,"+","Interval_3691",0,FALSE,FALSE,FALSE,FALSE,FALSE,TRUE,TRUE,"Kidney_hypermethylated"
3562,"chr19",5463901,5464358,3706,0.292267414495549,0.703631692678576,-0.411364278183027,-1.56333994404313,0.00260102618232689,0.00856554442143556,8,0,0,15.96875,16.40625,4,3.875,1866,"+","Interval_3706",0,FALSE,FALSE,FALSE,FALSE,FALSE,FALSE,FALSE,"Liver_hypermethylated"
3578,"chr19",5653990,5654701,3722,0.08223125301512,0.787205803043894,-0.704974550028774,-3.48200111975875,0.000150028443735648,0.0012004228994213,56,0,0,14.1294642857143,18.5669642857143,3.5,3.94642857142857,768,"+","Interval_3722",0,FALSE,FALSE,FALSE,FALSE,FALSE,FALSE,FALSE,"Liver_hypermethylated"
3580,"chr19",5665197,5665946,3724,0.887178468832467,0.237235248580922,0.649943220251544,2.03415474069151,0.000466433990286937,0.00255914006277967,18,0,0,17.25,18.0972222222222,3.88888888888889,3.83333333333333,1120,"+","Interval_3724",0,FALSE,FALSE,FALSE,FALSE,FALSE,TRUE,TRUE,"Kidney_hypermethylated"
3582,"chr19",5696027,5696596,3726,0.222702699108087,0.855049305570027,-0.63234660646194,-2.07505712986305,0.000375927829067763,0.00224061737111678,37,0,0,14.9527027027027,18.9594594594595,3.32432432432432,4,1031,"+","Interval_3726",0,FALSE,FALSE,FALSE,FALSE,FALSE,FALSE,FALSE,"Liver_hypermethylated"
3584,"chr19",5713722,5714147,3728,0.0704594442022932,0.347644511073141,-0.277185066870848,-2.33983738245452,0.0175202431043152,0.0361888718910981,3,0,0,22.25,23.4166666666667,4,4,2975,"+","Interval_3728",0,FALSE,FALSE,FALSE,FALSE,FALSE,FALSE,FALSE,"Liver_hypermethylated"
3585,"chr19",5715997,5716616,3729,0.166454393625628,0.668332282316451,-0.501877888690823,-2.20307995241138,0.000586132393613189,0.00299151458368193,31,0,0,17.2338709677419,19.9838709677419,3.7741935483871,3.93548387096774,1204,"+","Interval_3729",0,FALSE,FALSE,FALSE,FALSE,FALSE,FALSE,FALSE,"Liver_hypermethylated"
3586,"chr19",5722757,5723369,3730,0.904894658561561,0.320849951656532,0.584044706905029,1.67069426862329,0.000170108878413645,0.00129211255605915,8,0,0,22.96875,27.3125,3.875,4,809,"+","Interval_3730",0,FALSE,FALSE,FALSE,FALSE,FALSE,TRUE,TRUE,"Kidney_hypermethylated"
3587,"chr19",5724193,5725247,3731,0.42943258244145,0.121026615320176,0.308405967121274,1.71882876398177,0.000922564698094272,0.00407840594899779,15,0,0,20.0166666666667,20.3,4,3.8,1390,"+","Interval_3731",0,FALSE,FALSE,FALSE,FALSE,FALSE,TRUE,TRUE,"Kidney_hypermethylated"
3588,"chr19",5726135,5727595,3732,0.24027841359294,0.0577668443895836,0.182511569203357,1.12170019513672,0.0148055337897719,0.031866901974833,57,0,0,16.6052631578947,17.1315789473684,3.28070175438596,3.05263157894737,2855,"+","Interval_3732",0,FALSE,FALSE,FALSE,FALSE,FALSE,TRUE,TRUE,"Kidney_hypermethylated"
3592,"chr19",5746830,5747311,3736,0.483452810996457,0.279464646033982,0.203988164962475,0.634139759369032,0.0137258031286862,0.0301456563190249,12,0,0,25.375,22.8958333333333,4,4,2797,"+","Interval_3736",0,TRUE,FALSE,TRUE,FALSE,FALSE,FALSE,FALSE,"Kidney_hypermethylated"
3600,"chr19",5810176,5810710,3744,0.263113405915877,0.378287351799265,-0.115173945883388,-0.903097670186201,0.0236005069813966,0.0456315560280287,7,0,0,23.4642857142857,23.1071428571429,3.71428571428571,4,3305,"+","Interval_3744",0,FALSE,FALSE,FALSE,FALSE,FALSE,FALSE,FALSE,"Liver_hypermethylated"
3601,"chr19",5812077,5812348,3745,0.127182163187856,0.399873475960432,-0.272691312772577,-1.57908572180807,0.00599623158487134,0.0159994976504708,1,0,0,23.25,26.5,4,4,2303,"+","Interval_3745",0,FALSE,FALSE,FALSE,FALSE,FALSE,FALSE,FALSE,"Liver_hypermethylated"
3602,"chr19",5815944,5816297,3746,0.643042582417582,0.414741139548889,0.228301442868693,0.620593215570529,0.00306252961766284,0.00961637429766895,1,0,0,27.75,34,4,4,2670,"+","Interval_3746",0,FALSE,FALSE,FALSE,FALSE,FALSE,FALSE,FALSE,"Kidney_hypermethylated"
3604,"chr19",5823294,5823746,3748,0.181135659050213,0.300171735631903,-0.11903607658169,-1.54719217461122,0.0136482222098786,0.0300104678071819,8,0,0,21.625,23,4,4,3265,"+","Interval_3748",0,FALSE,FALSE,FALSE,FALSE,FALSE,FALSE,FALSE,"Liver_hypermethylated"
3605,"chr19",5833528,5834318,3749,0.798717006757557,0.705673440802306,0.0930435659552515,0.138801671772736,0.0263155730339538,0.0497260751210474,11,0,0,26.1590909090909,27.8409090909091,4,4,5051,"+","Interval_3749",0,FALSE,FALSE,FALSE,FALSE,FALSE,FALSE,FALSE,"Kidney_hypermethylated"
3606,"chr19",5834404,5834856,3750,0.500656714259349,0.728943870321393,-0.228287156062045,-0.590416059610527,0.00180379428611521,0.00657893305120631,8,0,0,24.84375,29.15625,4,4,2783,"+","Interval_3750",0,FALSE,FALSE,FALSE,FALSE,FALSE,FALSE,FALSE,"Liver_hypermethylated"
3610,"chr19",5871231,5871764,3754,0.0776112776112776,0.242211299219571,-0.164600021608294,-2.30204989084398,4.67598574247142e-06,0.000205871252523945,8,0,0,11.4375,12.15625,2.875,2.875,2670,"+","Interval_3754",0,FALSE,FALSE,FALSE,FALSE,FALSE,FALSE,FALSE,"Liver_hypermethylated"
3616,"chr19",5921803,5922895,3760,0.533958456863027,0.165225518330364,0.368732938532663,1.61071507944602,0.000204467162755617,0.00146098920364333,19,0,0,22.2368421052632,21.7368421052632,3.89473684210526,4,917,"+","Interval_3760",0,FALSE,FALSE,FALSE,FALSE,FALSE,TRUE,TRUE,"Kidney_hypermethylated"
3619,"chr19",5935189,5935921,3763,0.334614105382644,0.513149821750535,-0.178535716367892,-0.809633247710547,0.00909581865682485,0.0221712834772665,8,0,0,21.40625,22.625,3.875,3.875,2521,"+","Interval_3763",0,FALSE,FALSE,FALSE,FALSE,FALSE,FALSE,FALSE,"Liver_hypermethylated"
3620,"chr19",5937916,5938888,3764,0.442800861685691,0.265118351411035,0.177682510274656,1.09207068219341,0.00572752290233482,0.0154920047938983,15,0,0,26.55,26.8333333333333,4,4,2500,"+","Interval_3764",0,FALSE,FALSE,FALSE,FALSE,FALSE,FALSE,FALSE,"Kidney_hypermethylated"
3621,"chr19",5944700,5945478,3765,0.696657116771751,0.719361554753686,-0.0227044379819346,-0.119785679790751,0.018943255433713,0.0383925806860707,17,0,0,24.4558823529412,28.1176470588235,4,4,5191,"+","Interval_3765",0,FALSE,FALSE,FALSE,FALSE,FALSE,FALSE,FALSE,"Liver_hypermethylated"
3623,"chr19",5955728,5956230,3767,0.575635627123151,0.803347229969882,-0.227711602846731,-0.514250234564124,0.00116473125158408,0.00478033543073155,19,0,0,29.0921052631579,29.9342105263158,4,4,3061,"+","Interval_3767",0,FALSE,FALSE,FALSE,FALSE,FALSE,FALSE,FALSE,"Liver_hypermethylated"
3626,"chr19",5966663,5968063,3770,0.79663849466583,0.215665473029842,0.580973021635988,1.99063912744612,0.000108046782332603,0.000986549000644646,18,0,0,24.8888888888889,26.8611111111111,4,4,673,"+","Interval_3770",0,FALSE,FALSE,FALSE,FALSE,FALSE,TRUE,TRUE,"Kidney_hypermethylated"
3629,"chr19",6003871,6004138,3773,0.722601540616246,0.417212738175672,0.305388802440574,1.11799237422241,0.000155468663655204,0.00122796264545145,2,0,0,23.875,26.5,4,4,1506,"+","Interval_3773",0,FALSE,FALSE,FALSE,FALSE,FALSE,FALSE,FALSE,"Kidney_hypermethylated"
3630,"chr19",6007046,6007325,3774,0.34296366416775,0.873150983425177,-0.530187319257427,-1.41452630167128,0.000414355987113935,0.0023675722283983,5,0,0,22.95,23.45,4,4,1093,"+","Interval_3774",0,FALSE,FALSE,FALSE,FALSE,FALSE,FALSE,FALSE,"Liver_hypermethylated"
3632,"chr19",6018665,6018970,3776,0.358166467467024,0.142677027168766,0.215489440298258,1.13116859879072,0.00587621441109365,0.0157820531276969,6,0,0,29.4583333333333,32.625,4,4,2288,"+","Interval_3776",0,FALSE,FALSE,FALSE,FALSE,FALSE,TRUE,TRUE,"Kidney_hypermethylated"
3639,"chr19",6102198,6103020,3783,0.809723723950474,0.584074740671776,0.225648983278698,0.604880259005843,0.00461519634600322,0.0130873934223303,7,0,0,26.2857142857143,27.9642857142857,4,4,2728,"+","Interval_3783",0,FALSE,FALSE,FALSE,FALSE,FALSE,TRUE,TRUE,"Kidney_hypermethylated"
3642,"chr19",6132291,6133951,3786,0.752457119817078,0.396317156450463,0.356139963366615,1.12873631956892,0.000176162046182177,0.00132795414479223,11,0,0,27.9318181818182,31.5909090909091,4,4,1483,"+","Interval_3786",0,FALSE,FALSE,FALSE,FALSE,FALSE,TRUE,TRUE,"Kidney_hypermethylated"
3645,"chr19",6223587,6223808,3789,0.532109503158669,0.772709203875855,-0.240599700717186,-0.549720932674504,0.00725501696993471,0.0185141525250203,8,0,0,25.875,24.65625,4,4,2935,"+","Interval_3789",0,FALSE,FALSE,FALSE,FALSE,FALSE,FALSE,FALSE,"Liver_hypermethylated"
3652,"chr19",6267976,6268918,3796,0.322344971885854,0.334019741670941,-0.0116747697850875,-0.0424163932954958,0.0247419260079787,0.0473408997393617,17,0,0,25.8823529411765,27.4264705882353,4,4,5760,"+","Interval_3796",0,FALSE,FALSE,FALSE,FALSE,FALSE,FALSE,FALSE,"Liver_hypermethylated"
3654,"chr19",6278182,6278465,3798,0.0828620647820532,0.239057789845137,-0.156195725063084,-1.52180697088036,0.00260349865232322,0.00856909438592726,4,0,0,19.6875,25.125,4,4,2776,"+","Interval_3798",0,FALSE,FALSE,FALSE,FALSE,FALSE,FALSE,FALSE,"Liver_hypermethylated"
3655,"chr19",6284361,6286604,3799,0.807152884064792,0.161617964251438,0.645534919813355,2.63779890567314,0.000576855912390854,0.00295152338188326,32,0,0,22.34375,23.765625,4,4,1201,"+","Interval_3799",0,FALSE,FALSE,FALSE,FALSE,FALSE,TRUE,TRUE,"Kidney_hypermethylated"
3656,"chr19",6291108,6292084,3800,0.704441848092449,0.452755898060753,0.251685950031696,0.767772388006971,0.024745153777515,0.0473408997393617,15,0,0,18.8333333333333,20.4333333333333,3.86666666666667,3.8,3212,"+","Interval_3800",0,FALSE,FALSE,FALSE,FALSE,FALSE,FALSE,FALSE,"Kidney_hypermethylated"
3657,"chr19",6297459,6297952,3801,0.876168728886208,0.438595610786529,0.437573118099679,1.41576895293653,0.00087343946795505,0.0039349600664104,11,0,0,22.1363636363636,22.2954545454545,3.90909090909091,4,1364,"+","Interval_3801",0,FALSE,FALSE,FALSE,FALSE,FALSE,TRUE,TRUE,"Kidney_hypermethylated"
3658,"chr19",6300029,6301156,3802,0.714964984016382,0.252459695913479,0.462505288102903,1.53294222420155,0.000108021763131881,0.000986549000644646,10,0,0,23.3,24.2,3.9,4,938,"+","Interval_3802",0,FALSE,FALSE,FALSE,FALSE,FALSE,TRUE,TRUE,"Kidney_hypermethylated"
3665,"chr19",6354327,6354546,3809,0.749553317941389,0.646521210224909,0.103032107716481,0.203940039788146,0.0134752193280214,0.0297432553055644,5,0,0,20.3,23.45,4,4,4642,"+","Interval_3809",0,FALSE,FALSE,FALSE,FALSE,FALSE,FALSE,FALSE,"Kidney_hypermethylated"
3675,"chr19",6445951,6447011,3819,0.224829664478223,0.498499381060433,-0.27366971658221,-1.23281833065138,0.00307665092020514,0.00963926375127763,11,0,0,18.6136363636364,19.7954545454545,3.63636363636364,3.90909090909091,1961,"+","Interval_3819",0,FALSE,TRUE,TRUE,FALSE,FALSE,FALSE,FALSE,"Liver_hypermethylated"
3676,"chr19",6448743,6449097,3820,0.563659787528701,0.131240316192145,0.432419471336556,2.14387395317051,5.46836648480931e-05,0.000678850748467742,4,0,0,25.25,27.875,4,4,629,"+","Interval_3820",0,FALSE,FALSE,FALSE,FALSE,FALSE,FALSE,FALSE,"Kidney_hypermethylated"
3678,"chr19",6464825,6465460,3822,0.462829732064584,0.660883907408342,-0.198054175343758,-0.61481692563657,0.0156037619374278,0.0331323832430871,7,0,0,16.5357142857143,17.7857142857143,4,4,2894,"+","Interval_3822",0,FALSE,FALSE,FALSE,FALSE,FALSE,FALSE,FALSE,"Liver_hypermethylated"
3679,"chr19",6489108,6489563,3823,0,0.0192597086361388,-0.0192597086361388,-1.16372368434323,0.00124199356601059,0.00496878285360356,4,0,0,24.0625,23.4375,4,4,4892,"+","Interval_3823",0,TRUE,TRUE,TRUE,TRUE,FALSE,FALSE,FALSE,"Liver_hypermethylated"
3685,"chr19",6542995,6543666,3829,0.735960952308749,0.624286978769124,0.111673973539625,0.186456559324802,0.00972143416644909,0.0231781530802245,9,0,0,21.4444444444444,23.4166666666667,4,4,4750,"+","Interval_3829",0,FALSE,FALSE,FALSE,FALSE,FALSE,FALSE,FALSE,"Kidney_hypermethylated"
3687,"chr19",6553962,6554430,3831,0.433197705072705,0.101486006683375,0.33171169838933,2.30166555855787,0.00101604339290232,0.00436004654286644,2,0,0,22.875,18.875,4,3.5,1432,"+","Interval_3831",0,FALSE,FALSE,FALSE,FALSE,FALSE,FALSE,FALSE,"Kidney_hypermethylated"
3690,"chr19",6660020,6660906,3834,0.847922063949584,0.229450036641794,0.61847202730779,2.05491731162035,2.33498257653454e-06,0.000164924918767871,12,0,0,21.6666666666667,24.625,4,4,422,"+","Interval_3834",0,TRUE,FALSE,TRUE,FALSE,FALSE,TRUE,TRUE,"Kidney_hypermethylated"
3692,"chr19",6670027,6670317,3836,0.735336877052155,0.229972221308153,0.505364655744002,1.7636325729373,1.77351240642688e-05,0.000369431652118414,6,0,0,25.625,26.375,4,4,693,"+","Interval_3836",0,FALSE,FALSE,FALSE,FALSE,FALSE,FALSE,FALSE,"Kidney_hypermethylated"
3695,"chr19",6831576,6831888,3839,0.491427684798756,0.490071543692152,0.00135614110660354,-0.428833220314718,0.015619825333156,0.0331472302516498,6,0,0,21.2083333333333,23.1666666666667,4,4,5890,"+","Interval_3839",0,FALSE,FALSE,FALSE,FALSE,FALSE,FALSE,FALSE,"Kidney_hypermethylated"
3696,"chr19",6832340,6833014,3840,0.933779819387304,0.24887706377823,0.684902755609075,1.91078667981046,0.00170588528106258,0.00631485846513829,7,0,0,18.3214285714286,19.2142857142857,3.42857142857143,3.71428571428571,1660,"+","Interval_3840",0,TRUE,FALSE,TRUE,FALSE,FALSE,TRUE,TRUE,"Kidney_hypermethylated"
3698,"chr19",6848007,6848417,3842,0.0280171488052364,0.653316369099545,-0.625299220294309,-4.35874102358537,3.27716674277541e-05,0.000520366657218472,21,0,0,13.0238095238095,15.6190476190476,2.80952380952381,3.33333333333333,387,"+","Interval_3842",0,FALSE,TRUE,TRUE,FALSE,FALSE,FALSE,FALSE,"Liver_hypermethylated"
3701,"chr19",6871426,6872202,3845,0.667310369261801,0.433221581468461,0.23408878779334,0.706694344116297,0.00290861662023613,0.0092608544722026,6,0,0,20.2916666666667,22.7083333333333,4,4,2432,"+","Interval_3845",0,FALSE,FALSE,FALSE,FALSE,FALSE,FALSE,FALSE,"Kidney_hypermethylated"
3703,"chr19",6915351,6915680,3847,0.792036241424277,0.16371191052962,0.628324330894658,2.21315033287501,0.000219165432508832,0.00153871843239477,3,0,0,29.4166666666667,31.3333333333333,4,4,875,"+","Interval_3847",0,FALSE,FALSE,FALSE,FALSE,FALSE,TRUE,TRUE,"Kidney_hypermethylated"
3714,"chr19",7017801,7019708,3858,0.804038319193921,0.143093896248045,0.660944422945877,2.48496381385348,2.01865273141233e-05,0.000398862412685812,24,0,0,21.09375,24.0416666666667,3.95833333333333,4,311,"+","Interval_3858",0,FALSE,FALSE,FALSE,FALSE,FALSE,TRUE,TRUE,"Kidney_hypermethylated"
3716,"chr19",7030933,7031397,3860,0.951900191702518,0.816418890200797,0.135481301501721,0.21879513714639,0.0163400260584175,0.0343632649312032,2,0,0,32.125,34.375,4,4,4545,"+","Interval_3860",0,FALSE,FALSE,FALSE,FALSE,FALSE,FALSE,FALSE,"Kidney_hypermethylated"
3720,"chr19",7067002,7068283,3864,0.420539475108828,0.22838786405518,0.192151611053648,0.749489093243524,0.0250363320169681,0.0477641292282735,27,0,0,19.6018518518519,20.0925925925926,3.66666666666667,3.81481481481481,3221,"+","Interval_3864",0,FALSE,FALSE,FALSE,FALSE,FALSE,FALSE,FALSE,"Kidney_hypermethylated"
3721,"chr19",7069741,7070445,3865,0.0873346329204072,0.310291653266889,-0.222957020346482,-1.78406084123588,0.00372806340392104,0.0111100628598908,17,0,0,17.4411764705882,20.5,4,3.94117647058824,2062,"+","Interval_3865",0,FALSE,FALSE,FALSE,FALSE,FALSE,FALSE,FALSE,"Liver_hypermethylated"
3723,"chr19",7072210,7072756,3867,0.273912380228602,0.691160104930107,-0.417247724701504,-1.56821016914695,0.00133685096491492,0.00528478832243118,7,0,0,20.5357142857143,23.0714285714286,3.85714285714286,4,1554,"+","Interval_3867",0,FALSE,TRUE,TRUE,FALSE,FALSE,FALSE,FALSE,"Liver_hypermethylated"
3724,"chr19",7089937,7090337,3868,0.681320363998141,0.305358524243122,0.375961839755019,1.12684731615154,0.000143385738417411,0.001167026970298,6,0,0,20.375,19.7083333333333,4,4,1486,"+","Interval_3868",0,FALSE,TRUE,TRUE,FALSE,FALSE,FALSE,FALSE,"Kidney_hypermethylated"
3726,"chr19",7103791,7104505,3870,0.138838886913518,0.383055984766565,-0.244217097853047,-1.71371739053928,0.00474376862319573,0.0133656387847491,17,0,0,18.9705882352941,21.25,3.94117647058824,4,2181,"+","Interval_3870",0,FALSE,FALSE,FALSE,FALSE,FALSE,FALSE,FALSE,"Liver_hypermethylated"
3727,"chr19",7105637,7105974,3871,0.231332999962754,0.658787059085303,-0.427454059122548,-1.61376317044786,0.000313345221651944,0.00196680938411767,7,0,0,20.3928571428571,25.3571428571429,4,4,979,"+","Interval_3871",0,FALSE,FALSE,FALSE,FALSE,FALSE,FALSE,FALSE,"Liver_hypermethylated"
3728,"chr19",7111578,7112021,3872,0.559550948960021,0.772231897029925,-0.212680948069904,-0.489093588180091,0.011189286140913,0.0256847827179344,7,0,0,20.75,20.8214285714286,4,3.71428571428571,3164,"+","Interval_3872",0,FALSE,FALSE,FALSE,FALSE,FALSE,FALSE,FALSE,"Liver_hypermethylated"
3729,"chr19",7116818,7118379,3873,0.459497813576208,0.152027620526792,0.307470193049415,1.42629076088017,0.00251766413806086,0.00837486643257874,23,0,0,24.1413043478261,23.6304347826087,4,3.95652173913043,1847,"+","Interval_3873",0,FALSE,FALSE,FALSE,FALSE,FALSE,FALSE,FALSE,"Kidney_hypermethylated"
3730,"chr19",7121148,7121612,3874,0.184870713308919,0.636494419467498,-0.451623706158579,-2.25290434369468,0.000427408359747319,0.00239856106908427,9,0,0,18.9166666666667,18.5833333333333,4,4,1095,"+","Interval_3874",0,FALSE,FALSE,FALSE,FALSE,FALSE,FALSE,FALSE,"Liver_hypermethylated"
3731,"chr19",7134705,7135149,3875,0.0968676790928482,0.322174171818682,-0.225306492725833,-2.19188091053227,0.00235941286282157,0.00800584872558727,12,0,0,15.9375,18.4583333333333,4,4,1982,"+","Interval_3875",0,FALSE,TRUE,TRUE,FALSE,FALSE,FALSE,FALSE,"Liver_hypermethylated"
3732,"chr19",7135296,7136294,3876,0.102303315696592,0.348410089224076,-0.246106773527484,-1.9580303481495,0.00176223562680652,0.00646118014721126,17,0,0,17.4558823529412,17.3823529411765,3.35294117647059,3.41176470588235,1779,"+","Interval_3876",0,FALSE,FALSE,FALSE,FALSE,FALSE,FALSE,FALSE,"Liver_hypermethylated"
3739,"chr19",7182328,7182796,3883,0.0407636940927088,0.124154038886022,-0.0833903447933135,-1.45663991085087,0.0222375107377874,0.0435744590190382,18,0,0,14.125,16.9444444444444,3.38888888888889,3.77777777777778,3757,"+","Interval_3883",0,FALSE,FALSE,FALSE,FALSE,FALSE,FALSE,FALSE,"Liver_hypermethylated"
3741,"chr19",7191511,7191996,3885,0.488624020191574,0.34467803224631,0.143945987945264,0.358222162752337,0.00869119744575104,0.0213847123303724,7,0,0,19.1071428571429,22.0714285714286,3.85714285714286,4,3754,"+","Interval_3885",0,FALSE,FALSE,FALSE,FALSE,FALSE,FALSE,FALSE,"Kidney_hypermethylated"
3747,"chr19",7249993,7250275,3891,0.935982901119717,0.659467429084614,0.276515472035103,0.498968229982553,0.000897893121237278,0.0040011263451799,2,0,0,33.125,31.625,4,4,3122,"+","Interval_3891",0,FALSE,FALSE,FALSE,FALSE,FALSE,FALSE,FALSE,"Kidney_hypermethylated"
3749,"chr19",7279202,7279415,3893,0.239540752505149,0.552598363381623,-0.313057610876474,-1.27091117542358,0.0029138171000491,0.00927260801646903,3,0,0,15.8333333333333,23.25,4,4,1931,"+","Interval_3893",0,FALSE,FALSE,FALSE,FALSE,FALSE,FALSE,FALSE,"Liver_hypermethylated"
3750,"chr19",7294673,7295866,3894,0.502510184778973,0.156991804796065,0.345518379982909,2.19499803565179,0.00118334596317322,0.00482525610066319,24,0,0,20.40625,20.8229166666667,3.66666666666667,3.91666666666667,1507,"+","Interval_3894",0,FALSE,FALSE,FALSE,FALSE,FALSE,TRUE,TRUE,"Kidney_hypermethylated"
3752,"chr19",7310590,7311407,3896,0.31773626269208,0.268353876960491,0.049382385731589,0.363465343852089,0.0172878591063587,0.0357930910406247,11,0,0,28.0227272727273,26.5909090909091,4,4,4303,"+","Interval_3896",0,FALSE,FALSE,FALSE,FALSE,FALSE,FALSE,FALSE,"Kidney_hypermethylated"
3753,"chr19",7323373,7323679,3897,0.868085863377609,0.64908267020336,0.219003193174249,0.413902583157637,0.00185759604458904,0.00671861547616225,1,0,0,32.25,30.25,4,4,3491,"+","Interval_3897",0,FALSE,FALSE,FALSE,FALSE,FALSE,FALSE,FALSE,"Kidney_hypermethylated"
3754,"chr19",7334154,7334450,3898,0.183444741532977,0.587092074592075,-0.403647333059098,-1.62603190735702,0.00508604269914301,0.0140973082481885,1,0,0,23.5,23,4,4,2217,"+","Interval_3898",0,FALSE,FALSE,FALSE,FALSE,FALSE,FALSE,FALSE,"Liver_hypermethylated"
3756,"chr19",7374252,7374733,3901,0.931015215689151,0.766820073366757,0.164195142322394,0.281971528417489,0.00190439490723057,0.00683957142310455,10,0,0,20.375,19.75,3.7,3.9,4181,"+","Interval_3901",0,FALSE,FALSE,FALSE,FALSE,FALSE,FALSE,FALSE,"Kidney_hypermethylated"
3758,"chr19",7397269,7397512,3903,0.431901164355903,0.653486597891189,-0.221585433535286,-0.586343591720635,0.00787248503302137,0.0197594858966206,1,0,0,31.75,34.75,4,4,2794,"+","Interval_3903",0,FALSE,TRUE,TRUE,FALSE,FALSE,FALSE,FALSE,"Liver_hypermethylated"
3759,"chr19",7400566,7400921,3904,0.77604155268269,0.391923790491975,0.384117762190716,1.06703632363554,0.00012812220646314,0.00108059006298785,8,0,0,26.0625,26.0625,4,4,1602,"+","Interval_3904",0,FALSE,TRUE,TRUE,FALSE,FALSE,FALSE,FALSE,"Kidney_hypermethylated"
3761,"chr19",7421918,7423868,3907,0.131963951533074,0.669063428124385,-0.53709947659131,-2.66467914487499,0.000689108642264351,0.00336077191009083,130,0,0,11.2634615384615,11.9596153846154,2.76153846153846,2.96153846153846,1260,"+","Interval_3907",0,FALSE,FALSE,FALSE,FALSE,FALSE,FALSE,FALSE,"Liver_hypermethylated"
3764,"chr19",7443569,7444333,3910,0.779471298193856,0.764175398850573,0.0152958993432825,0.023500372939394,0.0180191959336917,0.0369832862433319,8,0,0,35.5625,35.6875,4,4,5933,"+","Interval_3910",0,FALSE,FALSE,FALSE,FALSE,FALSE,FALSE,FALSE,"Kidney_hypermethylated"
3765,"chr19",7458888,7459411,3911,0.707289868325934,0.866720123875173,-0.159430255549239,-0.29987915608086,0.0130130238263701,0.0289623438656445,2,0,0,42.5,43.875,4,4,4074,"+","Interval_3911",0,FALSE,FALSE,FALSE,FALSE,FALSE,FALSE,FALSE,"Liver_hypermethylated"
3768,"chr19",7529014,7529477,3914,0.449306699417258,0.482963535080512,-0.0336568356632539,-0.213676181624046,0.0251429940300681,0.0479229833482533,5,0,0,34.3,37.05,4,4,4585,"+","Interval_3914",0,FALSE,FALSE,FALSE,FALSE,FALSE,FALSE,FALSE,"Liver_hypermethylated"
3769,"chr19",7551642,7552623,3915,0.664066357465734,0.231601949307424,0.43246440815831,1.60750722622766,4.18751519674672e-05,0.000575200387512194,4,0,0,35.4375,38.875,4,4,847,"+","Interval_3915",0,FALSE,FALSE,FALSE,FALSE,FALSE,TRUE,TRUE,"Kidney_hypermethylated"
3771,"chr19",7568395,7568717,3917,0.113049459609192,0.27845390493206,-0.165404445322868,-1.19071709524815,0.00338718244521212,0.0103532980501353,2,0,0,30.625,29.625,4,4,2659,"+","Interval_3917",0,FALSE,FALSE,FALSE,FALSE,FALSE,FALSE,FALSE,"Liver_hypermethylated"
3773,"chr19",7581057,7581307,3919,0.470342715065255,0.0918778850015505,0.378464830063705,2.26107981811255,6.95714351558426e-05,0.000786382080456725,2,0,0,20.875,22.25,4,4,868,"+","Interval_3919",0,FALSE,FALSE,FALSE,FALSE,FALSE,FALSE,FALSE,"Kidney_hypermethylated"
3774,"chr19",7605966,7607245,3921,0.030485607814569,0.0986028953404234,-0.0681172875258543,-1.60045213826193,0.00419772218940224,0.0121731962500598,28,0,0,21.2946428571429,22.4732142857143,4,3.92857142857143,3962,"+","Interval_3921",0,FALSE,TRUE,TRUE,FALSE,FALSE,FALSE,FALSE,"Liver_hypermethylated"
3776,"chr19",7633615,7633976,3923,0.742829849042392,0.45576352807411,0.287066320968282,0.808715130188997,2.10106185872618e-05,0.000407287858734145,2,0,0,41.375,45.875,4,4,2160,"+","Interval_3923",0,FALSE,FALSE,FALSE,FALSE,FALSE,FALSE,FALSE,"Kidney_hypermethylated"
3777,"chr19",7651160,7651503,3924,0.816793970455929,0.468763487430696,0.348030483025233,0.816184823846318,0.000749477912873346,0.00354272444200516,2,0,0,16.125,23.375,4,4,2140,"+","Interval_3924",0,FALSE,FALSE,FALSE,FALSE,FALSE,FALSE,FALSE,"Kidney_hypermethylated"
3778,"chr19",7843919,7844154,3925,0.884331911170146,0.719495594275006,0.16483631689514,0.292643771301971,0.0074797414300989,0.0189851346914324,3,0,0,26.5,28.8333333333333,4,4,4126,"+","Interval_3925",0,TRUE,TRUE,TRUE,TRUE,FALSE,FALSE,FALSE,"Kidney_hypermethylated"
3780,"chr19",8019898,8020464,3927,0.912664116854488,0.265663847575593,0.647000269278895,1.83817155952247,1.56845249756284e-05,0.000343041238954196,15,0,0,31.4666666666667,28.45,4,3.93333333333333,609,"+","Interval_3927",0,TRUE,FALSE,TRUE,FALSE,FALSE,TRUE,TRUE,"Kidney_hypermethylated"
3785,"chr19",8407094,8408274,3932,0.292429496130055,0.467692883300933,-0.175263387170877,-0.706623205053188,0.0170031962215209,0.0353227318395017,21,0,0,21.4642857142857,22.1428571428571,4,3.9047619047619,2958,"+","Interval_3932",0,FALSE,TRUE,TRUE,FALSE,FALSE,FALSE,FALSE,"Liver_hypermethylated"
3786,"chr19",8518036,8519243,3933,0.874829116726005,0.257894378126276,0.616934738599729,2.15096948054289,9.29835638516552e-05,0.000907746207983392,28,0,0,27.4107142857143,25.9910714285714,3.89285714285714,3.96428571428571,628,"+","Interval_3933",0,TRUE,FALSE,TRUE,FALSE,FALSE,TRUE,TRUE,"Kidney_hypermethylated"
3790,"chr19",8592775,8593397,3939,0.663637780896544,0.408284984400644,0.2553527964959,0.76766796762505,0.00227751603592546,0.00780554157320799,7,0,0,22.0357142857143,23.8928571428571,3.85714285714286,4,2277,"+","Interval_3939",0,FALSE,FALSE,FALSE,FALSE,FALSE,FALSE,FALSE,"Kidney_hypermethylated"
3792,"chr19",8597888,8598206,3941,0.74026482589299,0.788937507818119,-0.0486726819251291,-0.187443319506531,0.0203934347996496,0.0405952889030926,3,0,0,28.75,27.25,4,4,4744,"+","Interval_3941",0,FALSE,FALSE,FALSE,FALSE,FALSE,FALSE,FALSE,"Liver_hypermethylated"
3793,"chr19",8602773,8603428,3942,0.602365844975848,0.115780105462507,0.486585739513341,2.29235115921253,7.19801365025906e-06,0.000242933200890567,4,0,0,36.6875,35.8125,4,4,449,"+","Interval_3942",0,FALSE,FALSE,FALSE,FALSE,FALSE,TRUE,TRUE,"Kidney_hypermethylated"
3794,"chr19",8605104,8605713,3943,0.815671385671386,0.200462041301659,0.615209344369726,2.10309147205233,0.000239298277693644,0.00163933992912759,2,0,0,24.5,28.375,4,4,897,"+","Interval_3943",0,FALSE,FALSE,FALSE,FALSE,FALSE,FALSE,FALSE,"Kidney_hypermethylated"
3795,"chr19",8617847,8618404,3944,0.264250231998394,0.602198582864596,-0.337948350866202,-1.39205899341362,0.00274915658487325,0.00893839535134716,8,0,0,16.46875,18.75,3.125,3.75,1890,"+","Interval_3944",0,FALSE,FALSE,FALSE,FALSE,FALSE,FALSE,FALSE,"Liver_hypermethylated"
3797,"chr19",8672824,8674111,3947,0.787075053374723,0.193619760047023,0.5934552933277,2.431473793382,2.37454917219242e-05,0.00043043081602131,13,0,0,32.5769230769231,35.9038461538462,4,4,339,"+","Interval_3947",0,FALSE,FALSE,FALSE,FALSE,FALSE,TRUE,TRUE,"Kidney_hypermethylated"
3798,"chr19",8679198,8679837,3948,0.297792389342516,0.538886417015085,-0.241094027672568,-1.09467000022531,0.0104201951631459,0.0243468058089473,14,0,0,19.8214285714286,20.4821428571429,3.92857142857143,4,2630,"+","Interval_3948",0,FALSE,FALSE,FALSE,FALSE,FALSE,FALSE,FALSE,"Liver_hypermethylated"
3800,"chr19",8695315,8696159,3950,0.602249293991705,0.321773200642058,0.280476093349648,0.974051629175242,0.00749690008971293,0.0190129802110136,9,0,0,17.0555555555556,18.3055555555556,3.33333333333333,3.55555555555556,2423,"+","Interval_3950",0,FALSE,FALSE,FALSE,FALSE,FALSE,FALSE,FALSE,"Kidney_hypermethylated"
3801,"chr19",8706744,8707223,3951,0.863098107280056,0.738070717945808,0.125027389334248,0.382319961026716,0.00920209068527478,0.0223328780651712,5,0,0,30.9,29.1,4,4,3633,"+","Interval_3951",0,FALSE,FALSE,FALSE,FALSE,FALSE,FALSE,FALSE,"Kidney_hypermethylated"
3803,"chr19",8714821,8715704,3953,0.913568024969737,0.433621212682146,0.479946812287591,1.19876080383189,0.000184013065134412,0.00135745532443093,13,0,0,24.4230769230769,27.0576923076923,3.69230769230769,4,1374,"+","Interval_3953",0,FALSE,FALSE,FALSE,FALSE,FALSE,TRUE,TRUE,"Kidney_hypermethylated"
3809,"chr19",8772895,8773611,3959,0.703779073451127,0.219697217212191,0.484081856238936,1.81229718790175,0.000737530285764387,0.0035024139150094,10,0,0,23.75,25.825,4,4,1294,"+","Interval_3959",0,FALSE,FALSE,FALSE,FALSE,FALSE,FALSE,FALSE,"Kidney_hypermethylated"
3816,"chr19",8839126,8839456,3966,0.446083361083361,0.652817221949802,-0.206733860866441,-0.57452464341953,0.0111034434336345,0.0255371361154647,2,0,0,18,20.875,4,4,2842,"+","Interval_3966",0,FALSE,FALSE,FALSE,FALSE,FALSE,FALSE,FALSE,"Liver_hypermethylated"
3819,"chr19",8857527,8857949,3969,0.566129560782864,0.365754131745953,0.200375429036912,0.721505804410843,0.0022922993182797,0.00783871970552517,5,0,0,37.5,37.8,4,4,2400,"+","Interval_3969",0,FALSE,FALSE,FALSE,FALSE,FALSE,FALSE,FALSE,"Kidney_hypermethylated"
3827,"chr19",8928144,8928553,3977,0.874753235952448,0.170801960729069,0.703951275223379,2.31053599486971,3.84615224052671e-05,0.00055092320554864,9,0,0,24.3611111111111,26.7222222222222,4,4,429,"+","Interval_3977",0,FALSE,FALSE,FALSE,FALSE,FALSE,TRUE,TRUE,"Kidney_hypermethylated"
3830,"chr19",8944104,8944380,3980,0.461534380942646,0.0811023600081263,0.380432020934519,2.60845448931631,4.41870038275402e-05,0.000591566750588746,4,0,0,27.5625,26.9375,4,4,859,"+","Interval_3980",0,FALSE,FALSE,FALSE,FALSE,FALSE,TRUE,TRUE,"Kidney_hypermethylated"
3833,"chr19",8976356,8976855,3983,0.412359229077995,0.685755049119002,-0.273395820041007,-1.1064201467573,0.00366885780497233,0.0109708667696131,4,0,0,26.9375,27.3125,4,4,2055,"+","Interval_3983",0,FALSE,FALSE,FALSE,FALSE,FALSE,FALSE,FALSE,"Liver_hypermethylated"
3834,"chr19",8980588,8980949,3984,0.543183477150868,0.294430136045203,0.248753341105665,0.854396699265886,0.00386685961574021,0.0114294624043884,3,0,0,20.5,23.6666666666667,4,4,2079,"+","Interval_3984",0,FALSE,FALSE,FALSE,FALSE,FALSE,FALSE,FALSE,"Kidney_hypermethylated"
3835,"chr19",8982932,8983433,3986,0.312567007025855,0.118202817969516,0.194364189056339,1.48307876409128,0.0171227418869432,0.0355010656994039,5,0,0,25.75,29,4,4,2963,"+","Interval_3986",0,FALSE,FALSE,FALSE,FALSE,FALSE,FALSE,FALSE,"Kidney_hypermethylated"
3838,"chr19",8997637,8998221,3989,0.392616545606097,0.0912920895702942,0.301324456035802,2.13043846885878,0.0110532314079634,0.0254676066748912,2,0,0,22.125,20.125,4,4,2667,"+","Interval_3989",0,FALSE,FALSE,FALSE,FALSE,FALSE,FALSE,FALSE,"Kidney_hypermethylated"
3842,"chr19",9050244,9050912,3993,0.803663579687885,0.15833565872013,0.645327920967754,2.60423045335362,9.78852046151715e-06,0.000282396517540013,10,0,0,31.6,33.875,4,4,213,"+","Interval_3993",0,FALSE,FALSE,FALSE,FALSE,FALSE,TRUE,TRUE,"Kidney_hypermethylated"
3845,"chr19",9106780,9107619,3996,0.37556493862082,0.266297920134237,0.109267018486583,0.435692861223297,0.00150305548237825,0.00574395269851638,3,0,0,26.9166666666667,25.6666666666667,4,4,3400,"+","Interval_3996",0,FALSE,FALSE,FALSE,FALSE,FALSE,FALSE,FALSE,"Kidney_hypermethylated"
3846,"chr19",9110234,9110692,3997,0.496333810612748,0.384887521379457,0.111446289233291,0.58572161701242,0.0160623480055245,0.033877673931608,2,0,0,28.625,33.875,4,4,3364,"+","Interval_3997",0,FALSE,FALSE,FALSE,FALSE,FALSE,FALSE,FALSE,"Kidney_hypermethylated"
3848,"chr19",9455333,9456208,3999,0.497352874808487,0.575074282300821,-0.0777214074923338,-0.257144529595032,0.0155740933149053,0.0330886527161924,6,0,0,30.625,34.375,4,4,4319,"+","Interval_3999",0,TRUE,TRUE,TRUE,TRUE,FALSE,FALSE,FALSE,"Liver_hypermethylated"
3850,"chr19",9753966,9754203,4001,0.924156829490476,0.777837747861382,0.146319081629094,0.250572756573152,0.00345335200413174,0.010495488851502,14,0,0,11.7857142857143,13.125,3.14285714285714,3.78571428571429,4354,"+","Interval_4001",0,TRUE,TRUE,TRUE,TRUE,FALSE,FALSE,FALSE,"Kidney_hypermethylated"
3853,"chr19",9886873,9887241,4005,0.942584926153957,0.830023810375344,0.112561115778612,0.181276404580244,0.0130997711472478,0.0290711786564962,5,0,0,34.95,37.75,4,4,4787,"+","Interval_4005",0,FALSE,FALSE,FALSE,FALSE,FALSE,FALSE,FALSE,"Kidney_hypermethylated"
3857,"chr19",9924348,9924786,4009,0.363076772086073,0.56240459939965,-0.199327827313577,-1.03595701116378,0.000696822990979677,0.0033722624472486,8,0,0,25.9375,29.125,3.875,4,2252,"+","Interval_4009",0,FALSE,FALSE,FALSE,FALSE,FALSE,FALSE,FALSE,"Liver_hypermethylated"
3858,"chr19",9931200,9931600,4010,0.691591303707121,0.332744096802601,0.35884720690452,1.0476680284124,0.000270360341878963,0.0017748001767677,2,0,0,20.875,24.875,3.5,3.5,1633,"+","Interval_4010",0,FALSE,FALSE,FALSE,FALSE,FALSE,FALSE,FALSE,"Kidney_hypermethylated"
3859,"chr19",9935949,9936300,4011,0.807961521253107,0.754203162391347,0.0537583588617602,0.0842596005190363,0.0225981981766654,0.044112429414107,5,0,0,29.8,37.2,4,4,5452,"+","Interval_4011",0,FALSE,FALSE,FALSE,FALSE,FALSE,FALSE,FALSE,"Kidney_hypermethylated"
3860,"chr19",9938564,9939500,4012,0.746259145073667,0.126601264914636,0.619657880159031,2.67059788959087,2.32849062486652e-06,0.000164924918767871,18,0,0,27.2777777777778,28.6805555555556,4,4,147,"+","Interval_4012",0,FALSE,FALSE,FALSE,FALSE,FALSE,FALSE,FALSE,"Kidney_hypermethylated"
3861,"chr19",9941886,9942398,4013,0.622775643614321,0.687595306876204,-0.0648196632618826,-0.318897754581779,0.0179584010296933,0.0369325215286028,3,0,0,29.8333333333333,31.25,4,4,4026,"+","Interval_4013",0,FALSE,FALSE,FALSE,FALSE,FALSE,FALSE,FALSE,"Liver_hypermethylated"
3863,"chr19",9978395,9978924,4015,0.511375142972969,0.0574004357711254,0.453974707201844,3.13176030243583,0.000546972690563436,0.00285535408292319,5,0,0,18.3,20.2,3.8,4,1172,"+","Interval_4015",0,FALSE,FALSE,FALSE,FALSE,FALSE,TRUE,TRUE,"Kidney_hypermethylated"
3865,"chr19",9989571,9990315,4017,0.469478729162245,0.0938448562247823,0.375633872937463,2.25171389768945,0.00303243231676664,0.00954787007643857,7,0,0,20.0714285714286,23,3.57142857142857,4,1951,"+","Interval_4017",0,FALSE,FALSE,FALSE,FALSE,FALSE,TRUE,TRUE,"Kidney_hypermethylated"
3869,"chr19",10012696,10013526,4021,0.144665163779988,0.537157721695529,-0.392492557915541,-1.96066257379424,0.00174322259808404,0.00640293058292077,9,0,0,20.3888888888889,22.7777777777778,4,4,1673,"+","Interval_4021",0,FALSE,FALSE,FALSE,FALSE,FALSE,FALSE,FALSE,"Liver_hypermethylated"
3870,"chr19",10014093,10015601,4022,0.689521381451937,0.145929999819884,0.543591381632053,2.22862122369637,8.48450689866125e-05,0.000866071772561719,19,0,0,22.8947368421053,23.0657894736842,4,4,601,"+","Interval_4022",0,FALSE,FALSE,FALSE,FALSE,FALSE,TRUE,TRUE,"Kidney_hypermethylated"
3871,"chr19",10015924,10016439,4023,0.813802796469392,0.239316245724252,0.57448655074514,1.7300675992001,1.13167451494364e-05,0.000301699037480631,3,0,0,25.75,30.0833333333333,4,4,720,"+","Interval_4023",0,FALSE,FALSE,FALSE,FALSE,FALSE,TRUE,TRUE,"Kidney_hypermethylated"
3875,"chr19",10034677,10035285,4027,0.720874580342187,0.688968002625628,0.0319065777165592,0.29576010752244,0.0188864259842459,0.038302669199073,4,0,0,21.8125,22.4375,3.75,4,4630,"+","Interval_4027",0,FALSE,FALSE,FALSE,FALSE,FALSE,FALSE,FALSE,"Kidney_hypermethylated"
3879,"chr19",10059868,10061110,4031,0.521947273455261,0.0786242835911413,0.44332298986412,2.80499211757737,0.000269661276541414,0.0017748001767677,16,0,0,26.96875,28.953125,4,4,932,"+","Interval_4031",0,FALSE,FALSE,FALSE,FALSE,FALSE,FALSE,FALSE,"Kidney_hypermethylated"
3881,"chr19",10105036,10105517,4033,0.760900263868761,0.128575114851744,0.632325149017018,2.57044534870863,0.00019933568952347,0.00143432999077485,10,0,0,28.425,28.225,4,4,854,"+","Interval_4033",0,FALSE,FALSE,FALSE,FALSE,FALSE,TRUE,TRUE,"Kidney_hypermethylated"
3883,"chr19",10172741,10174064,4036,0.840609825792748,0.257183010749084,0.583426815043664,2.05090400002352,1.48192419047484e-05,0.000337716273686725,12,0,0,37.125,37.3333333333333,4,4,424,"+","Interval_4036",0,FALSE,FALSE,FALSE,FALSE,FALSE,TRUE,TRUE,"Kidney_hypermethylated"
3885,"chr19",10191225,10191528,4038,0.598198549730284,0.322425020450103,0.275773529280181,1.2021915717612,0.00122463239720129,0.00492664634826465,5,0,0,19.95,19.55,3.8,4,1527,"+","Interval_4038",0,FALSE,FALSE,FALSE,FALSE,FALSE,FALSE,FALSE,"Kidney_hypermethylated"
3887,"chr19",10211006,10211555,4040,0.666503916563985,0.382887059387667,0.283616857176318,0.728507426692465,0.00322341089953027,0.00999891972620571,2,0,0,20.25,23,4,4,2382,"+","Interval_4040",0,FALSE,FALSE,FALSE,FALSE,FALSE,FALSE,FALSE,"Kidney_hypermethylated"
3889,"chr19",10221657,10222015,4042,0.276762491894071,0.47435214639162,-0.197589654497549,-0.8996445068832,0.0123108208826893,0.0277716572408686,3,0,0,17.4166666666667,15.0833333333333,4,3.66666666666667,2724,"+","Interval_4042",0,FALSE,FALSE,FALSE,FALSE,FALSE,FALSE,FALSE,"Liver_hypermethylated"
3892,"chr19",10235600,10236483,4045,0.766559075986289,0.375192799502074,0.391366276484215,1.04181363797776,0.000113229597706641,0.00100773250649645,9,0,0,20.9166666666667,22.0555555555556,4,4,1643,"+","Interval_4045",0,FALSE,FALSE,FALSE,FALSE,FALSE,FALSE,FALSE,"Kidney_hypermethylated"
3894,"chr19",10247362,10248542,4047,0.323026879823485,0.544705334322644,-0.221678454499159,-1.16914410241771,0.0105877921230857,0.0246633747522221,36,0,0,16.9166666666667,17.4375,3.97222222222222,3.80555555555556,2638,"+","Interval_4047",0,FALSE,TRUE,TRUE,FALSE,FALSE,FALSE,FALSE,"Liver_hypermethylated"
3895,"chr19",10258223,10258930,4048,0.240899462606359,0.16060063288194,0.0802988297244196,1.52386493342229,0.00075874514666979,0.00358102068071111,5,0,0,26.95,27.45,4,4,3794,"+","Interval_4048",0,FALSE,FALSE,FALSE,FALSE,FALSE,FALSE,FALSE,"Kidney_hypermethylated"
3905,"chr19",10316914,10317883,4058,0.275916509746661,0.548730768038538,-0.272814258291877,-1.1177822750609,0.00198224713717368,0.00706959295294964,7,0,0,30.5357142857143,31.7857142857143,4,4,1723,"+","Interval_4058",0,FALSE,FALSE,FALSE,FALSE,FALSE,FALSE,FALSE,"Liver_hypermethylated"
3909,"chr19",10362625,10363160,4062,0.278383106939753,0.501338259848856,-0.222955152909103,-0.899249175716581,0.00954047550823387,0.0228816930156414,7,0,0,21.1785714285714,23.0714285714286,4,4,2562,"+","Interval_4062",0,FALSE,FALSE,FALSE,FALSE,FALSE,FALSE,FALSE,"Liver_hypermethylated"
3910,"chr19",10363600,10364402,4063,0.143218219488517,0.366444119502813,-0.223225900014296,-2.2167605609385,0.000444795791485919,0.00247803276399,10,0,0,17.35,19.05,3.6,3.4,2002,"+","Interval_4063",0,FALSE,FALSE,FALSE,FALSE,FALSE,FALSE,FALSE,"Liver_hypermethylated"
3917,"chr19",10425587,10426541,4070,0.148862109143821,0.412580382109904,-0.263718272966083,-1.76875163379056,0.00287887335894798,0.00920207997479272,28,0,0,12.3392857142857,12.2321428571429,2.5,2.82142857142857,1922,"+","Interval_4070",0,FALSE,TRUE,TRUE,FALSE,FALSE,FALSE,FALSE,"Liver_hypermethylated"
3918,"chr19",10431321,10431956,4071,0.510096403179927,0.24702774696227,0.263068656217657,1.27579281403022,0.00127466728643121,0.00507636453345419,6,0,0,23.9166666666667,23.3333333333333,4,4,1631,"+","Interval_4071",0,TRUE,FALSE,TRUE,FALSE,FALSE,FALSE,FALSE,"Kidney_hypermethylated"
3919,"chr19",10444418,10445303,4072,0.91204438094999,0.487416138485751,0.424628242464239,0.964712371876016,0.00135144786563522,0.00531981702471108,18,0,0,26.6805555555556,29.9305555555556,4,4,1791,"+","Interval_4072",0,FALSE,FALSE,FALSE,FALSE,FALSE,TRUE,TRUE,"Kidney_hypermethylated"
3928,"chr19",10539276,10539889,4081,0.927169341833244,0.395062643303339,0.532106698529904,1.30364751735332,0.000385916168320929,0.00227033063804442,7,0,0,36.8928571428571,38.5714285714286,4,4,1224,"+","Interval_4081",0,FALSE,FALSE,FALSE,FALSE,FALSE,TRUE,TRUE,"Kidney_hypermethylated"
3932,"chr19",10591762,10592321,4085,0.925315062367109,0.735689356206989,0.18962570616012,0.334367428131584,0.0206257994336837,0.0409649442533892,5,0,0,32.1,33.05,4,4,3872,"+","Interval_4085",0,FALSE,FALSE,FALSE,FALSE,FALSE,TRUE,TRUE,"Kidney_hypermethylated"
3938,"chr19",10661162,10662273,4091,0.829032352616708,0.20339985794031,0.625632494676398,2.10217859322721,3.05342944389727e-05,0.000497700900072911,10,0,0,29,29.95,4,4,377,"+","Interval_4091",0,FALSE,FALSE,FALSE,FALSE,FALSE,TRUE,TRUE,"Kidney_hypermethylated"
3939,"chr19",10665228,10665668,4092,0.494318310914934,0.365052926312223,0.129265384602711,0.903123191727299,0.00904241407229332,0.0220761360644587,4,0,0,24.9375,23.9375,4,4,3126,"+","Interval_4092",0,FALSE,FALSE,FALSE,FALSE,FALSE,FALSE,FALSE,"Kidney_hypermethylated"
3941,"chr19",10678421,10678813,4094,0.43135541550283,0.249522611549248,0.181832803953582,0.76531382086382,0.011419975416775,0.0260779446064967,2,0,0,35.625,39.375,4,4,2691,"+","Interval_4094",0,FALSE,FALSE,FALSE,FALSE,FALSE,FALSE,FALSE,"Kidney_hypermethylated"
3943,"chr19",10691805,10692104,4096,0.58271991166728,0.335215414430531,0.247504497236749,0.779853639175644,0.00284457123898599,0.00912311600395037,1,0,0,29,33,4,4,2242,"+","Interval_4096",0,FALSE,FALSE,FALSE,FALSE,FALSE,TRUE,TRUE,"Kidney_hypermethylated"
3944,"chr19",10698424,10699037,4097,0.734098986878941,0.229760623367171,0.504338363511771,1.78919460328175,2.66027908340657e-05,0.000457676312437458,6,0,0,27.25,27.125,4,4,670,"+","Interval_4097",0,FALSE,FALSE,FALSE,FALSE,FALSE,FALSE,FALSE,"Kidney_hypermethylated"
3945,"chr19",10699913,10700197,4098,0.696985913414853,0.127636118461862,0.569349794952991,2.39256157270678,1.28251726147079e-06,0.000135880492616173,6,0,0,30.4583333333333,31.5,4,4,251,"+","Interval_4098",0,FALSE,FALSE,FALSE,FALSE,FALSE,FALSE,FALSE,"Kidney_hypermethylated"
3948,"chr19",10723161,10723687,4101,0.211138945071849,0.324998128493797,-0.113859183421948,-1.5068472121498,0.0151906198258629,0.0324909010894284,14,0,0,17.5714285714286,20.4821428571429,3.71428571428571,3.78571428571429,3327,"+","Interval_4101",0,FALSE,TRUE,TRUE,FALSE,FALSE,FALSE,FALSE,"Liver_hypermethylated"
3949,"chr19",10739020,10739303,4102,0.571165230051652,0.297856112322191,0.273309117729462,1.00374567394848,0.00244258448428554,0.00818858791922241,6,0,0,24.8333333333333,23.8333333333333,4,4,1833,"+","Interval_4102",0,FALSE,FALSE,FALSE,FALSE,FALSE,FALSE,FALSE,"Kidney_hypermethylated"
3950,"chr19",10740647,10741437,4103,0.40433224593041,0.164531254484914,0.239800991445495,1.55734076983675,0.009931928090032,0.023482293883933,11,0,0,19.8636363636364,20.2954545454545,4,4,2599,"+","Interval_4103",0,FALSE,FALSE,FALSE,FALSE,FALSE,FALSE,FALSE,"Kidney_hypermethylated"
3951,"chr19",10768924,10770153,4104,0.31980900066238,0.500758788312017,-0.180949787649637,-0.996770611400404,0.00469636634769482,0.0132624867677319,17,0,0,28.8970588235294,30.4117647058824,4,4,2453,"+","Interval_4104",0,FALSE,FALSE,FALSE,FALSE,FALSE,FALSE,FALSE,"Liver_hypermethylated"
3952,"chr19",10818432,10819051,4105,0.220796876733857,0.347461459494423,-0.126664582760566,-0.987715936391461,0.0232145796163368,0.0450011330417633,16,0,0,24.859375,26.265625,4,4,3170,"+","Interval_4105",0,FALSE,FALSE,FALSE,FALSE,FALSE,FALSE,FALSE,"Liver_hypermethylated"
3954,"chr19",10841722,10842507,4107,0.430792990926294,0.162194793708109,0.268598197218186,1.46477363074533,0.00441610121913263,0.012674891168412,15,0,0,21.85,24.15,4,4,2141,"+","Interval_4107",0,FALSE,FALSE,FALSE,FALSE,FALSE,FALSE,FALSE,"Kidney_hypermethylated"
3956,"chr19",10856429,10856668,4109,0.786685455789412,0.495286317888689,0.291399137900723,0.656155887938083,0.00295960777480902,0.00936497928743637,2,0,0,28.25,28.875,4,4,2558,"+","Interval_4109",0,FALSE,FALSE,FALSE,FALSE,FALSE,FALSE,FALSE,"Kidney_hypermethylated"
3960,"chr19",10905030,10905925,4113,0.404173408361088,0.728220732313774,-0.324047323952687,-1.0523203333557,0.000447118361147945,0.00248871587794757,9,0,0,20.5,23.4444444444444,3.88888888888889,4,1626,"+","Interval_4113",0,FALSE,FALSE,FALSE,FALSE,FALSE,FALSE,FALSE,"Liver_hypermethylated"
3961,"chr19",10907675,10908074,4114,0.7865841263667,0.630488356958945,0.156095769407755,0.315808564990916,0.0224653139774711,0.0439131021767411,2,0,0,34.25,33.875,4,4,3986,"+","Interval_4114",0,FALSE,FALSE,FALSE,FALSE,FALSE,FALSE,FALSE,"Kidney_hypermethylated"
3962,"chr19",10909212,10909775,4115,0.668099267727755,0.773758225789609,-0.105658958061853,-0.210165154829894,0.023095772679293,0.0448557279122173,4,0,0,34.625,36.5,4,4,4596,"+","Interval_4115",0,FALSE,FALSE,FALSE,FALSE,FALSE,FALSE,FALSE,"Liver_hypermethylated"
3963,"chr19",10926013,10926837,4116,0.190946530508714,0.546745017896334,-0.35579848738762,-2.07567457810056,0.000283377080032873,0.00182531672620755,6,0,0,29.2916666666667,25.7916666666667,4,4,984,"+","Interval_4116",0,FALSE,FALSE,FALSE,FALSE,FALSE,FALSE,FALSE,"Liver_hypermethylated"
3965,"chr19",10940133,10941403,4118,0.0900334954571459,0.146423868387587,-0.0563903729304412,-1.29519122046625,0.004479489582921,0.0127911075683316,68,0,0,16.9632352941176,18.7977941176471,3.73529411764706,3.97058823529412,4171,"+","Interval_4118",0,FALSE,FALSE,FALSE,FALSE,FALSE,FALSE,FALSE,"Liver_hypermethylated"
3970,"chr19",10973200,10973758,4123,0.0891875367236951,0.39397373380132,-0.304786197077625,-1.89309842831503,0.001069858819781,0.00451840718044964,3,0,0,25.5833333333333,28.3333333333333,4,4,1455,"+","Interval_4123",0,FALSE,FALSE,FALSE,FALSE,FALSE,FALSE,FALSE,"Liver_hypermethylated"
3972,"chr19",10979366,10980234,4125,0.17925375762913,0.0666499618174136,0.112603795811716,1.18898645549983,0.00198633506106095,0.00707595881172148,17,0,0,23.9558823529412,24.75,4,4,3347,"+","Interval_4125",0,FALSE,FALSE,FALSE,FALSE,FALSE,FALSE,FALSE,"Kidney_hypermethylated"
3973,"chr19",11018295,11018768,4126,0.714027898562613,0.335277898202034,0.378750000360578,1.14608972552511,0.000439057122161087,0.00245496452746122,2,0,0,33.125,32.375,4,4,1453,"+","Interval_4126",0,FALSE,FALSE,FALSE,FALSE,FALSE,FALSE,FALSE,"Kidney_hypermethylated"
3975,"chr19",11052924,11053272,4128,0.630140172677995,0.303779283019746,0.326360889658249,1.18796224867785,0.000252492912285936,0.00169755902187864,5,0,0,43.8,39.75,4,4,1393,"+","Interval_4128",0,FALSE,FALSE,FALSE,FALSE,FALSE,FALSE,FALSE,"Kidney_hypermethylated"
3979,"chr19",11611520,11612455,4132,0.217117422809965,0.0553689687186207,0.161748454091344,1.70128554431542,0.0105483239377735,0.024599411991506,6,0,0,26.875,29.75,4,4,2707,"+","Interval_4132",0,FALSE,FALSE,FALSE,FALSE,FALSE,FALSE,FALSE,"Kidney_hypermethylated"
3981,"chr19",11624870,11625971,4134,0.520591492247943,0.282022789918858,0.238568702329086,0.767963675056811,0.000364085180702212,0.00219128642058285,6,0.5,0.333333333333333,28.375,27.25,3.33333333333333,3.33333333333333,2275,"+","Interval_4134",0,FALSE,FALSE,FALSE,FALSE,FALSE,FALSE,FALSE,"Kidney_hypermethylated"
3982,"chr19",11661299,11662051,4135,0.937386607622115,0.758523455180156,0.178863152441959,0.303918067358486,0.00284902185975429,0.00913262354104857,3,0,0,21.5833333333333,21.5833333333333,4,4,4053,"+","Interval_4135",0,FALSE,FALSE,FALSE,FALSE,FALSE,FALSE,FALSE,"Kidney_hypermethylated"
3983,"chr19",11725601,11726482,4136,0.838507708883936,0.379060892086819,0.459446816797117,1.55838365912155,3.22178618817507e-05,0.000516915825752894,4,0,0,34.3125,34.8125,4,4,905,"+","Interval_4136",0,FALSE,FALSE,FALSE,FALSE,FALSE,TRUE,TRUE,"Kidney_hypermethylated"
3984,"chr19",11727358,11727736,4137,0.917618933088887,0.261828213422888,0.655790719665999,1.794170990558,6.32038114793264e-07,0.000124617339437297,5,0,0,43.35,42.35,4,4,661,"+","Interval_4137",0,FALSE,FALSE,FALSE,FALSE,FALSE,TRUE,TRUE,"Kidney_hypermethylated"
3985,"chr19",11736081,11736752,4138,0.671195237431651,0.382925325992884,0.288269911438766,1.0815574607642,0.000606283865480639,0.00306382759323892,2,0,0,33,34.375,4,4,1580,"+","Interval_4138",0,FALSE,FALSE,FALSE,FALSE,FALSE,TRUE,TRUE,"Kidney_hypermethylated"
3987,"chr19",11745482,11746161,4140,0.900279298387245,0.772442919691342,0.127836378695903,0.218327774080125,0.0169168115771524,0.0352147043162607,2,0,0,34.25,29.5,4,4,4553,"+","Interval_4140",0,FALSE,FALSE,FALSE,FALSE,FALSE,TRUE,TRUE,"Kidney_hypermethylated"
3988,"chr19",11769485,11769837,4141,0.906380107608355,0.694591897448357,0.211788210159998,0.413175196385645,0.000459130592100733,0.00253263688371544,3,0,0,36.5833333333333,40.75,4,4,3497,"+","Interval_4141",0,FALSE,FALSE,FALSE,FALSE,FALSE,FALSE,FALSE,"Kidney_hypermethylated"
3990,"chr19",11776643,11777001,4143,0.761759684659794,0.816804894637208,-0.0550452099774144,-0.114558320140787,0.0185305016223111,0.0377678051307137,5,0,0,26.75,28.85,4,4,5242,"+","Interval_4143",0,FALSE,FALSE,FALSE,FALSE,FALSE,FALSE,FALSE,"Liver_hypermethylated"
3991,"chr19",11777255,11777651,4144,0.393900489844185,0.227873836416423,0.166026653427761,0.80698180677968,0.0155102277875061,0.0330365163792807,4,0,0,28.125,27.375,4,4,2885,"+","Interval_4144",0,FALSE,FALSE,FALSE,FALSE,FALSE,FALSE,FALSE,"Kidney_hypermethylated"
3993,"chr19",11788999,11789540,4146,0.394233951021357,0.756363296900624,-0.362129345879267,-0.911233255861654,0.000131596087306927,0.00110021490680417,9,0,0,25.5277777777778,29.4722222222222,4,4,1910,"+","Interval_4146",0,FALSE,FALSE,FALSE,FALSE,FALSE,FALSE,FALSE,"Liver_hypermethylated"
3995,"chr19",11800617,11801005,4148,0.866855194556807,0.6794515533886,0.187403641168207,0.354413148844907,0.0209427992704341,0.0414035909257811,4,0,0,25.6875,28,4,4,3772,"+","Interval_4148",0,FALSE,FALSE,FALSE,FALSE,FALSE,FALSE,FALSE,"Kidney_hypermethylated"
3999,"chr19",11837042,11837425,4152,0.549839744622492,0.593960910605469,-0.044121165982977,-0.293266110921086,0.0145637845973956,0.0315677094712508,4,0,0,26.8125,30.5625,4,4,4401,"+","Interval_4152",0,FALSE,FALSE,FALSE,FALSE,FALSE,FALSE,FALSE,"Liver_hypermethylated"
4001,"chr19",11927855,11928706,4154,0.907745094602454,0.462581755483542,0.445163339118912,1.33274202575939,0.000160961141290113,0.00124887148134816,6,0,0,27.6666666666667,28.5,4,4,1182,"+","Interval_4154",0,FALSE,FALSE,FALSE,FALSE,FALSE,TRUE,TRUE,"Kidney_hypermethylated"
4002,"chr19",11946342,11946611,4155,0.932771300050712,0.851954639081125,0.0808166609695869,0.131730695334534,0.0076170203504919,0.0192778377486708,9,0,0,19.1944444444444,20.3888888888889,4,4,5097,"+","Interval_4155",0,FALSE,FALSE,FALSE,FALSE,FALSE,FALSE,FALSE,"Kidney_hypermethylated"
4004,"chr19",11973543,11974113,4157,0.880298745035632,0.564146095991626,0.316152649044006,0.673084006723948,0.00104492150949183,0.00444447565853204,11,0,0,26.5909090909091,28.3181818181818,4,4,2511,"+","Interval_4157",0,FALSE,FALSE,FALSE,FALSE,FALSE,TRUE,TRUE,"Kidney_hypermethylated"
4005,"chr19",11975618,11975944,4158,0.771015662715079,0.368464837133728,0.402550825581351,1.17366679752804,4.21281854223471e-05,0.000576565032116532,3,0,0,35.75,31.5,4,4,1412,"+","Interval_4158",0,FALSE,FALSE,FALSE,FALSE,FALSE,TRUE,TRUE,"Kidney_hypermethylated"
4013,"chr19",12435029,12435551,4167,0.77158586956071,0.469862160087801,0.301723709472909,0.724994350869555,0.00178683196512566,0.00653965600101083,2,0,0,26.75,28.25,4,4,2390,"+","Interval_4167",0,FALSE,FALSE,FALSE,FALSE,FALSE,FALSE,FALSE,"Kidney_hypermethylated"
4015,"chr19",12463877,12464310,4169,0.421687796128544,0.259699527871297,0.161988268257247,0.828499456762435,0.0141002545928027,0.0308129674511994,4,0,0,25.25,26.875,4,4,2812,"+","Interval_4169",0,FALSE,FALSE,FALSE,FALSE,FALSE,FALSE,FALSE,"Kidney_hypermethylated"
4018,"chr19",12476746,12476993,4172,0.125,0.333867521367521,-0.208867521367521,-1.34889345102891,0.0131937993637221,0.029216539491918,1,0,0,6.25,10.75,0,2,2775,"+","Interval_4172",0,FALSE,FALSE,FALSE,FALSE,FALSE,FALSE,FALSE,"Liver_hypermethylated"
4026,"chr19",12600874,12601416,4180,0.380889086403792,0.157283229481238,0.223605856922555,1.22822854647506,0.000697501313336529,0.0033722624472486,2,0,0,29.625,31.5,4,4,1997,"+","Interval_4180",0,TRUE,FALSE,TRUE,FALSE,FALSE,FALSE,FALSE,"Kidney_hypermethylated"
4027,"chr19",12684654,12685258,4183,0.886576320255566,0.600972222222222,0.285604098033343,0.553319606862579,0.00171165591894572,0.00632478991095696,1,0,0,48,47,4,4,2921,"+","Interval_4183",0,FALSE,FALSE,FALSE,FALSE,FALSE,FALSE,FALSE,"Kidney_hypermethylated"
4031,"chr19",12758985,12759169,4187,0.911447951273533,0.672895166838665,0.238552784434867,0.432238553039078,0.00390046711118458,0.0115011374271733,1,0,0,40,41.25,4,4,3404,"+","Interval_4187",0,FALSE,FALSE,FALSE,FALSE,FALSE,FALSE,FALSE,"Kidney_hypermethylated"
4032,"chr19",12762352,12762778,4188,0.637253818503818,0.391232500123312,0.246021318380506,0.902648651003466,0.0147468354324691,0.0318155892416706,2,0,0,32.5,38.875,4,4,2848,"+","Interval_4188",0,FALSE,FALSE,FALSE,FALSE,FALSE,FALSE,FALSE,"Kidney_hypermethylated"
4033,"chr19",12765284,12765524,4189,0.29355540899104,0.884703683997162,-0.591148275006122,-1.61394389613162,0.00485594603441633,0.013594436620268,5,0,0,22.7,23.3,4,4,2195,"+","Interval_4189",0,FALSE,FALSE,FALSE,FALSE,FALSE,FALSE,FALSE,"Liver_hypermethylated"
4036,"chr19",12812692,12813206,4192,0.728062378797673,0.352232142857143,0.37583023594053,1.02682818339423,4.44512936779979e-05,0.000593811303589776,1,0,0,27.25,29.75,4,4,1676,"+","Interval_4192",0,FALSE,FALSE,FALSE,FALSE,FALSE,FALSE,FALSE,"Kidney_hypermethylated"
4038,"chr19",12833386,12833994,4195,0.73406969931329,0.195464230603479,0.538605468709811,2.21014156805991,6.26247589565017e-05,0.000742913404995566,4,0,0,38.375,40.5625,4,4,518,"+","Interval_4195",0,FALSE,FALSE,FALSE,FALSE,FALSE,FALSE,FALSE,"Kidney_hypermethylated"
4039,"chr19",13878526,13879258,4196,0.720821959023649,0.520249740886335,0.200572218137314,0.505611005510047,0.0195892741037629,0.0393643196100795,7,0,0,31.3214285714286,30.1428571428571,4,3.71428571428571,3093,"+","Interval_4196",0,FALSE,FALSE,FALSE,FALSE,FALSE,FALSE,FALSE,"Kidney_hypermethylated"
4040,"chr19",14128264,14129244,4197,0.338444434022125,0.553205183922015,-0.21476074989989,-0.80622569055032,0.00487142963891418,0.0136253687442547,7,0,0,36.8214285714286,34.1428571428571,4,4,2197,"+","Interval_4197",0,FALSE,FALSE,FALSE,FALSE,FALSE,FALSE,FALSE,"Liver_hypermethylated"
4043,"chr19",14240263,14241513,4200,0.14408024683247,0.613007380546919,-0.468927133714449,-2.26673389162255,5.03871991720476e-06,0.000207804925444451,14,0,0,32.5,31.0357142857143,4,4,506,"+","Interval_4200",0,FALSE,FALSE,FALSE,FALSE,TRUE,FALSE,TRUE,"Liver_hypermethylated"
4047,"chr19",14333189,14333933,4205,0.186640248569313,0.307204117727313,-0.120563869158,-0.945434999232472,0.00434782507091972,0.0125198617904413,5,0,0,35.1,29.75,4,4,3248,"+","Interval_4205",0,FALSE,FALSE,FALSE,FALSE,FALSE,FALSE,FALSE,"Liver_hypermethylated"
4049,"chr19",14368855,14369893,4207,0.477699619951334,0.72293729931883,-0.245237679367496,-0.731649764759781,0.000776210318138561,0.00363552774768404,16,0,0,32.46875,30.71875,4,4,2375,"+","Interval_4207",0,FALSE,FALSE,FALSE,FALSE,FALSE,FALSE,FALSE,"Liver_hypermethylated"
4050,"chr19",14390098,14390518,4208,0.516066754691557,0.684010494775938,-0.167943740084381,-0.453506909677459,0.0171140141154673,0.0355010656994039,4,0,0,37.375,34.5625,4,4,3301,"+","Interval_4208",0,FALSE,FALSE,FALSE,FALSE,FALSE,FALSE,FALSE,"Liver_hypermethylated"
4051,"chr19",14420032,14420536,4209,0.894879672373278,0.161060860989844,0.733818811383435,2.49608627249169,3.76772690998378e-05,0.000547344724866437,3,0,0,28.75,31.3333333333333,4,4,423,"+","Interval_4209",0,FALSE,FALSE,FALSE,FALSE,FALSE,FALSE,FALSE,"Kidney_hypermethylated"
4052,"chr19",14424325,14425039,4210,0.17453972306397,0.349075524226643,-0.174535801162673,-1.02629806576422,0.00940729962055441,0.0226519812571735,12,0,0,29.4583333333333,31.6041666666667,4,4,2552,"+","Interval_4210",0,FALSE,FALSE,FALSE,FALSE,FALSE,FALSE,FALSE,"Liver_hypermethylated"
4054,"chr19",14502141,14502940,4212,0.260611584057458,0.718322301700788,-0.45771071764333,-1.60481148640419,4.75821835200602e-05,0.00062343820411678,8,0,0,31.59375,29.15625,4,4,848,"+","Interval_4212",0,FALSE,FALSE,FALSE,FALSE,FALSE,FALSE,FALSE,"Liver_hypermethylated"
4055,"chr19",14518582,14518879,4213,0.363532301601339,0.801747231505195,-0.438214929903855,-1.13207886771832,5.93721766396944e-06,0.000219784352681278,5,0,0,32.45,35.75,4,4,1479,"+","Interval_4213",0,FALSE,FALSE,FALSE,FALSE,FALSE,FALSE,FALSE,"Liver_hypermethylated"
4056,"chr19",14520236,14520532,4214,0.405363228096808,0.126225490196078,0.27913773790073,1.60837681840854,0.000185632257397971,0.00135918775062322,1,0,0,38.75,41.25,4,4,1492,"+","Interval_4214",0,FALSE,FALSE,FALSE,FALSE,FALSE,FALSE,FALSE,"Kidney_hypermethylated"
4057,"chr19",14566712,14566994,4215,0.232424564057128,0.798349069080776,-0.565924505023649,-1.74010608733546,3.52623505994268e-05,0.000531664074136972,2,0,0,40.75,37.875,4,4,711,"+","Interval_4215",0,FALSE,FALSE,FALSE,FALSE,FALSE,FALSE,FALSE,"Liver_hypermethylated"
4058,"chr19",14577611,14578281,4216,0.433529465163975,0.324675790793217,0.108853674370758,0.44156025773053,0.0200239651985961,0.0400805427183626,4,0,0,37.875,38.4375,4,4,3403,"+","Interval_4216",0,FALSE,FALSE,FALSE,FALSE,FALSE,FALSE,FALSE,"Kidney_hypermethylated"
4059,"chr19",14586103,14586415,4217,0.689343944099379,0.262901337792642,0.426442606306737,1.3576226945956,2.98319528473896e-05,0.000494116847027518,1,0,0,26.5,25.5,4,4,1149,"+","Interval_4217",0,FALSE,FALSE,FALSE,FALSE,FALSE,FALSE,FALSE,"Kidney_hypermethylated"
4062,"chr19",14616923,14617256,4220,0.609803634941503,0.168870730771167,0.440932904170336,1.82228207550898,4.44816294369867e-06,0.000205871252523945,2,0,0,35.875,38.375,4,4,631,"+","Interval_4220",0,FALSE,FALSE,FALSE,FALSE,FALSE,FALSE,FALSE,"Kidney_hypermethylated"
4067,"chr19",14871360,14871826,4225,0.0754497608890766,0.214512742659294,-0.139062981770218,-1.57156374810568,0.00333197166393287,0.0102492459813399,5,0,0,29.75,30.9,4,4,2990,"+","Interval_4225",0,FALSE,FALSE,FALSE,FALSE,FALSE,FALSE,FALSE,"Liver_hypermethylated"
4069,"chr19",15201184,15201749,4227,0.298466406781624,0.265403029941073,0.0330633768405508,1.49986004567944,0.00347817598324302,0.0105443470236943,2,0,0,35.875,31,4,4,4598,"+","Interval_4227",0,FALSE,FALSE,FALSE,FALSE,FALSE,FALSE,FALSE,"Kidney_hypermethylated"
4070,"chr19",15339926,15340972,4228,0.132607510731725,0.584026585526425,-0.4514190747947,-2.25774715415345,9.28658531091386e-05,0.000907746207983392,26,0,0,23.8942307692308,21.8557692307692,4,4,627,"+","Interval_4228",0,FALSE,FALSE,FALSE,FALSE,TRUE,FALSE,TRUE,"Liver_hypermethylated"
4071,"chr19",15516615,15517049,4229,0.0807964435790147,0.296766205696655,-0.21596976211764,-1.79715256611195,0.00350873756007945,0.0106056036924192,13,0,0,26.8461538461538,25.7115384615385,4,4,2065,"+","Interval_4229",0,FALSE,FALSE,FALSE,FALSE,FALSE,FALSE,FALSE,"Liver_hypermethylated"
4072,"chr19",15614738,15615598,4230,0.244480349243932,0.583797939974831,-0.339317590730899,-1.54978655345728,0.000900958443413856,0.00401187654694068,17,0,0,23.7352941176471,23.4558823529412,4,4,1380,"+","Interval_4230",0,FALSE,FALSE,FALSE,FALSE,FALSE,FALSE,FALSE,"Liver_hypermethylated"
4074,"chr19",15644882,15645246,4232,0.324899687678895,0.579384244076245,-0.25448455639735,-0.848074401632023,0.00229055113449118,0.00783784585218255,4,0,0,26.375,24.9375,4,4,2062,"+","Interval_4232",0,FALSE,FALSE,FALSE,FALSE,FALSE,FALSE,FALSE,"Liver_hypermethylated"
4075,"chr19",15647132,15647581,4233,0.376552030243398,0.735768664031886,-0.359216633788488,-1.09634798493125,0.000420173813735643,0.00237969408793136,4,0,0,28.8125,30.1875,4,4,1547,"+","Interval_4233",0,FALSE,FALSE,FALSE,FALSE,FALSE,FALSE,FALSE,"Liver_hypermethylated"
4076,"chr19",15667973,15668880,4234,0.0775562403572864,0.52692208223629,-0.449365841879003,-2.83762949090594,0.000566254297871279,0.00290939185653764,9,0,0,30.75,28.8055555555556,4,4,1196,"+","Interval_4234",0,FALSE,FALSE,FALSE,FALSE,FALSE,FALSE,FALSE,"Liver_hypermethylated"
4077,"chr19",15790949,15791277,4235,0.119493355221731,0.530819351172376,-0.411325995950645,-2.62562799183771,0.00468418615428598,0.0132402593919445,10,0,0,18.1,16.1,3.6,3.6,2174,"+","Interval_4235",0,FALSE,FALSE,FALSE,FALSE,FALSE,FALSE,FALSE,"Liver_hypermethylated"
4079,"chr19",15820041,15820375,4237,0.0994713458794441,0.508589081169606,-0.409117735290161,-2.48848560165544,9.15617295572847e-05,0.000903504909492059,6,0,0,35.7916666666667,34.4583333333333,4,4,732,"+","Interval_4237",0,FALSE,FALSE,FALSE,FALSE,FALSE,FALSE,FALSE,"Liver_hypermethylated"
4080,"chr19",15827626,15828215,4238,0.165811021872854,0.689873904304772,-0.524062882431918,-2.02040679696608,6.17078603486823e-06,0.000223460414616205,5,0,0,37.95,35.2,4,4,448,"+","Interval_4238",0,FALSE,FALSE,FALSE,FALSE,FALSE,FALSE,FALSE,"Liver_hypermethylated"
4081,"chr19",15828848,15829788,4239,0.316501471705569,0.510176424410372,-0.193674952704803,-1.08566567238001,0.00121387261625839,0.00490095087181855,10,0,0,32.775,34,4,4,2307,"+","Interval_4239",0,FALSE,FALSE,FALSE,FALSE,FALSE,FALSE,FALSE,"Liver_hypermethylated"
4082,"chr19",15835952,15837412,4240,0.0428294495596721,0.203496613829249,-0.160667164269577,-1.93468362810223,0.00110582373879992,0.0045976230547534,12,0,0,27.8958333333333,27.4375,4,4,2719,"+","Interval_4240",0,FALSE,FALSE,FALSE,FALSE,FALSE,FALSE,FALSE,"Liver_hypermethylated"
4084,"chr19",15882916,15883476,4242,0.729039340674462,0.465818506445769,0.263220834228693,0.666038667992472,0.00107398368991683,0.00452240072478466,4,0,0,22.125,20.125,4,3.75,2530,"+","Interval_4242",0,FALSE,FALSE,FALSE,FALSE,FALSE,FALSE,FALSE,"Kidney_hypermethylated"
4085,"chr19",15903183,15903479,4243,0.827056102259131,0.666774332862695,0.160281769396436,0.321138673261085,0.0235820170070716,0.0456126831943516,5,0,0,31.45,30.8,4,4,3958,"+","Interval_4243",0,FALSE,FALSE,FALSE,FALSE,FALSE,FALSE,FALSE,"Kidney_hypermethylated"
4086,"chr19",15903780,15904196,4244,0.381063866209815,0.67797189693503,-0.296908030725215,-0.837080836238209,0.000255475199751746,0.00170826452935199,6,0,0,35.25,34.9166666666667,4,4,2084,"+","Interval_4244",0,FALSE,FALSE,FALSE,FALSE,FALSE,FALSE,FALSE,"Liver_hypermethylated"
4087,"chr19",15904686,15905235,4245,0.814179887198973,0.701275262356161,0.112904624842812,0.208278277890151,0.0124350341112997,0.028000470726983,5,0,0,31.65,31.2,4,4,4613,"+","Interval_4245",0,FALSE,FALSE,FALSE,FALSE,FALSE,TRUE,TRUE,"Kidney_hypermethylated"
4092,"chr19",15964938,15965470,4250,0.678985385507563,0.523743193692491,0.155242191815072,0.388485906399376,0.0201953319909251,0.0403447058141206,4,0,0,26.4375,27.75,4,4,3606,"+","Interval_4250",0,FALSE,FALSE,FALSE,FALSE,FALSE,FALSE,FALSE,"Kidney_hypermethylated"
4093,"chr19",15973283,15973825,4251,0.34076172755226,0.681593665456149,-0.340831937903889,-1.01122041976925,0.00171548599787683,0.00633132820237425,4,0,0,24.3125,27.5625,4,4,1705,"+","Interval_4251",0,FALSE,FALSE,FALSE,FALSE,FALSE,FALSE,FALSE,"Liver_hypermethylated"
4096,"chr19",16021860,16022761,4254,0.403325754879587,0.560275307040944,-0.156949552161357,-0.659060065569977,0.00470426819262703,0.0132726024075726,18,0,0,25.4861111111111,27.7222222222222,3.88888888888889,4,2765,"+","Interval_4254",0,FALSE,FALSE,FALSE,FALSE,FALSE,FALSE,FALSE,"Liver_hypermethylated"
4098,"chr19",16040879,16041268,4256,0.30714829661599,0.629151784532733,-0.322003487916743,-1.0938256648461,3.24532045412945e-05,0.000519335786214205,5,0,0,44.55,39.95,4,4,1552,"+","Interval_4256",0,FALSE,FALSE,FALSE,FALSE,FALSE,FALSE,FALSE,"Liver_hypermethylated"
4100,"chr19",16084172,16084484,4258,0.958772274699932,0.803592873090517,0.155179401609415,0.253444092343293,0.000609555529700859,0.00307437738122107,10,0,0,24.725,23.175,4,4,4340,"+","Interval_4258",0,TRUE,FALSE,TRUE,FALSE,FALSE,FALSE,FALSE,"Kidney_hypermethylated"
4103,"chr19",16160926,16161709,4261,0.280687789311559,0.587274761090177,-0.306586971778618,-1.0299093416643,0.000567072253228839,0.00290959699423001,5,0,0,28.55,28.8,4,4,1667,"+","Interval_4261",0,FALSE,FALSE,FALSE,FALSE,FALSE,FALSE,FALSE,"Liver_hypermethylated"
4104,"chr19",16168305,16169102,4262,0.206424172139374,0.365241765502108,-0.158817593362734,-1.34323598442826,0.000166887097652106,0.00127711234753698,8,0,0,27.75,27.5,4,4,2739,"+","Interval_4262",0,FALSE,FALSE,FALSE,FALSE,FALSE,FALSE,FALSE,"Liver_hypermethylated"
4105,"chr19",16183581,16184163,4263,0.868129657938464,0.637813055372665,0.230316602565799,0.443346872664017,0.00180180185714831,0.00657893305120631,8,0,0,34.65625,33.96875,4,4,3342,"+","Interval_4263",0,FALSE,FALSE,FALSE,FALSE,FALSE,FALSE,FALSE,"Kidney_hypermethylated"
4106,"chr19",16235631,16235882,4264,0.382001311892616,0.653955133971789,-0.271953822079173,-0.738446293630211,0.00446188571506131,0.0127645659772122,3,0,0,26.1666666666667,24.6666666666667,4,4,2356,"+","Interval_4264",0,FALSE,FALSE,FALSE,FALSE,FALSE,FALSE,FALSE,"Liver_hypermethylated"
4108,"chr19",16286038,16286312,4267,0.847883815441381,0.666212215737227,0.181671599704154,0.351311463421218,0.0107380172097279,0.0249525361907469,2,0,0,29.625,30.375,4,4,3790,"+","Interval_4267",0,FALSE,FALSE,FALSE,FALSE,FALSE,FALSE,FALSE,"Kidney_hypermethylated"
4109,"chr19",16286534,16287060,4268,0.258424252210461,0.132775861755311,0.12564839045515,0.751672525434901,0.013602348917923,0.0299271156822904,9,0,0,39.1111111111111,38.3055555555556,4,4,3182,"+","Interval_4268",0,FALSE,FALSE,FALSE,FALSE,FALSE,FALSE,FALSE,"Kidney_hypermethylated"
4110,"chr19",16292061,16292435,4269,0.498774509803922,0.664935064935065,-0.166160555131143,-0.407722316356222,0.0177097036113866,0.0364821081769933,1,0,0,21.75,23.25,4,4,3517,"+","Interval_4269",0,FALSE,FALSE,FALSE,FALSE,FALSE,FALSE,FALSE,"Liver_hypermethylated"
4115,"chr19",16400401,16400763,4275,0.510864806640157,0.587328016129206,-0.0764632094890492,-0.2282818350142,0.0172463757550511,0.0357312808546153,6,0,0,29.5416666666667,30.25,4,4,4486,"+","Interval_4275",0,FALSE,FALSE,FALSE,FALSE,FALSE,FALSE,FALSE,"Liver_hypermethylated"
4116,"chr19",16403281,16403641,4276,0.902382478351942,0.709897727777669,0.192484750574273,0.345460576650925,0.0082993370065185,0.0205629094578127,4,0,0,36.5,34.1875,4,4,3814,"+","Interval_4276",0,TRUE,FALSE,TRUE,FALSE,FALSE,FALSE,FALSE,"Kidney_hypermethylated"
4119,"chr19",16447706,16448139,4279,0.538449003014682,0.674258591014106,-0.135809587999423,-0.381540531993359,0.0199267684342043,0.0399313726596636,4,0,0,23.75,29.625,4,4,3636,"+","Interval_4279",0,FALSE,FALSE,FALSE,FALSE,FALSE,FALSE,FALSE,"Liver_hypermethylated"
4121,"chr19",16449663,16450117,4281,0.865773857152814,0.668426001437367,0.197347855715447,0.397290768353754,0.000722472568787492,0.00346302179032694,5,0,0,40.85,39.15,4,4,3563,"+","Interval_4281",0,FALSE,FALSE,FALSE,FALSE,FALSE,FALSE,FALSE,"Kidney_hypermethylated"
4122,"chr19",16478050,16478508,4282,0.696016799514635,0.133278510337209,0.562738289177426,2.24651305039898,1.03527815240009e-05,0.00028917201120448,6,0,0,36.2083333333333,37.7916666666667,4,4,276,"+","Interval_4282",0,FALSE,FALSE,FALSE,FALSE,FALSE,TRUE,TRUE,"Kidney_hypermethylated"
4123,"chr19",16481983,16482592,4283,0.924754030661905,0.312594699774179,0.612159330887726,1.84400901432345,2.40356430031521e-05,0.000431868497819794,4,0,0,34.3125,35.8125,4,4,605,"+","Interval_4283",0,FALSE,FALSE,FALSE,FALSE,FALSE,TRUE,TRUE,"Kidney_hypermethylated"
4124,"chr19",16494787,16495487,4284,0.887412682294332,0.26182981968385,0.625582862610483,1.89345256302949,0.000212305729307474,0.00149956173171773,10,0,0,24.55,25.425,3.9,3.7,870,"+","Interval_4284",0,FALSE,FALSE,FALSE,FALSE,FALSE,FALSE,FALSE,"Kidney_hypermethylated"
4125,"chr19",16510566,16511569,4285,0.843979988241896,0.467984541579576,0.37599544666232,1.07858934252772,0.000244826706892241,0.00166403689233433,9,0,0,34.0555555555556,33.3888888888889,4,4,1586,"+","Interval_4285",0,FALSE,FALSE,FALSE,FALSE,FALSE,TRUE,TRUE,"Kidney_hypermethylated"
4126,"chr19",16520729,16521180,4286,0.908419924453239,0.510166441458413,0.398253482994826,0.986439501787569,1.68755322139173e-05,0.000359987414679504,5,0,0,34.65,37.75,4,4,1753,"+","Interval_4286",0,FALSE,FALSE,FALSE,FALSE,FALSE,FALSE,FALSE,"Kidney_hypermethylated"
4127,"chr19",16526404,16526824,4287,0.608291716860057,0.761897769323028,-0.153606052462971,-0.36725549727898,0.0134846334247914,0.0297533473591897,5,0,0,27.45,28.15,4,4,3696,"+","Interval_4287",0,FALSE,FALSE,FALSE,FALSE,FALSE,FALSE,FALSE,"Liver_hypermethylated"
4129,"chr19",16557058,16557409,4290,0.469378635630597,0.653913785105447,-0.184535149474849,-0.435057579798078,0.00470948348767581,0.013275126620077,8,0,0,29.21875,30,4,4,3388,"+","Interval_4290",0,FALSE,FALSE,FALSE,FALSE,FALSE,FALSE,FALSE,"Liver_hypermethylated"
4135,"chr19",16737625,16737931,4296,0.95621476081621,0.809870615243933,0.146344145572277,0.238526708785087,0.0111185180636523,0.0255509698957155,3,0,0,23.3333333333333,27.0833333333333,4,4,4430,"+","Interval_4296",0,FALSE,FALSE,FALSE,FALSE,FALSE,FALSE,FALSE,"Kidney_hypermethylated"
4137,"chr19",16767415,16767965,4298,0.920458808664454,0.366545415527974,0.55391339313648,1.57176792114818,0.000160836319393216,0.00124887148134816,3,0,0,27,28.9166666666667,4,4,887,"+","Interval_4298",0,FALSE,FALSE,FALSE,FALSE,FALSE,FALSE,FALSE,"Kidney_hypermethylated"
4139,"chr19",16804442,16805319,4300,0.257334627887964,0.231125682736741,0.0262089451512236,-0.433741094326828,0.0135608969777236,0.0298572955672201,14,0,0,9.41071428571429,10.5535714285714,0.857142857142857,0.928571428571429,4735,"+","Interval_4300",0,FALSE,FALSE,FALSE,FALSE,FALSE,FALSE,FALSE,"Kidney_hypermethylated"
4140,"chr19",16812239,16812516,4301,0.856124418500674,0.494816288929004,0.36130812957167,0.807026373795692,4.05579595840752e-05,0.000568235124068647,4,0,0,40.25,39.0625,4,4,2168,"+","Interval_4301",0,FALSE,FALSE,FALSE,FALSE,FALSE,TRUE,TRUE,"Kidney_hypermethylated"
4142,"chr19",16880274,16880663,4303,0.128914545563252,0.45693682991307,-0.328022284349818,-1.70429375799849,0.000242812138565188,0.00165620529134393,2,0,0,32.75,29.875,4,4,1151,"+","Interval_4303",0,TRUE,TRUE,TRUE,TRUE,FALSE,FALSE,FALSE,"Liver_hypermethylated"
4144,"chr19",16992159,16992925,4305,0.888339639597421,0.300796372850006,0.587543266747415,1.80394306867232,1.82993972875334e-06,0.000151200778386532,5,0,0,36.6,35.6,4,4,650,"+","Interval_4305",0,FALSE,FALSE,FALSE,FALSE,FALSE,TRUE,TRUE,"Kidney_hypermethylated"
4145,"chr19",17006175,17007288,4306,0.397730039828326,0.758259117702393,-0.360529077874067,-1.32146562093084,0.000729756237986464,0.00348163981554878,28,0,0,26.6071428571429,25.9553571428571,4,4,1288,"+","Interval_4306",0,FALSE,FALSE,FALSE,FALSE,FALSE,FALSE,FALSE,"Liver_hypermethylated"
4146,"chr19",17014480,17015015,4307,0.740804971176986,0.10474916014775,0.636055811029236,2.69576848656314,3.06785340883113e-06,0.000177516461463742,5,0,0,31.85,33.45,4,4,115,"+","Interval_4307",0,FALSE,FALSE,FALSE,FALSE,FALSE,TRUE,TRUE,"Kidney_hypermethylated"
4147,"chr19",17045346,17045661,4308,0.913157630899566,0.636796733212341,0.276360897687225,0.513264619608729,0.00106575240909373,0.00450415994077096,1,0,0,36,30.5,4,4,3064,"+","Interval_4308",0,TRUE,TRUE,TRUE,TRUE,FALSE,FALSE,FALSE,"Kidney_hypermethylated"
4148,"chr19",17046039,17046543,4309,0.967549230186305,0.743023529316076,0.224525700870229,0.385421990123251,0.00247586293585583,0.00826857485914896,4,0,0,29.625,28.25,4,4,3620,"+","Interval_4309",0,TRUE,TRUE,TRUE,TRUE,FALSE,FALSE,FALSE,"Kidney_hypermethylated"
4152,"chr19",17137443,17137834,4313,0.315822354776422,0.174383262546103,0.141439092230319,0.996996274145431,0.0130431352329553,0.0289978531137881,7,0,0,29.3571428571429,30.4642857142857,4,4,2958,"+","Interval_4313",0,TRUE,FALSE,TRUE,FALSE,FALSE,FALSE,FALSE,"Kidney_hypermethylated"
4154,"chr19",17180616,17180910,4315,0.0357179247550117,0.394208839086607,-0.358490914331595,-3.16362970548255,1.27192892895697e-05,0.000313346348764984,3,0,0,40.6666666666667,37.4166666666667,4,4,973,"+","Interval_4315",0,FALSE,FALSE,FALSE,FALSE,TRUE,FALSE,TRUE,"Liver_hypermethylated"
4155,"chr19",17263858,17264263,4317,0.902751053362702,0.525429377269142,0.37732167609356,0.851771686603256,0.00988377374360487,0.0234049285758967,10,0,0,23.35,23.025,4,3.9,2595,"+","Interval_4317",0,FALSE,FALSE,FALSE,FALSE,FALSE,FALSE,FALSE,"Kidney_hypermethylated"
4157,"chr19",17275913,17276236,4319,0.826763277373033,0.275162337662338,0.551600939710696,1.55303608527707,1.99532709356586e-06,0.000155206139113446,1,0,0,35.75,33.5,4,4,916,"+","Interval_4319",0,FALSE,FALSE,FALSE,FALSE,FALSE,FALSE,FALSE,"Kidney_hypermethylated"
4158,"chr19",17323133,17324303,4320,0.84550139536824,0.198290712024802,0.647210683343438,2.11178495112493,6.23975069625958e-06,0.000224229637593656,14,0,0,34.5357142857143,36.8392857142857,4,4,362,"+","Interval_4320",0,FALSE,FALSE,FALSE,FALSE,FALSE,TRUE,TRUE,"Kidney_hypermethylated"
4159,"chr19",17334740,17335657,4321,0.869590072565943,0.134306517381073,0.73528355518487,2.6989940110924,4.91767192666312e-06,0.000205871252523945,16,0,0,29.03125,32.109375,4,4,146,"+","Interval_4321",0,FALSE,FALSE,FALSE,FALSE,FALSE,TRUE,TRUE,"Kidney_hypermethylated"
4160,"chr19",17336721,17337194,4322,0.219462810392495,0.69976928084925,-0.480306470456755,-1.70361273068901,4.19348695859174e-05,0.000575200387512194,6,0,0,31.2916666666667,30.2916666666667,4,4,751,"+","Interval_4322",0,FALSE,FALSE,FALSE,FALSE,FALSE,FALSE,FALSE,"Liver_hypermethylated"
4161,"chr19",17337421,17337758,4323,0.770990433505103,0.0828876044991172,0.688102829005986,3.07278205578588,0.000244373419035306,0.00166298411957027,2,0,0,31.375,37.125,4,4,903,"+","Interval_4323",0,FALSE,FALSE,FALSE,FALSE,FALSE,TRUE,TRUE,"Kidney_hypermethylated"
4162,"chr19",17354493,17355600,4324,0.580136463296513,0.128155039121148,0.451981424175365,2.22643228044611,1.77273531670827e-05,0.000369431652118414,8,0,0,26.84375,31.46875,4,4,568,"+","Interval_4324",0,FALSE,FALSE,FALSE,FALSE,FALSE,TRUE,TRUE,"Kidney_hypermethylated"
4164,"chr19",17364897,17365172,4326,0.396674905636303,0.203334087279556,0.193340818356746,0.961110161722631,0.00857619776345453,0.0211225391809331,2,0,0,30.375,32,4,4,2495,"+","Interval_4326",0,FALSE,FALSE,FALSE,FALSE,FALSE,FALSE,FALSE,"Kidney_hypermethylated"
4165,"chr19",17376168,17376455,4327,0.861236754920666,0.320163885821781,0.541072869098885,1.55429755198441,7.18816818664863e-06,0.000242933200890567,2,0,0,19.375,21,4,4,911,"+","Interval_4327",0,FALSE,FALSE,FALSE,FALSE,FALSE,FALSE,FALSE,"Kidney_hypermethylated"
4166,"chr19",17385072,17385460,4328,0.923121793814734,0.319401007811418,0.603720786003316,1.52330053864165,2.80179422977883e-06,0.000177516461463742,4,0,0,29.4375,34.4375,4,4,951,"+","Interval_4328",0,FALSE,FALSE,FALSE,FALSE,FALSE,FALSE,FALSE,"Kidney_hypermethylated"
4168,"chr19",17406754,17407513,4330,0.937624092055997,0.728870611835113,0.208753480220884,0.371268281502263,0.00623091808040737,0.0165109924985353,5,0,0,25.6,26.05,4,4,3678,"+","Interval_4330",0,TRUE,FALSE,TRUE,FALSE,FALSE,TRUE,TRUE,"Kidney_hypermethylated"
4169,"chr19",17410646,17411253,4331,0.855405253199063,0.435848786427393,0.41955646677167,1.1407792571903,0.000178657379641955,0.00134217489517099,7,0,0,34.5714285714286,38.7857142857143,4,4,1464,"+","Interval_4331",0,FALSE,FALSE,FALSE,FALSE,FALSE,FALSE,FALSE,"Kidney_hypermethylated"
4171,"chr19",17442069,17442322,4334,0.591144607635513,0.74815145940902,-0.157006851773507,-0.3640652779163,0.00965211188463604,0.0230338747693547,4,0,0,29,28.6875,4,4,3711,"+","Interval_4334",0,FALSE,FALSE,FALSE,FALSE,FALSE,FALSE,FALSE,"Liver_hypermethylated"
4173,"chr19",17467969,17468390,4336,0.225220447008336,0.359703269635236,-0.1344828226269,-0.917927783238526,0.0111343864573551,0.0255778709459615,3,0,0,34.8333333333333,32.4166666666667,4,4,3065,"+","Interval_4336",0,FALSE,FALSE,FALSE,FALSE,FALSE,FALSE,FALSE,"Liver_hypermethylated"
4175,"chr19",17504223,17504713,4338,0.214572847991484,0.508987064667945,-0.294414216676461,-1.77140138707581,0.000887337953665594,0.00397426510588562,6,0,0,25.7083333333333,27.6666666666667,4,4,1393,"+","Interval_4338",0,FALSE,FALSE,FALSE,FALSE,FALSE,FALSE,FALSE,"Liver_hypermethylated"
4177,"chr19",17519980,17520199,4340,0.724149963511666,0.560633623133623,0.163516340378043,0.363510033372941,0.00466420555650059,0.0131903106084436,1,0,0,35.25,37.75,4,4,3718,"+","Interval_4340",0,TRUE,FALSE,TRUE,FALSE,FALSE,FALSE,FALSE,"Kidney_hypermethylated"
4178,"chr19",17525402,17526188,4341,0.462656838250875,0.471495348413576,-0.0088385101627005,-0.207947978981609,0.00375089222182947,0.0111510559763629,3,0,0,42.4166666666667,40.25,4,4,5274,"+","Interval_4341",0,FALSE,FALSE,FALSE,FALSE,FALSE,FALSE,FALSE,"Liver_hypermethylated"
4181,"chr19",17591063,17592064,4344,0.239341065183606,0.454403489531979,-0.215062424348374,-1.29343712686767,0.0215372876282474,0.042446001435401,10,0,0,25.3,25.75,4,4,3118,"+","Interval_4344",0,FALSE,FALSE,FALSE,FALSE,TRUE,FALSE,TRUE,"Liver_hypermethylated"
4183,"chr19",17650649,17651351,4346,0.109331295394262,0.31571761480597,-0.206386319411708,-1.52670495680686,0.00224656884835199,0.00773398631547508,6,0,0,28.0833333333333,29.6666666666667,4,4,2173,"+","Interval_4346",0,FALSE,FALSE,FALSE,FALSE,FALSE,FALSE,FALSE,"Liver_hypermethylated"
4184,"chr19",17714686,17714895,4347,0.877974385135149,0.710035358249068,0.167939026886081,0.297512350338934,0.00151595114096951,0.0057812860856501,4,0,0,28.875,29.125,4,4,4094,"+","Interval_4347",0,FALSE,FALSE,FALSE,FALSE,FALSE,FALSE,FALSE,"Kidney_hypermethylated"
4185,"chr19",17806591,17807156,4349,0.81546932183117,0.649823988631827,0.165645333199343,0.324238624481745,0.00763013147651925,0.0192951267173707,9,0,0,31.5833333333333,32.8611111111111,4,4,3932,"+","Interval_4349",0,FALSE,FALSE,FALSE,FALSE,FALSE,FALSE,FALSE,"Kidney_hypermethylated"
4186,"chr19",17821371,17821858,4350,0.488990880236595,0.43712691780126,0.0518639624353348,-0.104955756123978,0.00336505490326628,0.0103236457217031,2,0,0,28.375,32.75,4,4,5311,"+","Interval_4350",0,FALSE,FALSE,FALSE,FALSE,FALSE,FALSE,FALSE,"Kidney_hypermethylated"
4192,"chr19",18056326,18057870,4357,0.455543097960878,0.718334936952174,-0.262791838991297,-0.792129324809411,0.00117271430577234,0.00480101892669621,28,0,0,35.9910714285714,34.6071428571429,4,4,2204,"+","Interval_4357",0,FALSE,FALSE,FALSE,FALSE,FALSE,FALSE,FALSE,"Liver_hypermethylated"
4193,"chr19",18067692,18068192,4358,0.666918064020567,0.422822087547908,0.244095976472659,0.600805341253575,0.0158996537792037,0.0335635082353854,3,0,0,31.25,26.5833333333333,4,4,2911,"+","Interval_4358",0,FALSE,FALSE,FALSE,FALSE,FALSE,FALSE,FALSE,"Kidney_hypermethylated"
4194,"chr19",18068789,18069104,4359,0.634676534768818,0.398633723353387,0.23604281141543,0.667736122453005,0.00104584406871234,0.00444447565853204,4,0,0,35.625,31.3125,4,4,2525,"+","Interval_4359",0,FALSE,FALSE,FALSE,FALSE,FALSE,FALSE,FALSE,"Kidney_hypermethylated"
4195,"chr19",18176200,18176553,4360,0.691919854466706,0.4783814818324,0.213538372634306,0.570674131592488,0.000313841508075074,0.00196788614308051,3,0,0,29.9166666666667,26,4,4,2854,"+","Interval_4360",0,FALSE,FALSE,FALSE,FALSE,FALSE,FALSE,FALSE,"Kidney_hypermethylated"
4196,"chr19",18188342,18189926,4361,0.192620894175306,0.441892183553331,-0.249271289378026,-1.54183425917684,0.00152195991319987,0.00578740325904283,13,0,0,39.5384615384615,37.7884615384615,4,4,1751,"+","Interval_4361",0,FALSE,FALSE,FALSE,FALSE,FALSE,FALSE,FALSE,"Liver_hypermethylated"
4197,"chr19",18200032,18200857,4363,0.730818103310917,0.473232992033819,0.257585111277099,0.586048054349759,0.00151980914597729,0.00578330360793838,4,0,0,30.1875,31,4,4,2799,"+","Interval_4363",0,TRUE,FALSE,TRUE,FALSE,FALSE,FALSE,FALSE,"Kidney_hypermethylated"
4199,"chr19",18255062,18255873,4365,0.518470702385116,0.710996126127636,-0.19252542374252,-0.577142935181272,0.00179017259149662,0.0065440871949713,14,0,0,33.1428571428571,32.5357142857143,4,4,2831,"+","Interval_4365",0,FALSE,TRUE,TRUE,FALSE,FALSE,FALSE,FALSE,"Liver_hypermethylated"
4200,"chr19",18420186,18420822,4367,0.301316100856499,0.457801459801968,-0.156485358945468,-0.933378875520898,0.0149960385729817,0.0321755087398646,9,0,0,31.6666666666667,30.1111111111111,4,4,2864,"+","Interval_4367",0,FALSE,FALSE,FALSE,FALSE,FALSE,FALSE,FALSE,"Liver_hypermethylated"
4202,"chr19",18567705,18568186,4369,0.91916404058324,0.609267701759551,0.309896338823689,0.656549800356857,0.00352263424158486,0.0106342184801619,10,0,0,19.3,22.225,3.9,4,2556,"+","Interval_4369",0,FALSE,FALSE,FALSE,FALSE,FALSE,FALSE,FALSE,"Kidney_hypermethylated"
4203,"chr19",18573562,18574017,4370,0.361687058516103,0.660002294396759,-0.298315235880656,-0.895568371735328,0.000339552915238325,0.00209073413240432,4,0,0,28.1875,30.125,4,4,1944,"+","Interval_4370",0,FALSE,FALSE,FALSE,FALSE,FALSE,FALSE,FALSE,"Liver_hypermethylated"
4204,"chr19",18577184,18577538,4371,0.383116828942415,0.643645886846786,-0.260529057904371,-0.7542064873247,0.00470345482418742,0.0132726024075726,4,0,0,24.1875,25.25,4,4,2309,"+","Interval_4371",0,FALSE,FALSE,FALSE,FALSE,FALSE,FALSE,FALSE,"Liver_hypermethylated"
4205,"chr19",18577613,18579068,4372,0.296880788476952,0.663928278081429,-0.367047489604477,-1.67141136820083,0.00295233499144089,0.00934677924904907,26,0,0,25.2788461538462,28.1730769230769,4,4,1941,"+","Interval_4372",0,FALSE,FALSE,FALSE,FALSE,FALSE,FALSE,FALSE,"Liver_hypermethylated"
4206,"chr19",18590420,18590690,4373,0.359392306712635,0.783088141926613,-0.423695835213978,-1.10364393519363,2.17225650846958e-05,0.000417141132642049,2,0,0,32.875,35.875,4,4,1536,"+","Interval_4373",0,FALSE,FALSE,FALSE,FALSE,FALSE,FALSE,FALSE,"Liver_hypermethylated"
4207,"chr19",18593045,18593483,4374,0.384902030103149,0.565088496756,-0.180186466652851,-0.596113663245425,0.00985760252490544,0.0233789917080447,4,0,0,24.375,25,4,4,2769,"+","Interval_4374",0,FALSE,FALSE,FALSE,FALSE,FALSE,FALSE,FALSE,"Liver_hypermethylated"
4210,"chr19",18607555,18607952,4377,0.180536783567615,0.641406311415899,-0.460869527848284,-1.80557922177446,8.59874434745801e-05,0.000871430185180714,5,0,0,31,32.95,4,4,648,"+","Interval_4377",0,FALSE,FALSE,FALSE,FALSE,FALSE,FALSE,FALSE,"Liver_hypermethylated"
4212,"chr19",18644038,18644513,4380,0.791106702529517,0.257796011422362,0.533310691107156,1.63110905107213,2.7442397763482e-06,0.000177516461463742,6,0,0,33.5,32.5833333333333,4,4,821,"+","Interval_4380",0,FALSE,FALSE,FALSE,FALSE,FALSE,TRUE,TRUE,"Kidney_hypermethylated"
4213,"chr19",18646580,18647353,4381,0.420455870207587,0.211808857715816,0.208647012491771,1.17568443291657,0.0176151176286261,0.036335984500808,7,0,0,27.3928571428571,26.9642857142857,4,4,2979,"+","Interval_4381",0,FALSE,FALSE,FALSE,FALSE,FALSE,TRUE,TRUE,"Kidney_hypermethylated"
4214,"chr19",18650195,18650686,4382,0.767868510962981,0.185383722404298,0.582484788558683,2.01953111893529,1.54393315548072e-05,0.000342507914816931,6,0,0,31.9583333333333,34.4166666666667,4,4,449,"+","Interval_4382",0,FALSE,FALSE,FALSE,FALSE,FALSE,TRUE,TRUE,"Kidney_hypermethylated"
4215,"chr19",18661846,18662146,4383,0.50247110574435,0.2144130511066,0.288058054637751,1.19131408390325,0.00508990716174337,0.0141016589309797,1,0,0,26.75,31.5,4,4,2218,"+","Interval_4383",0,FALSE,FALSE,FALSE,FALSE,FALSE,FALSE,FALSE,"Kidney_hypermethylated"
4217,"chr19",18682104,18682728,4385,0.815959634418586,0.288300897339995,0.527658737078591,1.9959473038284,3.08242766071613e-05,0.000499776199870729,5,0,0,28.25,31.9,4,4,465,"+","Interval_4385",0,FALSE,FALSE,FALSE,FALSE,FALSE,TRUE,TRUE,"Kidney_hypermethylated"
4218,"chr19",18687341,18687731,4386,0.871764825899274,0.764525309460654,0.10723951643862,0.206145732283191,0.00926993088577956,0.0224282635282959,2,0,0,38.5,38.625,4,4,4626,"+","Interval_4386",0,FALSE,FALSE,FALSE,FALSE,FALSE,FALSE,FALSE,"Kidney_hypermethylated"
4219,"chr19",18691917,18693007,4387,0.898307190176635,0.40486395661521,0.493443233561425,1.47685608265626,2.87041639437592e-06,0.000177516461463742,10,0,0,33.2,33.95,4,4,1005,"+","Interval_4387",0,FALSE,FALSE,FALSE,FALSE,FALSE,TRUE,TRUE,"Kidney_hypermethylated"
4220,"chr19",18695260,18695911,4388,0.908448213412931,0.271185583564112,0.637262629848819,1.83123176413184,7.17671564488407e-05,0.00080037963045032,2,0,0,37.125,41.75,4,4,621,"+","Interval_4388",0,FALSE,FALSE,FALSE,FALSE,FALSE,TRUE,TRUE,"Kidney_hypermethylated"
4223,"chr19",18738884,18739511,4392,0.869531320662574,0.505443027717652,0.364088292944922,0.849947511012246,0.000102111610450329,0.000950876239130529,5,0,0,34.2,39.75,4,4,2058,"+","Interval_4392",0,FALSE,FALSE,FALSE,FALSE,FALSE,FALSE,FALSE,"Kidney_hypermethylated"
4225,"chr19",18758376,18759281,4394,0.377424127536379,0.551250293649121,-0.173826166112741,-0.815432951667716,0.00895285812402251,0.0219208096085313,18,0,0,24,25,3.88888888888889,4,2552,"+","Interval_4394",0,FALSE,FALSE,FALSE,FALSE,FALSE,FALSE,FALSE,"Liver_hypermethylated"
4226,"chr19",18761107,18761436,4395,0.647773661523662,0.64578820140102,0.0019854601226415,0.00676945226975637,0.0045375300792465,0.0129268068321603,2,0,0,30.875,28.875,4,4,6088,"+","Interval_4395",0,FALSE,FALSE,FALSE,FALSE,FALSE,FALSE,FALSE,"Kidney_hypermethylated"
4228,"chr19",18814691,18815776,4397,0.287469899822453,0.638927037674209,-0.351457137851756,-1.20756297319736,0.000174985477409061,0.00132424354517079,20,0,0,29.7,31.1125,4,4,1362,"+","Interval_4397",0,FALSE,FALSE,FALSE,FALSE,FALSE,FALSE,FALSE,"Liver_hypermethylated"
4229,"chr19",18841662,18842521,4398,0.664939857405777,0.676173144982051,-0.0112332875762735,0.00139352556017079,0.00657289004442801,0.0171947251268668,19,0,0,27.7368421052632,28.6184210526316,4,4,6138,"+","Interval_4398",0,FALSE,FALSE,FALSE,FALSE,FALSE,FALSE,FALSE,"Liver_hypermethylated"
4232,"chr19",18902009,18902951,4401,0.159180010738255,0.708585093345713,-0.549405082607458,-2.36561686409411,0.000414998606999389,0.00236784256268454,18,0,0,27.4305555555556,28.1527777777778,3.94444444444444,4,1077,"+","Interval_4401",0,FALSE,FALSE,FALSE,FALSE,TRUE,FALSE,TRUE,"Liver_hypermethylated"
4233,"chr19",19058529,19059245,4403,0.327158266831116,0.584797543470223,-0.257639276639107,-1.26208834519769,0.0014854275808556,0.00569429350240651,11,0,0,27.7954545454545,28.2045454545455,4,3.90909090909091,1678,"+","Interval_4403",0,FALSE,FALSE,FALSE,FALSE,TRUE,FALSE,TRUE,"Liver_hypermethylated"
4237,"chr19",19131583,19131773,4407,0.925686212323702,0.782023121214298,0.143663091109405,0.240568015711023,0.00239102614735813,0.00806413593606791,2,0,0,22.5,28.25,4,4,4414,"+","Interval_4407",0,FALSE,FALSE,FALSE,FALSE,FALSE,FALSE,FALSE,"Kidney_hypermethylated"
4239,"chr19",19343876,19344387,4409,0.493985472368634,0.526344954764517,-0.0323594823958827,0.036950510484578,0.0238335930603123,0.0460123874821298,7,0,0,37.1071428571429,34.6785714285714,4,4,5809,"+","Interval_4409",0,FALSE,FALSE,FALSE,FALSE,FALSE,FALSE,FALSE,"Liver_hypermethylated"
4240,"chr19",20244070,20244304,4410,0.682542035259427,0.277586206896552,0.404955828362875,1.26790715772462,0.000128248580980119,0.00108059006298785,1,0,0,36.75,32.25,4,4,1269,"+","Interval_4410",0,FALSE,FALSE,FALSE,FALSE,FALSE,FALSE,FALSE,"Kidney_hypermethylated"
4241,"chr19",20344684,20345788,4411,0.263259389526581,0.283975165273835,-0.0207157757472537,0.139814748978065,0.0168259585763644,0.0350850069398572,14,0,0,28.5178571428571,28,4,4,5044,"+","Interval_4411",0,FALSE,FALSE,FALSE,FALSE,FALSE,FALSE,FALSE,"Liver_hypermethylated"
4245,"chr19",20434196,20434778,4415,0.313821483077343,0.156816171174742,0.157005311902602,1.30368130030097,0.00745081931440308,0.0189273603501476,4,0,0,36.875,31.75,4,4,2763,"+","Interval_4415",0,FALSE,FALSE,FALSE,FALSE,FALSE,FALSE,FALSE,"Kidney_hypermethylated"
4246,"chr19",20558557,20559365,4416,0.881194067988299,0.425438805301985,0.455755262686314,1.26161818159285,5.80876872606836e-05,0.000703508595586657,3,0,0,39.75,37.5833333333333,4,4,1286,"+","Interval_4416",0,FALSE,FALSE,FALSE,FALSE,FALSE,TRUE,TRUE,"Kidney_hypermethylated"
4247,"chr19",20560858,20561173,4417,0.703842000568343,0.537132325735267,0.166709674833076,0.502081670417438,0.00744198795979859,0.0189127444222342,3,0,0,17.3333333333333,17.3333333333333,4,4,3109,"+","Interval_4417",0,FALSE,FALSE,FALSE,FALSE,FALSE,FALSE,FALSE,"Kidney_hypermethylated"
4248,"chr19",20601465,20602256,4418,0.612881208730835,0.473406477900742,0.139474730830093,0.419804825426028,0.0142575074661141,0.0310242150776455,7,0,0,32.8214285714286,32.25,4,4,3460,"+","Interval_4418",0,FALSE,FALSE,FALSE,FALSE,FALSE,FALSE,FALSE,"Kidney_hypermethylated"
4249,"chr19",20653912,20654714,4419,0.490407773138359,0.556189510081473,-0.0657817369431139,-0.222361377092796,0.0102054078154922,0.023994278375491,3,0,0,30,31.8333333333333,4,4,4522,"+","Interval_4419",0,FALSE,FALSE,FALSE,FALSE,FALSE,FALSE,FALSE,"Liver_hypermethylated"
4250,"chr19",20715533,20715894,4421,0.472205757231991,0.637700297787862,-0.165494540555871,-0.425677531467528,0.00660179596926326,0.0172483147241168,1,0,0,43.5,39.75,4,4,3436,"+","Interval_4421",0,FALSE,FALSE,FALSE,FALSE,FALSE,FALSE,FALSE,"Liver_hypermethylated"
4252,"chr19",20761248,20762297,4423,0.755223275483298,0.190520660299225,0.564702615184073,1.96109558384451,5.11854870355772e-06,0.0002096745949246,3,0,0,40.0833333333333,39.5,4,4,486,"+","Interval_4423",0,FALSE,FALSE,FALSE,FALSE,FALSE,TRUE,TRUE,"Kidney_hypermethylated"
4253,"chr19",20861661,20862189,4424,0.454964832931716,0.581525263231537,-0.126560430299821,-0.345580865772147,0.0202751737806989,0.040438475456798,4,0,0,25.625,28.25,4,4,3813,"+","Interval_4424",0,FALSE,FALSE,FALSE,FALSE,FALSE,FALSE,FALSE,"Liver_hypermethylated"
4254,"chr19",20923432,20924864,4425,0.188298092817585,0.352359183220872,-0.164061090403287,-1.69861523185439,0.0088323890010148,0.0216753316338802,16,0,0,28.890625,27.40625,4,3.9375,2679,"+","Interval_4425",0,FALSE,FALSE,FALSE,FALSE,FALSE,FALSE,FALSE,"Liver_hypermethylated"
4255,"chr19",21031792,21032672,4427,0.821534425267089,0.255525396244902,0.566009029022187,1.85292250934937,4.89211806709312e-06,0.000205871252523945,7,0,0,33.8214285714286,34.25,4,4,596,"+","Interval_4427",0,FALSE,FALSE,FALSE,FALSE,FALSE,FALSE,FALSE,"Kidney_hypermethylated"
4257,"chr19",21051175,21051512,4429,0.511426637401121,0.209238172230711,0.30218846517041,0.883152060102179,0.000395021409117706,0.00230961613608783,6,0,0,27.4583333333333,25.9166666666667,4,4,1983,"+","Interval_4429",0,FALSE,FALSE,FALSE,FALSE,FALSE,FALSE,FALSE,"Kidney_hypermethylated"
4258,"chr19",21104403,21105168,4430,0.879673812622405,0.289093873608538,0.590579939013867,1.87825669838651,5.59310995116714e-05,0.000690153828311688,12,0,0,26.8333333333333,26.1041666666667,4,4,564,"+","Interval_4430",0,FALSE,FALSE,FALSE,FALSE,FALSE,FALSE,FALSE,"Kidney_hypermethylated"
4261,"chr19",21126945,21127836,4433,0.839518631556561,0.515035086197274,0.324483545359287,0.717870051648095,0.000218694925486697,0.00153762050013244,9,0,0,36.25,37.7222222222222,4,4,2407,"+","Interval_4433",0,FALSE,FALSE,FALSE,FALSE,FALSE,FALSE,FALSE,"Kidney_hypermethylated"
4265,"chr19",21159334,21160353,4437,0.344487068800958,0.635527322231433,-0.291040253430475,-1.08695972487944,0.00059824568477927,0.00303568929229448,9,0,0,31.8611111111111,31.7222222222222,4,4,1564,"+","Interval_4437",0,FALSE,FALSE,FALSE,FALSE,FALSE,FALSE,FALSE,"Liver_hypermethylated"
4266,"chr19",21165820,21166040,4438,0.157869295972744,0.517812428059056,-0.359943132086312,-1.69321501274913,0.000462691153412256,0.00254542268372275,2,0,0,33,32.25,4,4,1117,"+","Interval_4438",0,FALSE,FALSE,FALSE,FALSE,FALSE,FALSE,FALSE,"Liver_hypermethylated"
4267,"chr19",21167090,21167327,4439,0.224049342366468,0.641944579014163,-0.417895236647695,-1.72143930292968,0.000100778750965412,0.000950022988322171,3,0,0,39.8333333333333,36.3333333333333,4,4,728,"+","Interval_4439",0,FALSE,FALSE,FALSE,FALSE,FALSE,FALSE,FALSE,"Liver_hypermethylated"
4269,"chr19",21189948,21190264,4441,0.611885736321496,0.604887729986233,0.00699800633526348,0.0343398801334684,0.00959231559266827,0.0229446396718359,3,0,0,44.75,43.5,4,4,5834,"+","Interval_4441",0,FALSE,FALSE,FALSE,FALSE,FALSE,FALSE,FALSE,"Kidney_hypermethylated"
4273,"chr19",21340460,21341344,4445,0.523967895707497,0.646127154268096,-0.1221592585606,-0.402180099430465,0.00965009200375489,0.0230338747693547,12,0,0,24.2291666666667,27.25,4,4,3540,"+","Interval_4445",0,FALSE,FALSE,FALSE,FALSE,FALSE,FALSE,FALSE,"Liver_hypermethylated"
4275,"chr19",21376614,21377449,4447,0.897480395564761,0.447837732410806,0.449642663153955,0.991947250386689,1.42051310866628e-05,0.000335615367957899,3,0,0,33,36.5,4,4,1742,"+","Interval_4447",0,FALSE,FALSE,FALSE,FALSE,FALSE,FALSE,FALSE,"Kidney_hypermethylated"
4276,"chr19",21407364,21407858,4448,0.832476305706796,0.316883116883117,0.515593188823679,1.36586124609264,4.48606047351855e-06,0.000205871252523945,1,0,0,21.25,21,4,4,1139,"+","Interval_4448",0,FALSE,FALSE,FALSE,FALSE,FALSE,FALSE,FALSE,"Kidney_hypermethylated"
4277,"chr19",21423810,21424083,4449,0.901846748557955,0.359459113523951,0.542387635034004,1.30667014027625,1.00317153672734e-05,0.00028806023799951,5,0,0,26.7,24.2,4,4,1216,"+","Interval_4449",0,FALSE,FALSE,FALSE,FALSE,FALSE,FALSE,FALSE,"Kidney_hypermethylated"
4278,"chr19",21432378,21433057,4450,0.871632706437039,0.55508069828722,0.316552008149819,0.657555576424305,0.00324544779427878,0.0100469907787623,4,0,0,24.75,23.5625,4,4,2553,"+","Interval_4450",0,FALSE,FALSE,FALSE,FALSE,FALSE,FALSE,FALSE,"Kidney_hypermethylated"
4279,"chr19",21436688,21437115,4451,0.864466302376923,0.325661793498976,0.538804508877947,1.5981678268447,0.000136183583972153,0.00112934969434397,5,0,0,24.55,27.15,4,4,854,"+","Interval_4451",0,FALSE,FALSE,FALSE,FALSE,FALSE,FALSE,FALSE,"Kidney_hypermethylated"
4280,"chr19",21461214,21461795,4452,0.789892428077809,0.473261107985661,0.316631320092147,0.747211234149476,0.000769248190390754,0.00361947176872219,5,0,0,28.5,26.8,4,4,2332,"+","Interval_4452",0,FALSE,FALSE,FALSE,FALSE,FALSE,FALSE,FALSE,"Kidney_hypermethylated"
4282,"chr19",21478278,21478835,4454,0.278824230040865,0.448761405860159,-0.169937175819294,-0.772537946570306,0.0220817996184763,0.0433222130170682,5,0,0,25.1,28.15,4,4,3132,"+","Interval_4454",0,FALSE,FALSE,FALSE,FALSE,TRUE,FALSE,TRUE,"Liver_hypermethylated"
4284,"chr19",21568088,21569186,4456,0.82494777641434,0.297586958420287,0.527360817994054,1.4634385743788,4.74443401712728e-05,0.00062343820411678,6,0,0,23.625,25.6666666666667,4,4,1026,"+","Interval_4456",0,FALSE,FALSE,FALSE,FALSE,FALSE,TRUE,TRUE,"Kidney_hypermethylated"
4285,"chr19",21571076,21572078,4457,0.25573938503145,0.506056026532655,-0.250316641501205,-0.393285809489274,0.00215334155795951,0.00749279947545935,18,0,0,29.6527777777778,29.0555555555556,4,4,3582,"+","Interval_4457",0,FALSE,FALSE,FALSE,FALSE,FALSE,FALSE,FALSE,"Liver_hypermethylated"
4286,"chr19",21579419,21580030,4458,0.756696428571429,0.507611728637943,0.249084699933485,0.587223233560182,0.00945407070829766,0.0226986735610439,2,0,0,15.75,18.75,4,4,2790,"+","Interval_4458",0,FALSE,FALSE,FALSE,FALSE,FALSE,FALSE,FALSE,"Kidney_hypermethylated"
4287,"chr19",21603846,21604132,4459,0.704528791411945,0.128883442265795,0.57564534914615,2.89079212863123,8.34175852573392e-05,0.000858628243561724,2,0,0,34.25,37.125,4,4,597,"+","Interval_4459",0,FALSE,FALSE,FALSE,FALSE,FALSE,FALSE,FALSE,"Kidney_hypermethylated"
4288,"chr19",21622317,21622606,4460,0.903278011101287,0.639314892623716,0.263963118477571,0.491108505646231,0.0182584201760441,0.0373495312855496,2,0,0,25.375,24.875,4,4,3153,"+","Interval_4460",0,FALSE,FALSE,FALSE,FALSE,FALSE,FALSE,FALSE,"Kidney_hypermethylated"
4289,"chr19",21645107,21645516,4461,0.511114697026285,0.716791396802627,-0.205676699776342,-0.510907478896134,0.00429228169144156,0.0123889483296892,6,0,0,34.875,35.875,4,4,3069,"+","Interval_4461",0,FALSE,FALSE,FALSE,FALSE,FALSE,FALSE,FALSE,"Liver_hypermethylated"
4290,"chr19",21645966,21646350,4462,0.475240392841381,0.541596245738692,-0.0663558528973113,-0.118312401703953,0.00885265347798177,0.0217163894699393,6,0,0,28.0416666666667,30.75,4,4,5203,"+","Interval_4462",0,FALSE,FALSE,FALSE,FALSE,FALSE,FALSE,FALSE,"Liver_hypermethylated"
4292,"chr19",21714576,21715663,4464,0.309083528412215,0.701521011916787,-0.392437483504572,-1.29647112843565,3.3562775384216e-05,0.000523111225493624,20,0,0,36.8,37.4375,4,4,1234,"+","Interval_4464",0,FALSE,FALSE,FALSE,FALSE,FALSE,FALSE,FALSE,"Liver_hypermethylated"
4293,"chr19",21737452,21738243,4465,0.434433213562604,0.0995772100346818,0.334856003527922,2.07705310365769,0.000538396392362371,0.00284230741500582,26,0,0,23.9134615384615,22.7403846153846,3.96153846153846,4,1164,"+","Interval_4465",0,FALSE,FALSE,FALSE,FALSE,FALSE,FALSE,FALSE,"Kidney_hypermethylated"
4295,"chr19",21781567,21781922,4467,0.176937687181197,0.656203064974617,-0.47926537779342,-1.94113278982555,1.98477820442436e-05,0.000394707510232612,4,0,0,28.1875,27.5,4,4,504,"+","Interval_4467",0,FALSE,FALSE,FALSE,FALSE,FALSE,FALSE,FALSE,"Liver_hypermethylated"
4297,"chr19",21799513,21800342,4469,0.782409644618889,0.202574587331127,0.579835057287763,2.06811697657596,0.000377753566056132,0.00224714004202801,9,0,0,23.5833333333333,23.8611111111111,4,4,1033,"+","Interval_4469",0,FALSE,FALSE,FALSE,FALSE,FALSE,TRUE,TRUE,"Kidney_hypermethylated"
4298,"chr19",21821936,21822151,4470,0.434631928660629,0.816645170237848,-0.382013241577219,-0.916562263647747,7.90679350769342e-05,0.000843025365346793,3,0,0,20.5833333333333,21.25,4,4,1898,"+","Interval_4470",0,FALSE,FALSE,FALSE,FALSE,FALSE,FALSE,FALSE,"Liver_hypermethylated"
4299,"chr19",21833867,21834115,4471,0.552838064390702,0.559353101672628,-0.00651503728192567,0.0539894082649865,0.0120680671624124,0.0273545823360472,3,0,0,33.8333333333333,29.0833333333333,4,4,5669,"+","Interval_4471",0,FALSE,FALSE,FALSE,FALSE,FALSE,FALSE,FALSE,"Liver_hypermethylated"
4301,"chr19",21897242,21897659,4474,0.69155553240928,0.0684923028078379,0.623063229601442,3.13885814423426,2.93198867408589e-06,0.000177516461463742,7,0,0,30.7142857142857,28.7857142857143,4,4,142,"+","Interval_4474",0,FALSE,FALSE,FALSE,FALSE,FALSE,FALSE,FALSE,"Kidney_hypermethylated"
4302,"chr19",21898343,21899067,4475,0.285426253582871,0.668378897693968,-0.382952644111098,-1.23031978890067,7.61783343586947e-05,0.000829992667791097,9,0,0,32.1944444444444,30.2222222222222,4,4,1335,"+","Interval_4475",0,FALSE,FALSE,FALSE,FALSE,FALSE,FALSE,FALSE,"Liver_hypermethylated"
4303,"chr19",21913203,21914502,4476,0.573711847912881,0.26176493519995,0.311946912712931,1.24436327230065,0.000120830694280901,0.00104578114979737,11,0,0,30.8863636363636,32.0227272727273,4,4,1310,"+","Interval_4476",0,FALSE,FALSE,FALSE,FALSE,FALSE,FALSE,FALSE,"Kidney_hypermethylated"
4308,"chr19",22354020,22354477,4481,0.449647499156479,0.754785651620266,-0.305138152463787,-0.769289368365304,0.00039872780286962,0.00232307433225271,11,0,0,24.9772727272727,24.6136363636364,4,3.90909090909091,2271,"+","Interval_4481",0,FALSE,FALSE,FALSE,FALSE,FALSE,FALSE,FALSE,"Liver_hypermethylated"
4311,"chr19",22554459,22554819,4484,0.0677267488124292,0.22586472695303,-0.158137978140601,-2.10877513301853,0.00120021845280176,0.00486311157191417,4,0,0,26.9375,26.6875,4,4,2751,"+","Interval_4484",0,FALSE,FALSE,FALSE,FALSE,FALSE,FALSE,FALSE,"Liver_hypermethylated"
4312,"chr19",22631435,22631691,4485,0.743447186921452,0.529579999175054,0.213867187746398,0.504213541783842,0.00221620608616006,0.00766380776559008,2,0,0,31.5,33.25,4,4,3099,"+","Interval_4485",0,FALSE,FALSE,FALSE,FALSE,FALSE,FALSE,FALSE,"Kidney_hypermethylated"
4313,"chr19",22635264,22635931,4486,0.144548093773405,0.636096106505012,-0.491548012731607,-2.17539750012764,4.30190729189191e-06,0.000205871252523945,12,0,0,29.5208333333333,28.4791666666667,4,4,437,"+","Interval_4486",0,FALSE,FALSE,FALSE,FALSE,FALSE,FALSE,FALSE,"Liver_hypermethylated"
4314,"chr19",22642145,22642905,4487,0.705849423469962,0.608610243057352,0.0972391804126099,0.113174689421941,0.00506200300609109,0.0140370074334069,6,0,0,42.4583333333333,39.125,4,4,5252,"+","Interval_4487",0,FALSE,FALSE,FALSE,FALSE,FALSE,FALSE,FALSE,"Kidney_hypermethylated"
4315,"chr19",22656934,22657649,4488,0.396473471317348,0.557813800318423,-0.161340329001075,-0.625228303813332,0.00917339892500488,0.0223022008283934,10,0,0,26.4,24.525,4,4,2712,"+","Interval_4488",0,FALSE,FALSE,FALSE,FALSE,FALSE,FALSE,FALSE,"Liver_hypermethylated"
4316,"chr19",22692596,22693820,4489,0.330135500859927,0.604671839297704,-0.274536338437777,-0.976638559866264,0.00139056280781812,0.00541165829895019,12,0,0,31.1666666666667,34.375,4,4,1772,"+","Interval_4489",0,FALSE,FALSE,FALSE,FALSE,FALSE,FALSE,FALSE,"Liver_hypermethylated"
4317,"chr19",22701284,22701809,4490,0.423795568278455,0.571544500351748,-0.147748932073293,-0.799723974441323,0.00436927163761456,0.0125698381147666,4,0,0,37.5,35.3125,4,4,2871,"+","Interval_4490",0,FALSE,FALSE,FALSE,FALSE,FALSE,FALSE,FALSE,"Liver_hypermethylated"
4318,"chr19",22719227,22719535,4491,0.740621530616993,0.473056860254441,0.267564670362553,0.638360777548982,0.000624090534031964,0.00312553898258062,2,0,0,32,30.625,4,4,2616,"+","Interval_4491",0,FALSE,FALSE,FALSE,FALSE,FALSE,FALSE,FALSE,"Kidney_hypermethylated"
4320,"chr19",22762303,22762603,4493,0.931267698466947,0.613551051051051,0.317716647415895,0.594097406266887,0.000163788624535089,0.00126197096954735,1,0,0,41.5,40.75,4,4,2776,"+","Interval_4493",0,FALSE,FALSE,FALSE,FALSE,FALSE,FALSE,FALSE,"Kidney_hypermethylated"
4323,"chr19",22851834,22852091,4496,0.732668731502941,0.72695578653943,0.00571294496351039,-0.0311976648525259,0.0152010116538734,0.0325018151054462,6,0,0,34.0833333333333,35.25,4,4,5867,"+","Interval_4496",0,FALSE,FALSE,FALSE,FALSE,FALSE,FALSE,FALSE,"Kidney_hypermethylated"
4327,"chr19",22960515,22961365,4500,0.554599004174785,0.691775625316701,-0.137176621141916,-0.340156583568213,0.0242172549553042,0.0465920575141968,16,0,0,18.28125,19.375,4,4,3837,"+","Interval_4500",0,FALSE,FALSE,FALSE,FALSE,FALSE,FALSE,FALSE,"Liver_hypermethylated"
4328,"chr19",22962940,22963222,4501,0.241049570316924,0.493921505772223,-0.252871935455299,-1.03211453306235,0.000932113958126716,0.00410365662414946,7,0,0,25.75,27.6071428571429,3.85714285714286,4,1724,"+","Interval_4501",0,FALSE,FALSE,FALSE,FALSE,FALSE,FALSE,FALSE,"Liver_hypermethylated"
4331,"chr19",23129946,23130428,4506,0.748775347459558,0.219671474358974,0.529103873100584,1.72410112415319,5.40509132852247e-05,0.000675087118166068,1,0,0,34,30.5,4,4,726,"+","Interval_4506",0,FALSE,FALSE,FALSE,FALSE,FALSE,FALSE,FALSE,"Kidney_hypermethylated"
4334,"chr19",23151543,23153009,4509,0.365760783956732,0.133393775557338,0.232367008399395,1.82781197267308,0.00238728020808159,0.00805678860675125,20,0,0,27.95,26.3875,3.9,4,1921,"+","Interval_4509",0,FALSE,FALSE,FALSE,FALSE,FALSE,TRUE,TRUE,"Kidney_hypermethylated"
4336,"chr19",23169410,23170176,4511,0.704485091609232,0.592152068366754,0.112333023242478,0.239463675587792,0.0128784022463549,0.028735577997041,6,0,0,30.375,33.875,4,4,4422,"+","Interval_4511",0,FALSE,FALSE,FALSE,FALSE,FALSE,FALSE,FALSE,"Kidney_hypermethylated"
4337,"chr19",23175651,23175941,4512,0.189722042663219,0.611452762923351,-0.421730720260132,-1.63765116808236,0.000227249531564436,0.00157257699489128,1,0,0,39.25,40,4,4,888,"+","Interval_4512",0,FALSE,FALSE,FALSE,FALSE,FALSE,FALSE,FALSE,"Liver_hypermethylated"
4338,"chr19",23203592,23204315,4513,0.918763213728447,0.34117518307643,0.577588030652017,1.62009905616508,1.99408210429004e-06,0.000155206139113446,5,0,0,38.2,37.05,4,4,834,"+","Interval_4513",0,FALSE,FALSE,FALSE,FALSE,FALSE,TRUE,TRUE,"Kidney_hypermethylated"
4343,"chr19",23349907,23350145,4518,0.251981995569915,0.509500957220302,-0.257518961650387,-1.01154147092728,0.00133793763179991,0.00528478832243118,3,0,0,37,37.1666666666667,4,4,1703,"+","Interval_4518",0,FALSE,FALSE,FALSE,FALSE,FALSE,FALSE,FALSE,"Liver_hypermethylated"
4344,"chr19",23351706,23352100,4519,0.369133240811948,0.70170156874584,-0.332568327933893,-0.939340077986127,0.000245375288324983,0.00166427278891504,14,0,0,27.6964285714286,25.9821428571429,4,4,1849,"+","Interval_4519",0,FALSE,FALSE,FALSE,FALSE,TRUE,FALSE,TRUE,"Liver_hypermethylated"
4345,"chr19",23353950,23354294,4520,0.4892574782473,0.311475689573566,0.177781788673734,0.801405546820724,0.0121653831867568,0.0275142729785132,5,0,0,30.7,33.8,4,4,2717,"+","Interval_4520",0,FALSE,FALSE,FALSE,FALSE,FALSE,FALSE,FALSE,"Kidney_hypermethylated"
4347,"chr19",23401675,23402217,4522,0.159113290194355,0.570226666272546,-0.411113376078191,-2.12795598719229,9.54881790932898e-05,0.000922689962470079,9,0,0,28.3888888888889,26.9444444444444,4,4,728,"+","Interval_4522",0,FALSE,FALSE,FALSE,FALSE,FALSE,FALSE,FALSE,"Liver_hypermethylated"
4349,"chr19",23467869,23468640,4524,0.199539746552988,0.664257400311275,-0.464717653758287,-1.74743062104359,2.10040982560646e-06,0.000161337729729396,3,0,0,57.1666666666667,49.0833333333333,4,4,703,"+","Interval_4524",0,FALSE,FALSE,FALSE,FALSE,FALSE,FALSE,FALSE,"Liver_hypermethylated"
4351,"chr19",23497456,23497647,4526,0.303298611111111,0.720814564564565,-0.417515953453453,-1.22196701194984,4.95612370074858e-05,0.000641165897707369,1,0,0,35,38.25,4,4,1345,"+","Interval_4526",0,FALSE,FALSE,FALSE,FALSE,FALSE,FALSE,FALSE,"Liver_hypermethylated"
4352,"chr19",23498782,23499050,4527,0.299142598559198,0.667734822886704,-0.368592224327506,-1.13368048486115,0.000221580660409334,0.00154904796156468,3,0,0,36.9166666666667,37.0833333333333,4,4,1475,"+","Interval_4527",0,FALSE,FALSE,FALSE,FALSE,FALSE,FALSE,FALSE,"Liver_hypermethylated"
4353,"chr19",23507246,23507482,4528,0.186119640926211,0.326613863428455,-0.140494222502244,-0.918506153570054,0.0233485908495028,0.0452038723283537,7,0,0,24.7857142857143,23.1428571428571,4,3.71428571428571,3174,"+","Interval_4528",0,FALSE,FALSE,FALSE,FALSE,FALSE,FALSE,FALSE,"Liver_hypermethylated"
4359,"chr19",23779257,23779622,4534,0.122757903328556,0.297833747135218,-0.175075843806662,-1.44627583698958,0.00332518160036583,0.0102377610163446,2,0,0,30.375,28.125,4,4,2529,"+","Interval_4534",0,FALSE,FALSE,FALSE,FALSE,FALSE,FALSE,FALSE,"Liver_hypermethylated"
4360,"chr19",23788913,23789133,4535,0.384554043620175,0.641616917746119,-0.257062874125944,-0.845385699946119,0.000351139597646905,0.00214062780509943,3,0,0,38.0833333333333,35.25,4,4,2064,"+","Interval_4535",0,FALSE,FALSE,FALSE,FALSE,FALSE,FALSE,FALSE,"Liver_hypermethylated"
4361,"chr19",23806933,23807258,4536,0.300549146989264,0.469355900371861,-0.168806753382597,-0.76092017311319,0.0129937630002054,0.0289299542160371,3,0,0,50.5,44.9166666666667,4,4,2760,"+","Interval_4536",0,FALSE,FALSE,FALSE,FALSE,FALSE,FALSE,FALSE,"Liver_hypermethylated"
4362,"chr19",23816473,23816805,4537,0.55757497412174,0.765888378019353,-0.208313403897613,-0.493882998079139,0.00157478548794022,0.00594413809790702,7,0,0,24.75,25.4642857142857,4,4,3145,"+","Interval_4537",0,FALSE,FALSE,FALSE,FALSE,FALSE,FALSE,FALSE,"Liver_hypermethylated"
4365,"chr19",23879863,23880384,4540,0.398969264775341,0.606348223054121,-0.20737895827878,-0.618204557086505,0.0112992883905413,0.0258600101154101,7,0,0,23.4642857142857,20.25,4,3.71428571428571,2685,"+","Interval_4540",0,FALSE,FALSE,FALSE,FALSE,FALSE,FALSE,FALSE,"Liver_hypermethylated"
4369,"chr19",23959780,23961091,4544,0.329541959340333,0.519861366501375,-0.190319407161043,-0.782445483830664,0.00901139917598945,0.0220266698235701,13,0,0,18.6538461538462,20.2692307692308,3.84615384615385,3.92307692307692,2514,"+","Interval_4544",0,FALSE,FALSE,FALSE,FALSE,FALSE,FALSE,FALSE,"Liver_hypermethylated"
4371,"chr19",23995961,23996292,4546,0.589510119458758,0.762062361493159,-0.172552242034401,-0.408578246883006,0.0187475163017587,0.0381089936071145,8,0,0,18,21.90625,4,4,3515,"+","Interval_4546",0,FALSE,FALSE,FALSE,FALSE,FALSE,FALSE,FALSE,"Liver_hypermethylated"
4372,"chr19",24012706,24013446,4547,0.820966308070106,0.652308266285244,0.168658041784862,0.332711523384148,0.023293378600471,0.0451149790377899,6,0,0,21.9583333333333,20.875,4,4,3884,"+","Interval_4547",0,FALSE,FALSE,FALSE,FALSE,FALSE,FALSE,FALSE,"Kidney_hypermethylated"
4376,"chr19",24134327,24135363,4552,0.192657630348678,0.317491851463485,-0.124834221114807,-0.555422508154014,0.0237344681720774,0.0458498292730008,19,0,0,24.1184210526316,25.2894736842105,4,3.94736842105263,3198,"+","Interval_4552",0,FALSE,TRUE,TRUE,FALSE,FALSE,FALSE,FALSE,"Liver_hypermethylated"
4377,"chr19",24155545,24155938,4553,0.33192089398363,0.488068942250502,-0.156148048266872,-0.913331119085972,0.0137765644274741,0.0302285227261281,4,0,0,33.6875,33.6875,4,4,2800,"+","Interval_4553",0,FALSE,FALSE,FALSE,FALSE,FALSE,FALSE,FALSE,"Liver_hypermethylated"
4379,"chr19",24159406,24159832,4555,0.194161114548224,0.72898720228715,-0.534826087738926,-1.95507201922883,3.31107441487211e-05,0.000521103110629355,9,0,0,22.0277777777778,22.75,3.55555555555556,3.55555555555556,491,"+","Interval_4555",0,FALSE,FALSE,FALSE,FALSE,FALSE,FALSE,FALSE,"Liver_hypermethylated"
4380,"chr19",24166488,24167189,4556,0.206055600041724,0.0379293916726999,0.168126208369024,2.15339622398237,0.00392575079174107,0.011541687489005,17,0,0,26.25,26.9558823529412,4,4,2615,"+","Interval_4556",0,FALSE,FALSE,FALSE,FALSE,FALSE,FALSE,FALSE,"Kidney_hypermethylated"
4383,"chr19",24241768,24242749,4559,0.0713063052303765,0.322589764682198,-0.251283459451821,-2.40565893851843,0.00145298438983908,0.00559085101788424,13,0,0,25.8461538461538,27.4807692307692,4,4,1733,"+","Interval_4559",0,FALSE,FALSE,FALSE,FALSE,FALSE,FALSE,FALSE,"Liver_hypermethylated"
4387,"chr19",24271334,24272252,4563,0.285477273691265,0.42380573676756,-0.138328463076295,-0.682927314849686,0.0131144120502059,0.0290931631944097,17,0,0,23.9705882352941,25.8088235294118,4,4,3004,"+","Interval_4563",0,FALSE,FALSE,FALSE,FALSE,FALSE,FALSE,FALSE,"Liver_hypermethylated"
4388,"chr19",24274341,24274648,4564,0.796031932523868,0.150130844144203,0.645901088379665,2.35255537671497,0.0017217916019766,0.00634697624123948,3,0,0,27.9166666666667,30.9166666666667,4,4,1667,"+","Interval_4564",0,FALSE,FALSE,FALSE,FALSE,FALSE,TRUE,TRUE,"Kidney_hypermethylated"
4390,"chr19",24300777,24301947,4566,0.230090946656295,0.355041075389917,-0.124950128733622,-0.496369799887043,0.0138858209604491,0.030398421732084,14,0,0,26.7321428571429,27.6428571428571,4,4,3195,"+","Interval_4566",0,FALSE,FALSE,FALSE,FALSE,FALSE,FALSE,FALSE,"Liver_hypermethylated"
4391,"chr19",24308079,24308530,4567,0.117822764649976,0.408801362776851,-0.290978598126875,-1.85459483594866,0.00123588380358649,0.00495078616234616,5,0,0,22.6,23.55,4,4,1534,"+","Interval_4567",0,FALSE,FALSE,FALSE,FALSE,FALSE,FALSE,FALSE,"Liver_hypermethylated"
4392,"chr19",24317155,24317527,4568,0.3241554479822,0.705571393209794,-0.381415945227595,-1.45906322903625,0.000276363922145432,0.00180090806106435,8,0,0,27.0625,28.8125,4,4,1033,"+","Interval_4568",0,FALSE,FALSE,FALSE,FALSE,FALSE,FALSE,FALSE,"Liver_hypermethylated"
4393,"chr19",24323926,24324318,4569,0.167622284524964,0.499142020155764,-0.3315197356308,-1.63732524871781,0.00151994065530032,0.00578330360793838,3,0,0,34.0833333333333,34.0833333333333,4,4,1615,"+","Interval_4569",0,FALSE,FALSE,FALSE,FALSE,FALSE,FALSE,FALSE,"Liver_hypermethylated"
4394,"chr19",24362732,24363385,4570,0.178723454144068,0.569714592131392,-0.390991137987324,-1.88599773349421,0.00153224168372338,0.00580494768586939,5,0,0,27.25,29.7,4,4,1622,"+","Interval_4570",0,FALSE,FALSE,FALSE,FALSE,FALSE,FALSE,FALSE,"Liver_hypermethylated"
4395,"chr19",24372190,24373035,4571,0.465660936296505,0.802905311131593,-0.337244374835088,-0.882343054291449,0.000173770295239909,0.00131666888316799,20,0,0,28.75,31.175,4,4,1986,"+","Interval_4571",0,FALSE,FALSE,FALSE,FALSE,FALSE,FALSE,FALSE,"Liver_hypermethylated"
4396,"chr19",24391772,24391992,4572,0.192343757289409,0.657701233570155,-0.465357476280745,-1.85804549600953,4.52258932773421e-06,0.000205871252523945,3,0,0,42,40.75,4,4,586,"+","Interval_4572",0,FALSE,FALSE,FALSE,FALSE,FALSE,FALSE,FALSE,"Liver_hypermethylated"
4397,"chr19",24452325,24452980,4573,0.506205411803643,0.399029324397812,0.107176087405831,0.70515497321364,0.0190560832621755,0.0385322907686965,6,0,0,37.125,36.2083333333333,4,4,3426,"+","Interval_4573",0,FALSE,FALSE,FALSE,FALSE,FALSE,FALSE,FALSE,"Kidney_hypermethylated"
4398,"chr19",24469249,24469524,4574,0.201345229692313,0.450057830124387,-0.248712600432074,-1.11817075628888,0.00139658548963709,0.00543165685684806,3,0,0,24.1666666666667,22.1666666666667,4,4,1755,"+","Interval_4574",0,FALSE,FALSE,FALSE,FALSE,FALSE,FALSE,FALSE,"Liver_hypermethylated"
4400,"chr19",24512897,24513896,4577,0.869654727229021,0.263070848847316,0.606583878381705,2.03918006659433,0.000206550587060885,0.00147245169082267,22,0,0,28.6136363636364,29.3977272727273,4,4,862,"+","Interval_4577",0,FALSE,FALSE,FALSE,FALSE,FALSE,TRUE,TRUE,"Kidney_hypermethylated"
4401,"chr19",24526931,24527491,4578,0.78463120583869,0.455041670226234,0.329589535612456,0.902552475841372,0.000220039276303406,0.00154178033396172,6,0,0,30.5,33.0416666666667,4,4,1932,"+","Interval_4578",0,FALSE,FALSE,FALSE,FALSE,FALSE,FALSE,FALSE,"Kidney_hypermethylated"
4402,"chr19",24527917,24529269,4579,0.788351906668129,0.375095081071891,0.413256825596238,1.27595017003134,0.000144358018577848,0.00117029026934153,8,0,0,32.75,34.9375,4,4,1257,"+","Interval_4579",0,FALSE,FALSE,FALSE,FALSE,FALSE,TRUE,TRUE,"Kidney_hypermethylated"
4403,"chr19",24534404,24535878,4580,0.774116690975894,0.340973691150003,0.433142999825891,1.45479395103521,0.000241882584088013,0.00165335759646367,15,0,0,26.8333333333333,29.4166666666667,4,4,1042,"+","Interval_4580",0,FALSE,FALSE,FALSE,FALSE,FALSE,TRUE,TRUE,"Kidney_hypermethylated"
4408,"chr19",24652707,24653823,4586,0.477621208337805,0.600868926342938,-0.123247718005133,-0.461779078084856,0.00121921421762518,0.0049134103053578,13,0,0,29.2307692307692,30.3461538461538,4,4,3268,"+","Interval_4586",0,FALSE,FALSE,FALSE,FALSE,FALSE,FALSE,FALSE,"Liver_hypermethylated"
4409,"chr19",24659470,24659842,4587,0.578574678020364,0.591862462045677,-0.0132877840253131,-0.199716989538242,0.0158319816650958,0.0334896823862354,4,0,0,28.0625,28.1875,4,4,5074,"+","Interval_4587",0,FALSE,FALSE,FALSE,FALSE,FALSE,FALSE,FALSE,"Liver_hypermethylated"
4412,"chr19",24698373,24699085,4590,0.114427842071189,0.336631230378842,-0.222203388307652,-1.49584290043662,0.000664056634103223,0.00327761286471029,7,0,0,36.2857142857143,33.8571428571429,4,4,2014,"+","Interval_4590",0,FALSE,FALSE,FALSE,FALSE,FALSE,FALSE,FALSE,"Liver_hypermethylated"
4414,"chr19",24753059,24754182,4592,0.277229252365029,0.559498313639732,-0.282269061274703,-1.50599021028943,0.0027213902278765,0.00886688385487863,13,0,0,29.0769230769231,28.8846153846154,4,4,1886,"+","Interval_4592",0,FALSE,TRUE,TRUE,FALSE,FALSE,FALSE,FALSE,"Liver_hypermethylated"
4417,"chr19",24793723,24794964,4595,0.695581330973192,0.184257259432323,0.51132407154087,2.1106347154022,1.90229814217551e-05,0.000385796108371899,14,0,0,26.3928571428571,26.125,4,4,382,"+","Interval_4595",0,FALSE,FALSE,FALSE,FALSE,FALSE,TRUE,TRUE,"Kidney_hypermethylated"
4418,"chr19",24797490,24798080,4596,0.463475272642475,0.23616814818464,0.227307124457836,0.856169259840619,0.00461761466206076,0.0130882112999831,11,0,0,24.9318181818182,25.5681818181818,4,4,2168,"+","Interval_4596",0,FALSE,FALSE,FALSE,FALSE,FALSE,FALSE,FALSE,"Kidney_hypermethylated"
4419,"chr19",24800034,24800294,4597,0.921935478736949,0.717762543613937,0.204172935123013,0.358333988928275,0.00126433556695025,0.00504491726946439,2,0,0,19.875,16.625,4,4,3753,"+","Interval_4597",0,FALSE,TRUE,TRUE,FALSE,FALSE,FALSE,FALSE,"Kidney_hypermethylated"
4422,"chr19",24842004,24842336,4600,0.793744539694417,0.503953005314899,0.289791534379518,0.663657310487232,0.00155956956193257,0.00589757228189272,2,0,0,28.25,30.5,4,4,2534,"+","Interval_4600",0,FALSE,FALSE,FALSE,FALSE,FALSE,FALSE,FALSE,"Kidney_hypermethylated"
4423,"chr19",24847759,24848720,4601,0.222023610310007,0.495678713679508,-0.273655103369501,-1.78065397089758,9.16002536393089e-05,0.000903504909492059,9,0,0,34.5833333333333,37.9444444444444,4,4,1532,"+","Interval_4601",0,FALSE,FALSE,FALSE,FALSE,FALSE,FALSE,FALSE,"Liver_hypermethylated"
4427,"chr19",24935813,24936104,4605,0.384404837386531,0.835657068194519,-0.451252230807989,-1.22692328742974,0.000741548754367293,0.0035133516542691,5,0,0,17.65,22.65,3.8,4,1342,"+","Interval_4605",0,FALSE,FALSE,FALSE,FALSE,FALSE,FALSE,FALSE,"Liver_hypermethylated"
4429,"chr19",24990150,24990753,4607,0.723326966024564,0.108941038879358,0.614385927145207,2.84776932257887,1.52455280970947e-05,0.00034066825511508,7,0,0,38.8928571428571,35.5714285714286,4,4,275,"+","Interval_4607",0,FALSE,FALSE,FALSE,FALSE,FALSE,FALSE,FALSE,"Kidney_hypermethylated"
4432,"chr19",25054865,25055750,4610,0.889047188733115,0.563479137374423,0.325568051358692,0.810128504498001,0.000531893312219239,0.00281765896860968,13,0,0,33.0576923076923,32.6730769230769,4,4,2153,"+","Interval_4610",0,FALSE,FALSE,FALSE,FALSE,FALSE,TRUE,TRUE,"Kidney_hypermethylated"
4433,"chr19",25060196,25060669,4611,0.281791050262825,0.704714099717792,-0.422923049454967,-1.7733624344518,0.00128972829434753,0.00512251802524218,8,0,0,25.8125,25.75,4,3.875,1547,"+","Interval_4611",0,FALSE,FALSE,FALSE,FALSE,FALSE,FALSE,FALSE,"Liver_hypermethylated"
4434,"chr19",25096745,25097746,4612,0.248064854025651,0.598262269213349,-0.350197415187699,-1.49710314539136,0.000668608833747219,0.00328951263681078,11,0,0,27.5227272727273,29.1818181818182,4,4,1249,"+","Interval_4612",0,FALSE,FALSE,FALSE,FALSE,FALSE,FALSE,FALSE,"Liver_hypermethylated"
4437,"chr19",25184460,25184876,4616,0.491056803024323,0.75713115607751,-0.266074353053188,-0.64670035185777,0.00409839575543343,0.0119301951289145,6,0,0,33.4166666666667,36.1666666666667,4,4,2587,"+","Interval_4616",0,FALSE,FALSE,FALSE,FALSE,FALSE,FALSE,FALSE,"Liver_hypermethylated"
4439,"chr19",25187788,25188014,4618,0.568676201167383,0.802032616561488,-0.233356415394105,-0.534727268877046,0.00476313178803295,0.0133956269279004,11,0,0,19.25,23.1590909090909,4,4,2993,"+","Interval_4618",0,FALSE,FALSE,FALSE,FALSE,FALSE,FALSE,FALSE,"Liver_hypermethylated"
4440,"chr19",25198308,25198600,4619,0.35520260989011,0.678320377539128,-0.323117767649018,-0.916476795268881,0.000547801782117102,0.00285535408292319,2,0,0,18.375,19.625,4,4,1899,"+","Interval_4619",0,FALSE,FALSE,FALSE,FALSE,FALSE,FALSE,FALSE,"Liver_hypermethylated"
4441,"chr19",25200437,25201036,4620,0.377502092689302,0.615639428003558,-0.238137335314256,-0.910128702146396,0.00920757326344863,0.0223373619044184,4,0,0,21.75,22.25,3.75,4,2533,"+","Interval_4620",0,FALSE,FALSE,FALSE,FALSE,FALSE,FALSE,FALSE,"Liver_hypermethylated"
4442,"chr19",25207614,25208248,4621,0.126345580568354,0.243572144687324,-0.117226564118971,-1.08119068207071,0.0223571602318978,0.0437445111306676,20,0,0,22.7,22.6875,4,3.95,3282,"+","Interval_4621",0,FALSE,TRUE,TRUE,FALSE,FALSE,FALSE,FALSE,"Liver_hypermethylated"
4447,"chr19",25286122,25286783,4626,0.354819187252044,0.59096859061429,-0.236149403362246,-1.13378360912894,0.00326126697733387,0.0100807271507629,8,0,0,29.21875,30.4375,4,4,1988,"+","Interval_4626",0,FALSE,FALSE,FALSE,FALSE,FALSE,FALSE,FALSE,"Liver_hypermethylated"
4448,"chr19",25311726,25312374,4627,0.496629288969522,0.525382349081583,-0.0287530601120612,-0.189561438068635,0.016145834441163,0.0340014231120447,11,0,0,24.6590909090909,25.7954545454545,4,4,4733,"+","Interval_4627",0,FALSE,FALSE,FALSE,FALSE,FALSE,FALSE,FALSE,"Liver_hypermethylated"
4449,"chr19",25330508,25331001,4628,0.574689630734652,0.630524942231949,-0.0558353114972971,-0.130959369775691,0.00938161128390572,0.0226381388791255,13,0,0,27.0769230769231,25.4230769230769,4,4,5104,"+","Interval_4628",0,FALSE,TRUE,TRUE,FALSE,FALSE,FALSE,FALSE,"Liver_hypermethylated"
4450,"chr19",25336833,25337145,4629,0.874917652428495,0.204426857548543,0.670490794879952,2.07116183677866,2.39648384750984e-06,0.000165624402330802,5,0,0,33.15,32.35,4,4,401,"+","Interval_4629",0,FALSE,FALSE,FALSE,FALSE,FALSE,FALSE,FALSE,"Kidney_hypermethylated"
4451,"chr19",25340962,25341489,4630,0.419615605219983,0.242188149628484,0.177427455591498,0.745333728459879,0.0103142191701722,0.0241635062145284,6,0,0,24.875,28.125,4,4,2623,"+","Interval_4630",0,FALSE,FALSE,FALSE,FALSE,FALSE,FALSE,FALSE,"Kidney_hypermethylated"
4452,"chr19",25343601,25344056,4631,0.705553602914668,0.451125081505733,0.254428521408936,0.764634368676977,0.00843711541151207,0.0208468332142106,12,0,0,26.7916666666667,25.1666666666667,4,4,2487,"+","Interval_4631",0,FALSE,FALSE,FALSE,FALSE,FALSE,FALSE,FALSE,"Kidney_hypermethylated"
4453,"chr19",25352020,25352289,4632,0.820497262832713,0.60637443876228,0.214122824070432,0.41267924023198,0.0199299462892088,0.0399313726596636,7,0,0,31.2142857142857,29.0357142857143,4,4,3501,"+","Interval_4632",0,FALSE,FALSE,FALSE,FALSE,FALSE,FALSE,FALSE,"Kidney_hypermethylated"
4454,"chr19",25360928,25361299,4633,0.52204146351323,0.0812773714758841,0.440764092037346,2.73309577718198,0.00017880884744223,0.00134217489517099,5,0,0,19.25,19.55,4,4,818,"+","Interval_4633",0,FALSE,FALSE,FALSE,FALSE,FALSE,FALSE,FALSE,"Kidney_hypermethylated"
4455,"chr19",25374737,25375365,4634,0.0985208366122791,0.182690978899771,-0.084170142287492,-1.10604955874416,0.0198948542493965,0.0398909526642641,15,0,0,22.6166666666667,24,4,4,3749,"+","Interval_4634",0,FALSE,FALSE,FALSE,FALSE,FALSE,FALSE,FALSE,"Liver_hypermethylated"
4456,"chr19",25381747,25382727,4635,0.477462704103237,0.317347699174405,0.160115004928832,0.794218287630598,0.00475368894085265,0.0133827499303305,17,0,0,31.8823529411765,30.6029411764706,4,4,2730,"+","Interval_4635",0,FALSE,FALSE,FALSE,FALSE,FALSE,TRUE,TRUE,"Kidney_hypermethylated"
4458,"chr19",25399585,25400729,4637,0.168862129828262,0.343607045967883,-0.174744916139621,-0.947240284014698,0.016472864235583,0.0345952668242165,19,0,0,30.1184210526316,30.2236842105263,4,4,2926,"+","Interval_4637",0,FALSE,FALSE,FALSE,FALSE,FALSE,FALSE,FALSE,"Liver_hypermethylated"
4460,"chr19",25451094,25451501,4639,0.473498810848236,0.311363745061083,0.162135065787153,1.04049450918804,0.0108401890583451,0.0250990812974872,7,0,0,29.6071428571429,30.7857142857143,4,4,2702,"+","Interval_4639",0,FALSE,FALSE,FALSE,FALSE,FALSE,FALSE,FALSE,"Kidney_hypermethylated"
4461,"chr19",25461630,25462261,4640,0.348910445099531,0.745993062909028,-0.397082617809497,-1.08784562573219,4.34632571855174e-05,0.000587266632547382,17,0,0,27.8088235294118,27.9264705882353,4,4,1561,"+","Interval_4640",0,FALSE,TRUE,TRUE,FALSE,FALSE,FALSE,FALSE,"Liver_hypermethylated"
4463,"chr19",25536804,25537366,4642,0.371443416384966,0.609012363045682,-0.237568946660716,-0.834629859554813,0.00266564576858673,0.00872432488867613,11,0,0,21.6363636363636,21.7727272727273,4,4,2093,"+","Interval_4642",0,FALSE,TRUE,TRUE,FALSE,FALSE,FALSE,FALSE,"Liver_hypermethylated"
4469,"chr19",25623565,25624016,4648,0.337555211015175,0.602795029811071,-0.265239818795896,-0.801594572833977,0.00143024819471383,0.00553107310038795,12,0,0,36.0416666666667,33.1458333333333,4,4,2181,"+","Interval_4648",0,TRUE,TRUE,TRUE,TRUE,FALSE,FALSE,FALSE,"Liver_hypermethylated"
4471,"chr19",25650677,25651010,4650,0.441408927908183,0.508186657160611,-0.0667777292524272,-0.325104821494975,0.0107769891713997,0.0250187376117307,4,0,0,19.6875,20.1875,4,4,3976,"+","Interval_4650",0,TRUE,FALSE,TRUE,FALSE,FALSE,FALSE,FALSE,"Liver_hypermethylated"
4472,"chr19",25654132,25654870,4651,0.162630696217946,0.560759568301893,-0.398128872083947,-1.80974579488402,7.19226874739702e-05,0.000800661077042658,8,0,0,24.46875,22.90625,4,4,782,"+","Interval_4651",0,FALSE,FALSE,FALSE,FALSE,TRUE,FALSE,TRUE,"Liver_hypermethylated"
4476,"chr19",25688332,25688609,4655,0.412145735313225,0.458698830414384,-0.0465530951011588,-0.140957480586846,0.0107014031016229,0.0248851242538147,2,0,0,28,31.375,4,4,5038,"+","Interval_4655",0,FALSE,FALSE,FALSE,FALSE,FALSE,FALSE,FALSE,"Liver_hypermethylated"
4477,"chr19",25779499,25779909,4656,0.130931082094212,0.520470432486261,-0.389539350392049,-1.93877217683281,1.42883878734826e-05,0.000335615367957899,7,0,0,30.8928571428571,28.1785714285714,4,4,820,"+","Interval_4656",0,FALSE,FALSE,FALSE,FALSE,FALSE,FALSE,FALSE,"Liver_hypermethylated"
4480,"chr19",25856217,25856680,4659,0.298646397290566,0.450287223296581,-0.151640826006015,-0.802660150789729,0.00188654882482053,0.00679932113109803,4,0,0,34.25,31.875,4,4,2825,"+","Interval_4659",0,FALSE,FALSE,FALSE,FALSE,FALSE,FALSE,FALSE,"Liver_hypermethylated"
4481,"chr19",25863069,25863648,4660,0.685192297539859,0.441286375661376,0.243905921878483,0.783101257101158,0.000981046794603962,0.00424875771797744,2,0,0,32.125,32,4,4,2234,"+","Interval_4660",0,FALSE,FALSE,FALSE,FALSE,FALSE,FALSE,FALSE,"Kidney_hypermethylated"
4482,"chr19",25926969,25927926,4661,0.175118119332943,0.439696684759767,-0.264578565426824,-1.70591917066524,0.00335183006883911,0.0102933512109027,13,0,0,32.8846153846154,32.7692307692308,4,4,2001,"+","Interval_4661",0,FALSE,FALSE,FALSE,FALSE,FALSE,FALSE,FALSE,"Liver_hypermethylated"
4483,"chr19",25937266,25937703,4662,0.191422520690108,0.438543047957627,-0.247120527267519,-1.85266765207544,0.00757886265492935,0.0191970779120119,8,0,0,26.90625,24.71875,4,4,2426,"+","Interval_4662",0,FALSE,FALSE,FALSE,FALSE,FALSE,FALSE,FALSE,"Liver_hypermethylated"
4484,"chr19",26014803,26015024,4663,0.178363460945408,0.513927211269404,-0.335563750323997,-1.5768952664235,0.000966013831418983,0.00420110049120287,4,0,0,31.8125,28.75,4,4,1413,"+","Interval_4663",0,FALSE,FALSE,FALSE,FALSE,FALSE,FALSE,FALSE,"Liver_hypermethylated"
4485,"chr19",26021127,26021661,4664,0.285209601424713,0.595935920161148,-0.310726318736434,-1.06929333705231,0.00178015241310734,0.0065192007262604,8,0,0,35.71875,33.65625,4,4,1677,"+","Interval_4664",0,FALSE,FALSE,FALSE,FALSE,TRUE,FALSE,TRUE,"Liver_hypermethylated"
4487,"chr19",26135393,26136384,4666,0.161057795060311,0.530138493785067,-0.369080698724757,-1.85564476356186,0.000106053921144907,0.000975600816520136,4,0,0,30.75,30.0625,4,4,915,"+","Interval_4666",0,FALSE,FALSE,FALSE,FALSE,TRUE,FALSE,TRUE,"Liver_hypermethylated"
4491,"chr19",26612756,26614059,4670,0.491424371601158,0.229327489552037,0.262096882049121,1.25541313703102,0.000798744702648887,0.00370157330149126,15,0,0,31.25,29.4,4,4,1639,"+","Interval_4670",0,FALSE,FALSE,FALSE,FALSE,FALSE,FALSE,FALSE,"Kidney_hypermethylated"
4492,"chr19",26630832,26631195,4671,0.494117434333642,0.627734423386597,-0.133616989052955,-0.479307123747721,0.014751453009444,0.0318155892416706,3,0,0,23.5,23.5,4,4,3190,"+","Interval_4671",0,FALSE,FALSE,FALSE,FALSE,FALSE,FALSE,FALSE,"Liver_hypermethylated"
4493,"chr19",26669910,26670691,4672,0.857206318228458,0.603995921720825,0.253210396507633,0.505577609094611,0.00114452683469199,0.00471388565628839,8,0,0,32.8125,30.9375,4,4,3094,"+","Interval_4672",0,FALSE,FALSE,FALSE,FALSE,FALSE,FALSE,FALSE,"Kidney_hypermethylated"
4494,"chr19",26704886,26705313,4673,0.69534126955358,0.641074595445137,0.0542666741084432,0.0981899353735355,0.00455104314461177,0.0129532932485592,6,0,0,22.9166666666667,20.5,3.83333333333333,3.33333333333333,5353,"+","Interval_4673",0,FALSE,FALSE,FALSE,FALSE,FALSE,FALSE,FALSE,"Kidney_hypermethylated"
4495,"chr19",26728117,26728360,4674,0.824296093240309,0.745866507277248,0.0784295859630602,0.129855240120041,0.023164143690756,0.0449600956979456,4,0,0,31.9375,32.375,4,4,5118,"+","Interval_4674",0,FALSE,FALSE,FALSE,FALSE,FALSE,FALSE,FALSE,"Kidney_hypermethylated"
4498,"chr19",26754090,26754685,4677,0.599243436289082,0.609393588937365,-0.0101501526482827,-0.0265513041365624,0.0147355323198858,0.031805355147769,8,0,0,27.1875,26.875,4,4,5900,"+","Interval_4677",0,FALSE,FALSE,FALSE,FALSE,FALSE,FALSE,FALSE,"Liver_hypermethylated"
4502,"chr19",26852266,26852768,4681,0.215714524812755,0.456039793076779,-0.240325268264023,-1.26694974944998,0.0137732140336065,0.0302285227261281,5,0,0,20.4,20.8,3.6,4,2799,"+","Interval_4681",0,FALSE,FALSE,FALSE,FALSE,FALSE,FALSE,FALSE,"Liver_hypermethylated"
4504,"chr19",26865571,26866333,4683,0.110777555291577,0.531257507178952,-0.420479951887375,-2.25269353295081,0.000108675415732991,0.0009873056948269,8,0,0,25,25.125,4,4,687,"+","Interval_4683",0,FALSE,FALSE,FALSE,FALSE,TRUE,FALSE,TRUE,"Liver_hypermethylated"
4505,"chr19",26877352,26877805,4684,0.102007587591227,0.269061235019159,-0.167053647427931,-1.30879148606109,0.00998255852895116,0.0235327944435487,4,0,0,33.1875,33.875,4,4,2631,"+","Interval_4684",0,FALSE,FALSE,FALSE,FALSE,FALSE,FALSE,FALSE,"Liver_hypermethylated"
4506,"chr19",26880035,26880318,4685,0.336231268731269,0.645649928491975,-0.309418659760706,-0.921189698681431,0.00461063002068353,0.0130804808296862,1,0,0,25.25,25.75,4,4,2166,"+","Interval_4685",0,FALSE,FALSE,FALSE,FALSE,FALSE,FALSE,FALSE,"Liver_hypermethylated"
4507,"chr19",26881939,26882441,4686,0.59839572298821,0.746970277882637,-0.148574554894427,-0.35517562972805,0.00799943686510306,0.0199742135457368,10,0,0,32.325,30.175,4,4,3768,"+","Interval_4686",0,FALSE,FALSE,FALSE,FALSE,FALSE,FALSE,FALSE,"Liver_hypermethylated"
4508,"chr19",26914098,26914498,4687,0.756233386691773,0.476393980005795,0.279839406685977,0.661441223845398,0.000367822794786433,0.00220945364023717,2,0,0,36,30.5,4,4,2544,"+","Interval_4687",0,FALSE,FALSE,FALSE,FALSE,FALSE,FALSE,FALSE,"Kidney_hypermethylated"
4511,"chr19",26977847,26978345,4690,0.41853524753284,0.643342699540455,-0.224807452007615,-0.684570464381651,0.0097238858650641,0.0231781530802245,10,0,0,22.575,24.575,4,3.8,2578,"+","Interval_4690",0,FALSE,FALSE,FALSE,FALSE,FALSE,FALSE,FALSE,"Liver_hypermethylated"
4512,"chr19",26994411,26995274,4691,0.40931945756251,0.5416306483802,-0.132311190817689,-0.506611262949728,0.0107851646114654,0.0250282615322714,4,0,0,33.375,28.5,4,4,3095,"+","Interval_4691",0,FALSE,FALSE,FALSE,FALSE,FALSE,FALSE,FALSE,"Liver_hypermethylated"
4514,"chr19",27037826,27038563,4693,0.2905294435091,0.395914785658601,-0.105385342149502,-0.750708220199272,0.0150605457670186,0.0322801024549457,6,0,0,29.4583333333333,26.5,4,4,3446,"+","Interval_4693",0,FALSE,FALSE,FALSE,FALSE,FALSE,FALSE,FALSE,"Liver_hypermethylated"
4515,"chr19",27066862,27067139,4694,0.544272740089388,0.628489457197056,-0.0842167171076681,-0.232710251199247,0.0120448611740024,0.0273120560569169,4,0,0,18.625,18.5625,4,4,4470,"+","Interval_4694",0,FALSE,FALSE,FALSE,FALSE,FALSE,FALSE,FALSE,"Liver_hypermethylated"
4519,"chr19",27327540,27328028,4700,0.932684586868367,0.687909553290553,0.244775033577814,0.450477280765355,0.00724214115397371,0.0184966572698123,6,0,0,30.6666666666667,30.9583333333333,4,4,3314,"+","Interval_4700",0,FALSE,FALSE,FALSE,FALSE,FALSE,TRUE,TRUE,"Kidney_hypermethylated"
4521,"chr19",27332069,27332586,4702,0.635124513074226,0.49834437215561,0.136780140918616,0.420655512037192,0.00826627510395409,0.0205071701710932,4,0,0,29.6875,27.75,4,4,3453,"+","Interval_4702",0,FALSE,FALSE,FALSE,FALSE,FALSE,FALSE,FALSE,"Kidney_hypermethylated"
4522,"chr19",27364089,27364962,4703,0.153597871815047,0.355895679735641,-0.202297807920594,-1.64254528584244,0.00584300281033731,0.0157272239463525,15,0,0,26.5833333333333,27.4166666666667,4,4,2283,"+","Interval_4703",0,FALSE,FALSE,FALSE,FALSE,FALSE,FALSE,FALSE,"Liver_hypermethylated"
4527,"chr19",27581987,27582551,4708,0.679050051060509,0.0936713858240936,0.585378665236416,2.76072422081631,8.98287084637177e-05,0.00089755676993422,9,0,0,30.3055555555556,28.6388888888889,4,4,615,"+","Interval_4708",0,FALSE,FALSE,FALSE,FALSE,FALSE,FALSE,FALSE,"Kidney_hypermethylated"
4528,"chr19",27870898,27871238,4709,0.905979812029256,0.219480168939406,0.68649964308985,2.02726912025211,5.73964234496254e-05,0.000699803615273706,3,0,0,43.6666666666667,48.75,4,4,504,"+","Interval_4709",0,FALSE,FALSE,FALSE,FALSE,FALSE,TRUE,TRUE,"Kidney_hypermethylated"
4530,"chr19",27884329,27884796,4711,0.845833333333333,0.484308226495726,0.361525106837607,0.791918954064422,3.92641762574045e-05,0.000554662903682186,1,0,0,26.25,22.5,4,4,2206,"+","Interval_4711",0,FALSE,FALSE,FALSE,FALSE,FALSE,FALSE,FALSE,"Kidney_hypermethylated"
4531,"chr19",27904504,27904812,4712,0.565005888443388,0.48168021098802,0.0833256774553681,0.0377103145159318,0.00382023431006376,0.0113079671653862,2,0,0,32.125,33.75,4,4,5805,"+","Interval_4712",0,FALSE,FALSE,FALSE,FALSE,FALSE,FALSE,FALSE,"Kidney_hypermethylated"
4532,"chr19",27905953,27906555,4713,0.922849662581001,0.269686763383211,0.65316289919779,1.88641969418385,8.51784341129854e-06,0.000259802673539206,15,0,0,28.4833333333333,28.9666666666667,4,4,552,"+","Interval_4713",0,FALSE,FALSE,FALSE,FALSE,FALSE,TRUE,TRUE,"Kidney_hypermethylated"
4533,"chr19",27907111,27907457,4714,0.68511824243945,0.129889980758592,0.555228261680858,2.66593027412069,3.71576671718367e-06,0.000195157149376869,4,0,0,37.5625,40.75,4,4,278,"+","Interval_4714",0,FALSE,FALSE,FALSE,FALSE,FALSE,TRUE,TRUE,"Kidney_hypermethylated"
4539,"chr19",28192497,28192716,4720,0.442945942945943,0.627822431633407,-0.184876488687464,-0.493815955348534,0.0226695177570536,0.0442095165398585,1,0,0,40.25,38.75,4,4,3151,"+","Interval_4720",0,FALSE,TRUE,TRUE,FALSE,FALSE,FALSE,FALSE,"Liver_hypermethylated"
4540,"chr19",28192750,28193006,4721,0.759633190883191,0.53625,0.223383190883191,0.494609642906943,0.00829590876183504,0.0205629094578127,1,0,0,19,22.75,3,4,3142,"+","Interval_4721",0,FALSE,TRUE,TRUE,FALSE,FALSE,FALSE,FALSE,"Kidney_hypermethylated"
4541,"chr19",28381628,28382301,4722,0.275406486824779,0.626315167168805,-0.350908680344027,-1.30701063393127,0.000301728025451882,0.00191739267466579,9,0,0,29.8333333333333,28.4722222222222,4,3.88888888888889,1213,"+","Interval_4722",0,FALSE,FALSE,FALSE,FALSE,FALSE,FALSE,FALSE,"Liver_hypermethylated"
4542,"chr19",28394958,28396198,4723,0.372743477390156,0.632075176223274,-0.259331698833118,-1.00809274156136,0.000158004889785959,0.00123372305938338,19,0,0,36.6052631578947,32.5526315789474,4,4,1714,"+","Interval_4723",0,FALSE,FALSE,FALSE,FALSE,FALSE,FALSE,FALSE,"Liver_hypermethylated"
4543,"chr19",28436337,28436885,4724,0.383342010944431,0.578036497930447,-0.194694486986016,-0.614697820020382,0.00523738688077162,0.0143934447148218,6,0,0,22.9166666666667,23.625,4,4,2687,"+","Interval_4724",0,FALSE,FALSE,FALSE,FALSE,FALSE,FALSE,FALSE,"Liver_hypermethylated"
4544,"chr19",28512627,28512914,4725,0.283994892063886,0.738166152711915,-0.454171260648029,-1.4998527378611,5.51401573261679e-06,0.00021587543644406,9,0,0,27.5555555555556,25.6944444444444,4,4,979,"+","Interval_4725",0,FALSE,FALSE,FALSE,FALSE,FALSE,FALSE,FALSE,"Liver_hypermethylated"
4545,"chr19",28520541,28521520,4726,0.718949349857362,0.599364086532935,0.119585263324427,0.249557720187631,0.0164327602831308,0.0345228416888338,11,0,0,33.75,30.7727272727273,4,4,4360,"+","Interval_4726",0,FALSE,FALSE,FALSE,FALSE,FALSE,FALSE,FALSE,"Kidney_hypermethylated"
4546,"chr19",28550598,28550825,4727,0.291265405453467,0.717520963038099,-0.426255557584632,-1.30620021577548,4.22817737862981e-05,0.000577381110926226,3,0,0,34.6666666666667,34,4,4,1218,"+","Interval_4727",0,FALSE,FALSE,FALSE,FALSE,FALSE,FALSE,FALSE,"Liver_hypermethylated"
4547,"chr19",28550839,28551260,4728,0.238937868827971,0.587986482415128,-0.349048613587156,-1.37758625477729,0.000254839863682359,0.00170617201147151,10,0,0,32.9,33.925,4,4,1123,"+","Interval_4728",0,FALSE,FALSE,FALSE,FALSE,FALSE,FALSE,FALSE,"Liver_hypermethylated"
4551,"chr19",28623859,28624327,4732,0.812403444008334,0.649417197521799,0.162986246486535,0.334197832572677,0.00886075737127116,0.0217275953896493,9,0,0,34.1388888888889,33.5277777777778,4,4,3874,"+","Interval_4732",0,FALSE,FALSE,FALSE,FALSE,FALSE,FALSE,FALSE,"Kidney_hypermethylated"
4554,"chr19",28649600,28649941,4735,0.436694612964503,0.607248108574084,-0.170553495609581,-0.644961985417814,0.0183784641557734,0.0375700805845735,4,0,0,28.9375,32.375,4,4,3006,"+","Interval_4735",0,FALSE,FALSE,FALSE,FALSE,FALSE,FALSE,FALSE,"Liver_hypermethylated"
4555,"chr19",28660850,28661416,4736,0.401161563012976,0.704952413507678,-0.303790850494702,-0.923375617188974,0.000654027585225697,0.00324136651365868,9,0,0,33.5833333333333,33.1944444444444,4,4,1883,"+","Interval_4736",0,FALSE,FALSE,FALSE,FALSE,FALSE,FALSE,FALSE,"Liver_hypermethylated"
4561,"chr19",28750351,28750681,4742,0.415265120196368,0.72002546808969,-0.304760347893322,-0.905548267077591,0.000400868867443032,0.00232740498906707,9,0,0,38.1944444444444,36.9444444444444,4,4,1916,"+","Interval_4742",0,FALSE,FALSE,FALSE,FALSE,FALSE,FALSE,FALSE,"Liver_hypermethylated"
4562,"chr19",28776976,28777247,4743,0.13165823731263,0.238184104456372,-0.106525867143742,-0.84548053210662,0.0220946811384039,0.0433222130170682,3,0,0,33.8333333333333,32.0833333333333,4,4,3434,"+","Interval_4743",0,FALSE,FALSE,FALSE,FALSE,FALSE,FALSE,FALSE,"Liver_hypermethylated"
4564,"chr19",28902027,28902612,4745,0.196199327714965,0.637270721376325,-0.44107139366136,-1.80369379197796,0.000113279816842629,0.00100773250649645,2,0,0,35.625,34.75,4,4,690,"+","Interval_4745",0,FALSE,FALSE,FALSE,FALSE,FALSE,FALSE,FALSE,"Liver_hypermethylated"
4565,"chr19",28903049,28903584,4746,0.550662840066436,0.633988320132752,-0.0833254800663164,-0.321854112897125,0.00694126883992346,0.0179068417385935,6,0,0,26.9583333333333,31.4166666666667,4,4,3954,"+","Interval_4746",0,FALSE,FALSE,FALSE,FALSE,FALSE,FALSE,FALSE,"Liver_hypermethylated"
4566,"chr19",28916006,28916537,4747,0.880846405846406,0.608280683280683,0.272565722565723,0.526914780047425,0.000239020998019065,0.00163926789378031,1,0,0,37.25,39.5,4,4,3013,"+","Interval_4747",0,FALSE,FALSE,FALSE,FALSE,FALSE,FALSE,FALSE,"Kidney_hypermethylated"
4567,"chr19",28924774,28925054,4748,0.402122242316208,0.611254613944831,-0.209132371628623,-0.886290359447462,0.00283337769526902,0.00909671156605442,2,0,0,28.25,26.25,4,4,2142,"+","Interval_4748",0,FALSE,FALSE,FALSE,FALSE,FALSE,FALSE,FALSE,"Liver_hypermethylated"
4568,"chr19",28928976,28929562,4749,0.886504586420854,0.642051913875999,0.244452672544855,0.466770803260688,0.00088472162110733,0.00396833165087923,2,0,0,32.625,32.25,4,4,3250,"+","Interval_4749",0,FALSE,FALSE,FALSE,FALSE,FALSE,FALSE,FALSE,"Kidney_hypermethylated"
4572,"chr19",29014590,29015039,4753,0.541508879361661,0.767366955838122,-0.225858076476461,-0.49159984554376,0.0060813560692722,0.0161844664554689,5,0,0,33.55,33.15,4,4,3151,"+","Interval_4753",0,FALSE,FALSE,FALSE,FALSE,FALSE,FALSE,FALSE,"Liver_hypermethylated"
4573,"chr19",29016225,29016601,4754,0.584026063349042,0.783112641455763,-0.19908657810672,-0.414552438790342,0.00158636194833316,0.00596584710679758,3,0,0,50,47.0833333333333,4,4,3487,"+","Interval_4754",0,FALSE,FALSE,FALSE,FALSE,FALSE,FALSE,FALSE,"Liver_hypermethylated"
4575,"chr19",29057952,29058229,4756,0.921661383649454,0.758398450053197,0.163262933596257,0.280214434860595,0.0102744927085463,0.0241072003413581,3,0,0,19.3333333333333,27.75,4,4,4192,"+","Interval_4756",0,FALSE,FALSE,FALSE,FALSE,FALSE,FALSE,FALSE,"Kidney_hypermethylated"
4576,"chr19",29063744,29065036,4757,0.278145963936456,0.0593352124581338,0.218810751478323,1.61349295913511,0.00985379606024122,0.0233789871776766,21,0,0,26.7619047619048,29.6071428571429,3.95238095238095,3.9047619047619,2590,"+","Interval_4757",0,FALSE,FALSE,FALSE,FALSE,FALSE,TRUE,TRUE,"Kidney_hypermethylated"
4577,"chr19",29066945,29067678,4758,0.262600202865706,0.101630047358944,0.160970155506762,1.57931143407592,0.00708019500053622,0.0181844308793115,13,0,0,24.8846153846154,26.4615384615385,4,4,2716,"+","Interval_4758",0,FALSE,FALSE,FALSE,FALSE,FALSE,TRUE,TRUE,"Kidney_hypermethylated"
4580,"chr19",29112489,29113024,4761,0.625585785907368,0.858181487576807,-0.232595701669439,-0.561359098387029,0.00676126656670055,0.0175949130945204,11,0,0,18.1818181818182,20.5909090909091,4,4,2892,"+","Interval_4761",0,FALSE,FALSE,FALSE,FALSE,FALSE,FALSE,FALSE,"Liver_hypermethylated"
4581,"chr19",29121831,29122196,4762,0.234744692603745,0.747525681194995,-0.51278098859125,-1.66123874985473,1.08365115371564e-05,0.00029727840801708,7,0,0,28.8214285714286,30,4,4,787,"+","Interval_4762",0,FALSE,FALSE,FALSE,FALSE,FALSE,FALSE,FALSE,"Liver_hypermethylated"
4583,"chr19",29128285,29128621,4764,0.517438435710705,0.731603251909413,-0.214164816198708,-0.541017662266118,0.00375959658097256,0.0111661290430529,3,0,0,30.6666666666667,34.0833333333333,4,4,2967,"+","Interval_4764",0,FALSE,FALSE,FALSE,FALSE,FALSE,TRUE,TRUE,"Liver_hypermethylated"
4585,"chr19",29135188,29135758,4766,0.913246395551321,0.25144631179113,0.661800083760191,2.07817500553873,3.61461974837622e-06,0.000192782611755491,10,0,0,24.65,30.975,4,4,391,"+","Interval_4766",0,FALSE,FALSE,FALSE,FALSE,FALSE,TRUE,TRUE,"Kidney_hypermethylated"
4586,"chr19",29140769,29141263,4767,0.894272170262644,0.518416488912085,0.375855681350559,0.894339385486454,0.000151080938699076,0.00120414055551987,13,0,0,35.3846153846154,31.0961538461538,4,4,1947,"+","Interval_4767",0,FALSE,FALSE,FALSE,FALSE,FALSE,TRUE,TRUE,"Kidney_hypermethylated"
4587,"chr19",29149736,29150731,4768,0.285315145334873,0.667528588524986,-0.382213443190113,-1.4973156088646,0.000406324185316059,0.00234447147302083,10,0,0,24.95,28.125,4,4,1065,"+","Interval_4768",0,FALSE,FALSE,FALSE,FALSE,FALSE,FALSE,FALSE,"Liver_hypermethylated"
4588,"chr19",29198706,29199128,4769,0.765787977109234,0.736557996242594,0.0292299808666397,0.0473702930950987,0.00643675840035915,0.0169178273610808,2,0,0,35.75,36.875,4,4,5714,"+","Interval_4769",0,FALSE,FALSE,FALSE,FALSE,FALSE,FALSE,FALSE,"Kidney_hypermethylated"
4589,"chr19",29203221,29203770,4770,0.682473719885382,0.315697888016923,0.366775831868458,1.6816872268979,0.002332344280925,0.0079347058047088,3,0,0,26.1666666666667,32.4166666666667,4,4,1806,"+","Interval_4770",0,FALSE,FALSE,FALSE,FALSE,FALSE,TRUE,TRUE,"Kidney_hypermethylated"
4590,"chr19",29228205,29228467,4771,0.700251999308603,0.138819560340374,0.561432438968229,2.30267586322603,0.000211922621982417,0.00149857826476634,5,0,0,19.95,19.9,4,4,869,"+","Interval_4771",0,TRUE,FALSE,TRUE,FALSE,FALSE,FALSE,FALSE,"Kidney_hypermethylated"
4591,"chr19",29236919,29237355,4773,0.445512462885593,0.101178271501036,0.344334191384556,1.84869012111653,0.00302981525543001,0.00954780243313712,6,0,0,31.4166666666667,34.125,4,4,1950,"+","Interval_4773",0,FALSE,FALSE,FALSE,FALSE,FALSE,TRUE,TRUE,"Kidney_hypermethylated"
4592,"chr19",29238214,29238443,4774,0.359424640838706,0.346843297521657,0.0125813433170489,0.322244323259124,0.023384281504227,0.0452587117617245,6,0,0,40.8333333333333,40.5833333333333,4,4,5107,"+","Interval_4774",0,FALSE,FALSE,FALSE,FALSE,FALSE,FALSE,FALSE,"Kidney_hypermethylated"
4593,"chr19",29241527,29242416,4775,0.824395457995006,0.389547637252582,0.434847820742424,1.49972847308813,0.000362436302658575,0.00218564384674872,19,0,0,26.0394736842105,27.5131578947368,4,4,1019,"+","Interval_4775",0,FALSE,FALSE,FALSE,FALSE,FALSE,FALSE,FALSE,"Kidney_hypermethylated"
4596,"chr19",29270254,29270602,4779,0.326135501730974,0.591461590796178,-0.265326089065205,-0.873819456937446,0.000361168173388062,0.00218086928348212,4,0,0,25,28.75,4,4,2013,"+","Interval_4779",0,FALSE,FALSE,FALSE,FALSE,FALSE,FALSE,FALSE,"Liver_hypermethylated"
4599,"chr19",29334160,29334946,4782,0.008062106232893,0.0397107275763616,-0.0316486213434686,-1.29847402707458,0.0184962597196183,0.0377480956416654,22,0,0,18.3636363636364,19.3181818181818,4,4,4633,"+","Interval_4782",0,FALSE,TRUE,TRUE,FALSE,FALSE,FALSE,FALSE,"Liver_hypermethylated"
4603,"chr19",29469710,29470087,4787,0.897317734348984,0.608260199908597,0.289057534440387,0.56887205166531,2.33015638323952e-05,0.000428379272744152,2,0,0,34.875,37.125,4,4,2860,"+","Interval_4787",0,FALSE,FALSE,FALSE,FALSE,FALSE,FALSE,FALSE,"Kidney_hypermethylated"
4604,"chr19",29472559,29472916,4788,0.841469810199207,0.254702182315843,0.586767627883364,1.82672507386023,0.00221096493770303,0.00765861304520017,6,0,0,24.7083333333333,28.2916666666667,4,4,1774,"+","Interval_4788",0,FALSE,FALSE,FALSE,FALSE,FALSE,FALSE,FALSE,"Kidney_hypermethylated"
4605,"chr19",29482101,29482617,4789,0.829849817866296,0.568240140841486,0.26160967702481,0.584821543870564,0.0130370248340435,0.0289947584528401,4,0,0,27.1875,26.125,4,4,2804,"+","Interval_4789",0,FALSE,FALSE,FALSE,FALSE,FALSE,FALSE,FALSE,"Kidney_hypermethylated"
4606,"chr19",29488145,29488634,4790,0.380907706604524,0.188739372517339,0.192168334087185,0.988675206382429,0.00976782622962628,0.0232370627327802,9,0,0,25.6111111111111,25.8333333333333,4,4,2581,"+","Interval_4790",0,FALSE,FALSE,FALSE,FALSE,FALSE,FALSE,FALSE,"Kidney_hypermethylated"
4607,"chr19",29497003,29498170,4791,0.694424602355645,0.215926533664286,0.478498068691359,1.74120598879967,3.63558836178784e-05,0.000536219323896791,11,0,0,30.5909090909091,29.5681818181818,3.90909090909091,3.90909090909091,709,"+","Interval_4791",0,FALSE,FALSE,FALSE,FALSE,FALSE,FALSE,FALSE,"Kidney_hypermethylated"
4610,"chr19",29542536,29542731,4795,0.407346770462672,0.773024808458597,-0.365678037995925,-0.933709733143053,4.30597389019377e-05,0.000585009938671716,2,0,0,42.375,43,4,4,1862,"+","Interval_4795",0,FALSE,FALSE,FALSE,FALSE,FALSE,FALSE,FALSE,"Liver_hypermethylated"
4611,"chr19",29557413,29557820,4796,0.90703481407905,0.189641693539057,0.717393120539993,2.21156919404988,1.56299505067613e-06,0.000151200778386532,4,0,0,26.375,28.5,4,4,294,"+","Interval_4796",0,FALSE,FALSE,FALSE,FALSE,FALSE,FALSE,FALSE,"Kidney_hypermethylated"
4612,"chr19",29563443,29563722,4797,0.755108442666009,0.531573789102884,0.223534653563124,0.516195946768662,0.00366357377529361,0.0109603996344592,4,0,0,27.0625,33.625,4,4,3055,"+","Interval_4797",0,FALSE,FALSE,FALSE,FALSE,FALSE,FALSE,FALSE,"Kidney_hypermethylated"
4613,"chr19",29610822,29611490,4798,0.905574337937152,0.529312447222143,0.376261890715009,0.79854318825163,3.75300929077203e-05,0.000546498627767634,13,0,0,32.25,32.8269230769231,4,4,2188,"+","Interval_4798",0,FALSE,FALSE,FALSE,FALSE,FALSE,TRUE,TRUE,"Kidney_hypermethylated"
4617,"chr19",29666938,29667439,4803,0.247329420854607,0.3098979468465,-0.0625685259918935,-0.293805364245231,0.0102218707231702,0.0240112368478139,3,0,0,30.5833333333333,30.4166666666667,4,4,4118,"+","Interval_4803",0,FALSE,FALSE,FALSE,FALSE,FALSE,FALSE,FALSE,"Liver_hypermethylated"
4621,"chr19",29823433,29824017,4807,0.584315256669001,0.498687806681334,0.0856274499876671,0.222727875960584,0.0185037666896027,0.0377508785881835,13,0,0,30.9423076923077,31.1346153846154,4,4,4521,"+","Interval_4807",0,FALSE,FALSE,FALSE,FALSE,FALSE,FALSE,FALSE,"Kidney_hypermethylated"
4622,"chr19",29826818,29827338,4808,0.723823909853322,0.447091512306965,0.276732397546357,0.685228018533406,0.000565229810097492,0.00290655831217497,4,0,0,34.4375,34.9375,4,4,2481,"+","Interval_4808",0,FALSE,FALSE,FALSE,FALSE,FALSE,FALSE,FALSE,"Kidney_hypermethylated"
4623,"chr19",29835403,29835932,4809,0.0957427182666581,0.592389081759419,-0.496646363492761,-2.66409958358555,4.21136901420493e-06,0.000205871252523945,3,0,0,32.0833333333333,33.0833333333333,4,4,427,"+","Interval_4809",0,FALSE,FALSE,FALSE,FALSE,TRUE,FALSE,TRUE,"Liver_hypermethylated"
4624,"chr19",29842995,29843289,4810,0.313031013036347,0.675171607744929,-0.362140594708582,-1.1444840379884,4.62879162910253e-05,0.000612898558137289,6,0,0,31.25,32.6666666666667,4,4,1456,"+","Interval_4810",0,FALSE,FALSE,FALSE,FALSE,FALSE,FALSE,FALSE,"Liver_hypermethylated"
4625,"chr19",29858935,29859219,4811,0.863514833024568,0.602072503365703,0.261442329658865,0.517591877902173,0.00101931922632066,0.00437105139270095,4,0,0,34.6875,26.9375,4,4,3044,"+","Interval_4811",0,FALSE,FALSE,FALSE,FALSE,FALSE,FALSE,FALSE,"Kidney_hypermethylated"
4626,"chr19",29866643,29867336,4812,0.305890341901948,0.468370165070987,-0.16247982316904,-0.628584691740878,0.0081719797594605,0.0203060313877415,5,0,0,19.65,21.35,3.8,4,2697,"+","Interval_4812",0,FALSE,FALSE,FALSE,FALSE,FALSE,FALSE,FALSE,"Liver_hypermethylated"
4627,"chr19",29877469,29878473,4813,0.346699059593882,0.547192212689685,-0.200493153095803,-0.600539575055835,0.00388122601468527,0.0114553957061676,14,0,0,31.4642857142857,30.0178571428571,4,4,2751,"+","Interval_4813",0,FALSE,FALSE,FALSE,FALSE,FALSE,FALSE,FALSE,"Liver_hypermethylated"
4628,"chr19",29878772,29879012,4814,0.698022973992802,0.563053922698816,0.134969051293985,0.328456317516843,0.015882740774394,0.0335393271679212,2,0,0,32.75,31.375,4,4,3909,"+","Interval_4814",0,FALSE,FALSE,FALSE,FALSE,FALSE,FALSE,FALSE,"Kidney_hypermethylated"
4629,"chr19",29879036,29879433,4815,0.528375304294484,0.551325003541008,-0.0229496992465235,-0.0562600268105242,0.0224049738904201,0.0438187665679923,5,0,0,29.2,31.75,4,4,5655,"+","Interval_4815",0,FALSE,FALSE,FALSE,FALSE,FALSE,FALSE,FALSE,"Liver_hypermethylated"
4631,"chr19",29924503,29925235,4817,0.142862225266945,0.409783339504358,-0.266921114237413,-1.24640410599959,0.00264012682474776,0.00865719281647546,9,0,0,24.25,26.0833333333333,3.88888888888889,4,1874,"+","Interval_4817",0,FALSE,FALSE,FALSE,FALSE,TRUE,FALSE,TRUE,"Liver_hypermethylated"
4632,"chr19",29925997,29926715,4818,0.124853532579874,0.354587400735824,-0.22973386815595,-1.80715073651954,0.00393382031761943,0.0115497337998079,12,0,0,34.1666666666667,35.2291666666667,4,4,2092,"+","Interval_4818",0,FALSE,FALSE,FALSE,FALSE,FALSE,FALSE,FALSE,"Liver_hypermethylated"
4633,"chr19",29940031,29940742,4819,0.534388898890088,0.259327963447995,0.275060935442093,1.417658207606,0.000501567431636336,0.00269808292054136,9,0,0,24.1666666666667,25.7777777777778,4,4,1520,"+","Interval_4819",0,FALSE,FALSE,FALSE,FALSE,FALSE,FALSE,FALSE,"Kidney_hypermethylated"
4636,"chr19",29984097,29985277,4822,0.471036444249105,0.67764020706542,-0.206603762816315,-0.586275491435938,0.00905643417912161,0.0221015838088572,29,0,0,25.6810344827586,24.9310344827586,4,4,2796,"+","Interval_4822",0,FALSE,FALSE,FALSE,FALSE,FALSE,FALSE,FALSE,"Liver_hypermethylated"
4637,"chr19",30010718,30011071,4823,0.674030414222849,0.392091992953078,0.28193842126977,0.762528680523911,0.00237336014932968,0.00803542596012722,5,0,0,30.5,28.35,4,4,2291,"+","Interval_4823",0,FALSE,TRUE,TRUE,FALSE,FALSE,FALSE,FALSE,"Kidney_hypermethylated"
4639,"chr19",30050379,30051204,4825,0.921050122188132,0.63202256011247,0.289027562075662,0.795461085775173,0.000732153034472378,0.00349036493160028,6,0,0,33.375,35.0833333333333,4,4,2199,"+","Interval_4825",0,FALSE,FALSE,FALSE,FALSE,FALSE,TRUE,TRUE,"Kidney_hypermethylated"
4642,"chr19",30107339,30107766,4829,0.800990513197027,0.54933459043836,0.251655922758667,0.545225624794904,0.000201385467414182,0.00144064458353917,6,0,0,43.7083333333333,41,4,4,2953,"+","Interval_4829",0,FALSE,FALSE,FALSE,FALSE,FALSE,FALSE,FALSE,"Kidney_hypermethylated"
4643,"chr19",30118773,30119435,4830,0.884913525816884,0.63440683201299,0.250506693803894,0.485444821498593,0.00308063612235098,0.00963926375127763,15,0,0,27.2,28.5,4,4,3175,"+","Interval_4830",0,FALSE,FALSE,FALSE,FALSE,FALSE,TRUE,TRUE,"Kidney_hypermethylated"
4644,"chr19",30145005,30145639,4831,0.888996376723137,0.557810109880431,0.331186266842706,0.680488242665696,0.000318964938965482,0.00199393646993173,6,0,0,20.4583333333333,21.7083333333333,4,4,2494,"+","Interval_4831",0,FALSE,FALSE,FALSE,FALSE,FALSE,FALSE,FALSE,"Kidney_hypermethylated"
4645,"chr19",30149126,30149863,4832,0.261150814660566,0.490988589468936,-0.229837774808369,-1.00605953054261,0.000879628979181477,0.00395414782521593,7,0,0,28.4642857142857,27.0357142857143,4,4,1940,"+","Interval_4832",0,FALSE,FALSE,FALSE,FALSE,FALSE,FALSE,FALSE,"Liver_hypermethylated"
4646,"chr19",30157242,30157836,4833,0.699950590088942,0.543814542800853,0.156136047288089,0.334640847682355,0.00715157818132742,0.018326291878339,8,0,0,32.65625,34.1875,4,4,3869,"+","Interval_4833",0,FALSE,FALSE,FALSE,FALSE,FALSE,FALSE,FALSE,"Kidney_hypermethylated"
4648,"chr19",30187481,30187870,4835,0.850119346573979,0.500541060680601,0.349578285893378,0.768484196827823,8.09942508229653e-05,0.000849177703128703,5,0,0,34.45,34.85,4,4,2274,"+","Interval_4835",0,FALSE,FALSE,FALSE,FALSE,FALSE,FALSE,FALSE,"Kidney_hypermethylated"
4649,"chr19",30195039,30196052,4836,0.745596080804766,0.578575729449131,0.167020351355636,0.301931097188119,0.00739571963483221,0.0188185081391486,11,0,0,28.4318181818182,27,4,4,4061,"+","Interval_4836",0,FALSE,FALSE,FALSE,FALSE,FALSE,FALSE,FALSE,"Kidney_hypermethylated"
4652,"chr19",30371014,30371250,4841,0.926568055032729,0.556146167806785,0.370421887225944,0.742246160642295,0.000128369527417597,0.00108059006298785,2,0,0,21.375,22.125,4,4,2342,"+","Interval_4841",0,FALSE,FALSE,FALSE,FALSE,FALSE,FALSE,FALSE,"Kidney_hypermethylated"
4653,"chr19",30371890,30372548,4842,0.236981907350959,0.161375340426599,0.0756065669243595,0.347112261864878,0.0201499714114563,0.0402671786417558,9,0,0,40.3611111111111,38.5,4,4,3859,"+","Interval_4842",0,FALSE,FALSE,FALSE,FALSE,FALSE,FALSE,FALSE,"Kidney_hypermethylated"
4654,"chr19",30379452,30380148,4843,0.603430819344689,0.624165478259559,-0.0207346589148704,-0.110066212276541,0.00172667876489415,0.00635736429615014,9,0,0,43.75,37.3888888888889,4,4,5281,"+","Interval_4843",0,FALSE,FALSE,FALSE,FALSE,FALSE,FALSE,FALSE,"Liver_hypermethylated"
4655,"chr19",30380263,30381046,4844,0.463544007211434,0.407014817755754,0.0565291894556798,0.394829526596186,0.0058651076912077,0.0157729044912347,4,0,0,44.5,43.375,4,4,4168,"+","Interval_4844",0,FALSE,FALSE,FALSE,FALSE,FALSE,FALSE,FALSE,"Kidney_hypermethylated"
4657,"chr19",30419648,30420185,4846,0.275849643468941,0.44956844430259,-0.173718800833649,-0.639569200607092,0.00243262474111931,0.00816410651784717,9,0,0,32.9722222222222,29.75,4,4,2609,"+","Interval_4846",0,FALSE,FALSE,FALSE,FALSE,FALSE,FALSE,FALSE,"Liver_hypermethylated"
4658,"chr19",30435540,30435816,4847,0.629528195286984,0.738034000854184,-0.1085058055672,-0.516895081138696,0.0171237036180689,0.0355010656994039,4,0,0,45.375,44.125,4,4,3409,"+","Interval_4847",0,FALSE,FALSE,FALSE,FALSE,FALSE,FALSE,FALSE,"Liver_hypermethylated"
4659,"chr19",30446858,30447304,4848,0.483555969273917,0.649692049663857,-0.16613608038994,-0.528353423893511,0.00954470384900558,0.0228816930156414,12,0,0,32.9791666666667,31.0625,4,4,3011,"+","Interval_4848",0,FALSE,FALSE,FALSE,FALSE,FALSE,FALSE,FALSE,"Liver_hypermethylated"
4660,"chr19",30510319,30510698,4849,0.494700190680284,0.709391259399157,-0.214691068718874,-0.548964827482712,0.0146594506340483,0.0316968065257659,4,0,0,26.3125,23.1875,4,4,2939,"+","Interval_4849",0,FALSE,FALSE,FALSE,FALSE,FALSE,FALSE,FALSE,"Liver_hypermethylated"
4665,"chr19",30625908,30626246,4854,0.396980015104477,0.611894826197653,-0.214914811093175,-0.825920531271951,0.00038598000155879,0.00227033063804442,5,0,0,31.55,34.65,4,4,2118,"+","Interval_4854",0,FALSE,FALSE,FALSE,FALSE,FALSE,FALSE,FALSE,"Liver_hypermethylated"
4666,"chr19",30842938,30844226,4855,0.461051310102932,0.374283529221418,0.0867677808815138,0.105452227729877,0.0192435190748731,0.0388046538773459,8,0,0,30.375,33.25,4,4,5308,"+","Interval_4855",0,FALSE,FALSE,FALSE,FALSE,FALSE,FALSE,FALSE,"Kidney_hypermethylated"
4667,"chr19",30938005,30938339,4856,0.618840579710145,0.24176245210728,0.377078127602865,1.32063118382222,0.000101727441223106,0.000950022988322171,1,0,0,21.5,25.5,4,4,1197,"+","Interval_4856",0,FALSE,FALSE,FALSE,FALSE,FALSE,FALSE,FALSE,"Kidney_hypermethylated"
4668,"chr19",30942524,30942807,4857,0.576988102969208,0.018697265590515,0.558290837378693,4.35727308964031,0.00511187703891472,0.0141497677496085,2,0,0,33,31.25,4,4,2220,"+","Interval_4857",0,FALSE,FALSE,FALSE,FALSE,FALSE,FALSE,FALSE,"Kidney_hypermethylated"
4669,"chr19",30947922,30948435,4858,0.542121480660052,0.551806727552278,-0.00968524689222595,-0.144241984758273,0.0256803743610825,0.0487657294341322,5,0,0,28.05,29.7,4,4,5229,"+","Interval_4858",0,FALSE,FALSE,FALSE,FALSE,FALSE,FALSE,FALSE,"Liver_hypermethylated"
4670,"chr19",31031687,31031940,4859,0.681922723796399,0.728272640409521,-0.0463499166131225,-0.106216298864782,0.0121194205631383,0.0274406187768921,4,0,0,43.0625,41.25,4,4,5301,"+","Interval_4859",0,TRUE,FALSE,TRUE,FALSE,FALSE,FALSE,FALSE,"Liver_hypermethylated"
4671,"chr19",31072674,31073057,4860,0.345717297593032,0.641443781942091,-0.295726484349059,-0.872342351669244,0.000605727710847332,0.00306353644704268,4,0,0,44.8125,44.125,4,4,2016,"+","Interval_4860",0,FALSE,FALSE,FALSE,FALSE,FALSE,FALSE,FALSE,"Liver_hypermethylated"
4673,"chr19",31097763,31098150,4862,0.790008657857244,0.569156121188342,0.220852536668902,0.457870971883153,0.00341745028063231,0.0104196602117963,3,0,0,39.6666666666667,41.5833333333333,4,4,3283,"+","Interval_4862",0,FALSE,FALSE,FALSE,FALSE,FALSE,TRUE,TRUE,"Kidney_hypermethylated"
4674,"chr19",31104819,31105167,4863,0.850639288260407,0.278371107868448,0.572268180391958,1.82202468156394,1.68906196885899e-05,0.000359987414679504,4,0,0,28.5625,31.9375,4,4,632,"+","Interval_4863",0,FALSE,FALSE,FALSE,FALSE,FALSE,FALSE,FALSE,"Kidney_hypermethylated"
4675,"chr19",31106932,31107757,4864,0.403854616725079,0.253272208283875,0.150582408441204,0.80064429341106,0.00997388000814295,0.0235327944435487,10,0,0,22.375,25.625,3.9,4,2839,"+","Interval_4864",0,FALSE,FALSE,FALSE,FALSE,FALSE,FALSE,FALSE,"Kidney_hypermethylated"
4676,"chr19",31113400,31113628,4865,0.858433155078582,0.598278703360735,0.260154451717848,0.537145776121559,0.00372757142693534,0.0111100628598908,3,0,0,25.25,27.4166666666667,4,4,2980,"+","Interval_4865",0,FALSE,FALSE,FALSE,FALSE,FALSE,FALSE,FALSE,"Kidney_hypermethylated"
4678,"chr19",31219055,31219714,4867,0.858228230862001,0.304848731771916,0.553379499090084,1.71839565617284,2.36112405664931e-05,0.000429263530417456,4,0,0,36.4375,35.4375,4,4,734,"+","Interval_4867",0,FALSE,FALSE,FALSE,FALSE,FALSE,FALSE,FALSE,"Kidney_hypermethylated"
4679,"chr19",31329949,31330672,4868,0.17076221999303,0.501796856011291,-0.33103463601826,-1.78364969264074,0.000283146518548398,0.00182531672620755,10,0,0,36.6,33.7,4,4,1134,"+","Interval_4868",0,FALSE,FALSE,FALSE,FALSE,FALSE,FALSE,FALSE,"Liver_hypermethylated"
4680,"chr19",31337069,31337971,4869,0.822327689521375,0.148819823665067,0.673507865856308,2.43866609953332,0.000113135351770647,0.00100773250649645,11,0,0,27.2954545454545,23.75,4,3,688,"+","Interval_4869",0,FALSE,FALSE,FALSE,FALSE,FALSE,TRUE,TRUE,"Kidney_hypermethylated"
4681,"chr19",31342001,31342732,4871,0.57134991811861,0.428995147434645,0.142354770683965,0.614415978848101,0.0121368384246567,0.0274699344823261,8,0,0,30.6875,30.90625,4,4,2945,"+","Interval_4871",0,FALSE,FALSE,FALSE,FALSE,FALSE,FALSE,FALSE,"Kidney_hypermethylated"
4683,"chr19",31545985,31546379,4874,0.418594755645275,0.733911752661753,-0.315316997016478,-0.803292541930654,0.000244107762506457,0.00166298411957027,3,0,0,38.8333333333333,43.8333333333333,4,4,2178,"+","Interval_4874",0,FALSE,FALSE,FALSE,FALSE,FALSE,FALSE,FALSE,"Liver_hypermethylated"
4684,"chr19",31547908,31548145,4875,0.918792386270775,0.671275577853199,0.247516808417577,0.453561381485361,7.70023568810929e-05,0.000833062470130838,2,0,0,30.5,29.625,4,4,3300,"+","Interval_4875",0,FALSE,FALSE,FALSE,FALSE,FALSE,FALSE,FALSE,"Kidney_hypermethylated"
4689,"chr19",31780791,31781788,4880,0.757357232206304,0.186462398397949,0.570894833808355,2.46581271957904,0.000186673767559264,0.0013623637786837,6,0,0,35.7083333333333,36.9166666666667,4,4,842,"+","Interval_4880",0,FALSE,FALSE,FALSE,FALSE,FALSE,TRUE,TRUE,"Kidney_hypermethylated"
4691,"chr19",31871397,31871656,4882,0.796653409920147,0.445564579744685,0.351088830175462,0.8901621415593,0.000188544570212056,0.00137113181532909,2,0,0,37.125,44.5,4,4,1960,"+","Interval_4882",0,FALSE,FALSE,FALSE,FALSE,FALSE,FALSE,FALSE,"Kidney_hypermethylated"
4692,"chr19",31923657,31924476,4883,0.640408245372486,0.632121353494629,0.00828689187785643,-0.0221626539528548,0.0251351777437037,0.0479229498092024,5,0,0,33.15,37.95,4,4,5949,"+","Interval_4883",0,FALSE,FALSE,FALSE,FALSE,FALSE,FALSE,FALSE,"Kidney_hypermethylated"
4694,"chr19",32111869,32112437,4887,0.496054664889308,0.302626035405818,0.193428629483489,0.939427318127116,0.00547456933293579,0.0149383785749957,4,0,0,26.875,30.1875,3.75,4,2313,"+","Interval_4887",0,FALSE,FALSE,FALSE,FALSE,FALSE,FALSE,FALSE,"Kidney_hypermethylated"
4695,"chr19",32120491,32121123,4888,0.342599742599743,0.862856506238859,-0.520256763639117,-1.30771307916278,1.67864967152898e-06,0.000151200778386532,1,0,0,35,34.75,4,4,1211,"+","Interval_4888",0,FALSE,FALSE,FALSE,FALSE,FALSE,FALSE,FALSE,"Liver_hypermethylated"
4698,"chr19",32137107,32137397,4891,0.547214007347384,0.830093778402049,-0.282879771054665,-0.592318857627105,8.2979296715723e-05,0.000858430603229155,1,0,0,50,46.75,4,4,2781,"+","Interval_4891",0,FALSE,FALSE,FALSE,FALSE,FALSE,FALSE,FALSE,"Liver_hypermethylated"
4699,"chr19",32138402,32139048,4892,0.751104085172344,0.138548733660479,0.612555351511865,2.41716122816112,1.7317478463027e-05,0.000365690395722684,13,0,0,27.6153846153846,28.0961538461538,4,4,291,"+","Interval_4892",0,FALSE,FALSE,FALSE,FALSE,FALSE,FALSE,FALSE,"Kidney_hypermethylated"
4700,"chr19",32157084,32157580,4893,0.796928733961821,0.171801450512592,0.625127283449229,2.03677693089265,0.000992721966894607,0.0042869124993446,7,0,0,22.3214285714286,24.9642857142857,4,4,1423,"+","Interval_4893",0,FALSE,FALSE,FALSE,FALSE,FALSE,TRUE,TRUE,"Kidney_hypermethylated"
4701,"chr19",32172353,32173094,4894,0.905355248374524,0.290374375075252,0.614980873299271,1.88174307923147,3.63918355795556e-06,0.000192782611755491,10,0,0,23.425,26.725,3.7,4,559,"+","Interval_4894",0,FALSE,FALSE,FALSE,FALSE,FALSE,TRUE,TRUE,"Kidney_hypermethylated"
4702,"chr19",32179649,32181702,4895,0.506003424720027,0.194552349616289,0.311451075103738,2.1092485952761,0.00107503656959298,0.00452240072478466,29,0,0,30.9568965517241,33.3965517241379,4,4,1459,"+","Interval_4895",0,FALSE,FALSE,FALSE,FALSE,FALSE,TRUE,TRUE,"Kidney_hypermethylated"
4703,"chr19",32186690,32187509,4896,0.701293253875389,0.274810739362094,0.426482514513295,1.73571862144029,0.00223074392266974,0.00770107944090199,6,0,0,23.625,27.2083333333333,4,3.83333333333333,1780,"+","Interval_4896",0,FALSE,FALSE,FALSE,FALSE,FALSE,FALSE,FALSE,"Kidney_hypermethylated"
4704,"chr19",32188966,32189793,4897,0.627942525637135,0.79554955222217,-0.167607026585035,-0.365069497908842,0.0078345615420293,0.0196905442436687,8,0,0,30.40625,34.03125,4,4,3706,"+","Interval_4897",0,FALSE,FALSE,FALSE,FALSE,FALSE,FALSE,FALSE,"Liver_hypermethylated"
4705,"chr19",32196153,32196671,4898,0.600054168263069,0.402482263076747,0.197571905186322,1.01878697207169,0.00364096732071324,0.0108980731543024,5,0,0,25.2,31.4,4,4,2272,"+","Interval_4898",0,FALSE,FALSE,FALSE,FALSE,FALSE,TRUE,TRUE,"Kidney_hypermethylated"
4706,"chr19",32200198,32200547,4899,0.853880107670915,0.120251333623427,0.733628774047488,2.72953295986103,3.00320459149117e-06,0.000177516461463742,1,0,0,40.25,37.25,4,4,102,"+","Interval_4899",0,FALSE,FALSE,FALSE,FALSE,FALSE,FALSE,FALSE,"Kidney_hypermethylated"
4709,"chr19",32221946,32222706,4902,0.893901002709988,0.339967062169311,0.553933940540677,1.5746525239585,2.86139497709479e-05,0.000480039845800101,15,0,0,31.1166666666667,31.9833333333333,4,4,882,"+","Interval_4902",0,FALSE,FALSE,FALSE,FALSE,FALSE,TRUE,TRUE,"Kidney_hypermethylated"
4710,"chr19",32227305,32227693,4903,0.853485286796756,0.584004561160966,0.26948072563579,0.548136366270928,8.02970826549616e-05,0.000846774701952467,2,0,0,27.375,31.875,4,4,2942,"+","Interval_4903",0,FALSE,FALSE,FALSE,FALSE,FALSE,TRUE,TRUE,"Kidney_hypermethylated"
4711,"chr19",32237252,32238053,4904,0.501941274897347,0.372749951728148,0.129191323169199,0.322489430224434,0.00282881700109848,0.00909275283901477,4,0,0,34.3125,36.25,4,4,3948,"+","Interval_4904",0,FALSE,FALSE,FALSE,FALSE,FALSE,FALSE,FALSE,"Kidney_hypermethylated"
4712,"chr19",32238684,32240620,4905,0.77600024108955,0.135140237255751,0.640860003833799,2.48914007750401,7.60916528679458e-06,0.000248714471741238,22,0,0,28.3068181818182,29.3409090909091,3.77272727272727,3.5,188,"+","Interval_4905",0,FALSE,FALSE,FALSE,FALSE,FALSE,TRUE,TRUE,"Kidney_hypermethylated"
4713,"chr19",32254360,32255321,4906,0.470742050610814,0.237436087470883,0.233305963139931,1.33792716118147,0.00189580146302047,0.00682466314602272,10,0,0,40.775,42.175,4,4,1909,"+","Interval_4906",0,FALSE,FALSE,FALSE,FALSE,FALSE,FALSE,FALSE,"Kidney_hypermethylated"
4714,"chr19",32263750,32264280,4907,0.821100999475824,0.257435349227582,0.563665650248242,1.89267177290346,0.000182834667064606,0.00135721314177358,2,0,0,26.875,27.125,4,4,827,"+","Interval_4907",0,FALSE,FALSE,FALSE,FALSE,FALSE,TRUE,TRUE,"Kidney_hypermethylated"
4715,"chr19",32268605,32269164,4908,0.470710881958147,0.790917792682648,-0.320206910724502,-0.929503028074198,0.0017432222162898,0.00640293058292077,10,0,0,24.85,26.425,4,4,1871,"+","Interval_4908",0,FALSE,FALSE,FALSE,FALSE,FALSE,FALSE,FALSE,"Liver_hypermethylated"
4716,"chr19",32271493,32271916,4909,0.775350187477791,0.341134093816476,0.434216093661315,1.23990761062938,0.000123519342948343,0.00106306213223749,6,0,0,31.0833333333333,30.75,4,4,1321,"+","Interval_4909",0,FALSE,FALSE,FALSE,FALSE,FALSE,TRUE,TRUE,"Kidney_hypermethylated"
4717,"chr19",32272226,32273187,4910,0.63080898881706,0.201624646008983,0.429184342808077,1.82968527342733,6.55841195007908e-05,0.000765257257905094,10,0,0,31.475,34.75,4,4,649,"+","Interval_4910",0,FALSE,FALSE,FALSE,FALSE,FALSE,TRUE,TRUE,"Kidney_hypermethylated"
4719,"chr19",32277445,32277721,4912,0.960685483870968,0.658982687712526,0.301702796158441,0.537035040784912,0.0205398499733719,0.0408206268067174,1,0,0,24,29,4,4,3092,"+","Interval_4912",0,FALSE,FALSE,FALSE,FALSE,FALSE,FALSE,FALSE,"Kidney_hypermethylated"
4720,"chr19",32277791,32278079,4913,0.701694648196007,0.181883144445365,0.519811503750641,2.13755087648361,6.23773345710206e-05,0.000741409518257102,2,0,0,28.625,35.875,4,4,517,"+","Interval_4913",0,FALSE,FALSE,FALSE,FALSE,FALSE,FALSE,FALSE,"Kidney_hypermethylated"
4722,"chr19",32292974,32293951,4915,0.490716697049757,0.561862811942737,-0.0711461148929803,-0.224939858315852,0.0174671379954791,0.0361095398254067,9,0,0,29.8333333333333,30.4444444444444,4,4,4504,"+","Interval_4915",0,FALSE,FALSE,FALSE,FALSE,FALSE,FALSE,FALSE,"Liver_hypermethylated"
4723,"chr19",32304137,32305179,4916,0.450343529047501,0.440600115981549,0.00974341306595199,0.122484486949375,0.0242742204882313,0.0466516437168352,11,0,0,31.4772727272727,33.6590909090909,4,4,5227,"+","Interval_4916",0,FALSE,FALSE,FALSE,FALSE,FALSE,FALSE,FALSE,"Kidney_hypermethylated"
4724,"chr19",32319593,32319913,4917,0.267871186744315,0.514810740508972,-0.246939553764657,-0.932520794850767,0.00103801844949834,0.00442422553240193,4,0,0,39.875,34.875,4,4,1865,"+","Interval_4917",0,FALSE,FALSE,FALSE,FALSE,FALSE,FALSE,FALSE,"Liver_hypermethylated"
4728,"chr19",32337647,32338219,4921,0.0964982845408051,0.62390846152318,-0.527410176982375,-2.85090382426804,1.94825694188924e-05,0.000392525865833095,6,0,0,34.0833333333333,38.1666666666667,4,4,355,"+","Interval_4921",0,FALSE,FALSE,FALSE,FALSE,FALSE,FALSE,FALSE,"Liver_hypermethylated"
4729,"chr19",32344095,32344560,4922,0.0575898197453864,0.385916788210526,-0.32832696846514,-2.72613674649172,8.28336706637338e-05,0.000858369150469889,10,0,0,27.425,29.375,4,4,1146,"+","Interval_4922",0,FALSE,FALSE,FALSE,FALSE,FALSE,FALSE,FALSE,"Liver_hypermethylated"
4730,"chr19",32346114,32346783,4923,0.188120014906742,0.580838027614663,-0.39271801270792,-2.14634654838284,6.76303549134952e-05,0.000775351736834754,7,0,0,38.5357142857143,42.0357142857143,4,4,806,"+","Interval_4923",0,FALSE,FALSE,FALSE,FALSE,FALSE,FALSE,FALSE,"Liver_hypermethylated"
4731,"chr19",32349141,32349544,4924,0.266934333073855,0.49373253805536,-0.226798204981505,-1.30799217779032,0.000869190007270808,0.00392156578170273,3,0,0,31.6666666666667,33.3333333333333,4,4,1968,"+","Interval_4924",0,FALSE,FALSE,FALSE,FALSE,FALSE,FALSE,FALSE,"Liver_hypermethylated"
4732,"chr19",32359146,32359488,4925,0.816030818361651,0.624758887675468,0.191271930686182,0.413698272256909,0.00650032264732988,0.0170557142048856,9,0,0,28.3333333333333,30.2777777777778,4,4,3492,"+","Interval_4925",0,FALSE,FALSE,FALSE,FALSE,FALSE,FALSE,FALSE,"Kidney_hypermethylated"
4733,"chr19",32367105,32367662,4926,0.832599654349452,0.734545732729608,0.0980539216198441,0.187806772153401,0.0224675009346907,0.0439131021767411,12,0,0,24.375,27.0625,4,4,4743,"+","Interval_4926",0,FALSE,FALSE,FALSE,FALSE,FALSE,FALSE,FALSE,"Kidney_hypermethylated"
4734,"chr19",32372218,32372679,4927,0.817906247952271,0.150549779945466,0.667356468006805,2.3937903865705,3.49032830537213e-05,0.000530892758329499,4,0,0,30.0625,31.375,4,4,404,"+","Interval_4927",0,FALSE,FALSE,FALSE,FALSE,FALSE,TRUE,TRUE,"Kidney_hypermethylated"
4736,"chr19",32380670,32381046,4929,0.855062289546305,0.249899959704227,0.605162329842079,1.79891388434574,0.000167575749789645,0.00127919625149984,8,0,0,23.03125,25.9375,4,4,805,"+","Interval_4929",0,FALSE,FALSE,FALSE,FALSE,FALSE,FALSE,FALSE,"Kidney_hypermethylated"
4737,"chr19",32381386,32382051,4930,0.335617525247401,0.470814517523628,-0.135196992276227,-0.565114144575051,0.00282918526089442,0.00909275283901477,5,0,0,29.9,30.1,4,4,3052,"+","Interval_4930",0,FALSE,FALSE,FALSE,FALSE,FALSE,FALSE,FALSE,"Liver_hypermethylated"
4739,"chr19",32438833,32439642,4932,0.939136184595577,0.808334647985368,0.130801536610209,0.21989877979486,0.00768203228083917,0.0193944487944769,8,0,0,30.5,28.625,4,4,4536,"+","Interval_4932",0,FALSE,TRUE,TRUE,FALSE,FALSE,TRUE,TRUE,"Kidney_hypermethylated"
4741,"chr19",32470766,32471266,4934,0.90059983922534,0.748984230247438,0.151615608977901,0.31996888624867,0.0246540099189181,0.0471959161843463,9,0,0,23.5833333333333,27.5,4,4,3964,"+","Interval_4934",0,FALSE,FALSE,FALSE,FALSE,FALSE,FALSE,FALSE,"Kidney_hypermethylated"
4742,"chr19",32475779,32476959,4935,0.807764252912041,0.330289037173081,0.477475215738961,1.44568634367405,3.63878694979596e-05,0.000536219323896791,19,0,0,29.4210526315789,31.9078947368421,4,4,1053,"+","Interval_4935",0,FALSE,FALSE,FALSE,FALSE,FALSE,TRUE,TRUE,"Kidney_hypermethylated"
4744,"chr19",32487643,32488124,4937,0.883851894981636,0.154260005891177,0.729591889090458,2.61593800548548,1.72444510242081e-07,0.000124617339437297,7,0,0,35.7857142857143,35.6785714285714,4,4,114,"+","Interval_4937",0,FALSE,FALSE,FALSE,FALSE,FALSE,TRUE,TRUE,"Kidney_hypermethylated"
4747,"chr19",32510288,32511344,4940,0.875225334178394,0.228586984184602,0.646638349993792,2.11379581994188,6.33601517756979e-06,0.000226365193407944,11,0,0,30.2954545454545,31.6818181818182,4,4,358,"+","Interval_4940",0,FALSE,FALSE,FALSE,FALSE,FALSE,TRUE,TRUE,"Kidney_hypermethylated"
4748,"chr19",32523813,32524273,4941,0.777519408280736,0.326473307320502,0.451046100960234,1.46902593879379,1.21318643276952e-05,0.000306998436478351,7,0,0,36.25,35.3571428571429,4,4,1017,"+","Interval_4941",0,FALSE,FALSE,FALSE,FALSE,FALSE,TRUE,TRUE,"Kidney_hypermethylated"
4749,"chr19",32569371,32570205,4942,0.839388505776508,0.339749187810374,0.499639317966135,1.44491294699013,2.41896316671645e-05,0.000432108391263738,9,0,0,30.4722222222222,33.5,4,4,1054,"+","Interval_4942",0,FALSE,FALSE,FALSE,FALSE,FALSE,TRUE,TRUE,"Kidney_hypermethylated"
4750,"chr19",32587677,32588141,4943,0.48536809238664,0.451417273963227,0.0339508184234125,-0.167343754064773,0.00955570064061833,0.0228927019246002,6,0,0,25,26.625,4,4,4877,"+","Interval_4943",0,FALSE,FALSE,FALSE,FALSE,FALSE,FALSE,FALSE,"Kidney_hypermethylated"
4755,"chr19",32637017,32638132,4948,0.842340147314371,0.384457296512412,0.457882850801958,1.57586171419461,0.000769976887494759,0.00362012851848148,26,0,0,22.4230769230769,24.8557692307692,3.65384615384615,3.73076923076923,1307,"+","Interval_4948",0,FALSE,FALSE,FALSE,FALSE,FALSE,TRUE,TRUE,"Kidney_hypermethylated"
4757,"chr19",32653213,32653595,4950,0.758492520519199,0.346011522972307,0.412480997546892,1.12324985506392,0.000115712767692547,0.00101870337746519,3,0,0,28.0833333333333,27.9166666666667,4,4,1496,"+","Interval_4950",0,FALSE,FALSE,FALSE,FALSE,FALSE,FALSE,FALSE,"Kidney_hypermethylated"
4759,"chr19",32723825,32724217,4952,0.0942456702352295,0.455222027394534,-0.360976357159305,-2.3035539089526,2.26112718527383e-05,0.000424373710092416,6,0,0,37.4166666666667,35.3333333333333,4,4,963,"+","Interval_4952",0,FALSE,TRUE,TRUE,FALSE,TRUE,FALSE,TRUE,"Liver_hypermethylated"
4762,"chr19",32861740,32862251,4955,0.302752767035789,0.609359684860571,-0.306606917824783,-1.06001234581283,0.000354396024560819,0.00215194028747652,6,0,0,32.375,35.4583333333333,4,4,1616,"+","Interval_4955",0,FALSE,FALSE,FALSE,FALSE,FALSE,FALSE,FALSE,"Liver_hypermethylated"
4763,"chr19",32867414,32867673,4956,0.0328423981966226,0.181722738208249,-0.148880340011626,-2.08411012839456,0.0225940849462668,0.044112429414107,7,0,0,31.4285714285714,31.9285714285714,4,4,3147,"+","Interval_4956",0,FALSE,TRUE,TRUE,FALSE,FALSE,FALSE,FALSE,"Liver_hypermethylated"
4765,"chr19",32885779,32886199,4958,0.231052204280657,0.654529191893256,-0.423476987612599,-1.56823240530294,0.0010519484064805,0.00446424237418695,9,0,0,23.4166666666667,22.2777777777778,4,4,1448,"+","Interval_4958",0,FALSE,FALSE,FALSE,FALSE,FALSE,FALSE,FALSE,"Liver_hypermethylated"
4766,"chr19",32903806,32904132,4959,0.20150009376609,0.0887773741038586,0.112722719662231,0.951348042984719,0.00288161659180352,0.00920207997479272,3,0,0,37.6666666666667,38.5,4,4,3346,"+","Interval_4959",0,FALSE,FALSE,FALSE,FALSE,FALSE,FALSE,FALSE,"Kidney_hypermethylated"
4767,"chr19",32905744,32906044,4960,0.624339586630703,0.0173887607633738,0.606950825867329,4.69029833109765,1.43640100525513e-05,0.000335615367957899,5,0,0,34.2,30.4,4,4,263,"+","Interval_4960",0,FALSE,FALSE,FALSE,FALSE,FALSE,FALSE,FALSE,"Kidney_hypermethylated"
4768,"chr19",32916569,32917309,4961,0.4316425994329,0.671982212654044,-0.240339613221144,-0.65233223635159,0.00263882819316096,0.00865719281647546,9,0,0,28.8888888888889,32.3611111111111,4,4,2572,"+","Interval_4961",0,FALSE,FALSE,FALSE,FALSE,FALSE,FALSE,FALSE,"Liver_hypermethylated"
4769,"chr19",32959955,32960890,4962,0.484272058127467,0.225276482637343,0.258995575490124,1.32530602932038,0.000347320655056189,0.00212578229613574,8,0,0,19.53125,21.15625,4,4,1664,"+","Interval_4962",0,FALSE,FALSE,FALSE,FALSE,FALSE,FALSE,FALSE,"Kidney_hypermethylated"
4770,"chr19",32980185,32980516,4963,0.497114646731352,0.68477109659456,-0.187656449863208,-0.521597920312484,0.0105024849838001,0.0245018110195336,3,0,0,27,26.9166666666667,4,4,3031,"+","Interval_4963",0,FALSE,FALSE,FALSE,FALSE,FALSE,FALSE,FALSE,"Liver_hypermethylated"
4772,"chr19",33035537,33036063,4965,0.352589295534146,0.592247675881506,-0.23965838034736,-0.809839665586109,0.00239971403910908,0.00808013302483579,9,0,0,20.5555555555556,22.3888888888889,4,4,2154,"+","Interval_4965",0,FALSE,FALSE,FALSE,FALSE,FALSE,FALSE,FALSE,"Liver_hypermethylated"
4773,"chr19",33100088,33100522,4966,0.59812367714272,0.342929058881116,0.255194618261605,0.750125273008226,0.00654468196047469,0.01714396324024,3,0,0,22.5833333333333,23.0833333333333,4,4,2345,"+","Interval_4966",0,FALSE,FALSE,FALSE,FALSE,FALSE,FALSE,FALSE,"Kidney_hypermethylated"
4774,"chr19",33101003,33102111,4967,0.748464339106859,0.0996108484737704,0.648853490633089,3.44034808048218,2.33534672692093e-05,0.000428379272744152,16,0,0,27.125,26.3125,4,4,335,"+","Interval_4967",0,FALSE,FALSE,FALSE,FALSE,FALSE,FALSE,FALSE,"Kidney_hypermethylated"
4776,"chr19",33130132,33130644,4969,0.413715954935561,0.578681089871473,-0.164965134935912,-0.4726380523963,0.0249470486833856,0.0476310120761107,6,0,0,26.625,27.75,4,4,3218,"+","Interval_4969",0,FALSE,FALSE,FALSE,FALSE,FALSE,FALSE,FALSE,"Liver_hypermethylated"
4777,"chr19",33167483,33168412,4970,0.281112930661949,0.666061941662806,-0.384949011000856,-1.44469846665931,3.58506810567125e-05,0.000534306805921592,19,0,0,36.6710526315789,34.6842105263158,4,4,1056,"+","Interval_4970",0,FALSE,FALSE,FALSE,FALSE,FALSE,FALSE,FALSE,"Liver_hypermethylated"
4778,"chr19",33222581,33223064,4971,0.472278415012524,0.154862198994091,0.317416216018432,1.55772634115384,0.000452588851368947,0.00250554819068665,11,0,0,29.0454545454545,27,4,4,1214,"+","Interval_4971",0,FALSE,FALSE,FALSE,FALSE,FALSE,FALSE,FALSE,"Kidney_hypermethylated"
4779,"chr19",33223369,33223681,4972,0.313670358127203,0.549369235417786,-0.235698877290584,-1.19805960316062,0.00418498577430392,0.0121419913045786,6,0,0,33.2916666666667,34.2083333333333,4,4,2118,"+","Interval_4972",0,FALSE,FALSE,FALSE,FALSE,FALSE,FALSE,FALSE,"Liver_hypermethylated"
4780,"chr19",33224332,33224518,4973,0.38443515704154,0.203434371523915,0.181000785517625,0.885995621807744,0.0225117022360455,0.0439855040510333,1,0,0,27,28,4,4,3145,"+","Interval_4973",0,FALSE,FALSE,FALSE,FALSE,FALSE,FALSE,FALSE,"Kidney_hypermethylated"
4781,"chr19",33271653,33272076,4974,0.215676480382363,0.345580591124502,-0.129904110742139,-0.655920507651284,0.0134597776053346,0.0297198467067125,1,0,0,47.5,38.75,4,4,3124,"+","Interval_4974",0,FALSE,FALSE,FALSE,FALSE,FALSE,FALSE,FALSE,"Liver_hypermethylated"
4787,"chr19",34118802,34119573,4980,0.547578410833144,0.500912104349581,0.0466663064835628,0.0669465704673079,0.00496435486655314,0.0138411799704941,3,0,0,32.6666666666667,33.8333333333333,4,4,5567,"+","Interval_4980",0,FALSE,FALSE,FALSE,FALSE,FALSE,FALSE,FALSE,"Kidney_hypermethylated"
4788,"chr19",34152717,34152987,4981,0.898280453110363,0.548318854568855,0.349961598541509,0.702048555463938,6.32313417541165e-05,0.000744893222992079,1,0,0,39,38.5,4,4,2448,"+","Interval_4981",0,FALSE,FALSE,FALSE,FALSE,FALSE,FALSE,FALSE,"Kidney_hypermethylated"
4790,"chr19",34161595,34162153,4983,0.518731888156738,0.49685562854327,0.0218762596134675,-0.272307745615883,0.0020022241600592,0.00712842842616673,6,0,0,39.2083333333333,37.0416666666667,4,4,4826,"+","Interval_4983",0,FALSE,FALSE,FALSE,FALSE,FALSE,FALSE,FALSE,"Kidney_hypermethylated"
4793,"chr19",34208716,34209306,4986,0.675082135877105,0.643183877911115,0.0318982579659906,-0.0643740112816351,0.000488921175561579,0.00265556983302428,4,0,0,28.5625,28,4,4,5587,"+","Interval_4986",0,FALSE,FALSE,FALSE,FALSE,FALSE,FALSE,FALSE,"Kidney_hypermethylated"
4794,"chr19",34210212,34210465,4987,0.332617951373339,0.641068400871828,-0.308450449498489,-1.08411434867323,0.000200944751960615,0.00144007383831968,2,0,0,27.125,26.25,4,4,1576,"+","Interval_4987",0,FALSE,FALSE,FALSE,FALSE,FALSE,FALSE,FALSE,"Liver_hypermethylated"
4795,"chr19",34212741,34213530,4988,0.874617779869452,0.591899988136072,0.28271779173338,0.571038181030431,0.000448618090792334,0.00249300208390161,6,0,0,33.3333333333333,35,4,4,2853,"+","Interval_4988",0,FALSE,FALSE,FALSE,FALSE,FALSE,FALSE,FALSE,"Kidney_hypermethylated"
4797,"chr19",34233993,34234484,4990,0.486404305578051,0.644796642236036,-0.158392336657985,-0.456911153860103,0.00943878454097939,0.0226922265275111,15,0,0,27.1833333333333,29.3166666666667,4,4,3287,"+","Interval_4990",0,FALSE,FALSE,FALSE,FALSE,FALSE,FALSE,FALSE,"Liver_hypermethylated"
4798,"chr19",34248889,34249232,4991,0.839676422211151,0.410011527481204,0.429664894729947,1.14631285023223,1.14174828101504e-05,0.000301699037480631,2,0,0,43,40.125,4,4,1451,"+","Interval_4991",0,FALSE,FALSE,FALSE,FALSE,FALSE,FALSE,FALSE,"Kidney_hypermethylated"
4799,"chr19",34255202,34255681,4992,0.121638339371579,0.524178241402957,-0.402539902031377,-2.30100620078577,0.000487848268346474,0.002652944786716,9,0,0,24.2222222222222,26.0277777777778,4,4,1130,"+","Interval_4992",0,FALSE,FALSE,FALSE,FALSE,FALSE,FALSE,FALSE,"Liver_hypermethylated"
4801,"chr19",34334442,34334714,4994,0,0.0233547008547009,-0.0233547008547009,-1.7378901023945,0.00869308566334749,0.0213847123303724,1,0,0,33.5,33.75,4,4,4800,"+","Interval_4994",0,FALSE,FALSE,FALSE,FALSE,FALSE,FALSE,FALSE,"Liver_hypermethylated"
4802,"chr19",34345801,34346037,4995,0.300296001623118,0.631434278728265,-0.331138277105147,-1.12471854637208,0.00240533291335073,0.00809018650932689,3,0,0,36.9166666666667,30.9166666666667,4,4,1827,"+","Interval_4995",0,FALSE,FALSE,FALSE,FALSE,FALSE,FALSE,FALSE,"Liver_hypermethylated"
4803,"chr19",34406391,34406981,4996,0.403736752509867,0.497350212214778,-0.0936134597049118,-0.294891594653377,0.0158824888971553,0.0335393271679212,7,0,0,33.0357142857143,33.1785714285714,4,4,4111,"+","Interval_4996",0,FALSE,FALSE,FALSE,FALSE,FALSE,FALSE,FALSE,"Liver_hypermethylated"
4805,"chr19",34445585,34445837,4998,0.268837126600284,0.396585557299843,-0.127748430699559,-0.544136302866249,0.0174759595509779,0.0361095398254067,1,0,0,34,32.75,4,4,3144,"+","Interval_4998",0,FALSE,FALSE,FALSE,FALSE,FALSE,FALSE,FALSE,"Liver_hypermethylated"
4806,"chr19",34461455,34461722,4999,0.903766010908868,0.539069537358159,0.364696473550709,0.734835907944299,6.83719196335448e-05,0.000780939490981659,1,0,0,44,41.25,4,4,2367,"+","Interval_4999",0,FALSE,FALSE,FALSE,FALSE,FALSE,FALSE,FALSE,"Kidney_hypermethylated"
4807,"chr19",34468011,34468981,5000,0.585608557269042,0.440065294086698,0.145543263182344,0.422332405216237,0.00209048156460014,0.00733219704022137,8,0,0,33.75,35.34375,4,4,3446,"+","Interval_5000",0,FALSE,FALSE,FALSE,FALSE,FALSE,FALSE,FALSE,"Kidney_hypermethylated"
4810,"chr19",34500737,34501137,5003,0.528313809557599,0.33618106071473,0.192132748842869,0.805954235980339,0.00404685513571635,0.0118277415593986,4,0,0,36.5,40.1875,4,4,2340,"+","Interval_5003",0,FALSE,FALSE,FALSE,FALSE,FALSE,FALSE,FALSE,"Kidney_hypermethylated"
4811,"chr19",34511382,34511980,5004,0.776375971356531,0.535345691614912,0.241030279741619,0.545945500633251,0.00349043629303912,0.0105710847810377,9,0,0,21.1944444444444,25,3.77777777777778,4,2949,"+","Interval_5004",0,FALSE,FALSE,FALSE,FALSE,FALSE,FALSE,FALSE,"Kidney_hypermethylated"
4815,"chr19",34562375,34562889,5008,0.862980072463768,0.438742393509128,0.42423767895464,0.960061237323602,5.33566797605933e-05,0.000674736481660931,1,0,0,27.5,29.5,4,4,1804,"+","Interval_5008",0,FALSE,FALSE,FALSE,FALSE,FALSE,FALSE,FALSE,"Kidney_hypermethylated"
4817,"chr19",34569714,34570343,5010,0.359494699660604,0.547233087689422,-0.187738388028818,-0.591855988740795,0.00583009625987023,0.0157062435409481,4,0,0,26.5625,26.875,4,4,2782,"+","Interval_5010",0,FALSE,FALSE,FALSE,FALSE,FALSE,FALSE,FALSE,"Liver_hypermethylated"
4818,"chr19",34586215,34586440,5011,0.763379069332583,0.504291437910446,0.259087631422137,0.616428309311698,0.00040194295455611,0.0023279353965573,2,0,0,62.125,65.875,4,4,2683,"+","Interval_5011",0,FALSE,FALSE,FALSE,FALSE,FALSE,FALSE,FALSE,"Kidney_hypermethylated"
4819,"chr19",34588167,34588610,5012,0.767877122814257,0.556537178460682,0.211339944353575,0.487322137048778,0.00495562213245097,0.0138293814731659,3,0,0,39,39.1666666666667,4,4,3171,"+","Interval_5012",0,FALSE,FALSE,FALSE,FALSE,FALSE,FALSE,FALSE,"Kidney_hypermethylated"
4820,"chr19",34606979,34607968,5013,0.395554428121549,0.332878914627342,0.0626755134942075,0.790874735451622,0.0135913083621901,0.0299135350593332,4,0,0,47.4375,48.625,4,4,4062,"+","Interval_5013",0,FALSE,FALSE,FALSE,FALSE,FALSE,FALSE,FALSE,"Kidney_hypermethylated"
4822,"chr19",34656102,34657204,5015,0.630841209276222,0.352995319371535,0.277845889904687,1.54190898465279,0.000920992721260187,0.00407451423480479,5,0,0,31.4,34.1,4,4,1499,"+","Interval_5015",0,FALSE,FALSE,FALSE,FALSE,FALSE,TRUE,TRUE,"Kidney_hypermethylated"
4825,"chr19",34696451,34696975,5018,0.867415712981969,0.628995728753316,0.238419984228653,0.470267764620561,0.00977165400544194,0.0232370627327802,6,0,0,34.9166666666667,35.25,4,4,3226,"+","Interval_5018",0,FALSE,FALSE,FALSE,FALSE,FALSE,FALSE,FALSE,"Kidney_hypermethylated"
4827,"chr19",34711827,34712491,5020,0.816355135725054,0.16408040603838,0.652274729686674,2.30036375418839,6.01129178583147e-07,0.000124617339437297,3,0,0,32.5833333333333,33,4,4,232,"+","Interval_5020",0,FALSE,FALSE,FALSE,FALSE,FALSE,TRUE,TRUE,"Kidney_hypermethylated"
4828,"chr19",34714388,34714629,5021,0.209021373923068,0.397975287429507,-0.188953913506439,-1.17666879123633,0.00127900716813817,0.0050870544001353,3,0,0,31.5833333333333,31.25,4,4,2370,"+","Interval_5021",0,FALSE,FALSE,FALSE,FALSE,FALSE,FALSE,FALSE,"Liver_hypermethylated"
4831,"chr19",34752450,34753221,5024,0.655302270438952,0.624422441377539,0.0308798290614125,0.0193066623520294,0.0220058264157911,0.0431893335436079,5,0,0,41.55,34.3,4,4,5981,"+","Interval_5024",0,FALSE,FALSE,FALSE,FALSE,FALSE,FALSE,FALSE,"Kidney_hypermethylated"
4832,"chr19",34758723,34759289,5025,0.841089003113059,0.545050742180796,0.296038260932263,0.622684466189407,0.00151892539302829,0.00578330360793838,3,0,0,27.9166666666667,28.5,4,4,2666,"+","Interval_5025",0,FALSE,FALSE,FALSE,FALSE,FALSE,FALSE,FALSE,"Kidney_hypermethylated"
4834,"chr19",34826624,34826856,5027,0.892371482683983,0.753529051198643,0.138842431485339,0.240262548903806,0.00420867766642928,0.0121934579256049,2,0,0,29.625,27.625,4,4,4416,"+","Interval_5027",0,FALSE,FALSE,FALSE,FALSE,FALSE,FALSE,FALSE,"Kidney_hypermethylated"
4835,"chr19",34844841,34845136,5028,0.869673653914307,0.140852138761622,0.728821515152685,2.54753744161707,5.98523684933591e-07,0.000124617339437297,4,0,0,24.5,28.75,4,4,129,"+","Interval_5028",0,FALSE,FALSE,FALSE,FALSE,FALSE,TRUE,TRUE,"Kidney_hypermethylated"
4836,"chr19",34846528,34847031,5029,0.640654740068942,0.142593196366407,0.498061543702534,2.35155989400244,8.48454364657697e-05,0.000866071772561719,12,0,0,17.9583333333333,19.625,2.83333333333333,3.75,602,"+","Interval_5029",0,FALSE,FALSE,FALSE,FALSE,FALSE,FALSE,FALSE,"Kidney_hypermethylated"
4837,"chr19",34848341,34848692,5030,0.88837011363391,0.222039233237745,0.666330880396165,1.9748237834411,3.17330130723936e-07,0.000124617339437297,8,0,0,32.6875,32.96875,4,4,477,"+","Interval_5030",0,FALSE,FALSE,FALSE,FALSE,FALSE,FALSE,FALSE,"Kidney_hypermethylated"
4844,"chr19",35066332,35066922,5038,0.236288609339685,0.549225293468714,-0.31293668412903,-1.21535498697643,0.00308571624610122,0.00964973350243866,3,0,0,22.5,24.5833333333333,3.33333333333333,4,1965,"+","Interval_5038",0,FALSE,FALSE,FALSE,FALSE,FALSE,FALSE,FALSE,"Liver_hypermethylated"
4845,"chr19",35150846,35151909,5039,0.666799958193664,0.290976966349835,0.375822991843829,1.22406003332818,0.000143643074284828,0.00116757498873051,9,0,0,30.6666666666667,29.3055555555556,4,4,1344,"+","Interval_5039",0,FALSE,FALSE,FALSE,FALSE,FALSE,FALSE,FALSE,"Kidney_hypermethylated"
4846,"chr19",35151919,35152626,5040,0.787775612083502,0.141196588833485,0.646579023250016,2.43044102522261,7.82244207655573e-07,0.000124999888511622,7,0,0,37.5357142857143,40.5357142857143,4,4,173,"+","Interval_5040",0,FALSE,FALSE,FALSE,FALSE,FALSE,FALSE,FALSE,"Kidney_hypermethylated"
4848,"chr19",35170396,35171218,5042,0.689087064054901,0.451504765922134,0.237582298132768,0.706189491509067,0.000944403122167468,0.00413934178724614,3,0,0,40.9166666666667,41.4166666666667,4,4,2436,"+","Interval_5042",0,FALSE,FALSE,FALSE,FALSE,FALSE,TRUE,TRUE,"Kidney_hypermethylated"
4849,"chr19",35204003,35204378,5043,0.708073967942389,0.460608345902464,0.247465622039925,0.620670813213065,0.00675409982899577,0.0175864167157538,3,0,0,17.5833333333333,18.0833333333333,3.33333333333333,3.66666666666667,2669,"+","Interval_5043",0,FALSE,FALSE,FALSE,FALSE,FALSE,FALSE,FALSE,"Kidney_hypermethylated"
4851,"chr19",35833068,35833528,5045,0.234259275217746,0.192867136157248,0.041392139060498,0.070320608856666,0.0128423245973228,0.0287109797750686,5,0,0,31.15,29.95,4,4,5539,"+","Interval_5045",0,FALSE,FALSE,FALSE,FALSE,FALSE,FALSE,FALSE,"Kidney_hypermethylated"
4856,"chr19",36090863,36091142,5051,0.294780877626426,0.0546512025948904,0.240129675031536,2.2037909435724,9.48590301237014e-05,0.000919414416577516,3,0,0,38.9166666666667,38.1666666666667,4,4,1843,"+","Interval_5051",0,FALSE,FALSE,FALSE,FALSE,FALSE,FALSE,FALSE,"Kidney_hypermethylated"
4857,"chr19",36110922,36111578,5052,0.0164354730308678,0.14388028629805,-0.127444813267182,-2.1842083066846,0.0114573021593258,0.0261486524401352,5,0,0,32.35,35.85,4,4,3149,"+","Interval_5052",0,TRUE,FALSE,TRUE,FALSE,FALSE,FALSE,FALSE,"Liver_hypermethylated"
4858,"chr19",36129389,36129960,5053,0.312325102612824,0.0269248820973364,0.285400220515488,3.26416278309472,0.000124281446797676,0.00106812516163877,14,0,0,22.5357142857143,22.5,4,4,1448,"+","Interval_5053",0,FALSE,FALSE,FALSE,FALSE,FALSE,FALSE,FALSE,"Kidney_hypermethylated"
4859,"chr19",36207841,36208200,5055,0.124358797449676,0.41770789891639,-0.293349101466715,-2.10217256129594,0.00348222712915318,0.0105514229332575,4,0,0,25.8125,26.4375,4,4,2028,"+","Interval_5055",0,FALSE,FALSE,FALSE,FALSE,FALSE,FALSE,FALSE,"Liver_hypermethylated"
4860,"chr19",36214266,36215201,5056,0.218084674895404,0.566897958296112,-0.348813283400708,-1.83094491333228,0.00158279540905002,0.00595963417247721,9,0,0,27.3333333333333,27.7777777777778,4,4,1631,"+","Interval_5056",0,FALSE,FALSE,FALSE,FALSE,FALSE,FALSE,FALSE,"Liver_hypermethylated"
4861,"chr19",36319639,36320519,5057,0.896439381844359,0.60715565933496,0.289283722509399,0.706762038255903,0.00275343235807009,0.00894756310964607,10,0,0,30.15,34.925,4,4,2431,"+","Interval_5057",0,FALSE,FALSE,FALSE,FALSE,FALSE,TRUE,TRUE,"Kidney_hypermethylated"
4862,"chr19",36328750,36329018,5058,0.723415330777516,0.107545346376711,0.615869984400805,2.84239361719561,2.32950253011614e-06,0.000164924918767871,4,0,0,34.0625,40.3125,4,4,156,"+","Interval_5058",0,FALSE,FALSE,FALSE,FALSE,FALSE,FALSE,FALSE,"Kidney_hypermethylated"
4864,"chr19",36380648,36381349,5060,0.763597075994317,0.688559342828301,0.0750377331660158,0.128916688270877,0.0228819151173478,0.0445323803978666,6,0,0,30.9166666666667,31.4583333333333,4,4,5125,"+","Interval_5060",0,FALSE,FALSE,FALSE,FALSE,FALSE,FALSE,FALSE,"Kidney_hypermethylated"
4866,"chr19",36440198,36440511,5062,0.431259111213413,0.656340662827811,-0.225081551614398,-0.628479978538771,0.000846506486068552,0.00385032002730662,3,0,0,31.1666666666667,35.8333333333333,4,4,2647,"+","Interval_5062",0,TRUE,FALSE,TRUE,FALSE,FALSE,FALSE,FALSE,"Liver_hypermethylated"
4867,"chr19",36450667,36452657,5063,0.563940234192523,0.483423623948815,0.0805166102437084,-0.113258201648729,9.13988697435803e-05,0.000903504909492059,18,0,0,29.9583333333333,29.7916666666667,4,4,5250,"+","Interval_5063",0,FALSE,FALSE,FALSE,FALSE,FALSE,TRUE,TRUE,"Kidney_hypermethylated"
4869,"chr19",36511366,36511776,5065,0.849121666364302,0.220382760944296,0.628738905420006,2.06343121504034,3.46041417684539e-07,0.000124617339437297,4,0,0,39.375,44.0625,4,4,412,"+","Interval_5065",0,FALSE,FALSE,FALSE,FALSE,FALSE,FALSE,FALSE,"Kidney_hypermethylated"
4870,"chr19",36515277,36515832,5066,0.85824728072677,0.541601801097415,0.316645479629355,0.662613272228453,4.83747315740264e-05,0.000631131052064527,3,0,0,36.5,35.25,4,4,2541,"+","Interval_5066",0,FALSE,FALSE,FALSE,FALSE,FALSE,TRUE,TRUE,"Kidney_hypermethylated"
4871,"chr19",36519429,36519773,5067,0.796883943131744,0.658046384511841,0.138837558619902,0.256287470148214,0.0144396923854146,0.0313653315579749,4,0,0,31.5,31.5625,4,4,4326,"+","Interval_5067",0,FALSE,FALSE,FALSE,FALSE,FALSE,FALSE,FALSE,"Kidney_hypermethylated"
4874,"chr19",36610133,36610681,5070,0.708819276421563,0.155888419755343,0.55293085666622,2.10872534271864,4.66916004405079e-06,0.000205871252523945,4,0,0,37.5,36.9375,4,4,367,"+","Interval_5070",0,FALSE,FALSE,FALSE,FALSE,FALSE,TRUE,TRUE,"Kidney_hypermethylated"
4876,"chr19",36630166,36630394,5072,0.924258233643342,0.694087135592966,0.230171098050376,0.413564881604561,0.00314568504399931,0.0097973819540678,5,0,0,21.2,23.05,4,4,3493,"+","Interval_5072",0,FALSE,FALSE,FALSE,FALSE,FALSE,FALSE,FALSE,"Kidney_hypermethylated"
4879,"chr19",36668142,36668790,5075,0.450374355254674,0.751108296173418,-0.300733940918744,-0.725294274100826,0.000449516520762608,0.0024952836676479,1,0,0,34.25,35,4,4,2389,"+","Interval_5075",0,FALSE,FALSE,FALSE,FALSE,FALSE,FALSE,FALSE,"Liver_hypermethylated"
4881,"chr19",36670870,36671173,5077,0.649629663138466,0.610126855870871,0.0395028072675951,0.0696778434079436,0.00830034323573624,0.0205629094578127,5,0,0,27.4,30.6,4,4,5545,"+","Interval_5077",0,FALSE,FALSE,FALSE,FALSE,FALSE,FALSE,FALSE,"Kidney_hypermethylated"
4882,"chr19",36679084,36679744,5078,0.247579235716183,0.47071221844998,-0.223132982733797,-1.18724415991825,0.000371469038644794,0.00222266527991456,4,0,0,25.125,29.25,4,4,2003,"+","Interval_5078",0,FALSE,FALSE,FALSE,FALSE,FALSE,FALSE,FALSE,"Liver_hypermethylated"
4884,"chr19",36696576,36696890,5080,0.59755591400549,0.575014772249913,0.022541141755577,-0.1277292140563,0.00790359808379772,0.0198158870373584,3,0,0,29.25,31.25,4,4,5132,"+","Interval_5080",0,FALSE,FALSE,FALSE,FALSE,FALSE,FALSE,FALSE,"Kidney_hypermethylated"
4887,"chr19",36789588,36790626,5084,0.292900501808531,0.759054599283001,-0.46615409747447,-1.68872738769791,0.000179102264286447,0.00134217489517099,13,0,0,21.9615384615385,24.4615384615385,4,4,820,"+","Interval_5084",0,FALSE,FALSE,FALSE,FALSE,FALSE,FALSE,FALSE,"Liver_hypermethylated"
4888,"chr19",36795188,36795717,5085,0.489107822708087,0.390226940302704,0.0988808824053831,0.415675277822475,0.00998803810963127,0.0235339318188973,5,0,0,31.85,32.7,4,4,3541,"+","Interval_5085",0,FALSE,FALSE,FALSE,FALSE,FALSE,FALSE,FALSE,"Kidney_hypermethylated"
4892,"chr19",36818013,36818540,5089,0.0266047154040125,0.106041010069943,-0.0794362946659306,-1.56217771728056,0.0113189056998902,0.0258951601688608,13,0,0,18.6153846153846,20.0576923076923,3.84615384615385,3.53846153846154,3802,"+","Interval_5089",0,FALSE,FALSE,FALSE,FALSE,FALSE,FALSE,FALSE,"Liver_hypermethylated"
4895,"chr19",36883450,36883732,5092,0.865940864469967,0.659550637309049,0.206390227160918,0.429282958833664,0.00309674407342747,0.00966506455846272,3,0,0,37,37.0833333333333,4,4,3420,"+","Interval_5092",0,FALSE,FALSE,FALSE,FALSE,FALSE,FALSE,FALSE,"Kidney_hypermethylated"
4896,"chr19",36896900,36897310,5093,0.133921379797738,0.515181646463187,-0.381260266665448,-1.99737819628587,0.00015674247593184,0.00123081915646214,4,0,0,23.75,28.75,4,4,854,"+","Interval_5093",0,FALSE,FALSE,FALSE,FALSE,FALSE,FALSE,FALSE,"Liver_hypermethylated"
4902,"chr19",36953685,36954078,5100,0.863393376761103,0.323426437236484,0.539966939524619,1.53579883907855,1.9195520394703e-05,0.000388014713241612,3,0,0,33.5833333333333,33.9166666666667,4,4,935,"+","Interval_5100",0,FALSE,FALSE,FALSE,FALSE,FALSE,TRUE,TRUE,"Kidney_hypermethylated"
4903,"chr19",36962658,36963432,5101,0.883476551266609,0.683912568342786,0.199563982923823,0.371853355274587,0.0028804136159043,0.00920207997479272,4,0,0,23.125,27.25,4,4,3674,"+","Interval_5101",0,FALSE,FALSE,FALSE,FALSE,FALSE,FALSE,FALSE,"Kidney_hypermethylated"
4904,"chr19",37009654,37010642,5102,0.935275687466918,0.492865964526855,0.442409722940064,1.06361865919851,0.00118059418088932,0.00482043271864776,12,0,0,30.2708333333333,31.9166666666667,4,4,1610,"+","Interval_5102",0,FALSE,FALSE,FALSE,FALSE,FALSE,TRUE,TRUE,"Kidney_hypermethylated"
4906,"chr19",37026080,37026804,5104,0.482258313970991,0.764158233723021,-0.28189991975203,-0.819076228133889,0.00558204030431828,0.0151777157832017,17,0,0,23.5882352941176,24.6617647058824,4,4,2260,"+","Interval_5104",0,FALSE,FALSE,FALSE,FALSE,FALSE,FALSE,FALSE,"Liver_hypermethylated"
4908,"chr19",37141519,37142312,5106,0.870195438559622,0.400962134860677,0.469233303698945,1.41622513398861,5.10714030820306e-05,0.000657932435930981,7,0,0,26.75,29.2142857142857,4,4,1089,"+","Interval_5106",0,FALSE,FALSE,FALSE,FALSE,FALSE,TRUE,TRUE,"Kidney_hypermethylated"
4913,"chr19",37225175,37225736,5112,0.803000147621725,0.438720457941208,0.364279689680517,0.990708173662876,1.4593826086516e-05,0.000336667453042492,5,0,0,29.3,34.6,4,4,1745,"+","Interval_5112",0,FALSE,FALSE,FALSE,FALSE,FALSE,TRUE,TRUE,"Kidney_hypermethylated"
4914,"chr19",37232672,37232998,5113,0.739801886797377,0.246818448460074,0.492983438337303,1.63416093744269,1.09570703434565e-05,0.000299249765602402,5,0,0,33.15,32.05,4,4,816,"+","Interval_5113",0,TRUE,FALSE,TRUE,FALSE,FALSE,TRUE,TRUE,"Kidney_hypermethylated"
4916,"chr19",37237402,37238800,5115,0.205803568061731,0.105748852734541,0.10005471532719,1.04015505706939,0.0260569902640405,0.0493740996523371,23,0,0,22.0217391304348,24,3.95652173913043,3.95652173913043,3526,"+","Interval_5115",0,TRUE,FALSE,TRUE,FALSE,FALSE,TRUE,TRUE,"Kidney_hypermethylated"
4917,"chr19",37264012,37264476,5116,0.521922893640824,0.623172842380412,-0.101249948739588,-0.361166762621578,0.015875788647144,0.0335393271679212,10,0,0,27.35,31.3,4,4,3734,"+","Interval_5116",0,FALSE,FALSE,FALSE,FALSE,FALSE,FALSE,FALSE,"Liver_hypermethylated"
4924,"chr19",37442550,37442999,5123,0.708433645144558,0.241677221003388,0.46675642414117,1.62551031728476,5.29252957651392e-06,0.00021256597547502,3,0,0,46.8333333333333,48,4,4,827,"+","Interval_5123",0,TRUE,FALSE,TRUE,FALSE,FALSE,TRUE,TRUE,"Kidney_hypermethylated"
4929,"chr19",37517545,37517943,5128,0.857004140184613,0.130161178338549,0.726842961846065,3.39695939409625,0.000119810357554322,0.00104135027888445,6,0,0,30.2083333333333,36.5833333333333,4,4,707,"+","Interval_5128",0,FALSE,FALSE,FALSE,FALSE,FALSE,FALSE,FALSE,"Kidney_hypermethylated"
4930,"chr19",37523583,37523978,5129,0.683932854432514,0.067116052162406,0.616816802270108,3.20244847635366,6.18198055081446e-06,0.000223460414616205,5,0,0,41.45,41.15,4,4,170,"+","Interval_5129",0,FALSE,FALSE,FALSE,FALSE,FALSE,FALSE,FALSE,"Kidney_hypermethylated"
4931,"chr19",37530106,37530514,5130,0.293941938957339,0.0925402646482786,0.20140167430906,1.92954143032283,0.00640952187728743,0.0168680674777953,4,0,0,41.625,42.375,4,4,2334,"+","Interval_5130",0,FALSE,FALSE,FALSE,FALSE,FALSE,FALSE,FALSE,"Kidney_hypermethylated"
4932,"chr19",37537823,37538253,5131,0.775899682562851,0.416367092155492,0.359532590407359,1.17103784853456,0.000631983302347126,0.00315478261001063,3,0,0,34.25,33.8333333333333,4,4,1420,"+","Interval_5131",0,FALSE,FALSE,FALSE,FALSE,FALSE,FALSE,FALSE,"Kidney_hypermethylated"
4933,"chr19",37543651,37544112,5132,0.478170050583722,0.191745678743454,0.286424371840267,1.49290626523554,0.00059311338976912,0.00301962036464892,10,0,0,25.725,25.45,4,4,1442,"+","Interval_5132",0,FALSE,FALSE,FALSE,FALSE,FALSE,FALSE,FALSE,"Kidney_hypermethylated"
4935,"chr19",37555957,37556647,5134,0.874675570518983,0.280195379007049,0.594480191511934,1.88371660313872,1.39583683688975e-06,0.000145379955299788,5,0,0,27.55,30.25,4,4,557,"+","Interval_5134",0,FALSE,FALSE,FALSE,FALSE,FALSE,TRUE,TRUE,"Kidney_hypermethylated"
4936,"chr19",37559510,37560637,5135,0.216863565568977,0.10641497235598,0.110448593212997,1.09085379773495,0.0226870071492028,0.0442295872245722,13,0,0,30.4230769230769,32.3076923076923,4,4,3377,"+","Interval_5135",0,FALSE,FALSE,FALSE,FALSE,FALSE,FALSE,FALSE,"Kidney_hypermethylated"
4937,"chr19",37561619,37562041,5136,0.499462553118423,0.089883807409886,0.409578745708537,2.37299954831413,0.000623705270164622,0.00312553898258062,4,0,0,30.9375,33.0625,4,4,1226,"+","Interval_5136",0,FALSE,FALSE,FALSE,FALSE,FALSE,FALSE,FALSE,"Kidney_hypermethylated"
4938,"chr19",37579662,37580015,5137,0.316694917272969,0.770385419299383,-0.453690502026414,-1.41952671066158,6.96162492707012e-05,0.000786382080456725,4,0,0,26.5,27.8125,4,4,1081,"+","Interval_5137",0,FALSE,FALSE,FALSE,FALSE,FALSE,FALSE,FALSE,"Liver_hypermethylated"
4939,"chr19",37585389,37585914,5138,0.494717089473278,0.450749378158873,0.0439677113144049,-0.0479342224375301,0.0202740516077928,0.040438475456798,12,0,0,27.3125,32.3125,4,4,5710,"+","Interval_5138",0,FALSE,FALSE,FALSE,FALSE,FALSE,FALSE,FALSE,"Kidney_hypermethylated"
4940,"chr19",37602017,37602811,5139,0.417391798357729,0.202568450825348,0.214823347532381,1.19041336704021,0.0036865739479254,0.0110131244093347,19,0,0,28.0394736842105,30.7763157894737,4,4,2077,"+","Interval_5139",0,FALSE,FALSE,FALSE,FALSE,FALSE,FALSE,FALSE,"Kidney_hypermethylated"
4941,"chr19",37651650,37651891,5140,0.941639524736769,0.769342592459053,0.172296932277716,0.293528216491991,0.0201193318746217,0.0402210731417072,7,0,0,27.6071428571429,27.9285714285714,4,4,4123,"+","Interval_5140",0,FALSE,FALSE,FALSE,FALSE,FALSE,FALSE,FALSE,"Kidney_hypermethylated"
4942,"chr19",37667909,37668898,5141,0.763167056016788,0.427719469137948,0.335447586878841,0.981804737975913,0.00288416697013031,0.00920207997479272,14,0,0,25.7321428571429,28.8035714285714,3.92857142857143,4,1926,"+","Interval_5141",0,FALSE,FALSE,FALSE,FALSE,FALSE,TRUE,TRUE,"Kidney_hypermethylated"
4943,"chr19",37687002,37687702,5142,0.0234781625797892,0.214940022598131,-0.191461860018342,-2.82017961750912,0.000299724349766477,0.00190663160384575,47,0,0,13.031914893617,16.7872340425532,2.8936170212766,3.87234042553191,2349,"+","Interval_5142",0,FALSE,TRUE,TRUE,FALSE,FALSE,FALSE,FALSE,"Liver_hypermethylated"
4945,"chr19",37702452,37703395,5144,0.583178110250634,0.370661947248022,0.212516163002612,0.809621288840138,0.00159166051795162,0.00597845591858966,24,0,0,30.1666666666667,31.6458333333333,4,4,2157,"+","Interval_5144",0,TRUE,FALSE,TRUE,FALSE,FALSE,FALSE,FALSE,"Kidney_hypermethylated"
4949,"chr19",37790510,37791156,5148,0.142629021363609,0.535305621730665,-0.392676600367056,-2.31387034291266,0.00133933596695695,0.00528594702437409,19,0,0,27.5263157894737,28.8552631578947,4,4,1557,"+","Interval_5148",0,FALSE,FALSE,FALSE,FALSE,FALSE,FALSE,FALSE,"Liver_hypermethylated"
4951,"chr19",37866849,37867823,5150,0.817859690429437,0.626458102547514,0.191401587881923,0.396064167786324,0.00325148673955388,0.0100606173285793,9,0,0,32.4722222222222,32.1944444444444,4,4,3572,"+","Interval_5150",0,FALSE,FALSE,FALSE,FALSE,FALSE,FALSE,FALSE,"Kidney_hypermethylated"
4952,"chr19",37877377,37877737,5151,0.129854536668971,0.276499453154014,-0.146644916485043,-1.21436050002193,0.0200368149718602,0.0400932035174473,9,0,0,26.4722222222222,26.3888888888889,4,4,3071,"+","Interval_5151",0,TRUE,TRUE,TRUE,TRUE,FALSE,FALSE,FALSE,"Liver_hypermethylated"
4954,"chr19",37907430,37908085,5153,0.134331805420481,0.347127999920456,-0.212796194499974,-1.75792618016789,0.000297740194858253,0.00189793931265971,12,0,0,29.1666666666667,29.8333333333333,4,4,2105,"+","Interval_5153",0,FALSE,FALSE,FALSE,FALSE,FALSE,FALSE,FALSE,"Liver_hypermethylated"
4955,"chr19",37918429,37918961,5154,0.470144130207981,0.13983310743699,0.330311022770991,1.86830454799483,0.00637259982115384,0.0167850946853795,13,0,0,21,20.7307692307692,4,3.92307692307692,2333,"+","Interval_5154",0,FALSE,FALSE,FALSE,FALSE,FALSE,FALSE,FALSE,"Kidney_hypermethylated"
4960,"chr19",37993393,37993974,5159,0.929550774559434,0.700711465141612,0.228839309417821,0.402707155959063,1.3959350120045e-05,0.000335078931592486,1,0,0,39,38.75,4,4,3537,"+","Interval_5159",0,FALSE,FALSE,FALSE,FALSE,FALSE,FALSE,FALSE,"Kidney_hypermethylated"
4962,"chr19",38015479,38016053,5161,0.0822698638488112,0.223393353828136,-0.141123489979325,-1.33883204606539,0.0146170795074509,0.0316497369884729,1,0,0,23,22.5,4,4,2963,"+","Interval_5161",0,FALSE,FALSE,FALSE,FALSE,FALSE,FALSE,FALSE,"Liver_hypermethylated"
4972,"chr19",38114871,38115341,5171,0.90540522866641,0.633243283130329,0.272161945536081,0.532621810850746,0.000957306890620636,0.00417546104342295,7,0,0,26.9642857142857,25.4642857142857,4,4,2999,"+","Interval_5171",0,FALSE,FALSE,FALSE,FALSE,FALSE,FALSE,FALSE,"Kidney_hypermethylated"
4973,"chr19",38119953,38120343,5172,0.837123517118446,0.415070346320346,0.4220531707981,1.04287325737639,0.00692077071780115,0.0178839932972616,2,0,0,15.875,16.375,4,3.5,2378,"+","Interval_5172",0,FALSE,FALSE,FALSE,FALSE,FALSE,FALSE,FALSE,"Kidney_hypermethylated"
4975,"chr19",38133921,38134459,5174,0.681385143550655,0.533171457547482,0.148213686003173,0.341692011093146,0.0214366815012506,0.0422612793792702,12,0,0,26.7916666666667,30.5,4,4,3825,"+","Interval_5174",0,FALSE,FALSE,FALSE,FALSE,FALSE,FALSE,FALSE,"Kidney_hypermethylated"
4976,"chr19",38161606,38162628,5175,0.90393557207455,0.605783072643439,0.298152499431111,0.60533573411981,0.000417362460864509,0.00237633676311841,23,0,0,32.0652173913044,29.8260869565217,4,4,2726,"+","Interval_5175",0,FALSE,FALSE,FALSE,FALSE,FALSE,FALSE,FALSE,"Kidney_hypermethylated"
4977,"chr19",38191107,38192122,5176,0.864565405478907,0.62060112207587,0.243964283403037,0.474774372294795,0.00269830084537744,0.00881502322958234,6,0,0,43.9583333333333,41.5,4,4,3204,"+","Interval_5176",0,FALSE,FALSE,FALSE,FALSE,FALSE,FALSE,FALSE,"Kidney_hypermethylated"
4979,"chr19",38232105,38233001,5178,0.0663845286409282,0.368814620445319,-0.302430091804391,-2.57331478559407,0.000379497581231387,0.00225533137008401,12,0,0,28.875,30.2291666666667,4,4,1329,"+","Interval_5178",0,FALSE,FALSE,FALSE,FALSE,FALSE,FALSE,FALSE,"Liver_hypermethylated"
4980,"chr19",38266405,38266870,5179,0.672765700483092,0.491693479193479,0.181072221289613,0.44458439808403,0.00939859568429439,0.0226519812571735,1,0,0,34.25,38.25,4,4,3338,"+","Interval_5179",0,TRUE,TRUE,TRUE,TRUE,FALSE,FALSE,FALSE,"Kidney_hypermethylated"
4981,"chr19",38282446,38283032,5180,0.273740589194443,0.609289733853311,-0.335549144658868,-1.21377077109817,7.55873424312028e-05,0.000826480505708223,2,0,0,28.125,29.375,4,4,1357,"+","Interval_5180",0,FALSE,FALSE,FALSE,FALSE,FALSE,FALSE,FALSE,"Liver_hypermethylated"
4982,"chr19",38325104,38325597,5181,0.786685209785401,0.628440521133791,0.15824468865161,0.352424449633851,0.0120831200942708,0.0273685119717265,6,0,0,29.25,27.375,4,4,3780,"+","Interval_5181",0,FALSE,FALSE,FALSE,FALSE,FALSE,FALSE,FALSE,"Kidney_hypermethylated"
4983,"chr19",38338906,38339128,5182,0.931023550724638,0.538902579749262,0.392120970975376,0.777680709566744,0.00010109178715606,0.000950022988322171,1,0,0,43.75,42,4,4,2247,"+","Interval_5182",0,FALSE,FALSE,FALSE,FALSE,FALSE,FALSE,FALSE,"Kidney_hypermethylated"
4984,"chr19",38339481,38340192,5183,0.253849352925255,0.683976730172095,-0.43012737724684,-1.54356285788928,3.32420535991387e-05,0.000521103110629355,5,0,0,29.85,30.55,4,4,927,"+","Interval_5183",0,FALSE,FALSE,FALSE,FALSE,FALSE,FALSE,FALSE,"Liver_hypermethylated"
4986,"chr19",38364020,38365151,5185,0.139795338506195,0.456640933124523,-0.316845594618329,-1.83704587304616,0.000227182916603148,0.00157257699489128,12,0,0,30.2291666666667,30.3333333333333,4,4,1217,"+","Interval_5185",0,FALSE,FALSE,FALSE,FALSE,FALSE,FALSE,FALSE,"Liver_hypermethylated"
4987,"chr19",38365458,38365752,5186,0.699758290412939,0.477922077922078,0.221836212490861,0.540677030553113,0.00309691002695087,0.00966506455846272,1,0,0,31.75,32,4,4,2968,"+","Interval_5186",0,FALSE,FALSE,FALSE,FALSE,FALSE,FALSE,FALSE,"Kidney_hypermethylated"
4988,"chr19",38372471,38373546,5187,0.151964891692014,0.389505459948952,-0.237540568256938,-1.71995014227417,0.000533375219225538,0.0028230755573996,14,0,0,30.9464285714286,30.8035714285714,4,4,1877,"+","Interval_5187",0,FALSE,TRUE,TRUE,FALSE,FALSE,FALSE,FALSE,"Liver_hypermethylated"
4990,"chr19",38410078,38411023,5189,0.861121173348108,0.525193736633282,0.335927436714826,0.749479462762558,8.259348375286e-05,0.000857325941995481,8,0,0,31.90625,34.0625,4,4,2325,"+","Interval_5189",0,FALSE,FALSE,FALSE,FALSE,FALSE,TRUE,TRUE,"Kidney_hypermethylated"
4992,"chr19",38478328,38478596,5191,0.157867810065529,0.552213368105863,-0.394345558040334,-1.78024521385213,3.45169982750575e-05,0.000528945023441966,2,0,0,27.5,27.875,4,4,799,"+","Interval_5191",0,FALSE,TRUE,TRUE,FALSE,TRUE,FALSE,TRUE,"Liver_hypermethylated"
4994,"chr19",38507550,38507799,5193,0.892005685049429,0.753212069824525,0.138793615224905,0.243474759026852,0.0186670987265211,0.0380083902168562,7,0,0,25.4642857142857,21.9285714285714,4,4,4398,"+","Interval_5193",0,FALSE,FALSE,FALSE,FALSE,FALSE,FALSE,FALSE,"Kidney_hypermethylated"
4995,"chr19",38514646,38514923,5194,0.918784059507744,0.630537451154617,0.288246608353127,0.568867679516529,0.00431387516763011,0.0124395884115847,3,0,0,34.75,32.5,4,4,2861,"+","Interval_5194",0,FALSE,FALSE,FALSE,FALSE,FALSE,FALSE,FALSE,"Kidney_hypermethylated"
4997,"chr19",38621765,38622188,5196,0.606726992220859,0.667373717658722,-0.0606467254378622,-0.202396161328889,0.0253532696872299,0.0482638916443705,10,0,0,23.15,25.425,4,4,4652,"+","Interval_5196",0,FALSE,FALSE,FALSE,FALSE,FALSE,FALSE,FALSE,"Liver_hypermethylated"
4998,"chr19",38639772,38640358,5197,0.319360141826889,0.494044664595453,-0.174684522768564,-0.83546035683578,0.0115550560174178,0.0263277045706459,5,0,0,31.7,34.3,4,4,2697,"+","Interval_5197",0,FALSE,FALSE,FALSE,FALSE,FALSE,FALSE,FALSE,"Liver_hypermethylated"
4999,"chr19",38644959,38645485,5198,0.250205317609051,0.359759376545367,-0.109554058936317,-0.441668764315313,0.000531448057504352,0.00281765896860968,3,0,0,31.8333333333333,34.9166666666667,4,4,3393,"+","Interval_5198",0,FALSE,FALSE,FALSE,FALSE,FALSE,FALSE,FALSE,"Liver_hypermethylated"
5000,"chr19",38704190,38705246,5199,0.675854804022141,0.732544685107391,-0.0566898810852502,-0.281250008228847,0.00982687697715944,0.0233331371810838,13,0,0,29.1923076923077,26.4807692307692,4,4,4186,"+","Interval_5199",0,FALSE,FALSE,FALSE,FALSE,FALSE,FALSE,FALSE,"Liver_hypermethylated"
5001,"chr19",38746330,38746634,5200,0.0897642841924137,0.174722753077532,-0.0849584688851188,-0.437624221060053,0.0136500012239338,0.0300104678071819,4,0,0,25.4375,26.6875,4,4,3734,"+","Interval_5200",0,FALSE,FALSE,FALSE,FALSE,FALSE,FALSE,FALSE,"Liver_hypermethylated"
5007,"chr19",39740964,39741499,5206,0.833331922955501,0.447236803656825,0.386095119298676,0.921676897158168,1.86683589655431e-05,0.000383669116532649,2,0,0,33.625,36.625,4,4,1885,"+","Interval_5206",0,TRUE,TRUE,TRUE,TRUE,FALSE,TRUE,TRUE,"Kidney_hypermethylated"
5008,"chr19",40226683,40227220,5207,0.875077886475768,0.728568650378449,0.146509236097319,0.263270890521622,0.0202230966393094,0.0403613711441311,11,0,0,28.3863636363636,30.7727272727273,4,4,4284,"+","Interval_5207",0,FALSE,FALSE,FALSE,FALSE,FALSE,FALSE,FALSE,"Kidney_hypermethylated"
5011,"chr19",40257281,40257654,5210,0.578439944558366,0.166825275926153,0.411614668632212,1.88602192809165,0.000125100431476774,0.00106918240810122,3,0,0,19.3333333333333,23.8333333333333,4,4,722,"+","Interval_5210",0,FALSE,FALSE,FALSE,FALSE,FALSE,FALSE,FALSE,"Kidney_hypermethylated"
5012,"chr19",40258497,40258798,5211,0.738525413190438,0.570568593218412,0.167956819972026,0.392546360990999,0.0249081292690928,0.0475786305124573,4,0,0,31.8125,31.5,4,4,3592,"+","Interval_5211",0,FALSE,FALSE,FALSE,FALSE,FALSE,FALSE,FALSE,"Kidney_hypermethylated"
5014,"chr19",40278080,40278767,5213,0.767087738982467,0.563451952338286,0.203635786644181,0.504779205350741,0.0126852969015663,0.0284597113764604,10,0,0,22.625,23.325,3.8,3.9,3096,"+","Interval_5213",0,FALSE,FALSE,FALSE,FALSE,FALSE,FALSE,FALSE,"Kidney_hypermethylated"
5015,"chr19",40297184,40298149,5214,0.739169292527698,0.246420266881267,0.49274902564643,1.83533874085482,1.31820765855493e-05,0.000320173362127275,8,0,0,31.59375,31.875,4,4,613,"+","Interval_5214",0,FALSE,FALSE,FALSE,FALSE,FALSE,TRUE,TRUE,"Kidney_hypermethylated"
5016,"chr19",40331836,40332463,5215,0.628824198199702,0.617109334443582,0.0117148637561209,-0.15746329729014,0.00380542137612959,0.0112695490873814,10,0,0,23.15,26.325,3.9,4,5131,"+","Interval_5215",0,FALSE,FALSE,FALSE,FALSE,FALSE,FALSE,FALSE,"Kidney_hypermethylated"
5017,"chr19",40345964,40346564,5216,0.646739778700273,0.835105321768455,-0.188365543068181,-0.394484230481113,0.0020155066399059,0.00715085929689479,6,0,0,26.75,31.8333333333333,4,4,3578,"+","Interval_5216",0,FALSE,FALSE,FALSE,FALSE,FALSE,FALSE,FALSE,"Liver_hypermethylated"
5019,"chr19",40370086,40371040,5218,0.620162905325278,0.520814215141435,0.099348690183843,0.397264197375072,0.0138758218760534,0.030398421732084,20,0,0,27.4875,30.075,4,4,3564,"+","Interval_5218",0,FALSE,FALSE,FALSE,FALSE,FALSE,FALSE,FALSE,"Kidney_hypermethylated"
5025,"chr19",40414314,40415549,5224,0.42173023638128,0.571206516225505,-0.149476279844225,-0.580120303055222,0.012989976330756,0.0289299542160371,20,0,0,26.9125,25.825,4,3.9,2848,"+","Interval_5224",0,FALSE,FALSE,FALSE,FALSE,FALSE,FALSE,FALSE,"Liver_hypermethylated"
5026,"chr19",40436444,40437101,5225,0.495965347526262,0.680765895528244,-0.184800548001982,-0.527521264558271,0.0019646829960619,0.00701917268069789,11,0,0,29.4772727272727,32.3181818181818,4,4,3012,"+","Interval_5225",0,FALSE,FALSE,FALSE,FALSE,FALSE,FALSE,FALSE,"Liver_hypermethylated"
5028,"chr19",40442416,40442904,5227,0.817191972968512,0.227534285862139,0.589657687106373,2.16816895949173,8.08593318237171e-08,8.28134323427903e-05,4,0,0,32.0625,35.5,4,4,322,"+","Interval_5227",0,FALSE,FALSE,FALSE,FALSE,FALSE,TRUE,TRUE,"Kidney_hypermethylated"
5029,"chr19",40460804,40461355,5228,0.730862570860999,0.328989834776617,0.401872736084383,1.76085079972784,0.000698775218912284,0.00337576550331445,10,0,0,24.275,26.325,4,4,1272,"+","Interval_5228",0,FALSE,FALSE,FALSE,FALSE,FALSE,FALSE,FALSE,"Kidney_hypermethylated"
5030,"chr19",40464644,40465006,5229,0.575397594720892,0.810679107289122,-0.235281512568229,-0.651056090786244,0.000587495113580655,0.00299598130535529,10,0,0,31.45,29.2,4,4,2575,"+","Interval_5229",0,FALSE,FALSE,FALSE,FALSE,FALSE,FALSE,FALSE,"Liver_hypermethylated"
5031,"chr19",40477773,40478378,5230,0.468377969316545,0.394729507931854,0.073648461384691,0.416759937565912,0.00917478012977317,0.0223022008283934,11,0,0,28.6363636363636,31,4,4,3889,"+","Interval_5230",0,FALSE,FALSE,FALSE,FALSE,FALSE,FALSE,FALSE,"Kidney_hypermethylated"
5032,"chr19",40488979,40489913,5231,0.512569638478933,0.186693430066766,0.325876208412166,1.40354236107987,0.000548799686098557,0.00285535408292319,15,0,0,24.6833333333333,26.7,3.93333333333333,4,1181,"+","Interval_5231",0,FALSE,FALSE,FALSE,FALSE,FALSE,FALSE,FALSE,"Kidney_hypermethylated"
5037,"chr19",40536439,40537317,5236,0.831216692391717,0.158091458735848,0.673125233655869,2.76912160304689,4.17135690302543e-07,0.000124617339437297,7,0,0,28.6071428571429,28.5357142857143,4,4,79,"+","Interval_5236",0,FALSE,FALSE,FALSE,FALSE,FALSE,TRUE,TRUE,"Kidney_hypermethylated"
5039,"chr19",40548585,40549395,5238,0.480495430515775,0.640899670641028,-0.160404240125253,-0.73124130287556,0.0156926545294962,0.0332751421959124,11,0,0,29.3636363636364,31.4318181818182,4,4,2898,"+","Interval_5238",0,FALSE,FALSE,FALSE,FALSE,FALSE,FALSE,FALSE,"Liver_hypermethylated"
5040,"chr19",40552867,40553689,5239,0.848017228007006,0.580571822904397,0.26744540510261,0.684792487203055,0.00685364144638602,0.0177678807791039,11,0,0,24.8181818181818,29.0227272727273,4,4,2482,"+","Interval_5239",0,FALSE,FALSE,FALSE,FALSE,FALSE,TRUE,TRUE,"Kidney_hypermethylated"
5042,"chr19",40581274,40581508,5241,0.878146617814862,0.699945881547596,0.178200736267267,0.323896698706783,0.0166229353878021,0.0347978707503298,2,0,0,30.875,41.125,4,4,3934,"+","Interval_5241",0,FALSE,FALSE,FALSE,FALSE,FALSE,FALSE,FALSE,"Kidney_hypermethylated"
5043,"chr19",40587018,40587270,5242,0.546968951753098,0.123931489903027,0.423037461850072,2.0587214446057,0.000108954311925537,0.000987498889059627,5,0,0,26.2,30.7,4,4,678,"+","Interval_5242",0,FALSE,FALSE,FALSE,FALSE,FALSE,FALSE,FALSE,"Kidney_hypermethylated"
5046,"chr19",40637216,40637867,5245,0.675829492040525,0.18334845762136,0.492481034419164,2.0287443249564,2.25363627917977e-05,0.000424373710092416,9,0,0,29.0277777777778,30.4444444444444,4,4,441,"+","Interval_5245",0,FALSE,FALSE,FALSE,FALSE,FALSE,FALSE,FALSE,"Kidney_hypermethylated"
5047,"chr19",40647817,40648229,5246,0.672264099508243,0.362792542170552,0.309471557337691,1.01389820221836,0.000588527715208533,0.00299875854888593,7,0,0,40.75,41.6071428571429,4,4,1698,"+","Interval_5246",0,FALSE,FALSE,FALSE,FALSE,FALSE,FALSE,FALSE,"Kidney_hypermethylated"
5048,"chr19",40678483,40678760,5247,0.227804284623166,0.0859590959640707,0.141845188659096,1.49659310196112,0.0222684934372847,0.0436212598572249,8,0,0,20.84375,25.71875,4,4,3137,"+","Interval_5247",0,FALSE,FALSE,FALSE,FALSE,FALSE,FALSE,FALSE,"Kidney_hypermethylated"
5049,"chr19",40708175,40708478,5248,0.510090413757209,0.129182548879109,0.3809078648781,1.67477382308814,9.54972849684247e-05,0.000922689962470079,3,0,0,32.5,37.0833333333333,4,4,857,"+","Interval_5248",0,FALSE,FALSE,FALSE,FALSE,FALSE,FALSE,FALSE,"Kidney_hypermethylated"
5052,"chr19",40738574,40738914,5251,0.887411428387021,0.642688710808434,0.244722717578587,0.468215082434518,0.00200856132468331,0.00713858261433137,5,0,0,25.75,27.6,4,4,3240,"+","Interval_5251",0,FALSE,FALSE,FALSE,FALSE,FALSE,FALSE,FALSE,"Kidney_hypermethylated"
5053,"chr19",40762216,40762607,5252,0.211230455387092,0.365155745945217,-0.153925290558125,-0.799877339879387,0.0248543279056993,0.0475201757873435,15,0,0,21.7,23.1,4,4,3214,"+","Interval_5252",0,FALSE,FALSE,FALSE,FALSE,FALSE,FALSE,FALSE,"Liver_hypermethylated"
5054,"chr19",40769205,40769987,5253,0.536742662881268,0.179963820532128,0.35677884234914,2.01346231451718,0.00108760312713462,0.00454338627888665,8,0,0,29.625,34.5,4,4,1471,"+","Interval_5253",0,TRUE,FALSE,TRUE,FALSE,FALSE,TRUE,TRUE,"Kidney_hypermethylated"
5055,"chr19",40812594,40814176,5254,0.714091517730553,0.16111198407467,0.552979533655883,2.2649359667255,7.66712926365608e-06,0.000249283118122575,25,0,0,29.43,31.14,3.92,4,286,"+","Interval_5254",0,TRUE,FALSE,TRUE,FALSE,FALSE,TRUE,TRUE,"Kidney_hypermethylated"
5056,"chr19",40818107,40819196,5255,0.745372166061709,0.145411833308376,0.599960332753333,2.51676821129963,1.84443238018307e-06,0.000151200778386532,12,0,0,30.7083333333333,34.0416666666667,4,4,188,"+","Interval_5255",0,TRUE,FALSE,TRUE,FALSE,FALSE,TRUE,TRUE,"Kidney_hypermethylated"
5060,"chr19",40962855,40963440,5259,0.475610771013966,0.201485105142716,0.274125665871249,1.5546727937171,0.00591877830725387,0.0158528528770593,17,0,0,25.6029411764706,29.75,4,4,2293,"+","Interval_5259",0,FALSE,TRUE,TRUE,FALSE,FALSE,FALSE,FALSE,"Kidney_hypermethylated"
5061,"chr19",40971406,40971968,5260,0.904152203453885,0.444078032577963,0.460074170875922,1.10105207471316,0.00023278106781519,0.00160004436434491,4,0,0,41.375,41.625,4,4,1537,"+","Interval_5260",0,FALSE,FALSE,FALSE,FALSE,FALSE,FALSE,FALSE,"Kidney_hypermethylated"
5062,"chr19",40976714,40977806,5261,0.74133255116142,0.375045612071499,0.366286939089922,1.13203704490314,0.000381296236646396,0.00225728841444326,13,0,0,28.0961538461538,28.3076923076923,4,4,1480,"+","Interval_5261",0,FALSE,FALSE,FALSE,FALSE,FALSE,TRUE,TRUE,"Kidney_hypermethylated"
5063,"chr19",40993811,40994911,5262,0.379727000822702,0.520043173797276,-0.140316172974574,-0.861983089053264,0.0262197979923191,0.0496061141203205,16,0,0,27.671875,28.734375,4,4,3248,"+","Interval_5262",0,FALSE,FALSE,FALSE,FALSE,FALSE,FALSE,FALSE,"Liver_hypermethylated"
5064,"chr19",40996055,40996351,5263,0.266703895751786,0.575481626054336,-0.308777730302551,-1.33222057855623,0.000422959764096733,0.00238886741762355,4,0,0,29.875,35.9375,4,4,1282,"+","Interval_5263",0,FALSE,TRUE,TRUE,FALSE,FALSE,FALSE,FALSE,"Liver_hypermethylated"
5065,"chr19",40999315,41000071,5264,0.773395692416628,0.493489022485773,0.279906669930855,0.960147550193018,0.00795297800956697,0.0199014514972586,7,0,0,23.7142857142857,26.1428571428571,4,4,2455,"+","Interval_5264",0,FALSE,FALSE,FALSE,FALSE,FALSE,TRUE,TRUE,"Kidney_hypermethylated"
5072,"chr19",41249095,41249417,5272,0.482670970920596,0.674203842781429,-0.191532871860833,-0.481955101467895,0.00806482907679842,0.0201048173131547,3,0,0,30.9166666666667,32.75,4,4,3185,"+","Interval_5272",0,FALSE,FALSE,FALSE,FALSE,FALSE,FALSE,FALSE,"Liver_hypermethylated"
5075,"chr19",41275658,41276139,5275,0.792788502678648,0.538448219246653,0.254340283431996,0.578275522438582,0.00486538242391563,0.0136146516370499,4,0,0,33.5,32,4,4,2828,"+","Interval_5275",0,FALSE,FALSE,FALSE,FALSE,FALSE,FALSE,FALSE,"Kidney_hypermethylated"
5076,"chr19",41303438,41304113,5276,0.390213606107961,0.602872032685447,-0.212658426577486,-0.791934687914682,0.0128440168269591,0.0287109797750686,11,0,0,23.0227272727273,25.9772727272727,3.90909090909091,4,2749,"+","Interval_5276",0,FALSE,FALSE,FALSE,FALSE,FALSE,FALSE,FALSE,"Liver_hypermethylated"
5077,"chr19",41310710,41311600,5277,0.188690974832858,0.246133122210091,-0.0574421473772329,0.0965933738363093,0.0258642441735451,0.0490693981001651,25,0,0,30.64,31.64,4,4,5363,"+","Interval_5277",0,FALSE,FALSE,FALSE,FALSE,FALSE,FALSE,FALSE,"Liver_hypermethylated"
5078,"chr19",41339134,41339753,5278,0.665094952979622,0.133614919409231,0.531480033570391,2.37537730648786,7.49438542721531e-05,0.000823846126122327,17,0,0,23.0735294117647,22.7794117647059,4,4,559,"+","Interval_5278",0,FALSE,FALSE,FALSE,FALSE,FALSE,FALSE,FALSE,"Kidney_hypermethylated"
5079,"chr19",41345155,41345433,5279,0.454769400314419,0.14233182543187,0.312437574882549,1.45112834426115,0.00065637136639961,0.00325012251935987,4,0,0,33.6875,33.0625,4,4,1257,"+","Interval_5279",0,FALSE,FALSE,FALSE,FALSE,FALSE,FALSE,FALSE,"Kidney_hypermethylated"
5081,"chr19",41348244,41348534,5281,0.935624222730509,0.695821791286103,0.239802431444406,0.421781397697419,0.000334985760605346,0.00207145949798705,2,0,0,34.75,37.875,4,4,3449,"+","Interval_5281",0,FALSE,FALSE,FALSE,FALSE,FALSE,TRUE,TRUE,"Kidney_hypermethylated"
5082,"chr19",41382190,41382682,5282,0.696127846731114,0.333406128835846,0.362721717895267,1.05757629928184,0.00070614552102373,0.00340334449152221,5,0,0,24.3,25.4,4,4,1619,"+","Interval_5282",0,TRUE,FALSE,TRUE,FALSE,FALSE,FALSE,FALSE,"Kidney_hypermethylated"
5084,"chr19",41445789,41446435,5284,0.404120006794614,0.0793603371810574,0.324759669613556,2.19002940044948,0.00221373160599227,0.00765956121555321,5,0,0,24.35,28.25,4,4,1776,"+","Interval_5284",0,FALSE,FALSE,FALSE,FALSE,FALSE,FALSE,FALSE,"Kidney_hypermethylated"
5085,"chr19",41455064,41455542,5285,0.676001931756863,0.218221071372203,0.45778086038466,1.98354579415863,1.13319039896585e-05,0.000301699037480631,5,0,0,29.35,32.7,4,4,545,"+","Interval_5285",0,FALSE,FALSE,FALSE,FALSE,FALSE,FALSE,FALSE,"Kidney_hypermethylated"
5088,"chr19",41495447,41496266,5288,0.282964204907796,0.413436979322357,-0.130472774414561,-0.839052152255223,0.00525876523459872,0.0144328326782533,4,0,0,34.125,42.1875,4,4,3116,"+","Interval_5288",0,FALSE,FALSE,FALSE,FALSE,FALSE,TRUE,TRUE,"Liver_hypermethylated"
5089,"chr19",41524018,41524386,5289,0.798850621318244,0.474471022917714,0.32437959840053,0.740653779780634,3.5873461203679e-05,0.000534306805921592,2,0,0,34,33.125,4,4,2348,"+","Interval_5289",0,FALSE,FALSE,FALSE,FALSE,FALSE,FALSE,FALSE,"Kidney_hypermethylated"
5090,"chr19",41585458,41585699,5291,0.336129054736972,0.739206508824124,-0.403077454087152,-1.1164543971262,1.46281871378919e-05,0.000336667453042492,4,0,0,31.3125,33.5625,4,4,1510,"+","Interval_5291",0,FALSE,FALSE,FALSE,FALSE,FALSE,FALSE,FALSE,"Liver_hypermethylated"
5091,"chr19",41597433,41597697,5292,0.884225168368741,0.520751136710639,0.363474031658102,0.772944291003939,4.09766108254369e-05,0.000570624361163728,3,0,0,31.75,31.75,4,4,2260,"+","Interval_5292",0,FALSE,FALSE,FALSE,FALSE,FALSE,FALSE,FALSE,"Kidney_hypermethylated"
5094,"chr19",41618542,41619351,5295,0.409697538592749,0.619147780167355,-0.209450241574606,-0.744515195060561,0.000807556356094913,0.00372470499597443,20,0,0,21.3625,21.525,4,3.95,2337,"+","Interval_5295",0,FALSE,FALSE,FALSE,FALSE,FALSE,FALSE,FALSE,"Liver_hypermethylated"
5096,"chr19",41669985,41670564,5298,0.259248609004518,0.488926486835278,-0.22967787783076,-1.44203312676424,0.00225123512687311,0.0077370468985656,11,0,0,22.1818181818182,24.2272727272727,4,4,1942,"+","Interval_5298",0,FALSE,TRUE,TRUE,FALSE,FALSE,FALSE,FALSE,"Liver_hypermethylated"
5097,"chr19",41675625,41675903,5299,0.205083569001549,0.635759607797725,-0.430676038796176,-1.631009713762,6.70041457475795e-05,0.000771049579810629,8,0,0,21.53125,26.3125,4,4,822,"+","Interval_5299",0,FALSE,FALSE,FALSE,FALSE,FALSE,FALSE,FALSE,"Liver_hypermethylated"
5098,"chr19",41677522,41677868,5300,0.640410804473304,0.0558531746031746,0.58455762987013,3.44789451299369,7.66244002890553e-05,0.000831465019123008,2,0,0,17.5,17.625,4,4,566,"+","Interval_5300",0,TRUE,TRUE,TRUE,TRUE,FALSE,FALSE,FALSE,"Kidney_hypermethylated"
5101,"chr19",41707081,41707376,5303,0.284679280331638,0.478382054352382,-0.193702774020744,-0.749381021765694,0.0020568922296772,0.00723917683354318,6,0,0,25.5416666666667,27.75,4,4,2326,"+","Interval_5303",0,FALSE,FALSE,FALSE,FALSE,FALSE,FALSE,FALSE,"Liver_hypermethylated"
5102,"chr19",41716059,41716780,5304,0.0859523096903725,0.294303527685198,-0.208351217994825,-1.80591979019567,0.00900399829723471,0.0220173376587773,15,0,0,22.0833333333333,24.15,4,4,2513,"+","Interval_5304",0,FALSE,FALSE,FALSE,FALSE,TRUE,FALSE,TRUE,"Liver_hypermethylated"
5103,"chr19",41723231,41723783,5305,0.0567064916078074,0.196367151367151,-0.139660659759344,-2.15720058378049,6.72077032838604e-05,0.000771946423699667,3,0,0,19.5833333333333,25,3.66666666666667,4,2985,"+","Interval_5305",0,FALSE,FALSE,FALSE,FALSE,FALSE,FALSE,FALSE,"Liver_hypermethylated"
5104,"chr19",41724956,41725441,5306,0.224910918549857,0.29660316019439,-0.0716922416445332,-0.736421378784178,0.00344716745780117,0.0104865564495981,7,0,0,19.25,19.3214285714286,3.85714285714286,4,3915,"+","Interval_5306",0,FALSE,FALSE,FALSE,FALSE,FALSE,FALSE,FALSE,"Liver_hypermethylated"
5109,"chr19",41761443,41762057,5311,0.31191936584883,0.645359865748169,-0.333440499899339,-1.05289143830947,0.00118242239814144,0.00482469165775507,11,0,0,20.4545454545455,23.9545454545455,4,4,1625,"+","Interval_5311",0,FALSE,FALSE,FALSE,FALSE,FALSE,FALSE,FALSE,"Liver_hypermethylated"
5115,"chr19",41807309,41808152,5317,0.863027381435023,0.189995230195078,0.673032151239946,2.14691502469622,7.26768779185258e-06,0.000242933200890567,11,0,0,30.9772727272727,30.6363636363636,4,4,340,"+","Interval_5317",0,TRUE,FALSE,TRUE,FALSE,FALSE,TRUE,TRUE,"Kidney_hypermethylated"
5116,"chr19",41810282,41810592,5318,0.304970114106447,0.737050482868085,-0.432080368761638,-1.30703397160238,5.54829013603914e-05,0.00068600086289659,3,0,0,29.6666666666667,33.75,4,4,1212,"+","Interval_5318",0,FALSE,FALSE,FALSE,FALSE,FALSE,FALSE,FALSE,"Liver_hypermethylated"
5117,"chr19",41813207,41813672,5319,0.952666900093371,0.174378399378399,0.778288500714971,2.38436703768748,6.36869125495001e-07,0.000124617339437297,1,0,0,36.25,39.75,4,4,194,"+","Interval_5319",0,FALSE,FALSE,FALSE,FALSE,FALSE,FALSE,FALSE,"Kidney_hypermethylated"
5118,"chr19",41817298,41817612,5320,0.229033435862383,0.44418747066757,-0.215154034805187,-0.612138268564129,0.00249227500806219,0.00831886470643248,5,0,0,23.2,28.2,4,4,2695,"+","Interval_5320",0,FALSE,FALSE,FALSE,FALSE,FALSE,FALSE,FALSE,"Liver_hypermethylated"
5121,"chr19",41837684,41838326,5323,0.733632284063178,0.0819734161732256,0.651658867889952,3.13601973441962,1.73924057883824e-05,0.000366014840991815,10,0,0,34.425,38.25,4,4,292,"+","Interval_5323",0,TRUE,FALSE,TRUE,FALSE,FALSE,TRUE,TRUE,"Kidney_hypermethylated"
5123,"chr19",41857193,41858019,5325,0.684229816347486,0.447874178817323,0.236355637530164,0.755783804727478,0.00533264358800408,0.0145834868038652,8,0,0,35.75,34.375,4,4,2303,"+","Interval_5325",0,FALSE,FALSE,FALSE,FALSE,FALSE,FALSE,FALSE,"Kidney_hypermethylated"
5125,"chr19",41906213,41907342,5327,0.592453920801569,0.188794541538313,0.403659379263256,1.69071176300778,0.00121684002274418,0.00490970580417791,8,0,0,26.21875,27.46875,4,4,1523,"+","Interval_5327",0,FALSE,FALSE,FALSE,FALSE,FALSE,TRUE,TRUE,"Kidney_hypermethylated"
5129,"chr19",41987276,41987607,5331,0.575568585372507,0.721214785339598,-0.145646199967091,-0.348431791736214,0.0117641139296694,0.0267544337889779,3,0,0,21.6666666666667,25.25,4,4,3801,"+","Interval_5331",0,FALSE,FALSE,FALSE,FALSE,FALSE,FALSE,FALSE,"Liver_hypermethylated"
5132,"chr19",41995158,41995415,5334,0.265252427566501,0.729428870393544,-0.464176442827043,-1.42382250088376,3.89594392966681e-05,0.000553115727206479,2,0,0,23.75,27.25,4,4,1076,"+","Interval_5334",0,FALSE,FALSE,FALSE,FALSE,FALSE,FALSE,FALSE,"Liver_hypermethylated"
5133,"chr19",42000379,42000817,5335,0.186420967400757,0.518029748596452,-0.331608781195694,-1.42488539517388,3.88540341988275e-05,0.000553115727206479,4,0,0,28.625,30.75,4,4,1128,"+","Interval_5335",0,FALSE,FALSE,FALSE,FALSE,FALSE,FALSE,FALSE,"Liver_hypermethylated"
5136,"chr19",42034187,42034600,5338,0.844769798144117,0.535556958902673,0.309212839241443,0.717970515220937,0.00815730739790601,0.0202859789397541,6,0,0,16.7083333333333,18.9583333333333,4,4,2471,"+","Interval_5338",0,FALSE,FALSE,FALSE,FALSE,FALSE,FALSE,FALSE,"Kidney_hypermethylated"
5137,"chr19",42034679,42035028,5339,0.791404727095517,0.4487526106934,0.342652116402116,0.938099673349106,0.00578771074784068,0.0156014670867645,3,0,0,16.0833333333333,18.5,3.33333333333333,3.66666666666667,2279,"+","Interval_5339",0,FALSE,FALSE,FALSE,FALSE,FALSE,FALSE,FALSE,"Kidney_hypermethylated"
5138,"chr19",42035197,42036150,5340,0.53931983355183,0.596447287952428,-0.0571274544005981,-0.55812274424733,0.015764363511619,0.0333926279830743,22,0,0,17.0795454545455,21.0909090909091,3.45454545454545,4,4158,"+","Interval_5340",0,FALSE,FALSE,FALSE,FALSE,FALSE,FALSE,FALSE,"Liver_hypermethylated"
5141,"chr19",42061224,42061873,5343,0.847084234091953,0.61975059174894,0.227333642343013,0.510715270023077,0.00503801356437212,0.0139917847050176,9,0,0,24.1666666666667,26.0277777777778,4,3.88888888888889,3073,"+","Interval_5343",0,FALSE,FALSE,FALSE,FALSE,FALSE,FALSE,FALSE,"Kidney_hypermethylated"
5143,"chr19",42071836,42072598,5345,0.83298398050779,0.560520081457392,0.272463899050398,0.6027567280265,0.000348493266430838,0.00212871880936133,14,0,0,31.1428571428571,34.3392857142857,4,4,2740,"+","Interval_5345",0,FALSE,FALSE,FALSE,FALSE,FALSE,FALSE,FALSE,"Kidney_hypermethylated"
5149,"chr19",42158417,42159001,5351,0.3017712674309,0.171100947737743,0.130670319693157,1.18933298053388,0.00624297025934669,0.0165357983808989,12,0,0,26.2708333333333,26.7083333333333,4,4,3113,"+","Interval_5351",0,FALSE,FALSE,FALSE,FALSE,FALSE,FALSE,FALSE,"Kidney_hypermethylated"
5150,"chr19",42164038,42164290,5352,0.171956970148706,0.542161661291243,-0.370204691142537,-1.7349358878893,0.000403350278243808,0.00233388649699454,4,0,0,25.75,27.1875,4,4,1062,"+","Interval_5352",0,FALSE,TRUE,TRUE,FALSE,FALSE,FALSE,FALSE,"Liver_hypermethylated"
5152,"chr19",42176813,42177747,5354,0.84103153222371,0.199726648304404,0.641304883919306,2.14462053136858,0.000424017385566929,0.00239264172112835,10,0,0,28.1,28.7,4,4,1089,"+","Interval_5354",0,FALSE,FALSE,FALSE,FALSE,FALSE,TRUE,TRUE,"Kidney_hypermethylated"
5155,"chr19",42230202,42230754,5357,0.677769180136128,0.149225296477358,0.52854388365877,2.12301949046374,7.67193923259147e-05,0.000831465019123008,5,0,0,29.8,28.1,4,4,567,"+","Interval_5357",0,FALSE,FALSE,FALSE,FALSE,FALSE,FALSE,FALSE,"Kidney_hypermethylated"
5161,"chr19",42426110,42426383,5363,0.166401718049198,0.366822193562846,-0.200420475513647,-1.1061589786303,0.0028761057436381,0.00920024455734313,3,0,0,28,26.8333333333333,4,4,2241,"+","Interval_5363",0,FALSE,TRUE,TRUE,FALSE,FALSE,FALSE,FALSE,"Liver_hypermethylated"
5163,"chr19",42442410,42443100,5365,0.154371469213835,0.642849248806456,-0.488477779592621,-2.06152132916632,3.31859148046343e-05,0.000521103110629355,6,0,0,29.9166666666667,27.9166666666667,4,4,444,"+","Interval_5365",0,FALSE,FALSE,FALSE,FALSE,FALSE,FALSE,FALSE,"Liver_hypermethylated"
5165,"chr19",42510343,42510863,5367,0.32883070944965,0.177826916538335,0.151003792911316,1.09338846767808,0.0137786968520561,0.0302285227261281,8,0,0,26.46875,25.34375,4,4,2834,"+","Interval_5367",0,TRUE,FALSE,TRUE,FALSE,FALSE,FALSE,FALSE,"Kidney_hypermethylated"
5167,"chr19",42529932,42530319,5369,0.458914091619926,0.269209165636619,0.189704925983307,0.882566838487356,0.00351282770916737,0.0106127464468208,8,0,0,19.875,21.375,4,4,2365,"+","Interval_5369",0,FALSE,FALSE,FALSE,FALSE,FALSE,FALSE,FALSE,"Kidney_hypermethylated"
5168,"chr19",42582902,42584811,5370,0.850948699298051,0.556167331845922,0.294781367452129,0.628154742039432,0.00249550340728309,0.00832511858727176,21,0,0,33.4285714285714,33.3452380952381,4,4,2648,"+","Interval_5370",0,FALSE,FALSE,FALSE,FALSE,FALSE,TRUE,TRUE,"Kidney_hypermethylated"
5171,"chr19",42638533,42639286,5373,0.129717774270793,0.503924174815387,-0.374206400544594,-2.36715529611543,4.06677616742832e-05,0.000568235124068647,8,0,0,19.09375,20.625,4,4,903,"+","Interval_5373",0,FALSE,FALSE,FALSE,FALSE,FALSE,FALSE,FALSE,"Liver_hypermethylated"
5173,"chr19",42673112,42673516,5375,0.0820890254463757,0.424266117726283,-0.342177092279908,-2.42985757052237,0.00346610011166956,0.0105233128390363,9,0,0,26.1111111111111,26.2222222222222,4,4,2024,"+","Interval_5375",0,FALSE,FALSE,FALSE,FALSE,TRUE,FALSE,TRUE,"Liver_hypermethylated"
5174,"chr19",42678454,42678663,5376,0.492820843441599,0.621476237795752,-0.128655394354153,-0.348733765109025,0.0160032224552755,0.033770536396864,2,0,0,35.875,40.75,4,4,3799,"+","Interval_5376",0,FALSE,FALSE,FALSE,FALSE,FALSE,FALSE,FALSE,"Liver_hypermethylated"
5175,"chr19",42689791,42690453,5377,0.635954957785243,0.431907815373185,0.204047142412058,0.608399163370087,0.0218375540496731,0.0429688663577462,4,0,0,27,25.4375,4,4,3123,"+","Interval_5377",0,FALSE,FALSE,FALSE,FALSE,FALSE,FALSE,FALSE,"Kidney_hypermethylated"
5176,"chr19",42697119,42697829,5378,0.362302312179133,0.608612791862242,-0.24631047968311,-0.733472401884119,0.00171497481270318,0.00633132820237425,14,0,0,27.0892857142857,26.1071428571429,4,4,2370,"+","Interval_5378",0,FALSE,FALSE,FALSE,FALSE,FALSE,FALSE,FALSE,"Liver_hypermethylated"
5177,"chr19",42722478,42722887,5379,0.0727373357636515,0.354906962137354,-0.282169626373703,-2.59373124174058,1.98348101625862e-05,0.000394707510232612,3,0,0,18.4166666666667,19.0833333333333,3.66666666666667,4,1470,"+","Interval_5379",0,FALSE,FALSE,FALSE,FALSE,FALSE,FALSE,FALSE,"Liver_hypermethylated"
5178,"chr19",42725097,42726266,5380,0.193271895472427,0.397870149161619,-0.204598253689192,-1.20834034824609,0.0050098982036297,0.0139365434410614,16,0,0,24.359375,27.6875,4,4,2209,"+","Interval_5380",0,FALSE,FALSE,FALSE,FALSE,FALSE,FALSE,FALSE,"Liver_hypermethylated"
5179,"chr19",42744138,42745355,5381,0.460036506701121,0.143633806085053,0.316402700616068,1.40332868418103,0.00406622617838698,0.0118652876345069,13,0,0,21.6346153846154,22.6153846153846,3.92307692307692,4,2105,"+","Interval_5381",0,FALSE,FALSE,FALSE,FALSE,FALSE,FALSE,FALSE,"Kidney_hypermethylated"
5184,"chr19",42936815,42937158,5386,0.0638183509536484,0.342609654498472,-0.278791303544824,-2.40673055383079,0.00603582333412988,0.0160911645935914,8,0,0,15.96875,19.5,3.75,4,2305,"+","Interval_5386",0,FALSE,FALSE,FALSE,FALSE,FALSE,FALSE,FALSE,"Liver_hypermethylated"
5186,"chr19",42948124,42948606,5388,0.0505326581708428,0.276682856777051,-0.226150198606208,-2.2673781915148,0.000703853009558905,0.0033949581975977,3,0,0,35.5833333333333,37.1666666666667,4,4,1974,"+","Interval_5388",0,FALSE,FALSE,FALSE,FALSE,FALSE,FALSE,FALSE,"Liver_hypermethylated"
5187,"chr19",42977859,42978521,5389,0.148641970845918,0.388784246425738,-0.24014227557982,-1.35107938917793,0.000792023682449222,0.00368153216993228,2,0,0,28.625,26.125,4,4,1842,"+","Interval_5389",0,FALSE,FALSE,FALSE,FALSE,FALSE,FALSE,FALSE,"Liver_hypermethylated"
5188,"chr19",42980778,42981042,5390,0.189048975357115,0.517618050957415,-0.3285690756003,-1.42537495992353,0.00013648238405216,0.00113030222372038,2,0,0,51.5,45.75,4,4,1145,"+","Interval_5390",0,FALSE,FALSE,FALSE,FALSE,FALSE,FALSE,FALSE,"Liver_hypermethylated"
5189,"chr19",43231403,43231844,5391,0.401298332612981,0.568691282654037,-0.167392950041056,-0.498557692575808,0.00470901055941475,0.013275126620077,3,0,0,31.5833333333333,30.5833333333333,4,4,3124,"+","Interval_5391",0,FALSE,FALSE,FALSE,FALSE,FALSE,FALSE,FALSE,"Liver_hypermethylated"
5190,"chr19",43358469,43359109,5392,0.834302491403712,0.53757710313595,0.296725388267762,0.67639595298696,0.00201276645848703,0.00714600233961504,5,0,0,28.35,32,4,4,2501,"+","Interval_5392",0,TRUE,FALSE,TRUE,FALSE,FALSE,TRUE,TRUE,"Kidney_hypermethylated"
5193,"chr19",43452691,43453433,5395,0.857795228156239,0.190717665027914,0.667077563128325,2.26711800975339,2.03223988252623e-07,0.000124617339437297,5,0,0,32.95,31.6,4,4,255,"+","Interval_5395",0,FALSE,FALSE,FALSE,FALSE,FALSE,TRUE,TRUE,"Kidney_hypermethylated"
5194,"chr19",43463729,43464563,5396,0.772864208648791,0.638660511029863,0.134203697618929,0.281194573113678,0.00956960369186312,0.0229170750921663,4,0,0,35.5,36.8125,4,4,4187,"+","Interval_5396",0,FALSE,FALSE,FALSE,FALSE,FALSE,FALSE,FALSE,"Kidney_hypermethylated"
5201,"chr19",43546354,43546984,5403,0.0311225587187863,0.311706979153725,-0.280584420434938,-3.12368059769781,0.000626600291457584,0.00313555276140623,12,0,0,27.1666666666667,24.0416666666667,4,3.91666666666667,1481,"+","Interval_5403",0,FALSE,TRUE,TRUE,FALSE,FALSE,FALSE,FALSE,"Liver_hypermethylated"
5206,"chr19",43629063,43629518,5408,0.163842962082033,0.540873818911035,-0.377030856829002,-2.07965082718878,0.000684139927128219,0.0033498325515561,6,0,0,22.4166666666667,23.9583333333333,4,4,1255,"+","Interval_5408",0,FALSE,TRUE,TRUE,FALSE,FALSE,FALSE,FALSE,"Liver_hypermethylated"
5208,"chr19",43660572,43660912,5410,0.549375635551879,0.416245291528574,0.133130344023305,0.361905655838806,0.00389679951704535,0.0114958391897473,6,0,0,25.1666666666667,21.75,4,4,3729,"+","Interval_5410",0,FALSE,FALSE,FALSE,FALSE,FALSE,FALSE,FALSE,"Kidney_hypermethylated"
5209,"chr19",43662247,43662566,5411,0.104000461911037,0.476506556756913,-0.372506094845876,-2.34187149149573,0.0044794094110459,0.0127911075683316,6,0,0,21.9583333333333,22,4,4,2151,"+","Interval_5411",0,FALSE,FALSE,FALSE,FALSE,FALSE,FALSE,FALSE,"Liver_hypermethylated"
5213,"chr19",43695391,43695871,5415,0.475796901334512,0.430620777752833,0.045176123581679,0.496093396266203,0.0136682807039299,0.0300399087716913,13,0,0,28.1153846153846,29.0384615384615,4,4,4385,"+","Interval_5415",0,FALSE,FALSE,FALSE,FALSE,FALSE,FALSE,FALSE,"Kidney_hypermethylated"
5215,"chr19",43711494,43712215,5417,0.472844531059906,0.223549546535838,0.249294984524068,1.70284542627868,0.00202437537876556,0.00716990588041175,17,0,0,20.1176470588235,21.5882352941176,3.23529411764706,3.70588235294118,1750,"+","Interval_5417",0,FALSE,FALSE,FALSE,FALSE,FALSE,FALSE,FALSE,"Kidney_hypermethylated"
5218,"chr19",43767660,43768230,5420,0.704138397316966,0.5940574610517,0.110080936265266,0.237385123151326,0.0190143029102722,0.0384858008509956,6,0,0,43.1666666666667,43.3333333333333,4,4,4437,"+","Interval_5420",0,FALSE,FALSE,FALSE,FALSE,FALSE,FALSE,FALSE,"Kidney_hypermethylated"
5219,"chr19",43781941,43782384,5421,0.777096177020051,0.436512011736659,0.340584165283392,0.83153713522114,0.000928240915571296,0.0040977301912253,2,0,0,28.5,35.375,4,4,2104,"+","Interval_5421",0,FALSE,FALSE,FALSE,FALSE,FALSE,TRUE,TRUE,"Kidney_hypermethylated"
5220,"chr19",43797209,43797916,5422,0.761969235042133,0.532401569829291,0.229567665212843,0.517477742107156,0.00345351968392793,0.010495488851502,9,0,0,32.25,31.5833333333333,4,4,3045,"+","Interval_5422",0,FALSE,FALSE,FALSE,FALSE,FALSE,TRUE,TRUE,"Kidney_hypermethylated"
5221,"chr19",43845349,43845857,5423,0.221907571846951,0.414237386894867,-0.192329815047916,-0.869244474350481,0.00234927129337041,0.00798024991584367,6,0,0,27.8333333333333,29.5416666666667,4,4,2335,"+","Interval_5423",0,FALSE,FALSE,FALSE,FALSE,FALSE,FALSE,FALSE,"Liver_hypermethylated"
5222,"chr19",43868710,43869143,5424,0.942029906954456,0.841085418968094,0.100944487986362,0.163441405103114,0.0231973709618923,0.044996163055817,16,0,0,27.671875,30.15625,4,4,4899,"+","Interval_5424",0,FALSE,FALSE,FALSE,FALSE,FALSE,FALSE,FALSE,"Kidney_hypermethylated"
5224,"chr19",43883063,43883346,5426,0.025375628325258,0.366193487741864,-0.340817859416606,-3.64659132890348,4.93401123290183e-05,0.000639704928334894,8,0,0,23.0625,22.625,4,4,1070,"+","Interval_5426",0,FALSE,FALSE,FALSE,FALSE,FALSE,FALSE,FALSE,"Liver_hypermethylated"
5225,"chr19",43884830,43885238,5427,0.643489917693041,0.187273577855749,0.456216339837292,1.90256442951057,0.000350509082455748,0.00213890596990126,9,0,0,26.0555555555556,24.1111111111111,4,4,1007,"+","Interval_5427",0,FALSE,FALSE,FALSE,FALSE,FALSE,FALSE,FALSE,"Kidney_hypermethylated"
5227,"chr19",43894231,43894540,5429,0.110954918690843,0.472262356267314,-0.36130743757647,-2.28390322689795,0.00587159090327336,0.0157820531276969,7,0,0,20.8928571428571,21.0714285714286,4,3.85714285714286,2286,"+","Interval_5429",0,FALSE,FALSE,FALSE,FALSE,FALSE,FALSE,FALSE,"Liver_hypermethylated"
5229,"chr19",43898575,43898875,5431,0.271542109098192,0.43166283789826,-0.160120728800068,-0.797049303291041,0.0189931673757418,0.0384683630599648,7,0,0,31.4642857142857,32.5714285714286,4,4,3034,"+","Interval_5431",0,FALSE,FALSE,FALSE,FALSE,FALSE,FALSE,FALSE,"Liver_hypermethylated"
5230,"chr19",43913120,43913379,5432,0.637212020435705,0.326305054594528,0.310906965841176,0.945591086924678,0.0106283795770566,0.0247391638261413,2,0,0,14.875,16.5,4,4,2640,"+","Interval_5432",0,FALSE,FALSE,FALSE,FALSE,FALSE,FALSE,FALSE,"Kidney_hypermethylated"
5231,"chr19",43916805,43917124,5433,0.53486024691175,0.272207157425006,0.262653089486744,0.876652858656549,0.00119520433111921,0.00486070854713932,8,0,0,27.5625,26.375,4,4,2005,"+","Interval_5433",0,FALSE,FALSE,FALSE,FALSE,FALSE,FALSE,FALSE,"Kidney_hypermethylated"
5232,"chr19",43918839,43919217,5434,0.845424750405681,0.635561427680922,0.209863322724759,0.420109112073199,0.0157275023538311,0.0333260351601006,3,0,0,17.5833333333333,22,3.33333333333333,4,3459,"+","Interval_5434",0,FALSE,FALSE,FALSE,FALSE,FALSE,FALSE,FALSE,"Kidney_hypermethylated"
5239,"chr19",43998967,43999503,5441,0.776648083176386,0.560570961253619,0.216077121922768,0.467853226078597,0.000266948154034481,0.00176576577668664,10,0,0,37.8,42,4,4,3245,"+","Interval_5441",0,FALSE,FALSE,FALSE,FALSE,FALSE,TRUE,TRUE,"Kidney_hypermethylated"
5240,"chr19",44021509,44022069,5442,0.92215013099225,0.663313878614499,0.258836252377751,0.483974928685827,0.000358355159711818,0.00216954921815677,7,0,0,36.6428571428571,36.0357142857143,4,4,3177,"+","Interval_5442",0,FALSE,FALSE,FALSE,FALSE,FALSE,TRUE,TRUE,"Kidney_hypermethylated"
5241,"chr19",44026955,44027499,5443,0.568562636609997,0.673307545737171,-0.104744909127174,-0.783610106665538,0.0239735441826963,0.0462389921540077,7,0,0,24.1785714285714,24.7142857142857,4,4,3453,"+","Interval_5443",0,FALSE,FALSE,FALSE,FALSE,FALSE,FALSE,FALSE,"Liver_hypermethylated"
5244,"chr19",44076480,44077529,5446,0.462865642777625,0.811566467807915,-0.34870082503029,-0.917176724512318,0.00014142755420336,0.00115722013392763,13,0,0,27.75,28.4615384615385,4,4,1897,"+","Interval_5446",0,FALSE,FALSE,FALSE,FALSE,FALSE,FALSE,FALSE,"Liver_hypermethylated"
5254,"chr19",44301250,44302278,5456,0.665781749747658,0.529899114329584,0.135882635418074,0.567441739474852,0.0130687689517012,0.0290227247910826,23,0,0,29.3369565217391,29.9565217391304,4,4,3042,"+","Interval_5456",0,FALSE,FALSE,FALSE,FALSE,FALSE,FALSE,FALSE,"Kidney_hypermethylated"
5255,"chr19",44311430,44312268,5457,0.166413575550091,0.648791201572228,-0.482377626022137,-2.10288785956026,0.000141147582883535,0.00115722013392763,11,0,0,28.6363636363636,31.9545454545455,4,4,749,"+","Interval_5457",0,FALSE,FALSE,FALSE,FALSE,FALSE,FALSE,FALSE,"Liver_hypermethylated"
5257,"chr19",44363406,44363974,5459,0.248053144030593,0.0991228659491951,0.148930278081398,1.26663982703828,0.0149337157469361,0.0320753873697736,15,0,0,23.95,28.2833333333333,4,4,2861,"+","Interval_5459",0,FALSE,FALSE,FALSE,FALSE,FALSE,FALSE,FALSE,"Kidney_hypermethylated"
5258,"chr19",44367001,44367246,5460,0.543866397086125,0.776951434577412,-0.233085037491287,-0.502429922597395,0.00181724301535421,0.00661549664061114,5,0,0,27.95,29.85,4,4,3107,"+","Interval_5460",0,FALSE,FALSE,FALSE,FALSE,FALSE,FALSE,FALSE,"Liver_hypermethylated"
5262,"chr19",44394069,44395412,5464,0.848474567715199,0.22853480326004,0.619939764455159,1.9159089534191,1.7729877248694e-06,0.000151200778386532,10,0,0,34.25,36.475,4,4,521,"+","Interval_5464",0,FALSE,FALSE,FALSE,FALSE,FALSE,TRUE,TRUE,"Kidney_hypermethylated"
5263,"chr19",44396697,44397039,5465,0.893701289690371,0.28393625778064,0.609765031909732,1.90684894248668,1.2190011147391e-05,0.000306998436478351,5,0,0,32.8,32.7,4,4,537,"+","Interval_5465",0,FALSE,FALSE,FALSE,FALSE,FALSE,TRUE,TRUE,"Kidney_hypermethylated"
5267,"chr19",44465508,44466142,5469,0.275875151619295,0.650870411299709,-0.374995259680414,-1.51553379814918,0.00332472185061116,0.0102377610163446,3,0,0,36.25,34.75,4,4,1994,"+","Interval_5469",0,FALSE,FALSE,FALSE,FALSE,FALSE,FALSE,FALSE,"Liver_hypermethylated"
5268,"chr19",44466183,44466437,5470,0.330885478064328,0.680598620489733,-0.349713142425405,-1.08676336442749,0.000181619191484638,0.00135607525112163,7,0,0,20.4642857142857,22.4642857142857,3.85714285714286,3.85714285714286,1566,"+","Interval_5470",0,FALSE,FALSE,FALSE,FALSE,FALSE,FALSE,FALSE,"Liver_hypermethylated"
5271,"chr19",44498709,44499153,5473,0.314274741161701,0.472892810295237,-0.158618069133536,-0.653157228274937,0.0149228486050248,0.0320632533838732,7,0,0,26.1785714285714,29.5357142857143,4,4,2860,"+","Interval_5473",0,FALSE,TRUE,TRUE,FALSE,FALSE,FALSE,FALSE,"Liver_hypermethylated"
5272,"chr19",44500182,44500668,5474,0.141729409525395,0.541683381656941,-0.399953972131546,-1.90783416040076,0.000108772327973606,0.0009873056948269,5,0,0,43.85,38.85,4,4,773,"+","Interval_5474",0,FALSE,TRUE,TRUE,FALSE,FALSE,FALSE,FALSE,"Liver_hypermethylated"
5275,"chr19",44514551,44514994,5477,0.0985131842423128,0.292171103165733,-0.19365791892342,-1.48009560575382,0.0127028785561649,0.0284845466834133,7,0,0,19.0714285714286,19.9642857142857,3.71428571428571,4,2740,"+","Interval_5477",0,FALSE,TRUE,TRUE,FALSE,FALSE,FALSE,FALSE,"Liver_hypermethylated"
5276,"chr19",44519213,44519478,5478,0.182671303014973,0.410881411655616,-0.228210108640643,-1.51287129625389,0.000603391138996416,0.00305675065880707,6,0,0,18.0833333333333,19,3.83333333333333,4,1955,"+","Interval_5478",0,FALSE,TRUE,TRUE,FALSE,FALSE,FALSE,FALSE,"Liver_hypermethylated"
5277,"chr19",44533945,44534347,5479,0.701522238220819,0.799197302585913,-0.0976750643650939,-0.262636586740139,0.0169908551451242,0.0353090310675645,7,0,0,28.2857142857143,29.0714285714286,4,4,4289,"+","Interval_5479",0,FALSE,FALSE,FALSE,FALSE,FALSE,FALSE,FALSE,"Liver_hypermethylated"
5284,"chr19",44631248,44632132,5487,0.250788024408487,0.652063537104514,-0.401275512696027,-1.48677068378088,0.000389394206126709,0.00228541298629286,26,0,0,23.0192307692308,22.0480769230769,3.73076923076923,3.88461538461538,1047,"+","Interval_5487",0,FALSE,TRUE,TRUE,FALSE,TRUE,FALSE,TRUE,"Liver_hypermethylated"
5285,"chr19",44632336,44633033,5488,0.338759665768184,0.612021390889262,-0.273261725121078,-0.879703342421452,0.00129250550786719,0.00512746697601285,14,0,0,29.4642857142857,28.4285714285714,4,4,1993,"+","Interval_5488",0,FALSE,FALSE,FALSE,FALSE,TRUE,FALSE,TRUE,"Liver_hypermethylated"
5306,"chr19",44771538,44771815,5510,0.833597518997019,0.658301868956949,0.17529565004007,0.340427720069857,0.0256567104384498,0.0487464014565676,11,0,0,20.1590909090909,17.25,4,4,3836,"+","Interval_5510",0,FALSE,FALSE,FALSE,FALSE,FALSE,FALSE,FALSE,"Kidney_hypermethylated"
5307,"chr19",44800306,44800758,5512,0.264539610292333,0.482684560304535,-0.218144950012202,-1.06423110086054,0.0240072693796347,0.0462886070593953,7,0,0,22.2142857142857,21.8214285714286,4,4,3187,"+","Interval_5512",0,FALSE,TRUE,TRUE,FALSE,FALSE,FALSE,FALSE,"Liver_hypermethylated"
5308,"chr19",44812704,44813535,5513,0.425708118980574,0.448469485723245,-0.0227613667426713,-0.565838570532179,0.0128046971797395,0.0286647956901637,12,0,0,19.3958333333333,21.0416666666667,3.41666666666667,3.91666666666667,4813,"+","Interval_5513",0,FALSE,TRUE,TRUE,FALSE,FALSE,FALSE,FALSE,"Liver_hypermethylated"
5312,"chr19",44849576,44849887,5517,0.334593689427786,0.710562331076685,-0.3759686416489,-1.10551162155522,0.00927059224766014,0.0224282635282959,11,0,0,12.7954545454545,12.5454545454545,2,2.72727272727273,2540,"+","Interval_5517",0,FALSE,FALSE,FALSE,FALSE,FALSE,FALSE,FALSE,"Liver_hypermethylated"
5314,"chr19",44892805,44893830,5519,0.202029285579465,0.467979986059537,-0.265950700480072,-1.42130240569741,0.00475587425398404,0.0133827499303305,22,0,0,21.0454545454545,22.1590909090909,3.5,3.45454545454545,2183,"+","Interval_5519",0,FALSE,TRUE,TRUE,FALSE,FALSE,FALSE,FALSE,"Liver_hypermethylated"
5315,"chr19",44899318,44899721,5520,0.304985604879765,0.111896397540866,0.193089207338899,1.29771198257412,0.00441369993364071,0.0126739187346833,5,0,0,28.15,27.05,4,4,2321,"+","Interval_5520",0,FALSE,FALSE,FALSE,FALSE,FALSE,FALSE,FALSE,"Kidney_hypermethylated"
5318,"chr19",44903509,44903866,5523,0.209929017582805,0.418245368196325,-0.208316350613521,-1.10837523900576,0.00476856965239748,0.0133986559277469,3,0,0,28,30.1666666666667,4,4,2187,"+","Interval_5523",0,FALSE,TRUE,TRUE,FALSE,FALSE,FALSE,FALSE,"Liver_hypermethylated"
5320,"chr19",44914789,44915446,5525,0.597972854699755,0.521437629962782,0.076535224736973,0.0392334895552568,0.000508171229384108,0.00271776519109255,6,0,0,31.3333333333333,33.3333333333333,3.83333333333333,4,5792,"+","Interval_5525",0,FALSE,TRUE,TRUE,FALSE,FALSE,FALSE,FALSE,"Kidney_hypermethylated"
5328,"chr19",45045268,45045633,5533,0.189946534290771,0.361152579260136,-0.171206044969366,-0.95532022835372,0.0168797226372066,0.0351613205442829,9,0,0,16.4722222222222,20.3611111111111,4,4,2950,"+","Interval_5533",0,FALSE,TRUE,TRUE,FALSE,FALSE,FALSE,FALSE,"Liver_hypermethylated"
5333,"chr19",45068040,45068343,5538,0.835802881758764,0.188967803030303,0.646835078728461,2.08778648307616,2.07950353135725e-05,0.000405038943408466,1,0,0,31.75,31,4,4,385,"+","Interval_5538",0,TRUE,FALSE,TRUE,FALSE,FALSE,FALSE,FALSE,"Kidney_hypermethylated"
5336,"chr19",45113595,45114456,5541,0.0249317860998388,0.165743150143892,-0.140811364044053,-2.25590664678924,0.0137262077104364,0.0301456563190249,20,0,0,18.075,20.025,3.55,3.75,2972,"+","Interval_5541",0,FALSE,FALSE,FALSE,FALSE,FALSE,FALSE,FALSE,"Liver_hypermethylated"
5338,"chr19",45176278,45176872,5543,0.591764015963322,0.206287746519647,0.385476269443675,1.74769228742357,0.000322250324049553,0.00201242707447612,12,0,0,24.6458333333333,27.0208333333333,4,4,984,"+","Interval_5543",0,TRUE,FALSE,TRUE,FALSE,FALSE,FALSE,FALSE,"Kidney_hypermethylated"
5343,"chr19",45257450,45257830,5548,0.12535562563199,0.40702593067426,-0.28167030504227,-1.83576298292891,0.00491603058233526,0.0137376116091179,7,0,0,23.9285714285714,19.5357142857143,4,4,2199,"+","Interval_5548",0,FALSE,TRUE,TRUE,FALSE,FALSE,FALSE,FALSE,"Liver_hypermethylated"
5344,"chr19",45277136,45277319,5549,0.870202367379787,0.465270907953835,0.404931459425952,0.889085157177331,9.70461385575908e-05,0.000934715550840746,1,0,0,28.5,35.75,4,4,1967,"+","Interval_5549",0,FALSE,TRUE,TRUE,FALSE,FALSE,FALSE,FALSE,"Kidney_hypermethylated"
5345,"chr19",45283226,45283524,5550,0.0761866922551991,0.193695141128237,-0.117508448873038,-1.59798935347832,0.00416553791895865,0.012096989844991,10,0,0,20.8,22.425,4,4,3277,"+","Interval_5550",0,FALSE,TRUE,TRUE,FALSE,FALSE,FALSE,FALSE,"Liver_hypermethylated"
5352,"chr19",45312871,45313333,5557,0.159027202017931,0.377888462753659,-0.218861260735728,-1.94228447408417,7.36140163357918e-05,0.000815059694384577,6,0,0,15.7083333333333,16.375,3.83333333333333,3.5,2045,"+","Interval_5557",0,FALSE,TRUE,TRUE,FALSE,FALSE,FALSE,FALSE,"Liver_hypermethylated"
5353,"chr19",45317383,45317878,5558,0.152101066865909,0.451703506464671,-0.299602439598762,-1.71072334815934,0.00288415228517415,0.00920207997479272,14,0,0,21.4107142857143,22.625,4,4,1925,"+","Interval_5558",0,FALSE,FALSE,FALSE,FALSE,FALSE,FALSE,FALSE,"Liver_hypermethylated"
5354,"chr19",45322733,45323182,5559,0.777805338742786,0.536885994370493,0.240919344372293,0.516937838126031,0.001570796492564,0.00593272553583637,7,0,0,28.3214285714286,30.3571428571429,4,4,3049,"+","Interval_5559",0,FALSE,FALSE,FALSE,FALSE,FALSE,FALSE,FALSE,"Kidney_hypermethylated"
5358,"chr19",45445131,45445818,5563,0.264369716824384,0.11722613762272,0.147143579201664,1.06550166801888,0.00115629494977753,0.00475597889316127,5,0,0,39.45,42.1,4,4,2880,"+","Interval_5563",0,FALSE,FALSE,FALSE,FALSE,FALSE,TRUE,TRUE,"Kidney_hypermethylated"
5359,"chr19",45460903,45461271,5564,0.316219376107401,0.771962534514676,-0.455743158407275,-1.30367904932775,8.79094512569582e-05,0.00088501991677161,4,0,0,25.5625,28.375,4,4,1223,"+","Interval_5564",0,FALSE,FALSE,FALSE,FALSE,FALSE,FALSE,FALSE,"Liver_hypermethylated"
5360,"chr19",45475919,45476263,5565,0.437677930429944,0.815620066099285,-0.377942135669341,-0.938512299835365,0.000102128286057958,0.000950876239130529,11,0,0,26.25,26.3636363636364,4,4,1851,"+","Interval_5565",0,FALSE,FALSE,FALSE,FALSE,FALSE,FALSE,FALSE,"Liver_hypermethylated"
5361,"chr19",45486787,45487141,5566,0.740333404237006,0.715058447550377,0.0252749566866287,0.0411773519700733,0.00869971604171957,0.0213924590141524,2,0,0,41.25,41.5,4,4,5774,"+","Interval_5566",0,FALSE,FALSE,FALSE,FALSE,FALSE,FALSE,FALSE,"Kidney_hypermethylated"
5363,"chr19",45510720,45511059,5568,0.798330890263191,0.18195102839323,0.616379861869961,2.06802198890041,2.52371050467796e-06,0.000170419791771935,3,0,0,49.25,52.9166666666667,4,4,404,"+","Interval_5568",0,FALSE,FALSE,FALSE,FALSE,FALSE,TRUE,TRUE,"Kidney_hypermethylated"
5364,"chr19",45527513,45527870,5569,0.862622326349445,0.173859129911819,0.688763196437626,2.26815374152045,3.11989875314632e-06,0.000177516461463742,4,0,0,30.25,28.3125,4,4,250,"+","Interval_5569",0,FALSE,FALSE,FALSE,FALSE,FALSE,FALSE,FALSE,"Kidney_hypermethylated"
5365,"chr19",45537738,45538064,5570,0.821148427806036,0.508967895317813,0.312180532488224,0.761540340816193,0.00190121045722006,0.00683661545616095,2,0,0,22.5,23,4,4,2295,"+","Interval_5570",0,TRUE,FALSE,TRUE,FALSE,FALSE,FALSE,FALSE,"Kidney_hypermethylated"
5366,"chr19",45538699,45539042,5571,0.950703641839967,0.7773420093104,0.173361632529567,0.315669834798432,0.0160936341479951,0.0339147399998044,3,0,0,23.75,21.0833333333333,4,3.66666666666667,3988,"+","Interval_5571",0,TRUE,FALSE,TRUE,FALSE,FALSE,FALSE,FALSE,"Kidney_hypermethylated"
5370,"chr19",45552322,45552766,5575,0.27044800626477,0.541340482203107,-0.270892475938337,-0.944359715329447,0.00280300879910565,0.00906075174671449,8,0,0,18.34375,23.5,4,4,1901,"+","Interval_5575",0,FALSE,FALSE,FALSE,FALSE,FALSE,FALSE,FALSE,"Liver_hypermethylated"
5373,"chr19",45575371,45575824,5578,0.302438583917989,0.127963342984706,0.174475240933283,1.49600227029765,0.0114848064408493,0.0261870632946267,10,0,0,18.7,19.525,4,4,2695,"+","Interval_5578",0,FALSE,FALSE,FALSE,FALSE,FALSE,FALSE,FALSE,"Kidney_hypermethylated"
5374,"chr19",45581336,45581610,5579,0.617418831168831,0.285318371055516,0.332100460113315,1.2683059713545,0.000870353307132737,0.00392393328857716,2,0,0,23.375,21.125,4,4,1363,"+","Interval_5579",0,FALSE,FALSE,FALSE,FALSE,FALSE,FALSE,FALSE,"Kidney_hypermethylated"
5376,"chr19",45602521,45603078,5581,0.873666155507084,0.147454095730508,0.726212059776576,2.51961963699961,4.34835342244196e-05,0.000587266632547382,7,0,0,26.25,28.7857142857143,4,4,455,"+","Interval_5581",0,FALSE,FALSE,FALSE,FALSE,FALSE,TRUE,TRUE,"Kidney_hypermethylated"
5377,"chr19",45615295,45616125,5582,0.471709619318028,0.636675710636609,-0.164966091318581,-0.467697112194524,0.00162182286820447,0.00606948935756181,12,0,0,18.9583333333333,23.5416666666667,4,4,3247,"+","Interval_5582",0,FALSE,FALSE,FALSE,FALSE,FALSE,FALSE,FALSE,"Liver_hypermethylated"
5378,"chr19",45620910,45621634,5583,0.311540003403566,0.733214322853374,-0.421674319449808,-1.31087737671911,0.000168393852327711,0.00128384642996748,9,0,0,28.25,28,4,4,1208,"+","Interval_5583",0,FALSE,FALSE,FALSE,FALSE,FALSE,FALSE,FALSE,"Liver_hypermethylated"
5379,"chr19",45622096,45622811,5584,0.343019505272938,0.783493158558036,-0.440473653285098,-1.35092764193178,4.45582080679063e-05,0.000593948348323827,11,0,0,21.9772727272727,24.2954545454545,4,4,1154,"+","Interval_5584",0,FALSE,FALSE,FALSE,FALSE,FALSE,FALSE,FALSE,"Liver_hypermethylated"
5380,"chr19",45628475,45629077,5585,0.240355781820975,0.779627519867625,-0.53927173804665,-1.93457459631936,3.26298051859083e-05,0.000519456354578773,7,0,0,36.5357142857143,40.9642857142857,4,4,509,"+","Interval_5585",0,FALSE,FALSE,FALSE,FALSE,FALSE,FALSE,FALSE,"Liver_hypermethylated"
5381,"chr19",45631572,45631843,5586,0.438609761940832,0.099526211899437,0.339083550041395,1.87178022833286,0.00257741653933594,0.0085105989436966,2,0,0,27.125,30.125,4,4,1861,"+","Interval_5586",0,FALSE,FALSE,FALSE,FALSE,FALSE,TRUE,TRUE,"Kidney_hypermethylated"
5383,"chr19",45652287,45653173,5588,0.416570758822651,0.151526893998919,0.265043864823732,0.905237282904631,0.000164430164163364,0.001264609960931,14,0,0,29.5178571428571,29.6607142857143,4,4,1917,"+","Interval_5588",0,FALSE,FALSE,FALSE,FALSE,FALSE,FALSE,FALSE,"Kidney_hypermethylated"
5387,"chr19",45691069,45691532,5592,0.456568462923748,0.737214798445511,-0.280646335521763,-0.832461260436362,0.00041050331848467,0.00235751672157785,6,0,0,25.4166666666667,26.0416666666667,4,4,2100,"+","Interval_5592",0,FALSE,FALSE,FALSE,FALSE,FALSE,FALSE,FALSE,"Liver_hypermethylated"
5389,"chr19",45716231,45716681,5594,0.433581696511513,0.67179306313991,-0.238211366628397,-0.739114080250555,0.00720627338999742,0.0184356994094647,7,0,0,24.7857142857143,22.5357142857143,4,3.85714285714286,2402,"+","Interval_5594",0,FALSE,TRUE,TRUE,FALSE,FALSE,FALSE,FALSE,"Liver_hypermethylated"
5392,"chr19",45727129,45727388,5597,0.79496392632422,0.588594010478685,0.206369915845535,0.581529653044563,0.0209418187948586,0.0414035909257811,6,0,0,16.6666666666667,16.2916666666667,3.66666666666667,4,3107,"+","Interval_5597",0,FALSE,TRUE,TRUE,FALSE,FALSE,FALSE,FALSE,"Kidney_hypermethylated"
5393,"chr19",45734659,45735587,5598,0.270402257529834,0.49638465648977,-0.225982398959936,-1.01398097467919,0.0135202836131457,0.0298106002162829,16,0,0,19.609375,22.234375,3.875,4,2787,"+","Interval_5598",0,FALSE,TRUE,TRUE,FALSE,FALSE,FALSE,FALSE,"Liver_hypermethylated"
5399,"chr19",45789323,45789700,5604,0.171301452460508,0.746545577960052,-0.575244125499544,-2.33826216750241,0.000562044461433239,0.00289502365088621,5,0,0,16.4,20.95,3.8,4,1193,"+","Interval_5604",0,FALSE,FALSE,FALSE,FALSE,FALSE,FALSE,FALSE,"Liver_hypermethylated"
5400,"chr19",45790394,45791192,5605,0.51405806683302,0.282640091074217,0.231417975758803,1.33163647943614,3.59436450653747e-05,0.000534306805921592,9,0,0,25.8611111111111,30.5833333333333,4,4,1929,"+","Interval_5605",0,FALSE,FALSE,FALSE,FALSE,FALSE,TRUE,TRUE,"Kidney_hypermethylated"
5401,"chr19",45796161,45796554,5606,0.12757990940988,0.342168134390933,-0.214588224981053,-1.49165328807388,0.0196889603767832,0.0395258613248392,10,0,0,18.55,20.2,3.9,3.9,3061,"+","Interval_5606",0,FALSE,FALSE,FALSE,FALSE,FALSE,FALSE,FALSE,"Liver_hypermethylated"
5402,"chr19",45802416,45803688,5607,0.603775258361428,0.418558565319624,0.185216693041804,0.666152870345549,0.0116429049965545,0.0265180323216557,19,0,0,21.7894736842105,21.9473684210526,3.89473684210526,4,2698,"+","Interval_5607",0,FALSE,FALSE,FALSE,FALSE,FALSE,TRUE,TRUE,"Kidney_hypermethylated"
5406,"chr19",45816746,45816998,5611,0.110251882275264,0.452025079227041,-0.341773196951776,-1.90714957998923,0.000152213330556245,0.00121002705856161,5,0,0,26.15,26,4,4,1064,"+","Interval_5611",0,FALSE,TRUE,TRUE,FALSE,FALSE,FALSE,FALSE,"Liver_hypermethylated"
5407,"chr19",45896759,45897080,5612,0.324562387787452,0.742309385461559,-0.417746997674108,-1.18410322987191,0.0002706245346837,0.0017748001767677,5,0,0,19.35,22.55,3.6,4,1401,"+","Interval_5612",0,FALSE,FALSE,FALSE,FALSE,FALSE,FALSE,FALSE,"Liver_hypermethylated"
5412,"chr19",46037080,46038023,5617,0.327892037492395,0.0689223494153253,0.25896968807707,2.0407808864104,0.00594323379140242,0.0159064336446724,9,0,0,22.8611111111111,24.6944444444444,4,4,2296,"+","Interval_5617",0,FALSE,FALSE,FALSE,FALSE,FALSE,TRUE,TRUE,"Kidney_hypermethylated"
5417,"chr19",46074164,46074523,5622,0.92337064685919,0.308893262502133,0.614477384357057,1.78454265536229,0.000839639832782924,0.00382474927535291,2,0,0,23,23,4,4,1349,"+","Interval_5622",0,FALSE,FALSE,FALSE,FALSE,FALSE,FALSE,FALSE,"Kidney_hypermethylated"
5419,"chr19",46119367,46119843,5624,0.89230381362017,0.237520172399205,0.654783641220966,1.87515303919504,1.87590370122373e-05,0.000384247608133993,3,0,0,33.3333333333333,34.75,4,4,568,"+","Interval_5624",0,TRUE,FALSE,TRUE,FALSE,FALSE,TRUE,TRUE,"Kidney_hypermethylated"
5422,"chr19",46141105,46141482,5627,0.24331088373271,0.429880467668297,-0.186569583935586,-0.880194881978842,0.0140088046021175,0.0306240143294245,4,0,0,13.1875,14.75,3.5,4,2811,"+","Interval_5627",0,FALSE,TRUE,TRUE,FALSE,FALSE,FALSE,FALSE,"Liver_hypermethylated"
5425,"chr19",46194958,46195231,5630,0.786829937304075,0.324801587301587,0.462028350002488,1.25096548345421,4.79648382587261e-05,0.000627114747021004,1,0,0,31.75,33.5,4,4,1300,"+","Interval_5630",0,FALSE,FALSE,FALSE,FALSE,FALSE,FALSE,FALSE,"Kidney_hypermethylated"
5426,"chr19",46242513,46242790,5631,0.783473318467931,0.173097645818234,0.610375672649696,2.15537484598538,1.46815344490769e-06,0.000150363381982629,2,0,0,32.875,38,4,4,331,"+","Interval_5631",0,FALSE,FALSE,FALSE,FALSE,FALSE,TRUE,TRUE,"Kidney_hypermethylated"
5429,"chr19",46314213,46316036,5634,0.218966152318605,0.0810639847516057,0.137902167566999,1.11151435814557,0.0145344924705804,0.0315375904773011,44,0,0,16.7215909090909,18.6363636363636,3.5,3.63636363636364,3010,"+","Interval_5634",0,TRUE,FALSE,TRUE,FALSE,FALSE,TRUE,TRUE,"Kidney_hypermethylated"
5435,"chr19",46357952,46358554,5640,0.257798380417453,0.085053541338071,0.172744839079382,1.10650607665804,0.0129201762840295,0.028818324234251,8,0,0,27.59375,27.375,4,4,2755,"+","Interval_5640",0,FALSE,FALSE,FALSE,FALSE,FALSE,FALSE,FALSE,"Kidney_hypermethylated"
5437,"chr19",46374403,46375006,5642,0.446451792688402,0.730860182291203,-0.284408389602801,-0.816203875776641,0.00309570182413894,0.00966506455846272,16,0,0,18.328125,20.03125,4,4,2139,"+","Interval_5642",0,FALSE,FALSE,FALSE,FALSE,FALSE,FALSE,FALSE,"Liver_hypermethylated"
5441,"chr19",46422520,46422844,5646,0.356455275729987,0.691911124288588,-0.335455848558601,-1.11099109690178,0.00020901675619806,0.00148315007717908,5,0,0,24.85,29.1,4,4,1519,"+","Interval_5646",0,FALSE,FALSE,FALSE,FALSE,FALSE,FALSE,FALSE,"Liver_hypermethylated"
5444,"chr19",46454266,46455704,5649,0.287733872017034,0.14518328592056,0.142550586096473,1.60387662586102,0.00140905322076032,0.00545941490641372,25,0,0,26.63,26.76,4,4,2939,"+","Interval_5649",0,FALSE,FALSE,FALSE,FALSE,FALSE,FALSE,FALSE,"Kidney_hypermethylated"
5445,"chr19",46462629,46463002,5650,0.277912365412365,0.70920671761189,-0.431294352199525,-1.3339485937398,0.00306845794330019,0.00963006846863108,2,0,0,15.875,23.375,4,4,1958,"+","Interval_5650",0,FALSE,FALSE,FALSE,FALSE,FALSE,FALSE,FALSE,"Liver_hypermethylated"
5446,"chr19",46471119,46471398,5651,0.291685611227659,0.117869075137211,0.173816536090448,1.33870331250728,0.000828859159339261,0.00380334751352123,2,0,0,37.75,33.875,4,4,2553,"+","Interval_5651",0,FALSE,FALSE,FALSE,FALSE,FALSE,FALSE,FALSE,"Kidney_hypermethylated"
5447,"chr19",46471451,46472177,5652,0.058404067123364,0.31633815991698,-0.257934092793616,-2.81290482425375,2.6849561839983e-05,0.000459583725645391,9,0,0,21,23.0833333333333,4,3.88888888888889,1676,"+","Interval_5652",0,FALSE,FALSE,FALSE,FALSE,FALSE,FALSE,FALSE,"Liver_hypermethylated"
5449,"chr19",46483723,46483923,5654,0.366704624070779,0.674464710148694,-0.307760086077914,-0.877339194631263,0.000691921396033459,0.00336500652411295,6,0,0,21.75,21.0833333333333,4,4,2001,"+","Interval_5654",0,FALSE,FALSE,FALSE,FALSE,FALSE,FALSE,FALSE,"Liver_hypermethylated"
5456,"chr19",46523596,46524296,5661,0.066578562985093,0.186793291965021,-0.120214728979928,-1.88510823085713,0.00899058169616387,0.0219932820553053,19,0,0,15.6710526315789,17.1315789473684,3.47368421052632,3.36842105263158,3252,"+","Interval_5661",0,FALSE,FALSE,FALSE,FALSE,FALSE,FALSE,FALSE,"Liver_hypermethylated"
5460,"chr19",46533087,46533430,5665,0.190457288812552,0.586174474027258,-0.395717185214706,-1.56361136270627,0.0028320264029334,0.00909671156605442,3,0,0,14.5,21.3333333333333,3.33333333333333,4,1913,"+","Interval_5665",0,FALSE,FALSE,FALSE,FALSE,FALSE,FALSE,FALSE,"Liver_hypermethylated"
5461,"chr19",46542919,46543227,5666,0.898810449133476,0.683998125405163,0.214812323728312,0.415402086547784,0.00122960703326136,0.00493529406883806,6,0,0,39.3333333333333,35,4,4,3481,"+","Interval_5666",0,FALSE,FALSE,FALSE,FALSE,FALSE,FALSE,FALSE,"Kidney_hypermethylated"
5462,"chr19",46553467,46554101,5667,0.783889097583552,0.12955494082478,0.654334156758772,2.62880573564444,1.21815367074918e-05,0.000306998436478351,12,0,0,24.5416666666667,24.6041666666667,4,4,243,"+","Interval_5667",0,FALSE,FALSE,FALSE,FALSE,FALSE,TRUE,TRUE,"Kidney_hypermethylated"
5463,"chr19",46562123,46562607,5668,0.575001502450284,0.382097684546085,0.192903817904199,0.550518755785931,0.00921652994524432,0.0223414503011938,3,0,0,27.5,28.4166666666667,4,4,2933,"+","Interval_5668",0,FALSE,FALSE,FALSE,FALSE,FALSE,FALSE,FALSE,"Kidney_hypermethylated"
5465,"chr19",46587687,46588384,5671,0.503938117719802,0.577300264695417,-0.0733621469756148,-0.777998778621306,0.014767385713364,0.0318182652133127,13,0,0,24.6538461538462,26.5384615384615,4,4,3893,"+","Interval_5671",0,FALSE,FALSE,FALSE,FALSE,FALSE,FALSE,FALSE,"Liver_hypermethylated"
5467,"chr19",46607423,46607759,5673,0.58892152697013,0.325091309716518,0.263830217253612,1.53987232661995,0.00459666645104695,0.0130589530012407,6,0,0,24.7083333333333,31.5,4,4,2163,"+","Interval_5673",0,FALSE,FALSE,FALSE,FALSE,FALSE,FALSE,FALSE,"Kidney_hypermethylated"
5468,"chr19",46623047,46624635,5674,0.0429487958822035,0.423769991228853,-0.380821195346649,-3.02732576425197,0.000755889391964513,0.00357028463768019,34,0,0,16.2573529411765,17.6544117647059,3.58823529411765,3.67647058823529,1301,"+","Interval_5674",0,FALSE,FALSE,FALSE,FALSE,FALSE,FALSE,FALSE,"Liver_hypermethylated"
5469,"chr19",46635944,46636482,5675,0.69681532610018,0.488274077424821,0.208541248675359,0.800160177092906,0.0192503153281925,0.0388046538773459,10,0,0,22.425,21.875,4,4,3047,"+","Interval_5675",0,FALSE,FALSE,FALSE,FALSE,FALSE,FALSE,FALSE,"Kidney_hypermethylated"
5470,"chr19",46641789,46642303,5677,0.248295081050175,0.65293735432734,-0.404642273277165,-1.84538409175014,0.0001799135205171,0.00134661216026502,16,0,0,25.53125,27.953125,4,4,821,"+","Interval_5677",0,FALSE,FALSE,FALSE,FALSE,FALSE,FALSE,FALSE,"Liver_hypermethylated"
5471,"chr19",46644693,46645513,5678,0.130253759191543,0.614583289851045,-0.484329530659502,-2.2419853420435,2.1212035762962e-05,0.000408614293929159,11,0,0,22,23.8181818181818,4,4,453,"+","Interval_5678",0,FALSE,FALSE,FALSE,FALSE,FALSE,FALSE,FALSE,"Liver_hypermethylated"
5473,"chr19",46662272,46662578,5680,0.840524741701403,0.605278693560177,0.235246048141227,0.500758218315634,0.00168577262849069,0.00626683170119496,6,0,0,39.6666666666667,36.3333333333333,4,4,3114,"+","Interval_5680",0,FALSE,FALSE,FALSE,FALSE,FALSE,FALSE,FALSE,"Kidney_hypermethylated"
5474,"chr19",46667995,46668809,5681,0.893105956940569,0.676162293521605,0.216943663418964,0.416715550129883,0.00936397050729134,0.0226185529745697,18,0,0,22.4166666666667,24.0694444444444,3.94444444444444,4,3473,"+","Interval_5681",0,FALSE,FALSE,FALSE,FALSE,FALSE,TRUE,TRUE,"Kidney_hypermethylated"
5476,"chr19",46699046,46699355,5683,0.788842999101889,0.524375381109373,0.264467617992516,0.645913994929024,0.000185120445631709,0.00135918775062322,7,0,0,25.4642857142857,24.7857142857143,4,4,2590,"+","Interval_5683",0,FALSE,FALSE,FALSE,FALSE,FALSE,FALSE,FALSE,"Kidney_hypermethylated"
5478,"chr19",46727189,46728525,5685,0.637117834584603,0.276449357387381,0.360668477197222,1.67073521486094,0.00385908875509021,0.0114174773230762,18,0,0,27.25,28.2777777777778,4,4,2077,"+","Interval_5685",0,FALSE,FALSE,FALSE,FALSE,FALSE,FALSE,FALSE,"Kidney_hypermethylated"
5481,"chr19",46784210,46785441,5688,0.640317954492424,0.483324049954185,0.156993904538239,0.444545708462454,9.05789391752758e-05,0.000900659516556748,16,0,0,29.140625,32.40625,4,4,3339,"+","Interval_5688",0,FALSE,FALSE,FALSE,FALSE,FALSE,FALSE,FALSE,"Kidney_hypermethylated"
5482,"chr19",46806066,46806380,5689,0.798961358770517,0.497241208019055,0.301720150751462,0.836746177152003,0.00181839718142129,0.00661577896970622,6,0,0,22.5833333333333,24.6666666666667,4,4,2085,"+","Interval_5689",0,FALSE,FALSE,FALSE,FALSE,FALSE,FALSE,FALSE,"Kidney_hypermethylated"
5483,"chr19",46849051,46849975,5690,0.574915319662848,0.218006875831874,0.356908443830974,1.36756517527818,0.0014986179096651,0.00573412643517562,13,0,0,33.8461538461538,36.5192307692308,4,4,1606,"+","Interval_5690",0,FALSE,FALSE,FALSE,FALSE,FALSE,TRUE,TRUE,"Kidney_hypermethylated"
5484,"chr19",46857573,46858004,5691,0.501580089484601,0.537932388423393,-0.0363522989387916,-0.272087137990839,0.0125915602329683,0.0282803865612537,4,0,0,25,28.1875,4,4,4537,"+","Interval_5691",0,FALSE,FALSE,FALSE,FALSE,FALSE,FALSE,FALSE,"Liver_hypermethylated"
5485,"chr19",46863345,46863834,5692,0.879535098030337,0.162968837136059,0.716566260894278,2.56315787135781,0.000108033220579603,0.000986549000644646,16,0,0,23.203125,24.390625,4,4,672,"+","Interval_5692",0,FALSE,FALSE,FALSE,FALSE,FALSE,FALSE,FALSE,"Kidney_hypermethylated"
5486,"chr19",46865027,46865669,5693,0.466918720784212,0.115753445505064,0.351165275279148,1.72128582191963,0.00309151270207107,0.00966294280479488,8,0,0,23.03125,26.25,4,4,1966,"+","Interval_5693",0,FALSE,FALSE,FALSE,FALSE,FALSE,FALSE,FALSE,"Kidney_hypermethylated"
5488,"chr19",46875817,46876355,5695,0.46699430006719,0.327337705646981,0.139656594420209,0.95752607460327,0.0094562415486204,0.0226986735610439,13,0,0,26.1153846153846,28.7692307692308,3.92307692307692,4,2986,"+","Interval_5695",0,FALSE,FALSE,FALSE,FALSE,FALSE,FALSE,FALSE,"Kidney_hypermethylated"
5489,"chr19",46888060,46888791,5696,0.791454624165177,0.211028262275535,0.580426361889643,1.99566738405143,1.50583076652472e-05,0.000339268915324537,13,0,0,27.2692307692308,30.1730769230769,4,4,466,"+","Interval_5696",0,FALSE,FALSE,FALSE,FALSE,FALSE,FALSE,FALSE,"Kidney_hypermethylated"
5490,"chr19",46900616,46901333,5697,0.939972629643038,0.225281138814036,0.714691490829002,2.0918563716319,4.58140638403263e-07,0.000124617339437297,7,0,0,26.2857142857143,31.3214285714286,4,4,384,"+","Interval_5697",0,FALSE,FALSE,FALSE,FALSE,FALSE,TRUE,TRUE,"Kidney_hypermethylated"
5491,"chr19",46905082,46906113,5698,0.903698892942683,0.358619133078063,0.54507975986462,1.34468586378638,0.000185760571988265,0.00135918775062322,3,0,0,34.4166666666667,35.6666666666667,4,4,1162,"+","Interval_5698",0,FALSE,FALSE,FALSE,FALSE,FALSE,TRUE,TRUE,"Kidney_hypermethylated"
5492,"chr19",46909097,46909349,5699,0.421181021768098,0.888529676820866,-0.467348655052768,-1.0998817134179,1.14765860464174e-06,0.000135880492616173,3,0,0,39.9166666666667,38.25,4,4,1541,"+","Interval_5699",0,FALSE,FALSE,FALSE,FALSE,FALSE,FALSE,FALSE,"Liver_hypermethylated"
5495,"chr19",46926221,46926676,5702,0.491218212896712,0.494876526569545,-0.00365831367283294,0.263265127657754,0.0189033475163698,0.038324338663178,4,0,0,22.125,26.5625,4,4,5600,"+","Interval_5702",0,FALSE,FALSE,FALSE,FALSE,FALSE,FALSE,FALSE,"Liver_hypermethylated"
5496,"chr19",46929221,46929515,5703,0.243332035010658,0.714741069332579,-0.471409034321921,-1.82819624162757,9.30673709275584e-05,0.000907746207983392,3,0,0,37.75,37.9166666666667,4,4,629,"+","Interval_5703",0,FALSE,FALSE,FALSE,FALSE,FALSE,FALSE,FALSE,"Liver_hypermethylated"
5499,"chr19",46956827,46957347,5706,0.859977089903432,0.178973023867934,0.681004066035497,2.2406206979895,5.51771990279537e-07,0.000124617339437297,5,0,0,29.35,32.9,4,4,279,"+","Interval_5706",0,FALSE,FALSE,FALSE,FALSE,FALSE,TRUE,TRUE,"Kidney_hypermethylated"
5501,"chr19",46983360,46984418,5708,0.276363851332566,0.256922542939479,0.0194413083930872,0.467133214400566,0.00409260032433869,0.0119246225666483,24,0,0,24.5625,25.4895833333333,3.79166666666667,3.875,4888,"+","Interval_5708",0,FALSE,FALSE,FALSE,FALSE,FALSE,FALSE,FALSE,"Kidney_hypermethylated"
5502,"chr19",46988194,46989308,5709,0.326902568052937,0.138898032066531,0.188004535986406,1.43432526761819,0.00694945982539737,0.0179129323100113,17,0,0,28.7352941176471,27.8235294117647,4,4,2384,"+","Interval_5709",0,FALSE,FALSE,FALSE,FALSE,FALSE,FALSE,FALSE,"Kidney_hypermethylated"
5503,"chr19",46998702,46999223,5710,0.762851928563933,0.262546172372181,0.500305756191752,1.67050133007227,2.25276819584586e-05,0.000424373710092416,4,0,0,27.25,30.1875,3.75,4,782,"+","Interval_5710",0,FALSE,FALSE,FALSE,FALSE,FALSE,FALSE,FALSE,"Kidney_hypermethylated"
5504,"chr19",46999540,47000179,5711,0.861718688787496,0.272900459883113,0.588818228904383,1.85585766840937,2.0572973644192e-05,0.00040264950334539,8,0,0,26.46875,26.90625,4,4,590,"+","Interval_5711",0,FALSE,FALSE,FALSE,FALSE,FALSE,TRUE,TRUE,"Kidney_hypermethylated"
5516,"chr19",47247941,47248526,5723,0.297487071892521,0.448204900423006,-0.150717828530485,-0.907641204849792,0.00832655906866273,0.0206068084884948,14,0,0,17.6964285714286,18.7678571428571,4,3.92857142857143,2837,"+","Interval_5723",0,FALSE,FALSE,FALSE,FALSE,FALSE,FALSE,FALSE,"Liver_hypermethylated"
5518,"chr19",47291278,47291618,5726,0.296908068783069,0.567526321144742,-0.270618252361673,-1.08588348862227,0.00456378953755804,0.0129835586612473,3,0,0,13.3333333333333,14.0833333333333,3.33333333333333,3.33333333333333,2160,"+","Interval_5726",0,FALSE,FALSE,FALSE,FALSE,FALSE,FALSE,FALSE,"Liver_hypermethylated"
5519,"chr19",47292578,47292930,5727,0.475407657105663,0.623086893055266,-0.147679235949603,-0.360841682706212,0.0147292939701438,0.0318030609439683,6,0,0,18.5,18.5416666666667,3.83333333333333,4,3737,"+","Interval_5727",0,FALSE,FALSE,FALSE,FALSE,FALSE,FALSE,FALSE,"Liver_hypermethylated"
5520,"chr19",47301589,47303054,5728,0.220332553517623,0.567999022776047,-0.347666469258425,-1.85988581629363,0.000507430931650802,0.00271616992595312,37,0,0,22.4391891891892,23.5202702702703,3.89189189189189,4,1148,"+","Interval_5728",0,FALSE,FALSE,FALSE,FALSE,FALSE,FALSE,FALSE,"Liver_hypermethylated"
5524,"chr19",47327923,47329097,5732,0.16187012217487,0.450039037595845,-0.288168915420975,-2.14835090450553,0.00069403149802393,0.00336608015418867,13,0,0,17.4423076923077,19.7307692307692,3.84615384615385,3.84615384615385,1433,"+","Interval_5732",0,FALSE,FALSE,FALSE,FALSE,FALSE,FALSE,FALSE,"Liver_hypermethylated"
5525,"chr19",47330684,47331423,5733,0.156364252405318,0.337865106652088,-0.181500854246771,-1.49244926705909,0.012765843685603,0.0285882323061335,12,0,0,23.0625,23.5416666666667,3.91666666666667,4,2744,"+","Interval_5733",0,FALSE,FALSE,FALSE,FALSE,FALSE,FALSE,FALSE,"Liver_hypermethylated"
5529,"chr19",47359005,47359402,5737,0.464532346028313,0.185626435668027,0.278905910360286,1.71500323976096,0.00727409530745981,0.0185383440475465,6,0,0,20.7083333333333,21.7083333333333,4,3.83333333333333,2410,"+","Interval_5737",0,FALSE,FALSE,FALSE,FALSE,FALSE,FALSE,FALSE,"Kidney_hypermethylated"
5530,"chr19",47378855,47379716,5738,0.839466928032269,0.658814104070873,0.180652823961396,0.445976471933802,0.0240251893581784,0.0462886070593953,10,0,0,23.975,25.05,3.9,3.9,3333,"+","Interval_5738",0,FALSE,FALSE,FALSE,FALSE,FALSE,TRUE,TRUE,"Kidney_hypermethylated"
5531,"chr19",47383977,47385285,5739,0.861794159976457,0.59159796407464,0.270196195901817,0.622959051249365,0.00358562840982655,0.0107691854372424,18,0,0,22.1805555555556,25.875,4,3.94444444444444,2663,"+","Interval_5739",0,FALSE,FALSE,FALSE,FALSE,FALSE,TRUE,TRUE,"Kidney_hypermethylated"
5532,"chr19",47387468,47388289,5740,0.116881812923145,0.545344693482288,-0.428462880559144,-2.64405932709809,0.00682147470156257,0.0177018420781681,7,0,0,24.5357142857143,26.6071428571429,4,4,2368,"+","Interval_5740",0,FALSE,FALSE,FALSE,FALSE,FALSE,FALSE,FALSE,"Liver_hypermethylated"
5533,"chr19",47395377,47395735,5741,0.7119821270318,0.471484204918617,0.240497922113182,0.586858958975916,0.00256668197188512,0.00849340910998066,3,0,0,31.5833333333333,30.9166666666667,4,4,2793,"+","Interval_5741",0,FALSE,FALSE,FALSE,FALSE,FALSE,FALSE,FALSE,"Kidney_hypermethylated"
5534,"chr19",47397834,47398684,5742,0.293183588510255,0.786645844304442,-0.493462255794188,-1.50597193867116,4.0342305907588e-05,0.000567284827922491,18,0,0,20.4166666666667,24.0833333333333,3.94444444444444,4,974,"+","Interval_5742",0,FALSE,FALSE,FALSE,FALSE,FALSE,FALSE,FALSE,"Liver_hypermethylated"
5537,"chr19",47420525,47421555,5745,0.64465014671522,0.795032734874398,-0.150382588159179,-0.444130027334957,0.0232503251529716,0.0450562119410314,23,0,0,23.5760869565217,26.2282608695652,3.69565217391304,4,3340,"+","Interval_5745",0,FALSE,FALSE,FALSE,FALSE,FALSE,FALSE,FALSE,"Liver_hypermethylated"
5538,"chr19",47427827,47429069,5746,0.232314266631679,0.369262916665862,-0.136948650034182,-0.579121263471838,0.0110031324614876,0.0253712003661694,18,0,0,23.5277777777778,23.5555555555556,3.94444444444444,3.94444444444444,3025,"+","Interval_5746",0,FALSE,FALSE,FALSE,FALSE,FALSE,FALSE,FALSE,"Liver_hypermethylated"
5539,"chr19",47431295,47432197,5747,0.841933661243155,0.270757923015171,0.571175738227984,1.97867540804948,0.00011437408565765,0.00100859275522365,9,0,0,27.1944444444444,27,4,4,696,"+","Interval_5747",0,FALSE,FALSE,FALSE,FALSE,FALSE,TRUE,TRUE,"Kidney_hypermethylated"
5540,"chr19",47438569,47438818,5748,0.353023916681682,0.70577572224244,-0.352751805560758,-1.0097909406629,0.000903389164524427,0.00401978741202216,3,0,0,19.4166666666667,16.1666666666667,4,4,1707,"+","Interval_5748",0,FALSE,FALSE,FALSE,FALSE,FALSE,FALSE,FALSE,"Liver_hypermethylated"
5541,"chr19",47448560,47448958,5749,0.764355579492451,0.16665326209249,0.597702317399961,2.2180457574008,2.66636484707258e-05,0.000457676312437458,7,0,0,23.6428571428571,26.1071428571429,4,4,358,"+","Interval_5749",0,FALSE,FALSE,FALSE,FALSE,FALSE,FALSE,FALSE,"Kidney_hypermethylated"
5543,"chr19",47457915,47458435,5751,0.270577286154103,0.632752621210111,-0.362175335056009,-1.53479257651413,0.00275881087520631,0.008960302763289,8,0,0,19.34375,24.0625,4,4,1892,"+","Interval_5751",0,FALSE,FALSE,FALSE,FALSE,FALSE,FALSE,FALSE,"Liver_hypermethylated"
5546,"chr19",47471831,47472268,5754,0.800214673024004,0.29325077578426,0.506963897239743,1.58377707274884,2.79761205548167e-05,0.000470995235094106,4,0,0,35.3125,35.9375,4,4,867,"+","Interval_5754",0,FALSE,FALSE,FALSE,FALSE,FALSE,TRUE,TRUE,"Kidney_hypermethylated"
5547,"chr19",47472894,47473134,5755,0.169488057429601,0.680758496578298,-0.511270439148697,-2.03848428422158,9.11969791593479e-05,0.000903504909492059,10,0,0,25.45,27.225,4,4,619,"+","Interval_5755",0,FALSE,FALSE,FALSE,FALSE,FALSE,FALSE,FALSE,"Liver_hypermethylated"
5549,"chr19",47510280,47511238,5758,0.382469049495347,0.105894342883727,0.276574706611619,1.88104429184451,0.000796665124983811,0.00369751298566882,23,0,0,26.3369565217391,28.6304347826087,4,4,1508,"+","Interval_5758",0,FALSE,FALSE,FALSE,FALSE,FALSE,FALSE,FALSE,"Kidney_hypermethylated"
5550,"chr19",47518368,47519604,5759,0.84812108622203,0.246809923875307,0.601311162346723,1.8705238807539,2.86695888378579e-05,0.000480039845800101,28,0,0,25.8303571428571,26.9553571428571,4,4,575,"+","Interval_5759",0,FALSE,FALSE,FALSE,FALSE,FALSE,TRUE,TRUE,"Kidney_hypermethylated"
5551,"chr19",47531323,47531974,5760,0.933487419625349,0.491844629217408,0.441642790407941,1.1909443379618,0.00272749121279891,0.00887264875735801,4,0,0,21.8125,26,4,4,1889,"+","Interval_5760",0,FALSE,FALSE,FALSE,FALSE,FALSE,TRUE,TRUE,"Kidney_hypermethylated"
5553,"chr19",47560594,47561211,5762,0.843677285146012,0.368336511434917,0.475340773711095,1.55408216818315,0.000308544895876171,0.00194862115638137,11,0,0,31.3863636363636,33.0454545454545,4,4,973,"+","Interval_5762",0,FALSE,FALSE,FALSE,FALSE,FALSE,TRUE,TRUE,"Kidney_hypermethylated"
5555,"chr19",47659030,47659677,5765,0.172557937358341,0.215899222988266,-0.0433412856299253,-1.31215048343559,0.000390645632486595,0.00229057004926539,5,0,0,21.65,21.6,4,4,4419,"+","Interval_5765",0,FALSE,FALSE,FALSE,FALSE,FALSE,FALSE,FALSE,"Liver_hypermethylated"
5556,"chr19",47705399,47705692,5766,0.755535582057529,0.554866990525615,0.200668591531914,0.452740270651097,0.00357648090877774,0.0107521894248724,5,0,0,29.4,26.45,4,4,3306,"+","Interval_5766",0,FALSE,FALSE,FALSE,FALSE,FALSE,FALSE,FALSE,"Kidney_hypermethylated"
5565,"chr19",47890575,47890972,5775,0.104342141727808,0.292447703347491,-0.188105561619683,-1.77747057017126,1.62049273460361e-05,0.00035063126246969,5,0,0,28,25.95,4,4,2378,"+","Interval_5775",0,FALSE,FALSE,FALSE,FALSE,FALSE,FALSE,FALSE,"Liver_hypermethylated"
5566,"chr19",47891774,47892362,5776,0.518601774124715,0.705778151145517,-0.187176377020801,-0.5942642595616,0.00657279401741923,0.0171947251268668,7,0,0,21.7857142857143,23.0357142857143,4,4,2774,"+","Interval_5776",0,FALSE,FALSE,FALSE,FALSE,FALSE,FALSE,FALSE,"Liver_hypermethylated"
5567,"chr19",47898353,47898990,5777,0.783383085868113,0.318333697510812,0.465049388357301,1.51762564630651,3.31132517870474e-05,0.000521103110629355,9,0,0,30.3611111111111,31.5833333333333,4,4,961,"+","Interval_5777",0,FALSE,FALSE,FALSE,FALSE,FALSE,TRUE,TRUE,"Kidney_hypermethylated"
5568,"chr19",47903029,47903302,5778,0.405940822394346,0.665104181095323,-0.259163358700977,-0.921574292156808,0.000450247375842335,0.00249708494995591,9,0,0,22.3611111111111,26.9166666666667,4,4,1886,"+","Interval_5778",0,FALSE,FALSE,FALSE,FALSE,FALSE,FALSE,FALSE,"Liver_hypermethylated"
5569,"chr19",47909050,47910664,5779,0.18239249449516,0.222505155498575,-0.0401126610034146,-0.8040616491102,0.013054433423808,0.0290019860409617,16,0,0,16,17.203125,3.25,3.5,4468,"+","Interval_5779",0,FALSE,FALSE,FALSE,FALSE,FALSE,FALSE,FALSE,"Liver_hypermethylated"
5576,"chr19",48008817,48009788,5786,0.202701578927999,0.661147409239853,-0.458445830311854,-1.84038225637097,0.000639116435004636,0.00318521532287388,12,0,0,24.1458333333333,24.6458333333333,4,3.91666666666667,1233,"+","Interval_5786",0,FALSE,FALSE,FALSE,FALSE,FALSE,FALSE,FALSE,"Liver_hypermethylated"
5577,"chr19",48019960,48020552,5787,0.491227078346627,0.71017047827919,-0.218943399932562,-0.55230858409461,0.00469454288746612,0.0132624867677319,12,0,0,31.1458333333333,32.4166666666667,4,4,2925,"+","Interval_5787",0,FALSE,FALSE,FALSE,FALSE,FALSE,FALSE,FALSE,"Liver_hypermethylated"
5578,"chr19",48049547,48050116,5788,0.405903119494294,0.488201868980425,-0.0822987494861309,-0.0347996489501342,0.00231092734147399,0.00788486869148123,4,0,0,37.1875,32.3125,4,4,5827,"+","Interval_5788",0,FALSE,FALSE,FALSE,FALSE,FALSE,FALSE,FALSE,"Liver_hypermethylated"
5583,"chr19",48285769,48286138,5793,0.45820064900971,0.492070853411881,-0.0338702044021716,-0.499612248103363,0.00399775340035441,0.0117093396783498,8,0,0,27.03125,25.375,4,4,4580,"+","Interval_5793",0,FALSE,TRUE,TRUE,FALSE,FALSE,FALSE,FALSE,"Liver_hypermethylated"
5584,"chr19",48337465,48337802,5794,0.410653881633214,0.747423703409843,-0.33676982177663,-0.865116524920714,0.000152506253451547,0.00121078931196351,6,0,0,29.7916666666667,27.9166666666667,4,4,2032,"+","Interval_5794",0,FALSE,TRUE,TRUE,FALSE,TRUE,FALSE,TRUE,"Liver_hypermethylated"
5586,"chr19",48378264,48378622,5796,0.46764212814335,0.614658574294088,-0.147016446150738,-0.338876721405563,0.020464749372721,0.0407240559894334,9,0,0,23.8888888888889,23.9444444444444,4,4,3843,"+","Interval_5796",0,FALSE,FALSE,FALSE,FALSE,FALSE,FALSE,FALSE,"Liver_hypermethylated"
5587,"chr19",48408012,48408679,5797,0.573484527171916,0.47495676004559,0.0985277671263258,0.323186565129533,0.0167715337501357,0.0350048739382683,6,0,0,38.1666666666667,32.3333333333333,4,4,3938,"+","Interval_5797",0,FALSE,TRUE,TRUE,FALSE,FALSE,FALSE,FALSE,"Kidney_hypermethylated"
5588,"chr19",48524728,48524972,5799,0.110276988569827,0.378547394305963,-0.268270405736135,-2.16233565953235,0.000552077148144395,0.00285981622089517,4,0,0,27.6875,21.5,3.75,3.75,1579,"+","Interval_5799",0,FALSE,TRUE,TRUE,FALSE,FALSE,FALSE,FALSE,"Liver_hypermethylated"
5589,"chr19",48559361,48559652,5800,0.372803778420385,0.352728439860793,0.020075338559592,0.165535875674474,0.00972812069272658,0.0231792561678189,2,0,0,34.375,32.125,4,4,4890,"+","Interval_5800",0,FALSE,TRUE,TRUE,FALSE,FALSE,FALSE,FALSE,"Kidney_hypermethylated"
5591,"chr19",48617004,48617223,5802,0.607738095238095,0.294803354371201,0.312934740866894,1.01911652304641,0.00361147873076728,0.0108150764135307,1,0,0,23.25,25,4,4,2052,"+","Interval_5802",0,FALSE,FALSE,FALSE,FALSE,FALSE,FALSE,FALSE,"Kidney_hypermethylated"
5592,"chr19",48630294,48630751,5803,0.635973349800097,0.770811564077959,-0.134838214277862,-0.275600591329005,0.0170796600295554,0.035445630152522,10,0,0,25.525,26.1,4,4,4212,"+","Interval_5803",0,FALSE,TRUE,TRUE,FALSE,FALSE,FALSE,FALSE,"Liver_hypermethylated"
5594,"chr19",48703932,48704487,5805,0.884996409452931,0.514698503922642,0.370297905530289,0.770393218165971,0.000502592181420993,0.00269808292054136,1,0,0,25.5,25.25,4,4,2269,"+","Interval_5805",0,FALSE,TRUE,TRUE,FALSE,FALSE,FALSE,FALSE,"Kidney_hypermethylated"
5595,"chr19",48706272,48706802,5806,0.0187578173858662,0.31678503446238,-0.298027217076514,-3.50631582521732,0.0218707387040215,0.0430203871114636,1,0,0,41,33.5,4,4,3124,"+","Interval_5806",0,FALSE,TRUE,TRUE,FALSE,FALSE,FALSE,FALSE,"Liver_hypermethylated"
5598,"chr19",48779094,48779714,5809,0.427637150069375,0.575496360808861,-0.147859210739486,-0.521513186587916,0.00895780302039377,0.0219218237994105,3,0,0,33.25,30.25,4,4,3032,"+","Interval_5809",0,FALSE,TRUE,TRUE,FALSE,FALSE,FALSE,FALSE,"Liver_hypermethylated"
5599,"chr19",48820788,48821561,5810,0.371682465007067,0.278948084336015,0.0927343806710516,0.357433618985607,0.00307557464020994,0.00963926375127763,2,0,0,35.25,30.75,4,4,3756,"+","Interval_5810",0,FALSE,TRUE,TRUE,FALSE,FALSE,FALSE,FALSE,"Kidney_hypermethylated"
5600,"chr19",48881574,48882280,5811,0.197493215505877,0.396193054862849,-0.198699839356973,-1.04248851397143,0.0112207586835423,0.0257377984734481,3,0,0,31.0833333333333,33.6666666666667,4,4,2679,"+","Interval_5811",0,FALSE,TRUE,TRUE,FALSE,FALSE,FALSE,FALSE,"Liver_hypermethylated"
5601,"chr19",49019486,49020109,5812,0.68153758037735,0.657729376833402,0.023808203543948,0.0524261936548313,0.0188095974025303,0.0381811498687808,11,0,0,34.7727272727273,31.2954545454545,4,4,5682,"+","Interval_5812",0,FALSE,TRUE,TRUE,FALSE,FALSE,FALSE,FALSE,"Kidney_hypermethylated"
5602,"chr19",49115604,49116026,5813,0.620547495547496,0.40326867816092,0.217278817386576,0.609525019358059,0.0108732322475828,0.0251661062754787,1,0,0,41.5,34.25,4,4,2706,"+","Interval_5813",0,FALSE,FALSE,FALSE,FALSE,FALSE,FALSE,FALSE,"Kidney_hypermethylated"
5604,"chr19",49171704,49172433,5815,0.19875292770617,0.623565392698732,-0.424812464992562,-1.63283617178511,1.27767357837409e-06,0.000135880492616173,2,0,0,41,34,4,4,820,"+","Interval_5815",0,FALSE,TRUE,TRUE,FALSE,FALSE,FALSE,FALSE,"Liver_hypermethylated"
5607,"chr19",49314238,49314635,5818,0.750797833406529,0.335684746010833,0.415113087395696,1.13805619433541,0.000268313214513122,0.00177288677761628,1,0,0,24.25,22,4,4,1468,"+","Interval_5818",0,FALSE,FALSE,FALSE,FALSE,FALSE,FALSE,FALSE,"Kidney_hypermethylated"
5610,"chr19",49771921,49772137,5821,0.861332094304638,0.514120854815244,0.347211239489393,0.764525956055633,0.00200819653315893,0.00713858261433137,2,0,0,29.5,23.5,4,4,2285,"+","Interval_5821",0,FALSE,FALSE,FALSE,FALSE,FALSE,FALSE,FALSE,"Kidney_hypermethylated"
5612,"chr19",49830767,49831404,5823,0.166070967451841,0.457288839232612,-0.291217871780771,-1.4053904960949,0.000879091154499316,0.00395414782521593,6,0,0,28.75,25.3333333333333,4,4,1409,"+","Interval_5823",0,FALSE,TRUE,TRUE,FALSE,FALSE,FALSE,FALSE,"Liver_hypermethylated"
5613,"chr19",49837542,49838093,5824,0.32703545985262,0.570129737092128,-0.243094277239509,-0.851865994798916,0.00341839462766173,0.0104196602117963,7,0,0,38.5,35.0357142857143,4,4,2053,"+","Interval_5824",0,FALSE,FALSE,FALSE,FALSE,TRUE,FALSE,TRUE,"Liver_hypermethylated"
5614,"chr19",49958176,49958836,5825,0.447149833553968,0.490122431016596,-0.042972597462628,-0.360979167242606,0.00591364149726357,0.0158528528770593,9,0,0,28.3333333333333,26.1388888888889,4,4,4428,"+","Interval_5825",0,FALSE,TRUE,TRUE,FALSE,FALSE,FALSE,FALSE,"Liver_hypermethylated"
5616,"chr19",50026550,50026931,5827,0.420394947873784,0.545161324768779,-0.124766376894994,-0.549695617061601,0.00874222661100939,0.0214883930098611,4,0,0,45.8125,36.875,4,4,3200,"+","Interval_5827",0,FALSE,FALSE,FALSE,FALSE,FALSE,FALSE,FALSE,"Liver_hypermethylated"
5617,"chr19",50026932,50027151,5828,0.330539183251734,0.610917107121645,-0.280377923869911,-0.848391170036449,0.000448699805499622,0.00249300208390161,2,0,0,45.5,43.375,4,4,2061,"+","Interval_5828",0,FALSE,FALSE,FALSE,FALSE,FALSE,FALSE,FALSE,"Liver_hypermethylated"
5618,"chr19",50185158,50186708,5829,0.491868352597696,0.490601779160278,0.0012665734374181,0.12417250483219,0.00778348835395092,0.0195862145516087,24,0,0,29.9895833333333,27.3645833333333,4,3.83333333333333,5908,"+","Interval_5829",0,FALSE,FALSE,FALSE,FALSE,FALSE,FALSE,FALSE,"Kidney_hypermethylated"
5620,"chr19",50360621,50360930,5831,0.835919145390927,0.709547960432863,0.126371184958064,0.231445717112404,0.00276250891700675,0.00896283912091156,4,0,0,26.125,24.1875,4,4,4473,"+","Interval_5831",0,FALSE,FALSE,FALSE,FALSE,FALSE,FALSE,FALSE,"Kidney_hypermethylated"
5625,"chr19",50504217,50504592,5836,0.733207454645908,0.496667174334309,0.2365402803116,0.556268375520402,0.0124029948711673,0.0279451659742985,4,0,0,27.625,24.625,4,4,2909,"+","Interval_5836",0,FALSE,FALSE,FALSE,FALSE,FALSE,FALSE,FALSE,"Kidney_hypermethylated"
5626,"chr19",50534066,50534778,5837,0.543230500669123,0.522126995501309,0.0211035051678143,0.0543713228375464,0.000920216139008406,0.00407401165288664,10,0,0,30.6,26.025,4,4,5667,"+","Interval_5837",0,FALSE,TRUE,TRUE,FALSE,FALSE,FALSE,FALSE,"Kidney_hypermethylated"
5629,"chr19",50611637,50612194,5840,0.309069880427361,0.191973684270196,0.117096196157165,1.09599213754154,0.00992619486647221,0.0234782399747774,3,0,0,42.5,38.5833333333333,4,4,3285,"+","Interval_5840",0,FALSE,FALSE,FALSE,FALSE,FALSE,FALSE,FALSE,"Kidney_hypermethylated"
5631,"chr19",50622093,50622365,5842,0.126172202076799,0.349157292533682,-0.222985090456883,-1.45290184314456,0.000680851071516424,0.00333638742780576,3,0,0,38.9166666666667,35.6666666666667,4,4,2004,"+","Interval_5842",0,FALSE,FALSE,FALSE,FALSE,FALSE,FALSE,FALSE,"Liver_hypermethylated"
5634,"chr19",51237458,51238388,5845,0.35960620661308,0.605986590038314,-0.246380383425234,-0.736909960529267,0.0023639499886463,0.00801239530073444,1,0,0,29.25,23.5,4,4,2360,"+","Interval_5845",0,FALSE,FALSE,FALSE,FALSE,TRUE,FALSE,TRUE,"Liver_hypermethylated"
5635,"chr19",51329842,51330671,5846,0.268459814203998,0.424387192327707,-0.155927378123709,-0.984143279420588,0.00589976093000431,0.015831454547981,4,0,0,43,37.1875,4,4,2785,"+","Interval_5846",0,FALSE,FALSE,FALSE,FALSE,FALSE,FALSE,FALSE,"Liver_hypermethylated"
5638,"chr19",51773970,51774592,5850,0.4358599023088,0.581723201159577,-0.145863298850777,-0.465478793358541,0.0175395997137538,0.0362166801885139,8,0,0,24.9375,26.0625,4,4,3252,"+","Interval_5850",0,FALSE,TRUE,TRUE,FALSE,FALSE,FALSE,FALSE,"Liver_hypermethylated"
5639,"chr19",51860392,51861046,5851,0.223553240685616,0.600840584295934,-0.377287343610318,-1.36684789360649,5.39085145673783e-05,0.000675087118166068,4,0,0,36.5,36.4375,4,4,1138,"+","Interval_5851",0,FALSE,FALSE,FALSE,FALSE,TRUE,FALSE,TRUE,"Liver_hypermethylated"
5640,"chr19",51869813,51870418,5852,0.550518207118779,0.581024289357998,-0.0305060822392185,-0.112708968881079,0.0243574839949622,0.046759368681363,4,0,0,30.9375,27.625,4,4,5258,"+","Interval_5852",0,FALSE,TRUE,TRUE,FALSE,FALSE,FALSE,FALSE,"Liver_hypermethylated"
5642,"chr19",52078238,52078852,5854,0.605934346981,0.675473143452901,-0.0695387964719008,-0.247693929007274,0.0103865111170223,0.0242773338965773,6,0,0,31.0416666666667,28.7916666666667,4,4,4371,"+","Interval_5854",0,FALSE,TRUE,TRUE,FALSE,FALSE,FALSE,FALSE,"Liver_hypermethylated"
5643,"chr19",52534803,52535031,5855,0.295924545366736,0.540852604997342,-0.244928059630606,-0.844821662850567,0.00672035438544171,0.0175208221037502,2,0,0,23.875,22.5,4,4,2357,"+","Interval_5855",0,FALSE,TRUE,TRUE,FALSE,FALSE,FALSE,FALSE,"Liver_hypermethylated"
5644,"chr19",52621957,52622535,5856,0.312964717489102,0.608430149667043,-0.295465432177941,-0.946645992167529,0.000954446186331108,0.00417405723374437,4,0,0,36.75,39.75,4,4,1833,"+","Interval_5856",0,FALSE,FALSE,FALSE,FALSE,FALSE,FALSE,FALSE,"Liver_hypermethylated"
5645,"chr19",52637150,52637443,5858,0.848093716555908,0.722539035775751,0.125554680780156,0.239145654095654,0.0165478409853984,0.034693443485252,4,0,0,43.125,41.4375,4,4,4424,"+","Interval_5858",0,FALSE,FALSE,FALSE,FALSE,FALSE,FALSE,FALSE,"Kidney_hypermethylated"
5647,"chr19",52771288,52771650,5860,0.844519929324436,0.603070175438597,0.24144975388584,0.479061916877729,0.000410094737626497,0.0023573733982365,1,0,0,38,38.75,4,4,3192,"+","Interval_5860",0,FALSE,TRUE,TRUE,FALSE,FALSE,FALSE,FALSE,"Kidney_hypermethylated"
5651,"chr19",53002028,53002791,5864,0.906818845360531,0.644458477851456,0.262360367509075,0.608352007646858,0.0114688740673332,0.0261604421469051,21,0,0,20.6071428571429,24.2142857142857,3.76190476190476,4,2714,"+","Interval_5864",0,FALSE,FALSE,FALSE,FALSE,FALSE,TRUE,TRUE,"Kidney_hypermethylated"
5652,"chr19",53003341,53004218,5865,0.740539110268125,0.28119234027953,0.459346769988595,1.58466887968288,0.000325149399021681,0.00202435973352404,16,0,0,25.890625,27.015625,4,3.9375,987,"+","Interval_5865",0,FALSE,FALSE,FALSE,FALSE,FALSE,TRUE,TRUE,"Kidney_hypermethylated"
5654,"chr19",53015123,53015428,5867,0.546094825859524,0.784915051182117,-0.238820225322593,-0.641181751652504,0.00427857688579336,0.0123551950015039,10,0,0,21.65,23.325,4,4,2600,"+","Interval_5867",0,FALSE,FALSE,FALSE,FALSE,FALSE,FALSE,FALSE,"Liver_hypermethylated"
5655,"chr19",53020136,53020513,5868,0.540274265671505,0.353714273888716,0.18655999178279,0.709689109444911,0.0112704635000634,0.0258228926949625,4,0,0,19.6875,22.9375,4,4,2682,"+","Interval_5868",0,FALSE,FALSE,FALSE,FALSE,FALSE,FALSE,FALSE,"Kidney_hypermethylated"
5656,"chr19",53021498,53021762,5869,0.5969182946711,0.816411006312856,-0.219492711641756,-0.502753380184006,0.00323134878637877,0.0100134333294491,7,0,0,30.5,35.5714285714286,4,4,3106,"+","Interval_5869",0,FALSE,FALSE,FALSE,FALSE,FALSE,FALSE,FALSE,"Liver_hypermethylated"
5657,"chr19",53032116,53033481,5870,0.778622168634691,0.309395056486625,0.469227112148067,1.75683027328312,7.06893751780702e-05,0.000793197749326415,16,0,0,26.234375,25.65625,3.625,3.4375,700,"+","Interval_5870",0,FALSE,FALSE,FALSE,FALSE,FALSE,TRUE,TRUE,"Kidney_hypermethylated"
5659,"chr19",53051345,53051860,5872,0.472053079810597,0.816936857374365,-0.344883777563768,-0.836329138141676,0.000954627519834766,0.00417405723374437,17,0,0,19.9705882352941,20.3382352941176,3.94117647058824,4,2088,"+","Interval_5872",0,FALSE,FALSE,FALSE,FALSE,FALSE,FALSE,FALSE,"Liver_hypermethylated"
5660,"chr19",53052169,53053030,5873,0.211903568902911,0.515252572350551,-0.30334900344764,-1.46564894571345,0.0009638262446771,0.00419455543451896,21,0,0,24.952380952381,25.2738095238095,4,4,1412,"+","Interval_5873",0,FALSE,FALSE,FALSE,FALSE,FALSE,FALSE,FALSE,"Liver_hypermethylated"
5661,"chr19",53058833,53059647,5874,0.78900049780029,0.278786120531009,0.510214377269281,1.85259774691555,2.96924625522017e-05,0.000493135628062918,14,0,0,25.2857142857143,25.6071428571429,4,4,598,"+","Interval_5874",0,FALSE,FALSE,FALSE,FALSE,FALSE,TRUE,TRUE,"Kidney_hypermethylated"
5662,"chr19",53066342,53067349,5875,0.171852272649923,0.534860247990513,-0.363007975340591,-1.91359776048052,0.00158374004941502,0.00595963417247721,21,0,0,21.702380952381,23.2380952380952,3.80952380952381,3.71428571428571,1633,"+","Interval_5875",0,FALSE,FALSE,FALSE,FALSE,FALSE,FALSE,FALSE,"Liver_hypermethylated"
5663,"chr19",53080982,53081297,5876,0.0394497280214598,0.360526964145385,-0.321077236123925,-3.26773636140081,5.91738816026589e-06,0.000219784352681278,4,0,0,24.0625,25.6875,4,4,1189,"+","Interval_5876",0,FALSE,TRUE,TRUE,FALSE,FALSE,FALSE,FALSE,"Liver_hypermethylated"
5664,"chr19",53084807,53085330,5877,0.490415220161747,0.580848564858406,-0.0904333446966583,-0.601817260532959,0.0141812990432478,0.0309174912577419,4,0,0,31.0625,34.25,4,4,3666,"+","Interval_5877",0,FALSE,FALSE,FALSE,FALSE,FALSE,FALSE,FALSE,"Liver_hypermethylated"
5666,"chr19",53093336,53093747,5879,0.804470039764157,0.112917428585842,0.691552611178315,2.81065607454986,7.90245263807434e-05,0.000843025365346793,3,0,0,17.3333333333333,19.3333333333333,4,4,575,"+","Interval_5879",0,FALSE,FALSE,FALSE,FALSE,FALSE,TRUE,TRUE,"Kidney_hypermethylated"
5667,"chr19",53101853,53102123,5880,0.284578778802142,0.47595785440613,-0.191379075603988,-0.72217769523339,0.0180839936721171,0.0370543985045547,1,0,0,39.75,38.75,4,4,2999,"+","Interval_5880",0,FALSE,FALSE,FALSE,FALSE,FALSE,FALSE,FALSE,"Liver_hypermethylated"
5668,"chr19",53103038,53103620,5881,0.666687307987711,0.428093344223859,0.238593963763852,0.620879437488453,0.0110008700342906,0.0253712003661694,2,0,0,27.875,29.625,4,4,2668,"+","Interval_5881",0,FALSE,FALSE,FALSE,FALSE,FALSE,FALSE,FALSE,"Kidney_hypermethylated"
5669,"chr19",53105718,53106233,5882,0.249939475476555,0.449459719315006,-0.199520243838451,-1.96573602297063,0.000553092686242934,0.00285981622089517,16,0,0,25.59375,28.046875,3.875,4,2250,"+","Interval_5882",0,FALSE,FALSE,FALSE,FALSE,FALSE,FALSE,FALSE,"Liver_hypermethylated"
5671,"chr19",53127900,53128129,5884,0.0557545159662483,0.23431597518448,-0.178561459218232,-1.69243148203909,0.0160650190132963,0.033877673931608,4,0,0,36.5625,36.8125,4,4,2914,"+","Interval_5884",0,FALSE,FALSE,FALSE,FALSE,FALSE,FALSE,FALSE,"Liver_hypermethylated"
5672,"chr19",53128683,53129000,5885,0.30252725157707,0.13289238734781,0.16963486422926,1.13769227152504,0.0147558062390173,0.0318155892416706,8,0,0,31,29.375,4,4,2850,"+","Interval_5885",0,FALSE,FALSE,FALSE,FALSE,FALSE,FALSE,FALSE,"Kidney_hypermethylated"
5675,"chr19",53180963,53181945,5888,0.541577450673805,0.715987556351704,-0.174410105677899,-0.499029522898595,0.00332539804534156,0.0102377610163446,21,0,0,28.452380952381,31.5238095238095,4,4,3121,"+","Interval_5888",0,FALSE,FALSE,FALSE,FALSE,FALSE,FALSE,FALSE,"Liver_hypermethylated"
5676,"chr19",53184853,53186104,5889,0.706899333658724,0.104173395155527,0.602725938503197,3.51624402526192,5.45069149604166e-06,0.00021587543644406,12,0,0,37.7916666666667,38.4375,4,4,185,"+","Interval_5889",0,FALSE,FALSE,FALSE,FALSE,FALSE,TRUE,TRUE,"Kidney_hypermethylated"
5677,"chr19",53186583,53187070,5890,0.721453173902573,0.614020796223169,0.107432377679404,0.356962382508357,0.0231784418573553,0.044973642315582,9,0,0,34.3888888888889,36.5277777777778,4,4,3758,"+","Interval_5890",0,FALSE,FALSE,FALSE,FALSE,FALSE,FALSE,FALSE,"Kidney_hypermethylated"
5678,"chr19",53193977,53194706,5891,0.795476067208544,0.0959227442243,0.699553322984244,3.02036927266196,6.46779156375565e-06,0.000229737451787737,11,0,0,34.8181818181818,33.4545454545455,4,4,173,"+","Interval_5891",0,FALSE,FALSE,FALSE,FALSE,FALSE,TRUE,TRUE,"Kidney_hypermethylated"
5679,"chr19",53198933,53199451,5892,0.792111147121208,0.612199534488682,0.179911612632526,0.419127471915602,0.00555579978462589,0.0151197474209593,9,0,0,29.5833333333333,31.5277777777778,4,4,3464,"+","Interval_5892",0,FALSE,FALSE,FALSE,FALSE,FALSE,FALSE,FALSE,"Kidney_hypermethylated"
5681,"chr19",53256621,53258463,5894,0.882217239081414,0.395107685940276,0.487109553141139,1.37560532098053,0.000274135733709738,0.00179399795915478,26,0,0,24.4326923076923,27.5384615384615,4,4,1125,"+","Interval_5894",0,FALSE,FALSE,FALSE,FALSE,FALSE,TRUE,TRUE,"Kidney_hypermethylated"
5682,"chr19",53261299,53261640,5895,0.908552260200501,0.771443273220207,0.137108986980295,0.244689435577175,0.00937728672428067,0.0226381388791255,9,0,0,31.0277777777778,30.1111111111111,4,4,4391,"+","Interval_5895",0,FALSE,TRUE,TRUE,FALSE,FALSE,FALSE,FALSE,"Kidney_hypermethylated"
5683,"chr19",53265077,53265532,5896,0.610759043297379,0.446480096999841,0.164278946297538,0.204595653769718,0.00065962638725361,0.0032609848348137,9,0,0,31,30.3333333333333,4,4,4637,"+","Interval_5896",0,FALSE,TRUE,TRUE,FALSE,FALSE,FALSE,FALSE,"Kidney_hypermethylated"
5684,"chr19",53275185,53275807,5897,0.294363439265843,0.569026764345855,-0.274663325080012,-1.07759766747299,0.000569227391573801,0.002917349725789,9,0,0,32.5277777777778,34.4166666666667,4,4,1588,"+","Interval_5897",0,FALSE,FALSE,FALSE,FALSE,FALSE,FALSE,FALSE,"Liver_hypermethylated"
5688,"chr19",53320214,53320516,5901,0.840901631917257,0.341622860566359,0.499278771350898,1.79745026730762,0.00019841119474338,0.00143102909823717,4,0,0,29.875,34.6875,4,4,852,"+","Interval_5901",0,FALSE,FALSE,FALSE,FALSE,FALSE,FALSE,FALSE,"Kidney_hypermethylated"
5689,"chr19",53321518,53321850,5902,0.417637118622983,0.768448004751347,-0.350810886128364,-0.88842890272412,0.000676653207530625,0.00332111338680167,8,0,0,23.875,30.125,4,4,1968,"+","Interval_5902",0,FALSE,FALSE,FALSE,FALSE,FALSE,FALSE,FALSE,"Liver_hypermethylated"
5690,"chr19",53325494,53326261,5903,0.142502050730174,0.0440157646359839,0.0984862860941906,1.16328579048297,0.0176096891589186,0.036335984500808,24,0,0,21.8854166666667,24.9583333333333,3.875,4,3546,"+","Interval_5903",0,FALSE,FALSE,FALSE,FALSE,FALSE,TRUE,TRUE,"Kidney_hypermethylated"
5692,"chr19",53340176,53340575,5905,0.183800054112554,0.409437093888313,-0.225637039775759,-1.02468786800099,0.00253758033101873,0.00842432800330098,2,0,0,29,34.25,4,4,1980,"+","Interval_5905",0,FALSE,FALSE,FALSE,FALSE,FALSE,FALSE,FALSE,"Liver_hypermethylated"
5693,"chr19",53347943,53348244,5906,0.147736034702753,0.733708111731761,-0.585972077029008,-2.52324948589747,1.16830291415689e-05,0.000304204296927717,5,0,0,23.45,25.75,4,4,236,"+","Interval_5906",0,FALSE,FALSE,FALSE,FALSE,FALSE,FALSE,FALSE,"Liver_hypermethylated"
5695,"chr19",53369249,53369957,5908,0.3765819543817,0.475489692996391,-0.0989077386146911,-0.632868937186133,0.0241607268583262,0.0465124268622853,21,0,0,27.8571428571429,29.5119047619048,4,4,3540,"+","Interval_5908",0,FALSE,FALSE,FALSE,FALSE,FALSE,FALSE,FALSE,"Liver_hypermethylated"
5698,"chr19",53412023,53412719,5911,0.0651274809659341,0.529208466047418,-0.464080985081484,-3.09512842399997,0.000150447695790781,0.00120221208144909,7,0,0,24.3928571428571,26.2857142857143,4,4,769,"+","Interval_5911",0,FALSE,FALSE,FALSE,FALSE,FALSE,FALSE,FALSE,"Liver_hypermethylated"
5699,"chr19",53413793,53414348,5912,0.576915017145689,0.71447633506844,-0.137561317922751,-0.553806100647907,0.023066231387051,0.0448188887873988,7,0,0,19.7857142857143,19.8928571428571,4,3.85714285714286,3162,"+","Interval_5912",0,FALSE,FALSE,FALSE,FALSE,FALSE,FALSE,FALSE,"Liver_hypermethylated"
5700,"chr19",53414542,53414970,5913,0.793432056581971,0.138238116432143,0.655193940149828,2.47627478611758,9.50356945403027e-07,0.000124999888511622,10,0,0,38.2,37.225,4,4,155,"+","Interval_5913",0,FALSE,FALSE,FALSE,FALSE,FALSE,FALSE,FALSE,"Kidney_hypermethylated"
5702,"chr19",53437039,53438062,5915,0.272245088842576,0.50499326589794,-0.232748177055364,-1.28377976232165,0.0061798944240561,0.0163969996700452,14,0,0,21.6964285714286,25.25,4,4,2316,"+","Interval_5915",0,FALSE,FALSE,FALSE,FALSE,FALSE,FALSE,FALSE,"Liver_hypermethylated"
5704,"chr19",53444909,53445224,5917,0.199259727149167,0.576338549731013,-0.377078822581846,-1.57773909470281,0.000407471870491206,0.00234754500481901,6,0,0,21.7916666666667,27.5,4,4,1066,"+","Interval_5917",0,FALSE,FALSE,FALSE,FALSE,FALSE,FALSE,FALSE,"Liver_hypermethylated"
5706,"chr19",53459213,53459693,5919,0.182309192998219,0.481192439972811,-0.298883246974592,-1.4640735296603,0.00091630442554808,0.00406254739898482,7,0,0,19.7142857142857,20.3214285714286,3.85714285714286,3.85714285714286,1386,"+","Interval_5919",0,FALSE,TRUE,TRUE,FALSE,FALSE,FALSE,FALSE,"Liver_hypermethylated"
5707,"chr19",53464400,53465046,5920,0.801117285373511,0.177632175636377,0.623485109737134,2.54333644914582,6.91491158834946e-05,0.000785436815349491,7,0,0,17.8928571428571,21.1071428571429,3.42857142857143,3.42857142857143,541,"+","Interval_5920",0,FALSE,FALSE,FALSE,FALSE,FALSE,FALSE,FALSE,"Kidney_hypermethylated"
5708,"chr19",53476934,53477317,5921,0.797050733909791,0.585422737278569,0.211627996631223,0.494332725840106,0.0172566493914926,0.0357405158445306,10,0,0,18,20.675,3.6,4,3144,"+","Interval_5921",0,FALSE,FALSE,FALSE,FALSE,FALSE,FALSE,FALSE,"Kidney_hypermethylated"
5709,"chr19",53479643,53479874,5922,0.66481636402739,0.115618951700045,0.549197412327345,2.53488553891415,1.57537777925615e-05,0.000343287108281172,6,0,0,30.75,30.3333333333333,4,4,298,"+","Interval_5922",0,FALSE,FALSE,FALSE,FALSE,FALSE,FALSE,FALSE,"Kidney_hypermethylated"
5711,"chr19",53492740,53493057,5924,0.767799674310897,0.364003668106172,0.403796006204725,1.06736621539063,0.00561319957090586,0.0152287467387269,3,0,0,23.25,21.8333333333333,3.66666666666667,4,2265,"+","Interval_5924",0,TRUE,FALSE,TRUE,FALSE,FALSE,FALSE,FALSE,"Kidney_hypermethylated"
5713,"chr19",53511028,53512358,5926,0.110834364027436,0.559650761091796,-0.44881639706436,-2.58217386799417,5.19860291333523e-05,0.000664145839967671,21,0,0,27.4285714285714,26.7857142857143,4,4,580,"+","Interval_5926",0,FALSE,FALSE,FALSE,FALSE,FALSE,FALSE,FALSE,"Liver_hypermethylated"
5714,"chr19",53519786,53520203,5927,0.853716788327663,0.472793196818914,0.38092359150875,0.973913503681891,8.33336218204639e-05,0.000858628243561724,10,0,0,27.925,24.725,4,4,1781,"+","Interval_5927",0,TRUE,FALSE,TRUE,FALSE,FALSE,FALSE,FALSE,"Kidney_hypermethylated"
5715,"chr19",53521187,53521797,5928,0.597993213469897,0.109865899439534,0.488127314030362,2.43493173885121,3.9064642084233e-05,0.000553115727206479,10,0,0,27.7,24.7,4,4,445,"+","Interval_5928",0,TRUE,FALSE,TRUE,FALSE,FALSE,FALSE,FALSE,"Kidney_hypermethylated"
5717,"chr19",53552454,53552705,5930,0.111648893381866,0.31846980450975,-0.206820911127883,-1.60154298436312,0.00380374811343059,0.0112695490873814,7,0,0,24.1071428571429,20.9642857142857,3.85714285714286,3.71428571428571,2167,"+","Interval_5930",0,FALSE,FALSE,FALSE,FALSE,FALSE,FALSE,FALSE,"Liver_hypermethylated"
5718,"chr19",53554403,53554827,5931,0.799380414851876,0.548549874765852,0.250830540086024,0.585991161410269,0.000425785433274637,0.00239601784567092,11,0,0,31,33.8636363636364,4,4,2800,"+","Interval_5931",0,FALSE,FALSE,FALSE,FALSE,FALSE,FALSE,FALSE,"Kidney_hypermethylated"
5721,"chr19",53576902,53577322,5934,0.421632982442603,0.713359956355284,-0.291726973912681,-1.15273168690402,0.00157984658883869,0.00595607817967255,7,0,0,31.1071428571429,28.8928571428571,4,4,1629,"+","Interval_5934",0,FALSE,FALSE,FALSE,FALSE,FALSE,FALSE,FALSE,"Liver_hypermethylated"
5726,"chr19",53648304,53649249,5939,0.262960651316229,0.494576670257873,-0.231616018941644,-1.18746508628975,0.00153184060712611,0.00580494768586939,15,0,0,26.5,25.5833333333333,4,4,1928,"+","Interval_5939",0,FALSE,FALSE,FALSE,FALSE,FALSE,FALSE,FALSE,"Liver_hypermethylated"
5727,"chr19",53649406,53650175,5940,0.332794648304796,0.823659296897293,-0.490864648592497,-1.65181629276317,8.50901514580902e-06,0.000259802673539206,11,0,0,29.1590909090909,30.7045454545455,4,4,797,"+","Interval_5940",0,FALSE,FALSE,FALSE,FALSE,FALSE,FALSE,FALSE,"Liver_hypermethylated"
5728,"chr19",53653742,53654608,5941,0.191040263645851,0.663735118966049,-0.472694855320199,-2.44068668968057,8.74653782656155e-05,0.000882552954749108,19,0,0,20.7105263157895,23.2763157894737,4,3.94736842105263,609,"+","Interval_5941",0,FALSE,FALSE,FALSE,FALSE,FALSE,FALSE,FALSE,"Liver_hypermethylated"
5731,"chr19",53703105,53703409,5944,0.813165212265662,0.6221982672024,0.190966945063262,0.370310090309147,0.00125291988631062,0.0050059770490109,2,0,0,24.25,32.375,4,4,3680,"+","Interval_5944",0,FALSE,FALSE,FALSE,FALSE,FALSE,FALSE,FALSE,"Kidney_hypermethylated"
5734,"chr19",53711017,53712065,5947,0.287632743491018,0.273189613459552,0.0144431300314661,-0.610813627224608,0.0042493035353024,0.012293771292106,14,0,0,22.5,24.6428571428571,4,4,5035,"+","Interval_5947",0,FALSE,FALSE,FALSE,FALSE,FALSE,FALSE,FALSE,"Kidney_hypermethylated"
5735,"chr19",53726060,53726683,5948,0.136030159434218,0.489561446616267,-0.353531287182049,-1.80343909061469,0.000269907275596432,0.0017748001767677,12,0,0,29.4583333333333,34.1458333333333,4,4,996,"+","Interval_5948",0,FALSE,FALSE,FALSE,FALSE,FALSE,FALSE,FALSE,"Liver_hypermethylated"
5736,"chr19",53733568,53733784,5949,0.944793333678669,0.619719184939549,0.32507414873912,0.627563451578431,0.00548589366455705,0.0149626349616969,4,0,0,31.75,35,4,4,2650,"+","Interval_5949",0,FALSE,FALSE,FALSE,FALSE,FALSE,FALSE,FALSE,"Kidney_hypermethylated"
5737,"chr19",53746208,53746430,5950,0.423852180021203,0.70002159319556,-0.276169413174357,-0.786916960582177,0.00120024685542106,0.00486311157191417,8,0,0,27.4375,28.3125,4,4,2222,"+","Interval_5950",0,FALSE,FALSE,FALSE,FALSE,FALSE,FALSE,FALSE,"Liver_hypermethylated"
5738,"chr19",53754201,53754937,5951,0.404679319198417,0.597419663671734,-0.192740344473318,-0.580103115963873,0.0179762285421906,0.0369411207198149,12,0,0,13.3958333333333,14.9583333333333,2.41666666666667,3.08333333333333,2990,"+","Interval_5951",0,FALSE,FALSE,FALSE,FALSE,FALSE,FALSE,FALSE,"Liver_hypermethylated"
5741,"chr19",53768700,53768924,5954,0.39383149317895,0.504469190355689,-0.110637697176739,-0.0796167912207546,0.0103859102806489,0.0242773338965773,4,0,0,23.625,25.25,4,4,5474,"+","Interval_5954",0,FALSE,FALSE,FALSE,FALSE,FALSE,FALSE,FALSE,"Liver_hypermethylated"
5742,"chr19",53774026,53775086,5955,0.508401161832718,0.109624285120126,0.398776876712592,2.06748257519574,9.03009852458034e-05,0.000900659516556748,12,0,0,29.9375,29.2708333333333,4,4,777,"+","Interval_5955",0,FALSE,FALSE,FALSE,FALSE,FALSE,FALSE,FALSE,"Kidney_hypermethylated"
5743,"chr19",53779535,53780194,5956,0.887632616553852,0.412990151626584,0.474642464927268,1.52837101411583,9.59776233802637e-05,0.000925875189437552,7,0,0,35.0357142857143,36.3214285714286,4,4,944,"+","Interval_5956",0,FALSE,FALSE,FALSE,FALSE,FALSE,FALSE,FALSE,"Kidney_hypermethylated"
5744,"chr19",53780345,53780576,5957,0.883747400475342,0.352201890152973,0.531545510322369,1.32705739424074,0.000183987912384815,0.00135745532443093,2,0,0,35.5,33.5,4,4,1191,"+","Interval_5957",0,FALSE,FALSE,FALSE,FALSE,FALSE,FALSE,FALSE,"Kidney_hypermethylated"
5745,"chr19",53788690,53789422,5959,0.717704183929146,0.274022306709038,0.443681877220107,1.79217272753656,2.55432480946285e-05,0.000449751460004276,12,0,0,25.5625,24.0208333333333,4,4,663,"+","Interval_5959",0,FALSE,FALSE,FALSE,FALSE,FALSE,FALSE,FALSE,"Kidney_hypermethylated"
5746,"chr19",53792015,53792678,5960,0.371409192578316,0.75794130294502,-0.386532110366704,-1.04602199003191,0.000130532455376652,0.00109295759716691,12,0,0,30.875,30.75,4,4,1634,"+","Interval_5960",0,FALSE,FALSE,FALSE,FALSE,FALSE,FALSE,FALSE,"Liver_hypermethylated"
5747,"chr19",53799874,53800563,5961,0.796903984340021,0.183073305407837,0.613830678932183,3.03333722147444,3.80051302715602e-06,0.000197916547049777,17,0,0,27.9705882352941,27.0588235294118,4,4,162,"+","Interval_5961",0,FALSE,FALSE,FALSE,FALSE,FALSE,TRUE,TRUE,"Kidney_hypermethylated"
5748,"chr19",53801882,53802504,5962,0.792355008858382,0.134227514102909,0.658127494755473,2.63959190509927,2.65532991996713e-05,0.000457676312437458,5,0,0,29.85,30.85,3.6,4,355,"+","Interval_5962",0,FALSE,FALSE,FALSE,FALSE,FALSE,TRUE,TRUE,"Kidney_hypermethylated"
5750,"chr19",53809183,53810714,5964,0.435028984525521,0.304002781729239,0.131026202796282,0.757804352703207,0.0157759260204264,0.0333940976216054,21,0,0,27.9047619047619,29.0119047619048,4,4,3107,"+","Interval_5964",0,FALSE,FALSE,FALSE,FALSE,FALSE,FALSE,FALSE,"Kidney_hypermethylated"
5751,"chr19",53819091,53820075,5965,0.447553759457113,0.13139303013863,0.316160729318484,1.55353500965502,0.00236385211803123,0.00801239530073444,9,0,0,24.9722222222222,26.5555555555556,4,4,1812,"+","Interval_5965",0,FALSE,FALSE,FALSE,FALSE,FALSE,TRUE,TRUE,"Kidney_hypermethylated"
5752,"chr19",53821431,53822282,5966,0.265269730212005,0.411227171126802,-0.145957440914798,-0.451134163042928,0.00202868224772284,0.00717098929787262,16,0,0,24.109375,26.046875,4,4,3309,"+","Interval_5966",0,FALSE,FALSE,FALSE,FALSE,FALSE,FALSE,FALSE,"Liver_hypermethylated"
5753,"chr19",53823775,53824138,5967,0.1559131849383,0.501543732302132,-0.345630547363832,-1.71511370499479,7.40975319070228e-05,0.000816002389907985,5,0,0,29.35,33.85,4,4,1044,"+","Interval_5967",0,FALSE,FALSE,FALSE,FALSE,FALSE,FALSE,FALSE,"Liver_hypermethylated"
5755,"chr19",53830115,53831153,5969,0.0590211480161414,0.203111164299182,-0.144090016283041,-1.56483230077938,0.00787485450949125,0.0197594858966206,12,0,0,29.5625,29.625,4,4,2919,"+","Interval_5969",0,FALSE,FALSE,FALSE,FALSE,FALSE,FALSE,FALSE,"Liver_hypermethylated"
5757,"chr19",53848531,53849154,5971,0.844348899118555,0.576682167093502,0.267666732025054,0.830200057394278,0.000659453997005837,0.0032609848348137,8,0,0,30.34375,30.15625,4,4,2112,"+","Interval_5971",0,FALSE,FALSE,FALSE,FALSE,FALSE,FALSE,FALSE,"Kidney_hypermethylated"
5758,"chr19",53852251,53853364,5972,0.251529084040641,0.694238346510947,-0.442709262470306,-1.91953855747311,0.000276175422298601,0.00180090806106435,18,0,0,26.0555555555556,28.1388888888889,4,3.88888888888889,942,"+","Interval_5972",0,FALSE,FALSE,FALSE,FALSE,FALSE,FALSE,FALSE,"Liver_hypermethylated"
5759,"chr19",53859035,53859796,5973,0.193964116545911,0.398876921449384,-0.204912804903473,-1.57831062516078,0.00685643985732135,0.0177678807791039,12,0,0,20.375,21.3958333333333,3.66666666666667,3.75,2371,"+","Interval_5973",0,FALSE,FALSE,FALSE,FALSE,FALSE,FALSE,FALSE,"Liver_hypermethylated"
5760,"chr19",53886764,53888406,5974,0.899991788130327,0.279401516998784,0.620590271131543,1.83132748934462,4.39126038715241e-06,0.000205871252523945,15,0,0,26.7,28.5666666666667,4,4,620,"+","Interval_5974",0,FALSE,FALSE,FALSE,FALSE,FALSE,TRUE,TRUE,"Kidney_hypermethylated"
5761,"chr19",53891441,53891838,5975,0.761959683037269,0.130501987835579,0.63145769520169,2.51027868168231,9.1101916689519e-06,0.000267857070840715,2,0,0,29.625,27.625,4,4,209,"+","Interval_5975",0,FALSE,FALSE,FALSE,FALSE,FALSE,FALSE,FALSE,"Kidney_hypermethylated"
5763,"chr19",53893748,53894150,5977,0.653686410208149,0.230056516054142,0.423629894154007,1.49994405775944,0.000125600316373221,0.00107047703760533,3,0,0,23.5833333333333,23.6666666666667,4,4,977,"+","Interval_5977",0,FALSE,FALSE,FALSE,FALSE,FALSE,FALSE,FALSE,"Kidney_hypermethylated"
5765,"chr19",53925419,53925869,5979,0.860320123927278,0.663636874241016,0.196683249686262,0.369608842781278,0.0197573534432366,0.0396502080041439,3,0,0,35.5833333333333,36,4,4,3682,"+","Interval_5979",0,FALSE,FALSE,FALSE,FALSE,FALSE,FALSE,FALSE,"Kidney_hypermethylated"
5767,"chr19",53957453,53957776,5981,0.904716718116733,0.711563134575464,0.193153583541269,0.39707474584299,0.00685848872384612,0.0177678807791039,3,0,0,41.25,42.4166666666667,4,4,3565,"+","Interval_5981",0,FALSE,FALSE,FALSE,FALSE,FALSE,FALSE,FALSE,"Kidney_hypermethylated"
5768,"chr19",53964862,53965688,5982,0.906081760797974,0.232798312692007,0.673283448105967,2.04979294268044,1.2270017115619e-06,0.000135880492616173,10,0,0,33.775,31.25,4,4,426,"+","Interval_5982",0,FALSE,FALSE,FALSE,FALSE,FALSE,TRUE,TRUE,"Kidney_hypermethylated"
5769,"chr19",53971921,53972238,5983,0.771958189816826,0.25434719898513,0.517610990831696,1.59285438416706,4.21969491402137e-06,0.000205871252523945,5,0,0,32.6,27.3,4,4,860,"+","Interval_5983",0,FALSE,FALSE,FALSE,FALSE,FALSE,FALSE,FALSE,"Kidney_hypermethylated"
5770,"chr19",53984568,53985684,5984,0.911336124582145,0.585466308338877,0.325869816243268,0.727582971425731,0.000737098091246142,0.0035024139150094,6,0,0,16.2083333333333,17.2916666666667,3.33333333333333,3.5,2384,"+","Interval_5984",0,FALSE,FALSE,FALSE,FALSE,FALSE,FALSE,FALSE,"Kidney_hypermethylated"
5772,"chr19",54069724,54070175,5986,0.840807366182277,0.583566279136417,0.25724108704586,0.521994572325753,0.00191147485086245,0.00686098887765758,5,0,0,24.1,25.85,3.8,4,3028,"+","Interval_5986",0,FALSE,FALSE,FALSE,FALSE,FALSE,FALSE,FALSE,"Kidney_hypermethylated"
5773,"chr19",54077714,54077995,5987,0.509821576565063,0.67251452539496,-0.162692948829898,-0.393815074556847,0.0195526562003476,0.0393249520634541,2,0,0,32.75,34.75,4,4,3579,"+","Interval_5987",0,FALSE,FALSE,FALSE,FALSE,FALSE,FALSE,FALSE,"Liver_hypermethylated"
5774,"chr19",54087298,54088042,5988,0.614510152918412,0.105490691638962,0.50901946127945,2.55295145034113,2.48344069090114e-05,0.00044234037813297,14,0,0,26.5535714285714,28.1964285714286,4,4,393,"+","Interval_5988",0,FALSE,FALSE,FALSE,FALSE,FALSE,TRUE,TRUE,"Kidney_hypermethylated"
5775,"chr19",54107276,54107640,5989,0.364884773595223,0.539743685845526,-0.174858912250303,-0.774683316064575,0.00146454354290343,0.00561774036900223,8,0,0,25.59375,26.9375,4,4,2531,"+","Interval_5989",0,FALSE,TRUE,TRUE,FALSE,FALSE,FALSE,FALSE,"Liver_hypermethylated"
5777,"chr19",54150548,54150968,5991,0.961984604871602,0.672584634022811,0.28939997084879,0.509992973118373,0.000666736239508791,0.00328292803828647,2,0,0,35,33.75,4,4,3075,"+","Interval_5991",0,FALSE,FALSE,FALSE,FALSE,FALSE,FALSE,FALSE,"Kidney_hypermethylated"
5778,"chr19",54199505,54200182,5992,0.559506545916804,0.392965008472121,0.166541537444684,0.829975690930678,0.00492738048628062,0.0137630695855429,19,0,0,33.2763157894737,29.3947368421053,4,4,2639,"+","Interval_5992",0,FALSE,FALSE,FALSE,FALSE,FALSE,FALSE,FALSE,"Kidney_hypermethylated"
5779,"chr19",54206693,54207155,5993,0.716473013209644,0.53774865205268,0.178724361156964,0.378472006273857,0.0146399357722444,0.0316769032818458,6,0,0,23.7083333333333,24.4166666666667,4,4,3649,"+","Interval_5993",0,FALSE,FALSE,FALSE,FALSE,FALSE,FALSE,FALSE,"Kidney_hypermethylated"
5781,"chr19",54297565,54298360,5995,0.240121687602343,0.616780569318148,-0.376658881715805,-1.41444311898975,0.00018031752120585,0.00134799412142329,9,0,0,32.5277777777778,32.2222222222222,4,4,1094,"+","Interval_5995",0,FALSE,FALSE,FALSE,FALSE,FALSE,FALSE,FALSE,"Liver_hypermethylated"
5782,"chr19",54399659,54399900,5996,0.13313666861461,0.567952566712047,-0.434815898097437,-1.98270453621342,0.000157032094168644,0.00123081915646214,4,0,0,26.4375,24.1875,4,4,784,"+","Interval_5996",0,FALSE,FALSE,FALSE,FALSE,FALSE,FALSE,FALSE,"Liver_hypermethylated"
5783,"chr19",54407680,54408323,5997,0.447019081841086,0.647883962316458,-0.200864880475371,-0.557404352027098,0.00232604290971539,0.00791915004731421,5,0,0,30.95,31.85,4,4,2907,"+","Interval_5997",0,FALSE,FALSE,FALSE,FALSE,FALSE,FALSE,FALSE,"Liver_hypermethylated"
5785,"chr19",54616942,54617970,5999,0.201733782782061,0.476646967680188,-0.274913184898127,-1.71225316275548,0.00017897995127664,0.00134217489517099,9,0,0,33.4444444444444,32.5277777777778,4,4,1524,"+","Interval_5999",0,FALSE,FALSE,FALSE,FALSE,FALSE,FALSE,FALSE,"Liver_hypermethylated"
5788,"chr19",55063339,55063622,6003,0.223140341705518,0.0980225896768766,0.125117752028641,1.8780924596829,0.000163369873198625,0.00126119079246929,4,0,0,23.1875,25.125,4,4,3190,"+","Interval_6003",0,FALSE,FALSE,FALSE,FALSE,FALSE,FALSE,FALSE,"Kidney_hypermethylated"
5789,"chr19",55085109,55086342,6004,0.891868006890909,0.183139079361158,0.708728927529751,2.26304684014008,8.36298016233961e-05,0.000859373128722022,14,0,0,23.9107142857143,27.2142857142857,4,3.78571428571429,598,"+","Interval_6004",0,FALSE,FALSE,FALSE,FALSE,FALSE,TRUE,TRUE,"Kidney_hypermethylated"
5790,"chr19",55091587,55092175,6005,0.721117695011533,0.489380177247553,0.231737517763981,0.649119380189436,0.000162097088841987,0.00125451714223427,7,0,0,32.9642857142857,33.7142857142857,4,4,2579,"+","Interval_6005",0,FALSE,FALSE,FALSE,FALSE,FALSE,FALSE,FALSE,"Kidney_hypermethylated"
5792,"chr19",55110395,55110852,6007,0.840450710743051,0.510603041798016,0.329847668945035,0.715545716658023,9.30701379188999e-05,0.000907746207983392,2,0,0,38.625,37.25,4,4,2412,"+","Interval_6007",0,FALSE,FALSE,FALSE,FALSE,FALSE,FALSE,FALSE,"Kidney_hypermethylated"
5793,"chr19",55113599,55114052,6008,0.703253351018015,0.602045087205468,0.101208263812547,0.248271207632221,0.0242672364071497,0.0466516437168352,8,0,0,32.125,36.625,4,4,4368,"+","Interval_6008",0,FALSE,FALSE,FALSE,FALSE,FALSE,FALSE,FALSE,"Kidney_hypermethylated"
5794,"chr19",55119640,55120034,6010,0.677718440646868,0.441748275335861,0.235970165311007,0.651129109398006,0.00673889465233897,0.0175617080740555,2,0,0,30.375,35.125,4,4,2574,"+","Interval_6010",0,FALSE,FALSE,FALSE,FALSE,FALSE,FALSE,FALSE,"Kidney_hypermethylated"
5795,"chr19",55121918,55122185,6011,0.281260936098608,0.506474850570245,-0.225213914471638,-0.880450311593148,0.0180035697065136,0.0369635602561062,4,0,0,22.375,23.0625,4,4,2993,"+","Interval_6011",0,FALSE,FALSE,FALSE,FALSE,FALSE,FALSE,FALSE,"Liver_hypermethylated"
5798,"chr19",55128445,55128808,6014,0.965841207776692,0.708005226188076,0.257835981588616,0.4426520614905,1.43079273012776e-05,0.000335615367957899,1,0,0,29.5,33.5,4,4,3350,"+","Interval_6014",0,FALSE,FALSE,FALSE,FALSE,FALSE,FALSE,FALSE,"Kidney_hypermethylated"
5800,"chr19",55137864,55138162,6016,0.50652506713217,0.330056722870006,0.176468344262164,0.788189652076414,0.00919475117782966,0.0223327059240171,5,0,0,25.05,27.45,4,4,2530,"+","Interval_6016",0,FALSE,FALSE,FALSE,FALSE,FALSE,FALSE,FALSE,"Kidney_hypermethylated"
5801,"chr19",55139380,55139632,6017,0.831515201113091,0.37350773187646,0.458007469236631,1.25106202354155,0.000623337484574474,0.00312553898258062,2,0,0,30,29.25,4,4,1299,"+","Interval_6017",0,FALSE,FALSE,FALSE,FALSE,FALSE,TRUE,TRUE,"Kidney_hypermethylated"
5802,"chr19",55144564,55145580,6018,0.759205887975441,0.434422625476786,0.324783262498655,0.795820429613502,0.000784035334531313,0.00366009872272441,8,0,0,20.84375,22.65625,3.875,4,2194,"+","Interval_6018",0,FALSE,FALSE,FALSE,FALSE,FALSE,FALSE,FALSE,"Kidney_hypermethylated"
5803,"chr19",55149241,55149560,6019,0.71276585297275,0.640880632363238,0.0718852206095111,0.149738010919071,0.009342927182274,0.0225765975364034,5,0,0,28.45,32.2,4,4,4974,"+","Interval_6019",0,FALSE,FALSE,FALSE,FALSE,FALSE,FALSE,FALSE,"Kidney_hypermethylated"
5804,"chr19",55163825,55164129,6021,0.852085423857079,0.583869292309176,0.268216131547903,0.558829719908971,0.00107669198703986,0.00452240072478466,5,0,0,30.7,30.05,4,4,2904,"+","Interval_6021",0,FALSE,FALSE,FALSE,FALSE,FALSE,FALSE,FALSE,"Kidney_hypermethylated"
5805,"chr19",55192138,55193125,6022,0.817680998701645,0.61392604826728,0.203754950434365,0.393126169581594,0.0036085902318828,0.0108149038667181,20,0,0,24.4375,24.0125,4,3.8,3584,"+","Interval_6022",0,FALSE,FALSE,FALSE,FALSE,FALSE,FALSE,FALSE,"Kidney_hypermethylated"
5807,"chr19",55206909,55207946,6024,0.507535599653713,0.272507797401195,0.235027802252518,1.02248483422842,0.00149750042300571,0.00573342062266047,17,0,0,30.1029411764706,31.6470588235294,4,4,1898,"+","Interval_6024",0,TRUE,FALSE,TRUE,FALSE,FALSE,TRUE,TRUE,"Kidney_hypermethylated"
5810,"chr19",55232085,55232589,6027,0.412741360239413,0.564092461168957,-0.151351100929544,-0.533025944763369,0.00630785695137047,0.0166789074725351,9,0,0,35.0555555555556,35.8333333333333,4,4,2998,"+","Interval_6027",0,FALSE,FALSE,FALSE,FALSE,FALSE,FALSE,FALSE,"Liver_hypermethylated"
5811,"chr19",55244591,55245568,6028,0.346605545649653,0.350809695294454,-0.0042041496448014,-0.694216550458873,0.00693099595705311,0.0178878497085642,12,0,0,24.0833333333333,26.3541666666667,4,4,5561,"+","Interval_6028",0,FALSE,FALSE,FALSE,FALSE,FALSE,FALSE,FALSE,"Liver_hypermethylated"
5813,"chr19",55260644,55260913,6030,0.335689839502466,0.516728006780428,-0.181038167277962,-0.676205295748778,0.0125521995330904,0.0282022910898869,5,0,0,21.05,22.7,4,4,2735,"+","Interval_6030",0,FALSE,FALSE,FALSE,FALSE,FALSE,FALSE,FALSE,"Liver_hypermethylated"
5814,"chr19",55268172,55268498,6031,0.349326026598323,0.588078930283643,-0.23875290368532,-0.723987076196789,0.00700784543705373,0.0180180795860649,2,0,0,32.75,37.625,4,4,2392,"+","Interval_6031",0,FALSE,FALSE,FALSE,FALSE,FALSE,FALSE,FALSE,"Liver_hypermethylated"
5816,"chr19",55273094,55273731,6033,0.830227868530281,0.334073261588188,0.496154606942092,1.62086047944177,6.12623705501587e-06,0.000223460414616205,7,0,0,36.75,35.1428571428571,4,4,832,"+","Interval_6033",0,FALSE,FALSE,FALSE,FALSE,FALSE,TRUE,TRUE,"Kidney_hypermethylated"
5817,"chr19",55283725,55284704,6034,0.91784611541459,0.452617384037459,0.465228731377132,1.29731356200818,7.02728905668765e-05,0.000790891781196806,11,0,0,34.7045454545455,36.3863636363636,4,4,1233,"+","Interval_6034",0,FALSE,FALSE,FALSE,FALSE,FALSE,TRUE,TRUE,"Kidney_hypermethylated"
5818,"chr19",55295103,55295780,6035,0.858806529302295,0.381674226649202,0.477132302653092,1.31662322414425,1.24986652475666e-05,0.000309736643707001,14,0,0,34.25,35.6785714285714,4,4,1201,"+","Interval_6035",0,FALSE,FALSE,FALSE,FALSE,FALSE,TRUE,TRUE,"Kidney_hypermethylated"
5821,"chr19",55381552,55382302,6038,0.545262604622718,0.764827530063901,-0.219564925441183,-0.594194592896405,0.00320353126131837,0.00994729641273439,16,0,0,29.109375,31.859375,4,4,2775,"+","Interval_6038",0,FALSE,FALSE,FALSE,FALSE,FALSE,FALSE,FALSE,"Liver_hypermethylated"
5822,"chr19",55456180,55456478,6039,0.105548341900478,0.611882598412825,-0.506334256512347,-2.69775565207385,0.000525516903417443,0.00279380379010096,3,0,0,27.8333333333333,27.5,4,4,1155,"+","Interval_6039",0,FALSE,FALSE,FALSE,FALSE,FALSE,FALSE,FALSE,"Liver_hypermethylated"
5823,"chr19",55469180,55469904,6040,0.376964634118931,0.673385355646535,-0.296420721527604,-0.915260215735445,0.0015108756673979,0.00577024920830334,15,0,0,29.0833333333333,31.4666666666667,4,4,1903,"+","Interval_6040",0,FALSE,FALSE,FALSE,FALSE,FALSE,FALSE,FALSE,"Liver_hypermethylated"
5825,"chr19",55491239,55491478,6042,0.0649389949154861,0.548930326735169,-0.483991331819683,-3.00332895781539,6.04889088782209e-05,0.000723160204390404,6,0,0,31.8333333333333,34.5833333333333,4,4,514,"+","Interval_6042",0,FALSE,FALSE,FALSE,FALSE,FALSE,FALSE,FALSE,"Liver_hypermethylated"
5826,"chr19",55491534,55492046,6043,0.133206822010754,0.541282940394614,-0.40807611838386,-1.92647648200058,8.58592193912816e-06,0.000259802673539206,3,0,0,34.6666666666667,36.0833333333333,4,4,737,"+","Interval_6043",0,FALSE,FALSE,FALSE,FALSE,FALSE,FALSE,FALSE,"Liver_hypermethylated"
5827,"chr19",55496442,55496726,6044,0.461535811289322,0.263634115254353,0.197901696034969,0.84421907118798,0.00347685772091395,0.0105443470236943,5,0,0,38.9,33,4,4,2269,"+","Interval_6044",0,FALSE,FALSE,FALSE,FALSE,FALSE,FALSE,FALSE,"Kidney_hypermethylated"
5828,"chr19",55503887,55504212,6045,0.592395064460282,0.703282044042914,-0.110886979582632,-0.266648311977401,0.0185283890879209,0.0377678051307137,2,0,0,27.75,26.375,4,4,4257,"+","Interval_6045",0,FALSE,FALSE,FALSE,FALSE,FALSE,FALSE,FALSE,"Liver_hypermethylated"
5829,"chr19",55528806,55529117,6046,0.973739887136499,0.839709312208538,0.13403057492796,0.211551692747968,0.01387967342796,0.030398421732084,9,0,0,36.3611111111111,38.1111111111111,4,4,4586,"+","Interval_6046",0,FALSE,FALSE,FALSE,FALSE,FALSE,FALSE,FALSE,"Kidney_hypermethylated"
5830,"chr19",55537608,55538049,6047,0.249145571168597,0.456431389740085,-0.207285818571488,-0.950035023978567,0.00405336488455656,0.0118383684484791,6,0,0,20.75,25.5,3.83333333333333,4,2163,"+","Interval_6047",0,FALSE,FALSE,FALSE,FALSE,FALSE,FALSE,FALSE,"Liver_hypermethylated"
5831,"chr19",55545197,55546502,6048,0.613965335526514,0.62216316062586,-0.00819782509934625,0.0520189094919246,0.00617829209668063,0.0163969996700452,30,0,0,33.1916666666667,33.5916666666667,4,4,5684,"+","Interval_6048",0,FALSE,FALSE,FALSE,FALSE,FALSE,FALSE,FALSE,"Liver_hypermethylated"
5832,"chr19",55554336,55554908,6049,0.74786283344822,0.341468268026488,0.406394565421733,1.36751444775051,0.000114400187207629,0.00100859275522365,11,0,0,23,23.7272727272727,4,4,1136,"+","Interval_6049",0,FALSE,FALSE,FALSE,FALSE,FALSE,FALSE,FALSE,"Kidney_hypermethylated"
5833,"chr19",55556277,55557067,6050,0.152366872463569,0.422415070296715,-0.270048197833146,-2.06679017531727,0.00152920156389222,0.00580058247538129,15,0,0,22.1333333333333,25.6,3.73333333333333,3.93333333333333,1620,"+","Interval_6050",0,FALSE,FALSE,FALSE,FALSE,FALSE,FALSE,FALSE,"Liver_hypermethylated"
5835,"chr19",55564102,55564853,6052,0.826894793574545,0.240167440903693,0.586727352670852,1.78873981081902,3.53429800550582e-05,0.000531664074136972,10,0,0,28.8,27.95,4,4,671,"+","Interval_6052",0,FALSE,FALSE,FALSE,FALSE,FALSE,FALSE,FALSE,"Kidney_hypermethylated"
5838,"chr19",55577850,55578247,6055,0.584702040316598,0.763796252820966,-0.179094212504368,-0.39812403772133,0.00652845751096287,0.0171149195413254,12,0,0,32.7708333333333,31.7083333333333,4,4,3558,"+","Interval_6055",0,FALSE,FALSE,FALSE,FALSE,FALSE,FALSE,FALSE,"Liver_hypermethylated"
5839,"chr19",55578363,55578816,6056,0.331464026772152,0.368796717303305,-0.037332690531153,-0.2680165959563,0.000186017395976261,0.00135918775062322,3,0,0,25.25,27.9166666666667,4,4,4509,"+","Interval_6056",0,FALSE,FALSE,FALSE,FALSE,FALSE,FALSE,FALSE,"Liver_hypermethylated"
5840,"chr19",55580298,55581005,6057,0.562387511435809,0.79998386011787,-0.237596348682061,-0.584013274843752,0.00170997511337572,0.00632478991095696,12,0,0,30.5833333333333,29.875,4,4,2811,"+","Interval_6057",0,FALSE,FALSE,FALSE,FALSE,FALSE,FALSE,FALSE,"Liver_hypermethylated"
5841,"chr19",55592847,55593951,6058,0.18972603202081,0.7271937764307,-0.53746774440989,-2.09190316240144,8.11175446275913e-05,0.000849177703128703,30,0,0,29.35,30.1833333333333,4,4,587,"+","Interval_6058",0,FALSE,FALSE,FALSE,FALSE,FALSE,FALSE,FALSE,"Liver_hypermethylated"
5843,"chr19",55599560,55600144,6060,0.702875598346832,0.825548963115009,-0.122673364768177,-0.253415537683215,0.0153276589611574,0.0327270550091426,17,0,0,19.8382352941176,24.2058823529412,3.94117647058824,4,4341,"+","Interval_6060",0,FALSE,FALSE,FALSE,FALSE,FALSE,FALSE,FALSE,"Liver_hypermethylated"
5845,"chr19",55615763,55616098,6062,0.607087610503837,0.764193407615668,-0.157105797111831,-0.392719489312275,0.00847756862527934,0.0209215498804585,4,0,0,26.3125,29.625,4,4,3590,"+","Interval_6062",0,FALSE,FALSE,FALSE,FALSE,FALSE,FALSE,FALSE,"Liver_hypermethylated"
5848,"chr19",55643299,55643886,6065,0.2182036656965,0.0140193088956547,0.204184356800845,3.47479669674222,8.50176253303903e-06,0.000259802673539206,13,0,0,14.2115384615385,15.9230769230769,2.53846153846154,3.23076923076923,2192,"+","Interval_6065",0,FALSE,FALSE,FALSE,FALSE,FALSE,FALSE,FALSE,"Kidney_hypermethylated"
5849,"chr19",55651080,55651393,6066,0.701176860153188,0.282108932362287,0.4190679277909,1.28527972296381,5.25569609280941e-05,0.000668659471849148,8,0,0,24.125,25.8125,4,4,1246,"+","Interval_6066",0,FALSE,FALSE,FALSE,FALSE,FALSE,TRUE,TRUE,"Kidney_hypermethylated"
5850,"chr19",55662306,55662682,6067,0.294536056049214,0.447922556006795,-0.153386499957581,-2.2643144833118,4.94598515365263e-07,0.000124617339437297,2,0,0,22.375,22.5,4,4,2808,"+","Interval_6067",0,FALSE,FALSE,FALSE,FALSE,FALSE,FALSE,FALSE,"Liver_hypermethylated"
5852,"chr19",55701590,55701812,6069,0.837016256666269,0.640514028439539,0.19650222822673,0.41181365187107,0.00341208822107361,0.0104107656993532,8,0,0,30.0625,28.21875,4,4,3506,"+","Interval_6069",0,FALSE,FALSE,FALSE,FALSE,FALSE,FALSE,FALSE,"Kidney_hypermethylated"
5853,"chr19",55707973,55708409,6070,0.268258770285833,0.695793002309464,-0.427534232023631,-1.42686801251838,0.000121579536312928,0.00104930653180188,9,0,0,28,28.1111111111111,4,4,1068,"+","Interval_6070",0,FALSE,FALSE,FALSE,FALSE,FALSE,FALSE,FALSE,"Liver_hypermethylated"
5854,"chr19",55732600,55733443,6071,0.238316533445985,0.225307534581004,0.0130089988649807,-0.3335936411496,0.00574246070805776,0.0155177753082739,6,0,0,27.2083333333333,29.875,4,4,5090,"+","Interval_6071",0,FALSE,FALSE,FALSE,FALSE,FALSE,FALSE,FALSE,"Kidney_hypermethylated"
5858,"chr19",55750626,55750862,6075,0.37109051676262,0.672316408960619,-0.301225892198,-0.915997186180404,0.000956810818537217,0.00417546104342295,4,0,0,25,24.75,4,4,1901,"+","Interval_6075",0,FALSE,TRUE,TRUE,FALSE,FALSE,FALSE,FALSE,"Liver_hypermethylated"
5860,"chr19",55755940,55756217,6077,0.946588058405375,0.726501626797963,0.220086431607412,0.384829005917296,0.00105108795573736,0.00446367345404706,5,0,0,30.85,28.95,4,4,3623,"+","Interval_6077",0,FALSE,FALSE,FALSE,FALSE,FALSE,FALSE,FALSE,"Kidney_hypermethylated"
5863,"chr19",55790200,55790419,6080,0.864657738095238,0.548676142697882,0.315981595397356,0.646706373257524,0.00182434651710511,0.00662957383063921,1,0,0,29.5,30.5,4,4,2586,"+","Interval_6080",0,FALSE,FALSE,FALSE,FALSE,FALSE,FALSE,FALSE,"Kidney_hypermethylated"
5865,"chr19",55814972,55815686,6082,0.220116713832689,0.720421258609693,-0.500304544777005,-1.9482459201546,5.38874176724171e-05,0.000675087118166068,15,0,0,26.75,28.1666666666667,4,4,495,"+","Interval_6082",0,FALSE,FALSE,FALSE,FALSE,FALSE,FALSE,FALSE,"Liver_hypermethylated"
5866,"chr19",55825993,55826501,6083,0.60153956379634,0.767585729006488,-0.166046165210148,-0.425417778577373,0.00202934912758348,0.00717098929787262,9,0,0,34.3055555555556,35.9166666666667,4,4,3438,"+","Interval_6083",0,FALSE,FALSE,FALSE,FALSE,FALSE,FALSE,FALSE,"Liver_hypermethylated"
5867,"chr19",55827763,55828403,6084,0.7038397781399,0.305472899088208,0.398366879051693,1.4930388215458,0.000252157870536728,0.00169716332360153,12,0,0,27,27.375,4,4,990,"+","Interval_6084",0,FALSE,FALSE,FALSE,FALSE,FALSE,FALSE,FALSE,"Kidney_hypermethylated"
5868,"chr19",55837192,55837601,6085,0.871312667810346,0.753940322745839,0.117372345064507,0.201821868978096,0.000104761569431115,0.00096951783758163,3,0,0,21.5,23.5,4,4,4656,"+","Interval_6085",0,FALSE,FALSE,FALSE,FALSE,FALSE,FALSE,FALSE,"Kidney_hypermethylated"
5869,"chr19",55860072,55860329,6086,0.798860661894536,0.13797121128476,0.660889450609775,2.45151778080323,5.4238348518412e-05,0.000676054060133147,6,0,0,21.7916666666667,22.5833333333333,4,4,493,"+","Interval_6086",0,FALSE,FALSE,FALSE,FALSE,FALSE,TRUE,TRUE,"Kidney_hypermethylated"
5870,"chr19",55861743,55862112,6087,0.685571813452248,0.124614953413445,0.560956860038804,2.35962838373311,8.57249874034598e-06,0.000259802673539206,2,0,0,27.75,30,4,4,269,"+","Interval_6087",0,FALSE,FALSE,FALSE,FALSE,FALSE,TRUE,TRUE,"Kidney_hypermethylated"
5871,"chr19",55865518,55866395,6088,0.845639378901741,0.253539405646611,0.59209997325513,2.82669758952718,1.61587641096571e-05,0.00035063126246969,15,0,0,25.25,27.7666666666667,4,4,283,"+","Interval_6088",0,FALSE,FALSE,FALSE,FALSE,FALSE,TRUE,TRUE,"Kidney_hypermethylated"
5872,"chr19",55867204,55867976,6089,0.740056693270479,0.208747850640628,0.531308842629851,1.97451550728904,5.50818529538761e-05,0.000682415295164453,7,0,0,26.6785714285714,27.3214285714286,4,4,496,"+","Interval_6089",0,FALSE,FALSE,FALSE,FALSE,FALSE,TRUE,TRUE,"Kidney_hypermethylated"
5873,"chr19",55870794,55871295,6090,0.388591786226002,0.778036472959861,-0.38944468673386,-1.02878051869554,0.000263310863076876,0.00175113122684784,13,0,0,23.5576923076923,24.6923076923077,4,4,1669,"+","Interval_6090",0,FALSE,FALSE,FALSE,FALSE,FALSE,FALSE,FALSE,"Liver_hypermethylated"
5876,"chr19",55908927,55909575,6093,0.389126556801405,0.766958944174462,-0.377832387373056,-1.05799483381876,0.000148471219823955,0.0011968124768476,13,0,0,34.0384615384615,32.5192307692308,4,4,1618,"+","Interval_6093",0,FALSE,FALSE,FALSE,FALSE,FALSE,FALSE,FALSE,"Liver_hypermethylated"
5878,"chr19",55923936,55924292,6095,0.199647617079824,0.760269499337031,-0.560621882257207,-2.11291442508517,5.97202323358507e-05,0.000715661395086307,9,0,0,29.1944444444444,27.9166666666667,4,4,512,"+","Interval_6095",0,FALSE,FALSE,FALSE,FALSE,FALSE,FALSE,FALSE,"Liver_hypermethylated"
5879,"chr19",55925563,55926367,6096,0.686523486340975,0.382389396417037,0.304134089923938,1.03784266444924,0.000745882765688869,0.00352844464600316,21,0,0,26.9880952380952,28.1547619047619,4,4,1649,"+","Interval_6096",0,FALSE,FALSE,FALSE,FALSE,FALSE,TRUE,TRUE,"Kidney_hypermethylated"
5880,"chr19",55938231,55938754,6097,0.899134171364463,0.208119149925454,0.691015021439009,2.23585096586367,7.7748906441415e-07,0.000124999888511622,10,0,0,35.725,36.2,4,4,282,"+","Interval_6097",0,FALSE,FALSE,FALSE,FALSE,FALSE,TRUE,TRUE,"Kidney_hypermethylated"
5881,"chr19",55941143,55942036,6098,0.342488568562042,0.40566208356364,-0.0631735150015982,-0.977999152701553,0.000547137172488971,0.00285535408292319,20,0,0,25.5125,29.6,4,4,4054,"+","Interval_6098",0,FALSE,FALSE,FALSE,FALSE,FALSE,TRUE,TRUE,"Liver_hypermethylated"
5882,"chr19",55987741,55988580,6099,0.956724374204617,0.757990528268088,0.198733845936529,0.335831910296875,0.00940152029748951,0.0226519812571735,5,0,0,36.05,37.25,4,4,3860,"+","Interval_6099",0,FALSE,FALSE,FALSE,FALSE,FALSE,FALSE,FALSE,"Kidney_hypermethylated"
5886,"chr19",56029424,56030296,6103,0.143018890855671,0.345301472810642,-0.202282581954971,-1.79192710829766,0.00254040713873109,0.00842833699381196,20,0,0,16.85,20.6875,3.9,3.95,2218,"+","Interval_6103",0,FALSE,TRUE,TRUE,FALSE,FALSE,FALSE,FALSE,"Liver_hypermethylated"
5887,"chr19",56104793,56105113,6104,0.727019112527883,0.757697147750465,-0.0306780352225817,-0.0623289134117539,0.0211302395390481,0.041710672010103,10,0,0,35.45,36.325,4,4,5607,"+","Interval_6104",0,TRUE,FALSE,TRUE,FALSE,FALSE,FALSE,FALSE,"Liver_hypermethylated"
5888,"chr19",56105342,56106263,6105,0.239788017040837,0.750096940241527,-0.51030892320069,-1.76131633568728,0.000104609319595069,0.00096951783758163,29,0,0,25.2931034482759,26.1120689655172,4,4,696,"+","Interval_6105",0,FALSE,FALSE,FALSE,FALSE,FALSE,FALSE,FALSE,"Liver_hypermethylated"
5889,"chr19",56110850,56111196,6106,0.158658280276214,0.538905289848638,-0.380247009572423,-1.74880580538486,2.35281812462143e-05,0.000429263530417456,2,0,0,36.75,37.375,4,4,861,"+","Interval_6106",0,FALSE,FALSE,FALSE,FALSE,FALSE,FALSE,FALSE,"Liver_hypermethylated"
5891,"chr19",56189066,56189535,6108,0.862512487512488,0.549479166666667,0.313033320845821,0.641091368962572,9.13710000504595e-05,0.000903504909492059,1,0,0,26,29.5,4,4,2601,"+","Interval_6108",0,FALSE,FALSE,FALSE,FALSE,FALSE,TRUE,TRUE,"Kidney_hypermethylated"
5893,"chr19",56264442,56264911,6110,0.653409488524859,0.452051359282713,0.201358129242146,0.606393678260779,0.00321472229370013,0.00997700429029662,4,0,0,25.3125,28,4,4,2721,"+","Interval_6110",0,FALSE,FALSE,FALSE,FALSE,FALSE,FALSE,FALSE,"Kidney_hypermethylated"
5894,"chr19",56277834,56278803,6111,0.776486632428505,0.596029785157576,0.18045684727093,0.383126226777655,0.0245322366714382,0.0470507472989974,14,0,0,21.8035714285714,24.7857142857143,4,4,3630,"+","Interval_6111",0,FALSE,FALSE,FALSE,FALSE,FALSE,FALSE,FALSE,"Kidney_hypermethylated"
5895,"chr19",56286611,56287441,6112,0.741360968650289,0.522138745703826,0.219222222946463,0.468505720843715,0.00183497260613922,0.00666424743778103,11,0,0,28.9545454545455,28.5681818181818,4,4,3239,"+","Interval_6112",0,FALSE,FALSE,FALSE,FALSE,FALSE,FALSE,FALSE,"Kidney_hypermethylated"
5897,"chr19",56319373,56319984,6115,0.895574109735668,0.425406578633252,0.470167531102416,1.26686956654694,0.000136158811145162,0.00112934969434397,10,0,0,26.85,23.8,4,4,1276,"+","Interval_6115",0,FALSE,FALSE,FALSE,FALSE,FALSE,FALSE,FALSE,"Kidney_hypermethylated"
5899,"chr19",56336534,56336812,6117,0.894614180110724,0.751762627071062,0.142851553039663,0.248756211275201,0.00812415394607908,0.0202117109306299,9,0,0,35.1388888888889,33.3333333333333,4,4,4366,"+","Interval_6117",0,FALSE,FALSE,FALSE,FALSE,FALSE,FALSE,FALSE,"Kidney_hypermethylated"
5900,"chr19",56339595,56339902,6118,0.973529411764706,0.809420289855072,0.164109121909633,0.263364579777537,7.07359424948536e-05,0.000793197749326415,1,0,0,46.75,44,4,4,4282,"+","Interval_6118",0,FALSE,FALSE,FALSE,FALSE,FALSE,FALSE,FALSE,"Kidney_hypermethylated"
5901,"chr19",56364304,56364679,6119,0.512787089589042,0.681644277914439,-0.168857188325397,-0.510879163799322,0.0114116342556298,0.0260685845728049,4,0,0,30.25,32.375,4,4,3070,"+","Interval_6119",0,FALSE,FALSE,FALSE,FALSE,FALSE,FALSE,FALSE,"Liver_hypermethylated"
5902,"chr19",56391400,56392484,6120,0.82481287511229,0.293162630701751,0.531650244410539,1.91090184248853,6.91227891112528e-05,0.000785436815349491,9,0,0,29.4444444444444,32.6944444444444,4,4,540,"+","Interval_6120",0,FALSE,FALSE,FALSE,FALSE,FALSE,TRUE,TRUE,"Kidney_hypermethylated"
5905,"chr19",56422693,56423305,6123,0.129480934470999,0.446115187302575,-0.316634252831576,-1.40821813766647,4.18386181962463e-05,0.000575200387512194,9,0,0,33.8611111111111,34.8611111111111,4,4,1220,"+","Interval_6123",0,FALSE,FALSE,FALSE,FALSE,FALSE,FALSE,FALSE,"Liver_hypermethylated"
5906,"chr19",56432481,56432938,6124,0.595073161866522,0.855084211274539,-0.260011049408016,-0.634147739147555,0.000957500861372526,0.00417546104342295,14,0,0,28.375,31.6785714285714,4,4,2629,"+","Interval_6124",0,FALSE,FALSE,FALSE,FALSE,FALSE,FALSE,FALSE,"Liver_hypermethylated"
5907,"chr19",56438746,56439651,6125,0.758738985274091,0.461515299255984,0.297223686018107,1.10639968985335,0.000770608481699067,0.00362032807342566,16,0,0,28.359375,28.09375,4,4,1527,"+","Interval_6125",0,FALSE,FALSE,FALSE,FALSE,FALSE,TRUE,TRUE,"Kidney_hypermethylated"
5908,"chr19",56474815,56475115,6126,0.43602472030492,0.089251763927033,0.346772956377887,2.24369017879325,0.00136676974562773,0.0053495541954665,11,0,0,21.1590909090909,23.2954545454545,4,4,1570,"+","Interval_6126",0,FALSE,FALSE,FALSE,FALSE,FALSE,FALSE,FALSE,"Kidney_hypermethylated"
5911,"chr19",56503195,56503603,6129,0.653380330863024,0.305627177253864,0.34775315360916,1.22893667242006,0.00168223614089576,0.00625747039092279,4,0,2,24.6875,13.8125,4,2,1652,"+","Interval_6129",0,FALSE,FALSE,FALSE,FALSE,FALSE,TRUE,TRUE,"Kidney_hypermethylated"
5913,"chr19",56543332,56543975,6131,0.926221043645213,0.395307545327403,0.53091349831781,1.34554290666296,0.000401425079728382,0.00232740498906707,16,0,0,33.046875,34.09375,4,4,1160,"+","Interval_6131",0,FALSE,FALSE,FALSE,FALSE,FALSE,TRUE,TRUE,"Kidney_hypermethylated"
5916,"chr19",56577876,56578211,6134,0.843627450980392,0.292467948717949,0.551159502262443,1.49682429710578,0.000311779245207118,0.00195898104478296,1,0,0,16.75,20.75,4,4,984,"+","Interval_6134",0,FALSE,FALSE,FALSE,FALSE,FALSE,FALSE,FALSE,"Kidney_hypermethylated"
5917,"chr19",56592603,56592937,6135,0.596418696213992,0.878679456579048,-0.282260760365056,-0.573156175500752,0.00144995641520608,0.00558475237353215,6,0,0,29.125,32.2083333333333,4,4,2846,"+","Interval_6135",0,FALSE,FALSE,FALSE,FALSE,FALSE,FALSE,FALSE,"Liver_hypermethylated"
5918,"chr19",56601382,56602384,6136,0.41375361881,0.789693376023978,-0.375939757213977,-1.01598897348386,0.000100533739822575,0.000950022988322171,28,0,0,28.6339285714286,29.2321428571429,4,4,1692,"+","Interval_6136",0,FALSE,FALSE,FALSE,FALSE,FALSE,FALSE,FALSE,"Liver_hypermethylated"
5919,"chr19",56651773,56652796,6137,0.24201243778921,0.591060929113603,-0.349048491324393,-1.46602404480378,0.000544587655369113,0.00285535408292319,21,0,0,23.8809523809524,23.6666666666667,3.95238095238095,3.95238095238095,1167,"+","Interval_6137",0,FALSE,FALSE,FALSE,FALSE,FALSE,FALSE,FALSE,"Liver_hypermethylated"
5920,"chr19",56661076,56661402,6138,0.418021807470025,0.494012099495979,-0.0759902920259543,-0.669570328490879,0.00557478030529264,0.015164685691024,3,0,0,26.5,24.4166666666667,4,4,3851,"+","Interval_6138",0,TRUE,FALSE,TRUE,FALSE,FALSE,FALSE,FALSE,"Liver_hypermethylated"
5922,"chr19",56689199,56689603,6140,0.708878792558466,0.481010131859591,0.227868660698875,0.584734637601941,0.00359328974612517,0.0107868908109131,5,0,0,31.7,32.1,4,4,2805,"+","Interval_6140",0,TRUE,FALSE,TRUE,FALSE,FALSE,FALSE,FALSE,"Kidney_hypermethylated"
5927,"chr19",56800288,56802217,6145,0.778180510333381,0.217864835247881,0.560315675085501,2.01188000212206,4.91139872911906e-06,0.000205871252523945,24,0,0,32.3645833333333,30.4895833333333,4,4,454,"+","Interval_6145",0,FALSE,FALSE,FALSE,FALSE,FALSE,TRUE,TRUE,"Kidney_hypermethylated"
5928,"chr19",56811614,56811976,6146,0.433170411250226,0.0852003367530613,0.347970074497165,2.24798594641816,0.00034067059362325,0.002095516314129,9,0,0,38.7777777777778,38.8888888888889,4,4,1030,"+","Interval_6146",0,FALSE,FALSE,FALSE,FALSE,FALSE,FALSE,FALSE,"Kidney_hypermethylated"
5931,"chr19",56857923,56858216,6149,0.287812513113654,0.505276793456141,-0.217464280342487,-0.886902734294714,0.024311239300913,0.0466997703982839,4,0,0,22.0625,24.0625,4,4,3199,"+","Interval_6149",0,FALSE,FALSE,FALSE,FALSE,FALSE,FALSE,FALSE,"Liver_hypermethylated"
5932,"chr19",56867593,56867930,6150,0.716808569421785,0.51302577312084,0.203782796300945,0.460461451504863,0.00823188717200243,0.0204301077027282,3,0,0,27.9166666666667,30,4,4,3272,"+","Interval_6150",0,TRUE,TRUE,TRUE,TRUE,FALSE,FALSE,FALSE,"Kidney_hypermethylated"
5936,"chr19",56908299,56908770,6154,0.141656112868694,0.354723984810713,-0.213067871942019,-1.59230303525558,0.00123342651140764,0.00494739289334201,8,0,0,30.34375,28.3125,4,4,2100,"+","Interval_6154",0,FALSE,FALSE,FALSE,FALSE,FALSE,FALSE,FALSE,"Liver_hypermethylated"
5943,"chr19",56977087,56978071,6161,0.374094691374292,0.55048042260526,-0.176385731230968,-0.67677785773242,0.014183304777148,0.0309174912577419,17,0,0,24.2058823529412,23.6176470588235,4,4,2819,"+","Interval_6161",0,FALSE,FALSE,FALSE,FALSE,FALSE,FALSE,FALSE,"Liver_hypermethylated"
5944,"chr19",56996923,56997956,6162,0.100487462301408,0.19981717620974,-0.0993297139083329,-2.06669099795648,0.000537058753970533,0.00283768361405754,14,0,0,23.8392857142857,23.6071428571429,4,3.92857142857143,3535,"+","Interval_6162",0,FALSE,FALSE,FALSE,FALSE,FALSE,FALSE,FALSE,"Liver_hypermethylated"
5946,"chr19",57013318,57013590,6164,0.357213709737933,0.490355970783602,-0.13314226104567,-0.533740301881483,0.00250120012186133,0.00833959563149099,4,0,0,22.375,22.1875,4,4,3081,"+","Interval_6164",0,FALSE,FALSE,FALSE,FALSE,FALSE,FALSE,FALSE,"Liver_hypermethylated"
5947,"chr19",57017164,57017491,6165,0.245291284937973,0.103702474897675,0.141588810040298,1.11112242927656,0.0229648628844817,0.044643809688434,6,0,0,32.9166666666667,33.25,4,4,3161,"+","Interval_6165",0,FALSE,TRUE,TRUE,FALSE,FALSE,FALSE,FALSE,"Kidney_hypermethylated"
5948,"chr19",57058945,57059418,6166,0.249561243807667,0.539927674494754,-0.290366430687087,-1.2592299278377,0.00202673716680477,0.00717000569373361,17,0,0,20.2058823529412,19.7058823529412,4,4,1737,"+","Interval_6166",0,FALSE,FALSE,FALSE,FALSE,FALSE,FALSE,FALSE,"Liver_hypermethylated"
5949,"chr19",57078956,57079553,6167,0.602371381976267,0.549989674268437,0.0523817077078301,0.314253791549285,0.0138844484119793,0.030398421732084,6,0,0,27.75,28.3333333333333,4,4,4255,"+","Interval_6167",0,FALSE,FALSE,FALSE,FALSE,FALSE,FALSE,FALSE,"Kidney_hypermethylated"
5950,"chr19",57098372,57099144,6168,0.396295275794021,0.589923078465364,-0.193627802671344,-0.653836139042233,0.00597568371479324,0.015965468011915,14,0,0,22.6428571428571,26.0714285714286,3.85714285714286,3.92857142857143,2567,"+","Interval_6168",0,FALSE,FALSE,FALSE,FALSE,FALSE,FALSE,FALSE,"Liver_hypermethylated"
5951,"chr19",57112612,57113044,6169,0.767177731379485,0.103158229007881,0.664019502371604,2.97982343665322,2.96306993822456e-05,0.000493135628062918,7,0,0,27.6428571428571,31.5,4,4,369,"+","Interval_6169",0,FALSE,FALSE,FALSE,FALSE,FALSE,FALSE,FALSE,"Kidney_hypermethylated"
5954,"chr19",57181512,57182620,6173,0.744499672751677,0.672830043495062,0.0716696292566147,0.149393487233867,0.0155428600855548,0.0330716326958913,24,0,0,27.8541666666667,28.6041666666667,4,4,4977,"+","Interval_6173",0,FALSE,FALSE,FALSE,FALSE,FALSE,FALSE,FALSE,"Kidney_hypermethylated"
5955,"chr19",57193897,57194165,6174,0.761703426718907,0.491485879332478,0.270217547386429,0.627138528897105,0.00259945392051379,0.00856495675150523,3,0,0,27.0833333333333,28.4166666666667,4,4,2653,"+","Interval_6174",0,FALSE,FALSE,FALSE,FALSE,FALSE,FALSE,FALSE,"Kidney_hypermethylated"
5958,"chr19",57209342,57209586,6177,0.431015752280965,0.608320612527994,-0.177304860247029,-0.502814873829419,0.0143028545900468,0.0311118730817124,5,0,0,22.2,24.95,4,4,3105,"+","Interval_6177",0,FALSE,FALSE,FALSE,FALSE,FALSE,FALSE,FALSE,"Liver_hypermethylated"
5959,"chr19",57211763,57212024,6178,0.656360704873354,0.153225122697898,0.503135582175456,2.05863068782831,0.000168854041587293,0.00128575970948441,7,0,0,24.3214285714286,22.2142857142857,4,4,807,"+","Interval_6178",0,FALSE,FALSE,FALSE,FALSE,FALSE,FALSE,FALSE,"Kidney_hypermethylated"
5962,"chr19",57255107,57255392,6181,0.873326297013072,0.622989412066644,0.250336884946428,0.495259713353444,0.000391441189236194,0.0022930468139718,3,0,0,29.9166666666667,29.75,4,4,3138,"+","Interval_6181",0,FALSE,FALSE,FALSE,FALSE,FALSE,FALSE,FALSE,"Kidney_hypermethylated"
5964,"chr19",57273388,57273674,6183,0.455899714149058,0.27342232976958,0.182477384379478,0.78498361010643,0.00500178881251789,0.0139202863464323,5,0,0,29.6,25.8,4,4,2432,"+","Interval_6183",0,FALSE,FALSE,FALSE,FALSE,FALSE,FALSE,FALSE,"Kidney_hypermethylated"
5965,"chr19",57274468,57275746,6184,0.355220906324897,0.448199843653023,-0.0929789373281252,-0.3967369021197,0.0169485192397718,0.0352568215058896,27,0,0,29.0740740740741,29.5648148148148,4,4,3637,"+","Interval_6184",0,FALSE,FALSE,FALSE,FALSE,FALSE,FALSE,FALSE,"Liver_hypermethylated"
5972,"chr19",57411442,57412330,6191,0.0697353930807724,0.184609868227522,-0.114874475146749,-1.51647111737451,0.00708142279807852,0.0181844308793115,31,0,0,24.9435483870968,25.5,4,4,3311,"+","Interval_6191",0,FALSE,FALSE,FALSE,FALSE,FALSE,FALSE,FALSE,"Liver_hypermethylated"
5974,"chr19",57436335,57437302,6193,0.550314818667195,0.665141656373107,-0.114826837705912,-0.26389284046927,0.0170439820500074,0.0353954949973962,20,0,0,35.2,34.9125,4,4,4276,"+","Interval_6193",0,FALSE,FALSE,FALSE,FALSE,FALSE,FALSE,FALSE,"Liver_hypermethylated"
5978,"chr19",57487103,57487466,6197,0.258656265625496,0.826387356387474,-0.567731090761979,-1.65741523575877,6.46887968584414e-07,0.000124617339437297,10,0,0,32.85,35.9,4,4,788,"+","Interval_6197",0,FALSE,FALSE,FALSE,FALSE,FALSE,FALSE,FALSE,"Liver_hypermethylated"
5979,"chr19",57489757,57490032,6198,0.744437589348721,0.690063112230256,0.0543744771184651,0.124063992803667,0.0219910165730074,0.0431740564987638,6,0,0,37.1666666666667,37.1666666666667,4,4,5158,"+","Interval_6198",0,FALSE,FALSE,FALSE,FALSE,FALSE,FALSE,FALSE,"Kidney_hypermethylated"
5980,"chr19",57491065,57491446,6199,0.151196829718653,0.621849580469991,-0.470652750751338,-2.09249955178222,2.21354154119949e-05,0.000422428968033257,9,0,0,24.8333333333333,26.3333333333333,4,4,497,"+","Interval_6199",0,FALSE,FALSE,FALSE,FALSE,TRUE,FALSE,TRUE,"Liver_hypermethylated"
5981,"chr19",57507978,57508591,6200,0.509315673142632,0.661258248484185,-0.151942575341553,-0.514212628542167,0.00943025797493659,0.0226806008829688,7,0,0,24.1071428571429,24.0714285714286,4,4,3062,"+","Interval_6200",0,FALSE,FALSE,FALSE,FALSE,FALSE,FALSE,FALSE,"Liver_hypermethylated"
5982,"chr19",57543942,57544173,6201,0.125395551006964,0.377354960912401,-0.251959409905437,-1.52701294127262,0.00121333119796786,0.00490095087181855,4,0,0,23.75,26.125,4,4,1729,"+","Interval_6201",0,FALSE,FALSE,FALSE,FALSE,FALSE,FALSE,FALSE,"Liver_hypermethylated"
5983,"chr19",57546227,57546705,6202,0.884972632123039,0.684002226719788,0.200970405403251,0.410158140543715,0.00123814765715773,0.00495662368288874,7,0,0,34.9285714285714,31.5714285714286,4,4,3510,"+","Interval_6202",0,FALSE,FALSE,FALSE,FALSE,FALSE,FALSE,FALSE,"Kidney_hypermethylated"
5984,"chr19",57553006,57553347,6203,0.566467392328882,0.682525611476895,-0.116058219148013,-0.289128070289575,0.0153579431170092,0.0327803266599588,5,0,0,30.25,26.9,4,4,4144,"+","Interval_6203",0,FALSE,FALSE,FALSE,FALSE,FALSE,FALSE,FALSE,"Liver_hypermethylated"
5985,"chr19",57600391,57601258,6206,0.676766573264477,0.326840057485793,0.349926515778684,1.19958620940592,5.07106894822374e-05,0.000654657955605775,15,0,0,35.2666666666667,36.7166666666667,4,4,1373,"+","Interval_6206",0,FALSE,FALSE,FALSE,FALSE,FALSE,FALSE,FALSE,"Kidney_hypermethylated"
5987,"chr19",57642773,57643134,6208,0.849195628349659,0.754828708612263,0.0943669197373961,0.20161185540275,0.00804022939591537,0.0200584411164678,8,0,0,21.78125,26.84375,4,4,4657,"+","Interval_6208",0,FALSE,FALSE,FALSE,FALSE,FALSE,FALSE,FALSE,"Kidney_hypermethylated"
5988,"chr19",57648592,57649039,6209,0.931364502038786,0.743006359837487,0.1883581422013,0.337911708090561,0.0228858026519874,0.0445323803978666,7,0,0,32.0357142857143,31.1071428571429,4,4,3848,"+","Interval_6209",0,FALSE,FALSE,FALSE,FALSE,FALSE,FALSE,FALSE,"Kidney_hypermethylated"
5989,"chr19",57657527,57657927,6210,0.166974040162295,0.688084480733144,-0.521110440570849,-2.09614708364604,1.79833158029655e-06,0.000151200778386532,9,0,0,32.5555555555556,31.6666666666667,4,4,381,"+","Interval_6210",0,FALSE,FALSE,FALSE,FALSE,FALSE,FALSE,FALSE,"Liver_hypermethylated"
5990,"chr19",57658311,57658687,6211,0.69098632343141,0.38958577925731,0.301400544174101,0.848433509311624,0.00134041234480556,0.00528679965265095,4,0,0,31.1875,29.6875,4,4,2060,"+","Interval_6211",0,FALSE,FALSE,FALSE,FALSE,FALSE,FALSE,FALSE,"Kidney_hypermethylated"
5991,"chr19",57677052,57677496,6212,0.591911711600251,0.764329988374601,-0.17241827677435,-0.45315624213316,0.00519008485778756,0.0142973753911771,8,0,0,30.84375,32.53125,4,4,3304,"+","Interval_6212",0,FALSE,FALSE,FALSE,FALSE,FALSE,FALSE,FALSE,"Liver_hypermethylated"
5992,"chr19",57724997,57725266,6213,0.863760838333207,0.560370543401396,0.30339029493181,0.662638010116363,0.00237910004576802,0.00804599327531341,3,0,0,25.5,24.6666666666667,4,4,2540,"+","Interval_6213",0,FALSE,FALSE,FALSE,FALSE,FALSE,FALSE,FALSE,"Kidney_hypermethylated"
5993,"chr19",57762522,57763033,6214,0.846376251532818,0.582717832459091,0.263658419073728,0.567674850778509,0.00171722901287053,0.00633395695323494,4,0,0,33,31.5625,4,4,2867,"+","Interval_6214",0,FALSE,FALSE,FALSE,FALSE,FALSE,FALSE,FALSE,"Kidney_hypermethylated"
5995,"chr19",57803043,57803763,6216,0.486486945054713,0.424523894174598,0.0619630508801155,0.364932973702017,0.0151500831869396,0.0324342459348118,12,0,0,38.7708333333333,38.2083333333333,4,4,4079,"+","Interval_6216",0,FALSE,FALSE,FALSE,FALSE,FALSE,FALSE,FALSE,"Kidney_hypermethylated"
5997,"chr19",57878685,57878936,6218,0.165948533702199,0.625784618676255,-0.459836084974056,-1.94699701064427,7.12412985547548e-05,0.00079740943464293,7,0,0,23.5,19.2142857142857,4,3.85714285714286,549,"+","Interval_6218",0,FALSE,FALSE,FALSE,FALSE,FALSE,FALSE,FALSE,"Liver_hypermethylated"
5999,"chr19",57882063,57882567,6220,0.918127513597066,0.786229733262612,0.131897780334455,0.304382178302579,0.0240158409207933,0.0462886070593953,14,0,0,31.1071428571429,29.1785714285714,4,4,4052,"+","Interval_6220",0,FALSE,FALSE,FALSE,FALSE,FALSE,FALSE,FALSE,"Kidney_hypermethylated"
6001,"chr19",57928104,57928802,6222,0.794524358852432,0.254070762338387,0.540453596514045,1.65492712904986,4.43366660375211e-06,0.000205871252523945,5,0,0,23.15,21.9,4,3.8,791,"+","Interval_6222",0,FALSE,FALSE,FALSE,FALSE,FALSE,TRUE,TRUE,"Kidney_hypermethylated"
6002,"chr19",57944743,57945050,6223,0.884098923924745,0.379923958092128,0.504174965832618,1.30682438791432,3.61731556946528e-05,0.000535624196972631,5,0,0,29.25,30.1,4,4,1215,"+","Interval_6223",0,FALSE,FALSE,FALSE,FALSE,FALSE,TRUE,TRUE,"Kidney_hypermethylated"
6003,"chr19",57945637,57946085,6224,0.902465657131394,0.204082733562615,0.698382923568778,2.09753099496523,0.000134047851357397,0.00111615724470353,3,0,0,27.4166666666667,33.75,4,4,738,"+","Interval_6224",0,FALSE,FALSE,FALSE,FALSE,FALSE,TRUE,TRUE,"Kidney_hypermethylated"
6004,"chr19",57958280,57959016,6225,0.948475540837872,0.470822305497535,0.477653235340337,1.0825872462262,0.000108462222499023,0.0009873056948269,5,0,0,36,35.7,4,4,1577,"+","Interval_6225",0,FALSE,FALSE,FALSE,FALSE,FALSE,FALSE,FALSE,"Kidney_hypermethylated"
6005,"chr19",57988668,57988995,6226,0.235451645564087,0.707545213067784,-0.472093567503698,-1.58001634180826,2.38518118681076e-05,0.000431086423322122,6,0,0,27.5833333333333,26.9166666666667,4,4,872,"+","Interval_6226",0,FALSE,FALSE,FALSE,FALSE,FALSE,FALSE,FALSE,"Liver_hypermethylated"
6006,"chr19",58043280,58044036,6228,0.479281092484793,0.680700810735126,-0.201419718250333,-0.506204099939694,0.00392372405005859,0.011541687489005,10,0,0,36.65,35.125,4,4,3091,"+","Interval_6228",0,FALSE,FALSE,FALSE,FALSE,FALSE,FALSE,FALSE,"Liver_hypermethylated"
6008,"chr19",58064747,58064944,6230,0.744931482191896,0.365071161154606,0.37986032103729,1.12381315017775,8.56570790639876e-05,0.000870021075782155,5,0,0,33.95,32.05,4,4,1495,"+","Interval_6230",0,FALSE,FALSE,FALSE,FALSE,FALSE,FALSE,FALSE,"Kidney_hypermethylated"
6009,"chr19",58088094,58088860,6231,0.370747205601117,0.643974595549743,-0.273227389948626,-1.06510118724445,8.8367984459225e-05,0.000885842193314744,8,0,0,34,33.875,4,4,1607,"+","Interval_6231",0,FALSE,FALSE,FALSE,FALSE,FALSE,FALSE,FALSE,"Liver_hypermethylated"
6010,"chr19",58094706,58095676,6232,0.157946479361438,0.611790918896409,-0.453844439534971,-2.15456134019281,5.8194339528878e-05,0.000703508595586657,16,0,0,30,27.859375,4,4,560,"+","Interval_6232",0,FALSE,FALSE,FALSE,FALSE,FALSE,FALSE,FALSE,"Liver_hypermethylated"
6012,"chr19",58110285,58110944,6234,0.622075186382787,0.728840312304753,-0.106765125921966,-0.536690489827911,0.000997570680025976,0.00428979309706362,6,0,0,29.3333333333333,31.6666666666667,4,4,3429,"+","Interval_6234",0,FALSE,FALSE,FALSE,FALSE,FALSE,FALSE,FALSE,"Liver_hypermethylated"
6014,"chr19",58123678,58123938,6237,0.94650532885827,0.618267882187938,0.328237446670332,0.60639317644167,1.99808540191576e-05,0.000396072090153947,1,0,0,31.25,28.75,4,4,2722,"+","Interval_6237",0,FALSE,FALSE,FALSE,FALSE,FALSE,FALSE,FALSE,"Kidney_hypermethylated"
6015,"chr19",58125019,58125563,6238,0.184897031796896,0.75706254146634,-0.572165509669444,-2.10865363638618,1.55158830891021e-05,0.000342967991304072,16,0,0,33.53125,33.734375,4,4,368,"+","Interval_6238",0,FALSE,FALSE,FALSE,FALSE,TRUE,FALSE,TRUE,"Liver_hypermethylated"
6016,"chr19",58193797,58194155,6239,0.146691655678715,0.412596607213165,-0.265904951534451,-1.55797259006015,0.000513602821083654,0.00274442550918178,4,0,0,32.5,28.8125,4,4,1606,"+","Interval_6239",0,FALSE,FALSE,FALSE,FALSE,FALSE,FALSE,FALSE,"Liver_hypermethylated"
6017,"chr19",58227884,58228709,6240,0.312283968275938,0.741092157219386,-0.428808188943449,-1.46429509108691,0.000274470125051332,0.0017942754451494,21,0,0,26.0714285714286,26.0357142857143,4,4,1023,"+","Interval_6240",0,FALSE,FALSE,FALSE,FALSE,FALSE,FALSE,FALSE,"Liver_hypermethylated"
6018,"chr19",58243422,58244082,6241,0.722069836293974,0.167477422003284,0.55459241429069,2.0443457797746,0.000417714375528139,0.00237633676311841,1,0,0,35.25,31.75,4,4,1080,"+","Interval_6241",0,FALSE,FALSE,FALSE,FALSE,FALSE,FALSE,FALSE,"Kidney_hypermethylated"
6019,"chr19",58244572,58244814,6242,0.117133852697517,0.501213528861274,-0.384079676163757,-1.9994431077313,0.000113808420222704,0.00100859275522365,6,0,0,27.0833333333333,25.4166666666667,4,4,842,"+","Interval_6242",0,FALSE,FALSE,FALSE,FALSE,FALSE,FALSE,FALSE,"Liver_hypermethylated"
6020,"chr19",58285085,58285458,6243,0.43068593544137,0.617833253702819,-0.187147318261449,-0.510630590950434,0.00541992369670573,0.0148024138294474,1,0,0,33,24.5,4,4,3074,"+","Interval_6243",0,FALSE,FALSE,FALSE,FALSE,FALSE,FALSE,FALSE,"Liver_hypermethylated"
6021,"chr19",58309960,58310623,6244,0.296667283637066,0.483504486081014,-0.186837202443948,-0.671857075299677,0.00726609750565226,0.018534731910433,11,0,0,32.0454545454545,30.6136363636364,4,4,2516,"+","Interval_6244",0,FALSE,FALSE,FALSE,FALSE,FALSE,FALSE,FALSE,"Liver_hypermethylated"
6022,"chr19",58323897,58324242,6246,0.854117063492064,0.599110129001433,0.25500693449063,0.50452367466405,0.00138241763323629,0.00539222318436349,1,0,0,29.25,25,4,4,3098,"+","Interval_6246",0,FALSE,FALSE,FALSE,FALSE,FALSE,FALSE,FALSE,"Kidney_hypermethylated"
6023,"chr19",58335751,58337308,6247,0.292899517239971,0.483163459988498,-0.190263942748528,-0.967117939607896,0.0076220881793944,0.0192827220512057,16,0,0,25.234375,23.3125,3.9375,3.8125,2429,"+","Interval_6247",0,FALSE,FALSE,FALSE,FALSE,FALSE,FALSE,FALSE,"Liver_hypermethylated"
6025,"chr19",58377526,58378375,6249,0.416086875287847,0.577798256598505,-0.161711381310658,-0.892847413357044,0.00216179243046079,0.00751794820893126,10,0,0,35.275,29.225,4,4,2708,"+","Interval_6249",0,FALSE,FALSE,FALSE,FALSE,FALSE,FALSE,FALSE,"Liver_hypermethylated"
6026,"chr19",58388913,58389643,6250,0.480130119105443,0.709349776573243,-0.2292196574678,-0.600029943019932,0.00397823826433271,0.0116577368308653,23,0,0,30.804347826087,30.5760869565217,4,4,2753,"+","Interval_6250",0,FALSE,FALSE,FALSE,FALSE,FALSE,FALSE,FALSE,"Liver_hypermethylated"
6027,"chr19",58395784,58397035,6251,0.192284650586786,0.553338238871176,-0.361053588284389,-1.56484913835253,0.00223546298522947,0.00771303764415222,18,0,0,24.6111111111111,23.9583333333333,4,4,1781,"+","Interval_6251",0,FALSE,FALSE,FALSE,FALSE,FALSE,FALSE,FALSE,"Liver_hypermethylated"
6029,"chr19",58419424,58420067,6253,0.170411557351816,0.679109620993316,-0.5086980636415,-2.00052462580811,1.14459918350462e-05,0.000301699037480631,4,0,0,32.5625,29.0625,4,4,460,"+","Interval_6253",0,FALSE,FALSE,FALSE,FALSE,FALSE,FALSE,FALSE,"Liver_hypermethylated"
6030,"chr19",58427149,58427664,6254,0.482367504954561,0.730380284352301,-0.248012779397741,-0.583327670572327,0.00238753654237494,0.00805678860675125,6,0,0,31.75,29.7083333333333,4,4,2812,"+","Interval_6254",0,FALSE,FALSE,FALSE,FALSE,FALSE,FALSE,FALSE,"Liver_hypermethylated"
6031,"chr19",58437491,58437744,6255,0.465812684193238,0.711715085933404,-0.245902401740167,-0.63582727940826,0.00126217992847935,0.00503969828492892,2,0,0,30.125,27,4,4,2625,"+","Interval_6255",0,FALSE,FALSE,FALSE,FALSE,FALSE,FALSE,FALSE,"Liver_hypermethylated"
6032,"chr19",58440997,58441985,6256,0.74872639854142,0.535852927639206,0.212873470902215,0.498575232127834,0.00412382602949766,0.0119985373822268,15,0,0,30.4333333333333,29.6833333333333,4,4,3123,"+","Interval_6256",0,FALSE,FALSE,FALSE,FALSE,FALSE,FALSE,FALSE,"Kidney_hypermethylated"
6035,"chr19",58573011,58573521,6259,0.437639908298168,0.560694720391433,-0.123054812093266,-0.422201027971968,0.00663780580559448,0.0173350262113804,5,0,0,34,31,4,4,3447,"+","Interval_6259",0,FALSE,FALSE,FALSE,FALSE,FALSE,FALSE,FALSE,"Liver_hypermethylated"
6036,"chr19",58581979,58582628,6260,0.124373146294318,0.592908227459623,-0.468535081165305,-2.18509337162886,2.27207405403425e-05,0.000424373710092416,8,0,0,33.4375,32.375,4,4,507,"+","Interval_6260",0,FALSE,FALSE,FALSE,FALSE,TRUE,FALSE,TRUE,"Liver_hypermethylated"
6037,"chr19",58614595,58614907,6261,0.280572835727931,0.760567051495901,-0.47999421576797,-1.53188714658556,3.29343140862731e-05,0.000521103110629355,4,0,0,33.0625,27.3125,4,4,940,"+","Interval_6261",0,FALSE,FALSE,FALSE,FALSE,FALSE,FALSE,FALSE,"Liver_hypermethylated"
6040,"chr19",58818862,58819169,6265,0.654899693803049,0.414390475026331,0.240509218776718,0.749021478077395,0.00689260358731738,0.0178412169520073,4,0,0,25.375,24.4375,4,4,2374,"+","Interval_6265",0,FALSE,FALSE,FALSE,FALSE,FALSE,FALSE,FALSE,"Kidney_hypermethylated"
6041,"chr19",58833954,58834217,6266,0.228879198259674,0.631410691369056,-0.402531493109382,-1.46053905473557,3.58376240367249e-06,0.000192782611755491,4,0,0,31.875,29.375,4,4,1030,"+","Interval_6266",0,FALSE,FALSE,FALSE,FALSE,FALSE,FALSE,FALSE,"Liver_hypermethylated"
6042,"chr19",58836272,58836550,6267,0.660214165551168,0.333555162533974,0.326659003017194,1.30696760403822,0.00270497984685595,0.00883214726829428,4,0,0,21.625,20.3125,4,4,1882,"+","Interval_6267",0,FALSE,FALSE,FALSE,FALSE,FALSE,FALSE,FALSE,"Kidney_hypermethylated"
6043,"chr19",58848266,58848688,6268,0.736604109870693,0.585464218058858,0.151139891811835,0.334444530922291,0.0149833898566753,0.032159598557202,3,0,0,25.1666666666667,29.25,4,4,3871,"+","Interval_6268",0,FALSE,FALSE,FALSE,FALSE,FALSE,FALSE,FALSE,"Kidney_hypermethylated"
6044,"chr19",58850913,58851240,6269,0.70864898989899,0.377919066820276,0.330729923078713,0.889531598107141,0.000385759603593302,0.00227033063804442,1,0,0,31,29,4,4,1964,"+","Interval_6269",0,FALSE,FALSE,FALSE,FALSE,FALSE,FALSE,FALSE,"Kidney_hypermethylated"
6046,"chr19",58866618,58866946,6271,0.31028266310895,0.66515724394581,-0.35487458083686,-1.18781577096665,0.000185611466350444,0.00135918775062322,4,0,0,29.6875,24,4,4,1394,"+","Interval_6271",0,FALSE,FALSE,FALSE,FALSE,FALSE,FALSE,FALSE,"Liver_hypermethylated"
6051,"chr19",58965274,58966168,6277,0.892467948717949,0.445833333333333,0.446634615384615,0.985369268198847,0.000100445149209904,0.000950022988322171,1,0,0,16.5,13.5,3,3,1754,"+","Interval_6277",0,TRUE,FALSE,TRUE,FALSE,FALSE,FALSE,FALSE,"Kidney_hypermethylated"
6053,"chr19",58978362,58979284,6279,0.611433583982708,0.211197289232628,0.40023629475008,2.17677874778425,0.00208129364407135,0.00730881756724937,11,0,0,23.8181818181818,22.2045454545455,4,4,1749,"+","Interval_6279",0,TRUE,FALSE,TRUE,FALSE,FALSE,TRUE,TRUE,"Kidney_hypermethylated"
6055,"chr19",59084498,59084810,6282,0.816917798577915,0.488895432945145,0.32802236563277,0.823341549560618,0.000826082654980389,0.00379960921770546,4,0,0,26.4375,22.8125,4,4,2123,"+","Interval_6282",0,FALSE,FALSE,FALSE,FALSE,FALSE,FALSE,FALSE,"Kidney_hypermethylated"
6056,"chr19",59137566,59137977,6283,0.731892738939067,0.198417097807342,0.533475641131725,1.83173698444713,5.18641797047017e-06,0.0002096745949246,1,0,0,40.5,43.75,4,4,619,"+","Interval_6283",0,FALSE,FALSE,FALSE,FALSE,FALSE,FALSE,FALSE,"Kidney_hypermethylated"
6062,"chr19",59248312,59249120,6289,0.767408873502619,0.211269542902982,0.556139330599637,2.04698965124234,0.000694988002955842,0.00336806094492401,10,0,0,26.85,26.425,4,4,1268,"+","Interval_6289",0,FALSE,FALSE,FALSE,FALSE,FALSE,FALSE,FALSE,"Kidney_hypermethylated"
6064,"chr19",59292205,59292504,6291,0.889210485369383,0.536310768838521,0.352899716530862,0.90473007315139,0.00107639353423545,0.00452240072478466,2,0,0,41.625,40.625,4,4,1921,"+","Interval_6291",0,FALSE,FALSE,FALSE,FALSE,FALSE,FALSE,FALSE,"Kidney_hypermethylated"
6067,"chr19",59354981,59355414,6296,0.560544427927572,0.258928244036004,0.301616183891568,1.47116752697054,0.000470299923346244,0.00257575136271183,4,0,0,37.125,39.1875,4,4,1336,"+","Interval_6296",0,TRUE,FALSE,TRUE,FALSE,FALSE,TRUE,TRUE,"Kidney_hypermethylated"
6068,"chr19",59360407,59361162,6297,0.836440347588934,0.493355929912091,0.343084417676843,0.838076597387218,0.000342383271813259,0.00210184336193055,3,0,0,29.8333333333333,30.6666666666667,4,4,2082,"+","Interval_6297",0,FALSE,FALSE,FALSE,FALSE,FALSE,TRUE,TRUE,"Kidney_hypermethylated"
6069,"chr19",59384632,59385664,6298,0.911750985444874,0.675766028197239,0.235984957247635,0.458603348484498,0.00350424725696376,0.0105972437962807,8,0,0,32.28125,33.34375,4,4,3277,"+","Interval_6298",0,FALSE,FALSE,FALSE,FALSE,FALSE,TRUE,TRUE,"Kidney_hypermethylated"
6070,"chr19",59399905,59400667,6299,0.0751310185208842,0.248273953676522,-0.173142935155638,-1.87675249896709,0.00140694603117259,0.00545468981801612,10,0,0,22.35,23.825,4,4,2564,"+","Interval_6299",0,FALSE,TRUE,TRUE,FALSE,FALSE,FALSE,FALSE,"Liver_hypermethylated"
6079,"chr19",59588105,59588936,6308,0.115191714942936,0.249263304062657,-0.134071589119721,-1.64141693534544,0.0255623945630391,0.048616810458024,19,0,0,18.6710526315789,20.4210526315789,3.94736842105263,3.94736842105263,3231,"+","Interval_6308",0,FALSE,FALSE,FALSE,FALSE,FALSE,FALSE,FALSE,"Liver_hypermethylated"
6080,"chr19",59628597,59628874,6309,0.477586237835418,0.687273149713826,-0.209686911878408,-0.542521952823907,0.00192540219659035,0.00689889008632519,5,0,0,33.6,30.7,4,4,2962,"+","Interval_6309",0,FALSE,FALSE,FALSE,FALSE,FALSE,FALSE,FALSE,"Liver_hypermethylated"
6081,"chr19",59629746,59630664,6310,0.436752645214167,0.645223117778506,-0.208470472564339,-0.592541812172362,0.00295185412395774,0.00934677924904907,12,0,0,25.3333333333333,23.2916666666667,4,4,2779,"+","Interval_6310",0,FALSE,FALSE,FALSE,FALSE,FALSE,FALSE,FALSE,"Liver_hypermethylated"
6083,"chr19",59685665,59686640,6312,0.389295627682679,0.659678763396986,-0.270383135714307,-0.8385104469862,0.00187720727055732,0.00677359875371388,17,0,0,32.5147058823529,30.9705882352941,4,4,2079,"+","Interval_6312",0,FALSE,FALSE,FALSE,FALSE,FALSE,FALSE,FALSE,"Liver_hypermethylated"
6085,"chr19",59691825,59692180,6314,0.26108704994151,0.684569865513972,-0.423482815572462,-1.43080242051204,7.84548146402378e-05,0.000842712387488804,10,0,0,25.85,26.2,4,4,1066,"+","Interval_6314",0,FALSE,FALSE,FALSE,FALSE,FALSE,FALSE,FALSE,"Liver_hypermethylated"
6086,"chr19",59697655,59698030,6315,0.326210013266839,0.477797725158365,-0.151587711891525,-0.458332542814767,0.00910591459374722,0.0221870916647806,3,0,0,22.75,22.9166666666667,4,4,3280,"+","Interval_6315",0,FALSE,FALSE,FALSE,FALSE,FALSE,FALSE,FALSE,"Liver_hypermethylated"
6089,"chr19",59889534,59889832,6318,0.9139401984229,0.564239437857652,0.349700760565248,0.694907571038926,0.00409638666839195,0.0119299981408856,2,0,0,30.125,32.125,4,4,2463,"+","Interval_6318",0,FALSE,FALSE,FALSE,FALSE,FALSE,FALSE,FALSE,"Kidney_hypermethylated"
6090,"chr19",59899659,59900621,6319,0.884378264847015,0.183667258877088,0.700711005969926,2.29159796147683,5.98112876607234e-07,0.000124617339437297,4,0,0,38.1875,41.625,4,4,241,"+","Interval_6319",0,FALSE,FALSE,FALSE,FALSE,FALSE,TRUE,TRUE,"Kidney_hypermethylated"
6091,"chr19",59905463,59906789,6320,0.865845615319416,0.520542077580746,0.345303537738669,0.865440094111983,7.87171538516799e-05,0.000842712387488804,4,0,0,42.25,44.8125,4,4,2031,"+","Interval_6320",0,FALSE,FALSE,FALSE,FALSE,FALSE,TRUE,TRUE,"Kidney_hypermethylated"
6092,"chr19",59917582,59918361,6322,0.469663260051765,0.804253040946313,-0.334589780894548,-0.784026290334267,0.000422093143087913,0.00238836313469174,3,0,0,42.75,43.1666666666667,4,4,2229,"+","Interval_6322",0,FALSE,FALSE,FALSE,FALSE,FALSE,FALSE,FALSE,"Liver_hypermethylated"
6093,"chr19",59920766,59921604,6323,0.723230012257243,0.443331707817848,0.279898304439396,0.956422447739882,0.0107686684796742,0.0250088691638693,4,0,0,40.625,41.1875,4,4,2646,"+","Interval_6323",0,FALSE,FALSE,FALSE,FALSE,FALSE,FALSE,FALSE,"Kidney_hypermethylated"
6095,"chr19",59967593,59967970,6326,0.950310153183137,0.738447500212206,0.211862652970931,0.35959930892652,7.82306227605379e-05,0.000841903987501761,1,0,0,29.5,29.5,4,4,3749,"+","Interval_6326",0,FALSE,FALSE,FALSE,FALSE,FALSE,FALSE,FALSE,"Kidney_hypermethylated"
6096,"chr19",60029774,60030949,6327,0.291236113006946,0.455298702706117,-0.164062589699171,-1.24395079129572,0.000552925434447346,0.00285981622089517,6,0,0,24.4583333333333,26,4,3.83333333333333,2678,"+","Interval_6327",0,FALSE,FALSE,FALSE,FALSE,FALSE,FALSE,FALSE,"Liver_hypermethylated"
6097,"chr19",60032653,60032938,6328,0.915764528264528,0.27808622165169,0.637678306612838,1.6841446230359,4.79033421901873e-06,0.000205871252523945,1,0,0,30.25,33.25,4,4,769,"+","Interval_6328",0,FALSE,FALSE,FALSE,FALSE,FALSE,FALSE,FALSE,"Kidney_hypermethylated"
6098,"chr19",60113843,60114142,6330,0.373521447156505,0.475204642634609,-0.101683195478104,-0.327045867478337,0.0216260304365659,0.0425935759720185,3,0,0,29.1666666666667,30.9166666666667,4,4,3916,"+","Interval_6330",0,FALSE,FALSE,FALSE,FALSE,FALSE,FALSE,FALSE,"Liver_hypermethylated"
6099,"chr19",60118806,60119437,6331,0.364644856411282,0.578827377760705,-0.214182521349424,-0.984112613619371,0.000905651185033304,0.00402693670913868,3,0,0,32,35.5833333333333,4,4,2087,"+","Interval_6331",0,FALSE,FALSE,FALSE,FALSE,FALSE,FALSE,FALSE,"Liver_hypermethylated"
6100,"chr19",60129616,60129979,6332,0.888587082851789,0.21017566229818,0.678411420553608,2.10248417372503,3.55976058860565e-07,0.000124617339437297,2,0,0,45.5,49.875,4,4,374,"+","Interval_6332",0,FALSE,FALSE,FALSE,FALSE,FALSE,TRUE,TRUE,"Kidney_hypermethylated"
6101,"chr19",60134107,60135013,6333,0.743572737746125,0.281353650555204,0.462219087190921,2.21043512258315,0.000645664174613565,0.00321003750242747,2,0,0,27.25,29.375,4,4,1236,"+","Interval_6333",0,FALSE,FALSE,FALSE,FALSE,FALSE,TRUE,TRUE,"Kidney_hypermethylated"
6103,"chr19",60148428,60148999,6335,0.130025310281782,0.512441039598504,-0.382415729316722,-2.08638591711548,0.00109136951492283,0.00455602287309838,9,0,0,24.9166666666667,27.3055555555556,3.55555555555556,4,1472,"+","Interval_6335",0,FALSE,TRUE,TRUE,FALSE,FALSE,FALSE,FALSE,"Liver_hypermethylated"
6106,"chr19",60365573,60365926,6339,0.399497723159011,0.415007579570096,-0.0155098564110852,-0.270689833394201,0.0190002291658192,0.0384699862352418,4,0,0,30.375,30.625,4,4,5009,"+","Interval_6339",0,TRUE,FALSE,TRUE,FALSE,FALSE,FALSE,FALSE,"Liver_hypermethylated"
6107,"chr19",60378924,60379580,6340,0.834710574513206,0.442123181914685,0.392587392598521,0.924095488154907,0.000932922425376208,0.00410365662414946,2,0,0,32.625,34,4,4,1882,"+","Interval_6340",0,FALSE,FALSE,FALSE,FALSE,FALSE,FALSE,FALSE,"Kidney_hypermethylated"
6108,"chr19",60386729,60387489,6341,0.682018882491065,0.251718841903985,0.43030004058708,1.74146864046503,7.16628623710173e-05,0.00080037963045032,5,0,0,37.05,36.55,4,4,708,"+","Interval_6341",0,FALSE,FALSE,FALSE,FALSE,FALSE,TRUE,TRUE,"Kidney_hypermethylated"
6109,"chr19",60399181,60400162,6342,0.891339304071068,0.163369150935348,0.72797015313572,2.41824417329197,2.44014860027347e-08,3.74867828717012e-05,3,0,0,29.6666666666667,31,4,4,176,"+","Interval_6342",0,FALSE,FALSE,FALSE,FALSE,FALSE,TRUE,TRUE,"Kidney_hypermethylated"
6111,"chr19",60468540,60468923,6345,0.0434028978128631,0.0757463005798082,-0.0323434027669451,0.265797106250251,0.005985403516315,0.0159775432700937,7,0,0,20.1071428571429,22.2142857142857,4,3.85714285714286,4612,"+","Interval_6345",0,TRUE,TRUE,TRUE,TRUE,FALSE,FALSE,FALSE,"Liver_hypermethylated"
6113,"chr19",60709226,60710335,6348,0.857461141354103,0.491513895823424,0.365947245530679,0.904545234792883,8.18913069699819e-05,0.000854366861342171,6,0,0,25.6666666666667,29.875,4,4,1923,"+","Interval_6348",0,FALSE,FALSE,FALSE,FALSE,FALSE,TRUE,TRUE,"Kidney_hypermethylated"
6115,"chr19",60731380,60731720,6350,0.751904761904762,0.504126984126984,0.247777777777778,0.567485937700694,0.00144933160696333,0.00558475237353215,1,0,0,22.75,23.25,4,4,2868,"+","Interval_6350",0,FALSE,FALSE,FALSE,FALSE,FALSE,TRUE,TRUE,"Kidney_hypermethylated"
6116,"chr19",60743650,60744528,6351,0.728637775705666,0.415813699780436,0.31282407592523,1.13030968596039,0.000714240971403869,0.00343428072713363,6,0,0,26.25,28.875,4,4,1482,"+","Interval_6351",0,FALSE,FALSE,FALSE,FALSE,FALSE,TRUE,TRUE,"Kidney_hypermethylated"
6119,"chr19",60799689,60800475,6354,0.803372587614306,0.169171178819637,0.63420140879467,2.24823847672939,1.13158726208856e-05,0.000301699037480631,6,0,0,32.9166666666667,37.625,4,4,274,"+","Interval_6354",0,TRUE,FALSE,TRUE,FALSE,FALSE,TRUE,TRUE,"Kidney_hypermethylated"
6121,"chr19",60818724,60819292,6356,0.901051935143868,0.524633106826246,0.376418828317622,0.831369696726002,0.000151867454730921,0.00120884133331802,6,0,0,31.3333333333333,35,4,4,2106,"+","Interval_6356",0,FALSE,FALSE,FALSE,FALSE,FALSE,FALSE,FALSE,"Kidney_hypermethylated"
6122,"chr19",60837466,60838290,6357,0.904615347149672,0.655997562073936,0.248617785075736,0.700771115321641,0.0072765640102005,0.0185383440475465,3,0,0,21.0833333333333,26.25,3.66666666666667,3.66666666666667,2455,"+","Interval_6357",0,FALSE,FALSE,FALSE,FALSE,FALSE,FALSE,FALSE,"Kidney_hypermethylated"
6123,"chr19",60842970,60843982,6358,0.810931663370688,0.504947091192501,0.305984572178187,0.672837924447954,0.00140089899715231,0.00543988683100991,1,0,0,41,44.5,4,4,2513,"+","Interval_6358",0,FALSE,FALSE,FALSE,FALSE,FALSE,TRUE,TRUE,"Kidney_hypermethylated"
6125,"chr19",60872038,60872850,6360,0.664056471155656,0.0868200095377876,0.577236461617868,2.8530378605933,3.94634092504387e-06,0.000202085541536622,2,0,0,26.875,28.125,4,4,236,"+","Interval_6360",0,FALSE,FALSE,FALSE,FALSE,FALSE,TRUE,TRUE,"Kidney_hypermethylated"
6127,"chr19",60883052,60883528,6362,0.0853049264416273,0.364165041281977,-0.278860114840349,-2.05999657784894,0.000866105431938805,0.00391479699425704,3,0,0,34.75,35.0833333333333,4,4,1495,"+","Interval_6362",0,FALSE,FALSE,FALSE,FALSE,FALSE,FALSE,FALSE,"Liver_hypermethylated"
6129,"chr19",60926913,60927158,6364,0.911889125129257,0.81390555555126,0.0979835695779968,0.20844342987036,0.0019553883457661,0.00699817203537139,8,0.125,0,9.5625,9.84375,1.875,2,4611,"+","Interval_6364",0,TRUE,TRUE,TRUE,TRUE,FALSE,FALSE,FALSE,"Kidney_hypermethylated"
6130,"chr19",60945929,60947163,6365,0.569062247535074,0.213994043928722,0.355068203606352,1.74007266081983,6.95130212374994e-05,0.000786382080456725,5,0,0,26.4,27.05,3.8,3.8,988,"+","Interval_6365",0,FALSE,FALSE,FALSE,FALSE,FALSE,FALSE,FALSE,"Kidney_hypermethylated"
6131,"chr19",60994280,60995040,6366,0.618967761837562,0.350174373366767,0.268793388470795,1.05684799124751,0.000207085935416476,0.00147285077909056,5,0,0,31.95,33,4,4,1620,"+","Interval_6366",0,FALSE,FALSE,FALSE,FALSE,FALSE,FALSE,FALSE,"Kidney_hypermethylated"
6132,"chr19",61001209,61001509,6367,0.94598011739836,0.737774725274725,0.208205392123635,0.353761384748383,0.00686180423811472,0.0177689789478361,2,0,0,28.625,25.75,4,4,3776,"+","Interval_6367",0,FALSE,FALSE,FALSE,FALSE,FALSE,FALSE,FALSE,"Kidney_hypermethylated"
6133,"chr19",61049087,61049934,6368,0.333641887184322,0.531762567377667,-0.198120680193345,-0.83091328225328,0.0121460543052686,0.0274806714675537,3,0,0,32.4166666666667,32.1666666666667,4,4,2716,"+","Interval_6368",0,FALSE,FALSE,FALSE,FALSE,FALSE,FALSE,FALSE,"Liver_hypermethylated"
6134,"chr19",61057454,61058167,6369,0.190003813194603,0.520224248202159,-0.330220435007556,-1.51993747782863,3.81615721964562e-05,0.000550429576134674,4,0,0,30.0625,30.625,4,4,1139,"+","Interval_6369",0,FALSE,FALSE,FALSE,FALSE,FALSE,FALSE,FALSE,"Liver_hypermethylated"
6135,"chr19",61084211,61085015,6370,0.484284467217278,0.253359397638366,0.230925069578912,1.4115047258283,0.0102066812900003,0.023994278375491,4,0,0,28.1875,26.5,4,4,2613,"+","Interval_6370",0,FALSE,FALSE,FALSE,FALSE,FALSE,FALSE,FALSE,"Kidney_hypermethylated"
6138,"chr19",61152780,61153204,6373,0.85311105187197,0.681147826875056,0.171963224996914,0.331142815564857,0.00304477020926197,0.00957528809412223,3,0,0,39.4166666666667,40.1666666666667,4,4,3891,"+","Interval_6373",0,FALSE,FALSE,FALSE,FALSE,FALSE,FALSE,FALSE,"Kidney_hypermethylated"
6141,"chr19",61207334,61207866,6376,0.720316265320235,0.295879256595286,0.42443700872495,1.27045320065566,5.18050438653483e-05,0.000663212488651178,4,0,0,29.875,30.875,4,4,1265,"+","Interval_6376",0,TRUE,FALSE,TRUE,FALSE,FALSE,FALSE,FALSE,"Kidney_hypermethylated"
6143,"chr19",61234639,61234874,6378,0.240177649321481,0.533131412135194,-0.292953762813713,-1.11022319452753,0.00156292577511653,0.00590662908246682,5,0,0,23.25,27.35,4,4,1626,"+","Interval_6378",0,FALSE,FALSE,FALSE,FALSE,FALSE,FALSE,FALSE,"Liver_hypermethylated"
